VictimMasterID,CaseMasterID,VictimName,AgeYear,GenderID,VictimPolice
1,1,Pooja Joshi,74,F,0
2,1,Geetha Hegde,19,F,0
3,2,Roopa Sharma,53,F,0
4,2,Arun Hegde,40,M,0
5,3,Puneeth Kulkarni,30,M,0
6,3,Ramesh Patil,47,M,0
7,4,Rekha Yadav,37,F,0
8,4,Karthik Kumar,58,M,0
9,5,Asha Shetty,51,F,0
10,5,Basavaraj Kumar,43,M,0
11,6,Nithin Joshi,50,M,0
12,6,Santosh Patil,74,M,0
13,6,Sunil Gowda,23,M,0
14,7,Vijay Kulkarni,51,M,0
15,8,Pradeep Shetty,32,M,0
16,8,Asha Reddy,59,F,0
17,8,Anil Joshi,44,M,0
18,9,Kiran Hiremath,47,M,0
19,9,Anusha Hiremath,32,F,0
20,9,Kiran Sharma,63,M,0
21,10,Rashmi Shetty,48,F,0
22,10,Santosh Hiremath,59,M,0
23,11,Santosh Hiremath,57,M,0
24,12,Anil Gowda,80,M,0
25,12,Manjunath Patil,76,M,0
26,12,Anil Naik,56,M,0
27,13,Arun Desai,46,M,0
28,14,Swathi Hiremath,70,F,0
29,14,Shivakumar Naik,48,M,0
30,15,Shilpa Desai,52,F,0
31,16,Abhishek Hegde,67,M,0
32,16,Shruthi Joshi,72,F,0
33,16,Geetha Joshi,69,T,0
34,17,Sahana Kulkarni,44,F,0
35,17,Vijay Hiremath,43,M,0
36,17,Rakesh Shetty,58,M,0
37,18,Sunil Desai,79,M,0
38,18,Pooja Shetty,71,F,0
39,19,Anil Kulkarni,40,M,0
40,19,Darshan Sharma,32,M,0
41,19,Arun Desai,25,M,0
42,20,Puneeth Bhat,48,M,0
43,20,Basavaraj Gowda,32,M,0
44,21,Suma Joshi,31,F,0
45,21,Pradeep Reddy,36,M,0
46,22,Darshan Hiremath,47,M,0
47,22,Shivakumar Desai,32,M,0
48,22,Suma Gowda,44,F,0
49,23,Mahesh Desai,64,M,0
50,23,Rashmi Naik,24,F,0
51,23,Santosh Bhat,66,M,0
52,24,Divya Hegde,56,F,0
53,24,Ramesh Singh,24,M,0
54,25,Rekha Joshi,64,F,0
55,25,Rashmi Hegde,23,F,0
56,25,Mahesh Kulkarni,79,M,0
57,26,Karthik Patil,60,M,0
58,27,Anil Sharma,75,M,0
59,28,Prakash Bhat,56,M,0
60,28,Anusha Singh,58,F,0
61,29,Darshan Yadav,25,M,0
62,30,Roopa Joshi,53,F,0
63,31,Anil Hiremath,70,M,0
64,32,Nithin Hegde,80,M,0
65,32,Roopa Joshi,69,F,0
66,32,Pradeep Rao,52,M,0
67,33,Nithin Patil,56,M,0
68,33,Mahesh Desai,46,M,0
69,33,Prakash Desai,43,M,0
70,34,Ramya Desai,50,F,0
71,34,Sunil Naik,68,T,0
72,34,Vinay Desai,47,M,0
73,35,Ramesh Reddy,51,M,0
74,35,Kiran Naik,40,M,0
75,36,Manjunath Shetty,20,M,0
76,36,Swathi Kumar,67,F,0
77,36,Shruthi Sharma,74,F,0
78,37,Anil Hiremath,57,M,0
79,38,Karthik Yadav,26,M,0
80,38,Geetha Desai,20,F,0
81,39,Ramesh Bhat,63,M,0
82,39,Rakesh Bhat,56,M,0
83,39,Santosh Hegde,28,M,0
84,40,Karthik Kumar,30,M,0
85,41,Meghana Hegde,48,F,0
86,41,Swathi Kulkarni,25,F,0
87,42,Karthik Yadav,39,M,0
88,42,Darshan Gowda,79,M,0
89,42,Suma Sharma,48,F,0
90,43,Puneeth Patil,71,M,0
91,44,Anil Kumar,29,M,0
92,44,Geetha Yadav,50,F,0
93,44,Karthik Rao,80,M,0
94,45,Meghana Kumar,66,F,0
95,45,Pooja Singh,51,F,0
96,46,Rakesh Patil,53,M,0
97,47,Pradeep Rao,54,M,0
98,47,Suma Desai,58,F,0
99,48,Rekha Singh,61,F,0
100,49,Sangeetha Hegde,33,F,0
101,50,Rekha Bhat,69,F,0
102,51,Vinay Kumar,48,M,0
103,52,Vijay Hegde,59,M,0
104,52,Ramesh Naik,53,M,0
105,53,Sahana Patil,71,F,0
106,53,Kavya Gowda,44,F,0
107,53,Pooja Bhat,18,F,0
108,54,Abhishek Kulkarni,61,M,0
109,54,Basavaraj Patil,23,M,0
110,55,Ramesh Shetty,61,M,0
111,55,Kavya Rao,77,F,0
112,55,Sudeep Bhat,66,M,0
113,56,Mahesh Hiremath,45,M,0
114,56,Nithin Shetty,67,M,0
115,57,Pradeep Singh,47,M,0
116,58,Bhagya Naik,54,F,0
117,59,Geetha Hegde,46,F,0
118,59,Rashmi Kulkarni,38,F,0
119,60,Basavaraj Kulkarni,33,M,0
120,60,Pradeep Hiremath,22,M,0
121,60,Vinay Hiremath,52,M,0
122,61,Shilpa Hegde,60,T,0
123,61,Karthik Joshi,37,M,0
124,61,Vinay Naik,44,M,0
125,62,Ramesh Reddy,19,M,0
126,62,Ramya Naik,51,F,0
127,63,Arun Rao,41,M,0
128,63,Sunil Sharma,51,M,0
129,63,Nithin Hiremath,55,M,0
130,64,Kiran Singh,57,M,0
131,64,Manjunath Sharma,26,M,0
132,65,Pradeep Reddy,53,M,0
133,65,Rekha Patil,44,F,0
134,65,Pooja Singh,57,F,0
135,66,Rashmi Yadav,59,F,0
136,66,Basavaraj Bhat,52,M,0
137,66,Kiran Naik,54,M,0
138,67,Anil Hegde,53,M,0
139,67,Vijay Hegde,75,M,0
140,68,Sunil Kulkarni,28,T,0
141,69,Karthik Reddy,38,M,0
142,69,Nithin Bhat,59,M,0
143,70,Roopa Yadav,38,F,0
144,70,Basavaraj Shetty,33,M,0
145,70,Rekha Gowda,72,F,0
146,71,Shivakumar Rao,66,M,0
147,71,Darshan Gowda,55,T,0
148,72,Anusha Patil,33,F,0
149,72,Rakesh Patil,37,M,0
150,73,Sunil Shetty,49,M,0
151,73,Vijay Rao,41,M,0
152,74,Ramesh Yadav,32,M,0
153,75,Asha Desai,48,F,0
154,75,Nithin Naik,34,T,1
155,75,Abhishek Desai,50,M,0
156,76,Darshan Hiremath,32,M,0
157,76,Shivakumar Bhat,37,M,0
158,76,Geetha Hegde,40,F,0
159,77,Rakesh Joshi,72,M,0
160,78,Arun Naik,24,M,0
161,78,Rashmi Reddy,18,F,0
162,79,Mahesh Kumar,76,M,0
163,79,Darshan Patil,57,M,0
164,79,Anil Sharma,44,M,0
165,80,Sahana Hegde,42,F,0
166,80,Santosh Naik,30,M,0
167,81,Shruthi Desai,78,F,0
168,81,Sudeep Sharma,52,M,0
169,81,Suresh Patil,32,M,0
170,82,Geetha Reddy,39,F,0
171,82,Puneeth Yadav,68,M,0
172,82,Kiran Rao,63,M,0
173,83,Vinay Reddy,77,M,0
174,83,Suresh Naik,40,M,0
175,83,Suresh Hegde,46,M,0
176,84,Roopa Hiremath,24,F,0
177,84,Anusha Rao,46,F,0
178,85,Kiran Kumar,80,M,0
179,86,Anil Shetty,48,M,0
180,87,Vinay Naik,53,M,0
181,87,Prakash Yadav,79,M,0
182,87,Meghana Naik,48,F,0
183,88,Suresh Shetty,42,M,0
184,88,Sunil Singh,59,M,0
185,88,Sahana Yadav,33,F,0
186,89,Meghana Patil,29,F,0
187,89,Santosh Hiremath,20,M,0
188,90,Sahana Desai,56,F,0
189,90,Pooja Kulkarni,52,F,0
190,91,Shilpa Gowda,33,F,0
191,91,Puneeth Sharma,55,M,0
192,92,Swathi Yadav,46,F,0
193,93,Prakash Hiremath,55,M,0
194,93,Shivakumar Desai,53,M,0
195,94,Abhishek Patil,55,M,0
196,95,Arun Rao,78,M,0
197,95,Suresh Naik,40,M,0
198,95,Suma Hegde,41,F,0
199,96,Rashmi Bhat,30,F,0
200,97,Arun Kumar,53,M,0
201,97,Kiran Kumar,30,M,0
202,98,Darshan Kumar,64,M,0
203,99,Rashmi Yadav,71,F,0
204,99,Santosh Reddy,36,M,0
205,99,Sudeep Kumar,67,M,0
206,100,Karthik Joshi,50,M,0
207,100,Vinay Joshi,44,T,0
208,100,Kavya Kulkarni,41,F,0
209,101,Suresh Desai,70,M,0
210,101,Nithin Singh,35,M,0
211,101,Meghana Yadav,59,F,0
212,102,Rashmi Sharma,76,F,0
213,102,Asha Patil,22,F,0
214,103,Ramya Sharma,57,F,0
215,104,Manjunath Shetty,55,M,0
216,105,Karthik Naik,30,M,0
217,105,Rekha Desai,52,F,0
218,105,Meghana Bhat,56,F,0
219,106,Rakesh Singh,51,M,0
220,106,Vijay Gowda,46,M,0
221,106,Pradeep Sharma,59,M,0
222,107,Shivakumar Bhat,80,M,0
223,107,Ramya Hegde,63,F,0
224,107,Vijay Yadav,61,M,0
225,108,Shilpa Naik,53,F,0
226,108,Prakash Kulkarni,52,M,0
227,109,Nithin Patil,45,M,0
228,109,Puneeth Joshi,18,M,0
229,109,Rashmi Patil,27,F,0
230,110,Shruthi Reddy,60,F,0
231,110,Basavaraj Naik,79,M,0
232,110,Geetha Reddy,42,F,0
233,111,Kiran Patil,23,M,0
234,112,Pooja Desai,77,F,0
235,113,Vinay Hiremath,52,M,0
236,114,Suresh Kumar,40,M,0
237,115,Pooja Joshi,57,F,0
238,116,Arun Sharma,50,M,0
239,116,Abhishek Kulkarni,34,M,0
240,117,Vinay Bhat,65,M,0
241,117,Kavya Naik,66,F,0
242,118,Puneeth Hiremath,59,M,0
243,118,Suresh Joshi,42,M,0
244,118,Nithin Desai,70,M,0
245,119,Shivakumar Sharma,48,M,0
246,119,Pradeep Gowda,33,M,0
247,119,Puneeth Bhat,58,M,0
248,120,Pradeep Bhat,55,M,0
249,120,Sahana Joshi,35,F,0
250,121,Ramya Sharma,75,F,0
251,122,Pradeep Desai,73,M,0
252,122,Abhishek Sharma,68,M,0
253,122,Vinay Reddy,45,M,0
254,123,Arun Sharma,34,M,0
255,124,Meghana Yadav,23,F,0
256,125,Shilpa Desai,60,T,0
257,126,Divya Singh,77,F,0
258,127,Swathi Singh,79,F,0
259,127,Abhishek Hegde,79,M,0
260,127,Shruthi Sharma,25,F,0
261,128,Roopa Bhat,67,F,0
262,129,Sahana Singh,38,F,0
263,129,Sudeep Hiremath,55,M,0
264,130,Bhagya Yadav,72,F,0
265,130,Darshan Sharma,69,M,1
266,131,Shivakumar Kumar,54,M,0
267,132,Sunil Hiremath,35,M,0
268,132,Roopa Singh,44,F,0
269,132,Rashmi Naik,60,F,0
270,133,Asha Joshi,53,F,0
271,133,Bhagya Rao,55,F,0
272,134,Pradeep Kulkarni,56,M,0
273,134,Mahesh Kumar,44,M,0
274,135,Rekha Joshi,26,F,0
275,136,Sangeetha Shetty,71,F,0
276,136,Sunil Hiremath,22,M,0
277,136,Sunil Hiremath,71,M,0
278,137,Ramesh Reddy,38,M,0
279,137,Mahesh Patil,57,M,0
280,138,Anusha Rao,49,F,0
281,138,Kavya Patil,40,F,0
282,139,Rakesh Kulkarni,52,M,0
283,140,Geetha Kumar,51,F,0
284,140,Rashmi Kulkarni,38,F,0
285,140,Karthik Shetty,20,M,0
286,141,Ramesh Shetty,71,M,0
287,141,Sahana Reddy,24,F,0
288,141,Sudeep Kumar,51,M,0
289,142,Arun Kumar,42,M,0
290,142,Swathi Desai,79,F,0
291,142,Shruthi Patil,80,F,0
292,143,Vinay Kumar,64,M,0
293,144,Pradeep Yadav,77,M,0
294,144,Anusha Gowda,58,F,0
295,145,Suresh Hiremath,46,M,0
296,145,Rashmi Sharma,47,F,0
297,145,Vinay Kumar,47,M,0
298,146,Anusha Kumar,61,F,0
299,147,Sunil Sharma,57,M,0
300,148,Sunil Desai,57,M,0
301,149,Shruthi Patil,33,F,0
302,149,Vijay Hiremath,65,M,0
303,149,Mahesh Desai,58,M,0
304,150,Bhagya Kumar,57,F,0
305,151,Basavaraj Joshi,27,M,0
306,151,Puneeth Gowda,66,M,0
307,152,Puneeth Kumar,37,M,0
308,152,Shruthi Joshi,60,F,0
309,153,Bhagya Patil,51,F,0
310,153,Ramesh Naik,51,M,0
311,153,Suresh Hiremath,51,T,0
312,154,Rakesh Kumar,74,M,0
313,154,Basavaraj Rao,63,M,0
314,155,Vijay Gowda,56,M,0
315,156,Roopa Patil,23,F,0
316,156,Nithin Shetty,66,M,0
317,157,Vinay Shetty,48,M,0
318,157,Rekha Yadav,56,F,0
319,157,Vinay Desai,77,M,0
320,158,Basavaraj Kumar,18,M,0
321,158,Swathi Shetty,37,F,0
322,159,Prakash Kulkarni,54,M,0
323,159,Arun Gowda,31,M,0
324,159,Mahesh Shetty,80,M,0
325,160,Roopa Singh,71,F,0
326,160,Anil Rao,25,M,0
327,161,Rekha Hegde,27,F,0
328,161,Prakash Bhat,31,M,0
329,161,Prakash Reddy,18,M,0
330,162,Sudeep Desai,47,M,0
331,162,Anil Naik,35,M,0
332,162,Sangeetha Singh,31,F,0
333,163,Bhagya Shetty,80,F,0
334,163,Rashmi Shetty,70,F,0
335,164,Suresh Kulkarni,52,M,0
336,164,Abhishek Naik,53,M,0
337,165,Darshan Gowda,54,M,0
338,166,Anil Gowda,37,M,0
339,166,Basavaraj Hegde,52,M,0
340,167,Geetha Desai,37,F,0
341,167,Meghana Naik,52,F,0
342,167,Arun Desai,31,M,0
343,168,Anil Kulkarni,28,M,0
344,168,Rekha Joshi,21,F,0
345,169,Sunil Joshi,72,M,0
346,169,Ramya Bhat,60,F,0
347,170,Rakesh Rao,36,M,0
348,170,Kavya Joshi,54,F,0
349,171,Swathi Hegde,35,F,0
350,171,Basavaraj Hiremath,47,M,0
351,172,Santosh Shetty,21,M,0
352,173,Rakesh Shetty,50,M,0
353,174,Basavaraj Gowda,77,M,0
354,174,Darshan Hegde,75,M,0
355,175,Rekha Hiremath,75,F,0
356,175,Meghana Shetty,74,F,0
357,176,Rakesh Gowda,31,M,0
358,176,Ramesh Hiremath,33,M,0
359,177,Ramesh Kulkarni,70,M,0
360,178,Shivakumar Hiremath,38,M,0
361,178,Bhagya Bhat,38,F,0
362,179,Rekha Yadav,52,F,0
363,180,Basavaraj Kumar,38,M,0
364,180,Darshan Sharma,45,M,0
365,180,Kavya Patil,50,F,0
366,181,Vijay Patil,74,M,0
367,182,Prakash Sharma,73,M,0
368,183,Anil Naik,59,M,0
369,184,Basavaraj Gowda,57,M,0
370,184,Kiran Patil,39,M,0
371,184,Santosh Kumar,55,M,0
372,185,Sunil Yadav,38,M,0
373,185,Rakesh Sharma,46,M,0
374,186,Pradeep Singh,65,M,0
375,187,Ramya Kulkarni,29,F,0
376,188,Rashmi Singh,77,F,0
377,188,Arun Hegde,59,M,0
378,189,Santosh Patil,59,M,0
379,190,Rashmi Shetty,27,F,0
380,190,Prakash Hegde,22,M,0
381,190,Nithin Shetty,18,M,0
382,191,Basavaraj Sharma,25,M,0
383,192,Karthik Desai,50,M,0
384,192,Sunil Rao,55,M,0
385,192,Darshan Desai,28,M,0
386,193,Prakash Kulkarni,41,M,0
387,194,Sahana Hegde,29,F,0
388,195,Ramesh Patil,45,M,0
389,196,Sunil Desai,41,M,0
390,197,Bhagya Gowda,80,F,0
391,198,Kiran Reddy,47,M,0
392,198,Mahesh Kulkarni,53,M,0
393,199,Shivakumar Shetty,25,M,0
394,199,Vinay Reddy,65,M,0
395,200,Rakesh Reddy,25,M,0
396,200,Basavaraj Bhat,19,M,0
397,201,Meghana Joshi,52,F,0
398,201,Bhagya Gowda,78,F,0
399,202,Manjunath Patil,26,M,0
400,202,Vinay Gowda,66,M,0
401,203,Pradeep Yadav,35,M,0
402,204,Shilpa Hegde,35,F,0
403,204,Meghana Yadav,31,F,0
404,204,Anil Kulkarni,45,M,0
405,205,Pooja Kumar,72,F,0
406,205,Ramya Joshi,61,F,0
407,206,Kavya Kumar,28,F,0
408,206,Sunil Rao,59,M,0
409,207,Kiran Hegde,56,M,0
410,208,Sunil Bhat,41,M,0
411,208,Anil Gowda,59,M,0
412,208,Kavya Naik,34,F,0
413,209,Suresh Sharma,48,M,0
414,210,Ramya Singh,68,F,0
415,211,Sangeetha Singh,45,F,0
416,211,Puneeth Hegde,55,M,0
417,212,Abhishek Kumar,36,M,0
418,212,Swathi Kulkarni,53,F,0
419,212,Sudeep Kumar,56,M,0
420,213,Darshan Hegde,80,M,0
421,214,Sunil Rao,46,M,0
422,215,Meghana Bhat,53,F,0
423,215,Asha Patil,30,F,0
424,216,Puneeth Joshi,48,M,0
425,216,Vinay Gowda,46,M,0
426,217,Suresh Singh,56,M,0
427,217,Basavaraj Joshi,49,M,0
428,218,Nithin Kulkarni,59,M,0
429,219,Basavaraj Shetty,36,M,0
430,219,Vijay Kulkarni,27,M,0
431,220,Sunil Hegde,79,M,0
432,220,Divya Rao,23,F,0
433,220,Shilpa Yadav,52,F,0
434,221,Basavaraj Kumar,23,M,0
435,221,Vijay Yadav,19,M,0
436,221,Asha Sharma,48,F,0
437,222,Santosh Desai,46,M,0
438,222,Anil Kumar,48,M,0
439,223,Manjunath Desai,74,M,0
440,223,Ramya Patil,69,F,0
441,223,Santosh Naik,25,M,0
442,224,Sudeep Desai,28,M,0
443,224,Sahana Sharma,64,F,0
444,224,Mahesh Hegde,70,M,0
445,225,Asha Desai,78,F,0
446,225,Manjunath Shetty,23,M,0
447,226,Basavaraj Hiremath,67,M,0
448,226,Ramesh Hegde,42,M,0
449,226,Rashmi Kulkarni,31,F,0
450,227,Anil Yadav,50,M,0
451,227,Mahesh Joshi,58,M,0
452,227,Basavaraj Reddy,46,M,0
453,228,Pradeep Yadav,23,M,0
454,228,Darshan Sharma,31,M,0
455,229,Shilpa Reddy,41,F,0
456,229,Darshan Reddy,41,M,0
457,229,Anil Sharma,19,M,0
458,230,Rakesh Singh,27,M,0
459,230,Santosh Yadav,42,M,0
460,230,Arun Patil,79,M,0
461,231,Bhagya Patil,79,F,0
462,232,Asha Shetty,69,F,0
463,232,Vinay Patil,49,M,0
464,232,Pradeep Rao,44,M,0
465,233,Pradeep Rao,21,M,0
466,234,Rashmi Kulkarni,48,F,0
467,235,Shivakumar Hiremath,41,M,0
468,235,Prakash Kulkarni,31,M,0
469,236,Shruthi Sharma,18,F,0
470,237,Vijay Desai,20,M,0
471,237,Divya Gowda,30,F,0
472,237,Shilpa Joshi,54,F,0
473,238,Swathi Singh,30,F,0
474,238,Kavya Hegde,43,F,0
475,238,Karthik Singh,45,M,0
476,239,Kiran Patil,56,M,0
477,240,Shruthi Singh,42,F,0
478,241,Ramesh Patil,26,M,0
479,242,Sudeep Kumar,68,M,0
480,242,Vijay Singh,56,M,0
481,243,Roopa Patil,80,F,0
482,244,Rekha Singh,37,F,0
483,244,Puneeth Yadav,58,M,0
484,245,Roopa Sharma,51,F,0
485,245,Mahesh Sharma,63,M,0
486,245,Vinay Hiremath,58,M,0
487,246,Prakash Desai,37,M,0
488,247,Shivakumar Joshi,30,M,0
489,247,Geetha Joshi,18,T,0
490,248,Vinay Singh,64,M,0
491,248,Suresh Hegde,72,M,0
492,249,Geetha Hiremath,31,F,0
493,249,Nithin Kumar,48,M,0
494,249,Rakesh Kulkarni,23,M,0
495,250,Divya Bhat,73,F,0
496,250,Shivakumar Sharma,28,M,0
497,251,Nithin Patil,33,M,0
498,251,Basavaraj Kulkarni,60,M,0
499,251,Divya Sharma,44,F,0
500,252,Asha Sharma,47,F,0
501,252,Abhishek Singh,26,M,0
502,253,Rakesh Desai,29,M,0
503,253,Shivakumar Kumar,46,M,0
504,253,Sahana Reddy,42,F,0
505,254,Sudeep Reddy,40,M,0
506,254,Basavaraj Hegde,18,M,0
507,255,Kiran Gowda,56,M,0
508,255,Prakash Naik,50,M,0
509,255,Rakesh Gowda,57,T,0
510,256,Santosh Singh,65,M,0
511,256,Kiran Patil,51,M,0
512,256,Anil Gowda,32,M,0
513,257,Rakesh Gowda,32,M,0
514,257,Sudeep Patil,50,M,0
515,257,Rashmi Shetty,35,F,0
516,258,Vijay Singh,43,M,0
517,258,Rashmi Sharma,30,F,0
518,259,Sudeep Gowda,18,M,0
519,260,Ramesh Desai,58,M,0
520,261,Sudeep Hiremath,62,M,0
521,262,Shilpa Rao,23,F,0
522,262,Sunil Shetty,39,M,0
523,263,Swathi Sharma,48,F,0
524,263,Sangeetha Desai,61,F,0
525,264,Sangeetha Singh,37,F,0
526,265,Shilpa Yadav,52,F,0
527,265,Sangeetha Hiremath,54,F,0
528,265,Meghana Reddy,51,F,0
529,266,Suresh Reddy,23,M,0
530,266,Sudeep Reddy,54,M,0
531,267,Asha Sharma,58,T,0
532,267,Nithin Patil,80,M,0
533,268,Anil Kulkarni,62,M,0
534,269,Divya Gowda,41,F,0
535,270,Ramesh Reddy,33,M,0
536,270,Santosh Rao,59,M,0
537,270,Pooja Singh,73,F,0
538,271,Shilpa Rao,42,F,0
539,271,Suma Kulkarni,48,F,0
540,272,Shilpa Rao,57,F,0
541,273,Karthik Kulkarni,41,M,0
542,274,Mahesh Kumar,62,M,0
543,274,Anusha Patil,30,F,0
544,274,Divya Bhat,56,F,0
545,275,Arun Reddy,51,M,0
546,276,Karthik Patil,28,M,0
547,276,Ramya Desai,69,F,0
548,276,Bhagya Hiremath,48,F,0
549,277,Sunil Yadav,51,M,0
550,277,Anusha Kulkarni,58,F,0
551,278,Rashmi Sharma,49,F,0
552,278,Geetha Reddy,43,T,0
553,279,Sangeetha Naik,71,F,0
554,279,Shilpa Kulkarni,37,F,0
555,280,Puneeth Hiremath,40,M,1
556,281,Shilpa Singh,51,F,0
557,281,Mahesh Yadav,30,M,0
558,281,Divya Reddy,36,F,0
559,282,Karthik Gowda,34,M,0
560,283,Nithin Patil,38,M,0
561,284,Shivakumar Hegde,31,M,0
562,285,Sahana Desai,33,F,0
563,285,Nithin Shetty,74,M,0
564,285,Shilpa Patil,55,F,0
565,286,Darshan Kulkarni,20,M,0
566,287,Puneeth Kumar,55,M,0
567,288,Swathi Patil,50,F,0
568,288,Pradeep Reddy,30,T,0
569,289,Swathi Kumar,70,F,0
570,289,Sudeep Hiremath,27,M,0
571,290,Shruthi Reddy,42,F,0
572,290,Manjunath Patil,26,M,0
573,290,Darshan Gowda,68,M,0
574,291,Shilpa Sharma,28,F,0
575,291,Anil Desai,22,M,0
576,291,Suresh Patil,56,M,0
577,292,Suresh Hegde,26,M,0
578,292,Kiran Sharma,45,M,0
579,292,Sangeetha Bhat,69,F,0
580,293,Mahesh Desai,72,M,0
581,294,Karthik Shetty,48,M,0
582,294,Shruthi Bhat,41,F,0
583,295,Puneeth Rao,30,M,0
584,295,Rakesh Joshi,59,M,0
585,295,Abhishek Yadav,59,M,0
586,296,Suresh Kumar,56,M,0
587,297,Vinay Hiremath,50,T,0
588,298,Ramya Hegde,46,F,0
589,299,Vijay Reddy,69,M,0
590,300,Prakash Hegde,41,M,0
591,301,Vinay Hiremath,72,M,0
592,301,Rakesh Shetty,40,M,0
593,302,Ramesh Bhat,78,M,0
594,303,Suma Hegde,79,F,0
595,304,Manjunath Singh,78,M,0
596,304,Rakesh Reddy,20,M,0
597,305,Shilpa Sharma,59,F,0
598,305,Mahesh Desai,71,M,0
599,305,Kiran Reddy,77,M,0
600,306,Santosh Reddy,58,M,0
601,307,Geetha Gowda,78,F,0
602,307,Anil Joshi,74,M,0
603,307,Pradeep Naik,18,M,0
604,308,Abhishek Reddy,63,M,0
605,308,Basavaraj Hiremath,71,M,0
606,308,Bhagya Rao,78,F,0
607,309,Roopa Rao,33,F,0
608,309,Sudeep Naik,64,M,0
609,310,Sunil Rao,23,M,0
610,311,Ramya Rao,37,F,0
611,311,Vinay Patil,25,M,0
612,311,Swathi Gowda,28,T,0
613,312,Darshan Naik,23,M,0
614,313,Sangeetha Reddy,49,F,0
615,313,Mahesh Desai,58,M,0
616,313,Puneeth Patil,60,M,0
617,314,Nithin Kulkarni,49,M,0
618,315,Vijay Sharma,20,M,0
619,316,Kiran Desai,42,M,0
620,316,Meghana Patil,42,F,0
621,316,Rekha Reddy,56,T,0
622,317,Roopa Gowda,77,F,0
623,317,Ramesh Reddy,21,M,0
624,317,Kiran Hiremath,35,M,0
625,318,Kiran Kumar,56,M,0
626,319,Puneeth Kulkarni,78,M,0
627,320,Arun Shetty,40,M,0
628,320,Prakash Yadav,50,M,0
629,321,Swathi Sharma,31,F,0
630,322,Shivakumar Shetty,28,M,0
631,323,Darshan Reddy,33,M,0
632,323,Asha Sharma,53,F,0
633,323,Shivakumar Sharma,38,M,0
634,324,Asha Rao,34,F,0
635,324,Kiran Hiremath,55,M,0
636,324,Santosh Kumar,20,T,0
637,325,Vinay Reddy,21,M,0
638,326,Karthik Joshi,76,M,0
639,326,Vinay Yadav,61,M,0
640,327,Asha Gowda,59,F,0
641,327,Suma Shetty,54,F,0
642,328,Kavya Reddy,65,F,0
643,328,Ramesh Kumar,51,M,0
644,329,Manjunath Singh,43,M,0
645,330,Arun Kumar,48,M,0
646,331,Rakesh Joshi,18,M,0
647,332,Roopa Hiremath,22,F,0
648,332,Ramya Naik,24,F,0
649,332,Shivakumar Sharma,38,M,0
650,333,Shruthi Rao,38,F,0
651,333,Darshan Kumar,30,M,0
652,333,Anil Naik,30,M,0
653,334,Bhagya Shetty,40,F,0
654,334,Sahana Sharma,36,F,0
655,335,Mahesh Shetty,73,M,0
656,335,Pooja Naik,72,F,0
657,336,Sudeep Hegde,74,M,0
658,336,Arun Hegde,77,M,0
659,337,Nithin Gowda,53,M,0
660,338,Kiran Desai,56,M,0
661,339,Meghana Joshi,32,F,0
662,339,Prakash Naik,39,M,0
663,339,Mahesh Bhat,31,M,0
664,340,Swathi Kumar,66,F,0
665,340,Suma Yadav,68,F,0
666,341,Shruthi Reddy,37,F,0
667,341,Sunil Rao,46,M,0
668,341,Rakesh Patil,79,M,0
669,342,Sunil Joshi,73,M,0
670,343,Kavya Joshi,38,F,0
671,343,Roopa Patil,49,F,0
672,343,Prakash Singh,33,M,0
673,344,Sahana Desai,78,F,0
674,345,Anusha Singh,55,F,0
675,345,Darshan Naik,54,M,0
676,346,Shruthi Rao,32,F,0
677,347,Manjunath Desai,61,M,0
678,347,Rakesh Rao,50,M,0
679,347,Karthik Naik,37,M,0
680,348,Prakash Rao,30,M,0
681,349,Darshan Singh,36,M,0
682,349,Shilpa Singh,74,F,0
683,349,Darshan Joshi,64,M,0
684,350,Vijay Bhat,49,M,0
685,350,Rekha Bhat,30,F,0
686,350,Prakash Kumar,18,M,0
687,351,Ramya Kulkarni,71,F,0
688,351,Vijay Sharma,68,M,0
689,351,Arun Sharma,36,M,0
690,352,Kiran Joshi,61,M,0
691,352,Rakesh Yadav,43,M,0
692,353,Rashmi Gowda,78,F,0
693,353,Pooja Hegde,76,F,0
694,353,Pooja Patil,51,F,0
695,354,Anil Gowda,37,M,0
696,355,Sudeep Reddy,34,M,0
697,355,Nithin Kulkarni,45,M,0
698,356,Suresh Bhat,43,M,0
699,356,Vinay Naik,21,M,0
700,357,Bhagya Sharma,38,F,0
701,357,Rakesh Sharma,50,M,0
702,357,Pooja Reddy,45,F,0
703,358,Sahana Sharma,26,F,0
704,359,Rashmi Kulkarni,51,F,0
705,359,Roopa Joshi,48,F,0
706,359,Rashmi Rao,51,F,0
707,360,Mahesh Naik,41,M,0
708,360,Swathi Kulkarni,56,F,0
709,360,Anil Desai,49,M,0
710,361,Meghana Kumar,28,F,1
711,361,Sudeep Shetty,77,M,0
712,361,Puneeth Sharma,73,M,1
713,362,Pradeep Desai,29,M,0
714,362,Rakesh Desai,64,M,0
715,362,Divya Hiremath,41,F,0
716,363,Asha Sharma,35,F,0
717,363,Bhagya Reddy,31,F,0
718,363,Rashmi Rao,57,F,0
719,364,Sangeetha Rao,75,F,0
720,364,Roopa Gowda,78,F,0
721,365,Vinay Shetty,54,M,0
722,366,Rashmi Kulkarni,21,F,0
723,367,Sudeep Yadav,41,M,0
724,368,Manjunath Rao,44,M,0
725,368,Karthik Rao,76,M,0
726,368,Arun Rao,66,M,0
727,369,Sahana Kumar,60,F,0
728,369,Rashmi Hegde,55,F,0
729,369,Rekha Bhat,55,F,0
730,370,Arun Hiremath,62,M,0
731,370,Nithin Singh,63,M,0
732,371,Vijay Patil,34,M,0
733,371,Puneeth Hiremath,61,M,0
734,372,Nithin Shetty,27,M,1
735,372,Swathi Kumar,50,F,0
736,373,Darshan Sharma,45,M,0
737,373,Rakesh Naik,76,M,0
738,373,Sahana Singh,20,F,0
739,374,Suma Joshi,53,F,0
740,375,Arun Gowda,39,M,0
741,375,Rakesh Bhat,47,M,0
742,375,Arun Rao,61,M,0
743,376,Santosh Reddy,24,M,0
744,376,Karthik Kulkarni,29,M,0
745,376,Geetha Yadav,40,F,0
746,377,Shilpa Hiremath,55,F,0
747,377,Suma Kumar,58,F,0
748,378,Pooja Desai,30,F,0
749,378,Geetha Kumar,57,F,0
750,378,Abhishek Rao,45,M,0
751,379,Bhagya Reddy,63,F,0
752,379,Bhagya Gowda,46,F,0
753,380,Pooja Singh,75,F,0
754,380,Swathi Hegde,36,F,0
755,381,Anil Hiremath,34,M,0
756,382,Sahana Sharma,35,F,0
757,382,Shivakumar Shetty,40,M,0
758,383,Roopa Patil,43,F,0
759,384,Pooja Bhat,46,F,0
760,384,Abhishek Sharma,44,M,0
761,384,Kavya Hegde,55,F,0
762,385,Arun Naik,39,M,0
763,385,Anil Singh,25,M,0
764,385,Meghana Gowda,38,F,0
765,386,Anusha Kumar,37,F,0
766,387,Anil Hegde,64,M,0
767,387,Asha Kulkarni,45,F,0
768,388,Vinay Sharma,78,M,0
769,388,Shivakumar Hiremath,62,M,0
770,388,Anusha Joshi,56,F,0
771,389,Anil Gowda,26,M,0
772,389,Kiran Desai,75,M,0
773,389,Divya Rao,38,F,0
774,390,Basavaraj Shetty,53,M,0
775,390,Arun Reddy,47,M,0
776,391,Anil Gowda,57,M,0
777,392,Karthik Gowda,47,M,0
778,393,Geetha Gowda,46,F,0
779,394,Anil Shetty,45,M,0
780,394,Anusha Shetty,59,F,0
781,395,Prakash Bhat,53,M,0
782,396,Manjunath Hegde,19,M,0
783,396,Darshan Yadav,20,M,0
784,396,Sahana Rao,28,F,0
785,397,Sunil Bhat,38,M,0
786,397,Santosh Reddy,48,M,0
787,398,Rekha Hegde,52,F,0
788,399,Anusha Rao,43,F,0
789,400,Rakesh Reddy,33,M,0
790,401,Basavaraj Naik,71,M,0
791,401,Bhagya Yadav,72,F,0
792,401,Nithin Kulkarni,42,M,0
793,402,Swathi Bhat,75,F,0
794,403,Suma Rao,74,F,0
795,404,Abhishek Yadav,60,M,0
796,405,Santosh Yadav,70,M,0
797,405,Roopa Singh,72,F,0
798,406,Roopa Desai,80,F,0
799,406,Ramesh Hegde,47,M,0
800,407,Vijay Desai,39,M,0
801,407,Ramya Rao,38,F,0
802,408,Pooja Hegde,32,F,0
803,408,Arun Bhat,60,M,0
804,409,Prakash Hiremath,58,M,0
805,409,Geetha Joshi,63,F,0
806,410,Bhagya Naik,47,F,0
807,410,Asha Singh,49,F,0
808,410,Puneeth Gowda,53,M,0
809,411,Meghana Yadav,63,F,0
810,412,Pradeep Rao,53,M,0
811,412,Ramya Rao,30,F,0
812,412,Karthik Hegde,32,M,0
813,413,Puneeth Gowda,79,M,0
814,413,Kiran Hiremath,37,M,0
815,413,Roopa Shetty,79,F,0
816,414,Bhagya Reddy,69,F,0
817,415,Sahana Hiremath,66,F,0
818,415,Kiran Bhat,46,M,0
819,415,Basavaraj Yadav,43,M,0
820,416,Anil Hiremath,30,M,0
821,416,Shivakumar Yadav,65,M,0
822,416,Sahana Desai,61,F,0
823,417,Rekha Kumar,78,F,0
824,417,Swathi Yadav,62,F,0
825,418,Vijay Shetty,29,M,0
826,419,Pooja Naik,45,F,0
827,420,Darshan Hegde,73,M,0
828,420,Roopa Singh,30,F,0
829,420,Nithin Bhat,78,M,0
830,421,Nithin Gowda,54,M,0
831,421,Vinay Reddy,72,M,0
832,421,Bhagya Shetty,19,F,0
833,422,Kiran Desai,65,T,0
834,422,Rashmi Patil,47,F,0
835,423,Vijay Reddy,52,M,0
836,424,Asha Bhat,59,T,0
837,424,Divya Bhat,44,F,0
838,425,Sangeetha Desai,36,F,0
839,425,Rekha Shetty,41,F,0
840,426,Vijay Reddy,60,T,0
841,426,Shilpa Patil,26,F,0
842,426,Vijay Rao,67,M,0
843,427,Nithin Hegde,36,T,0
844,428,Shivakumar Patil,35,T,0
845,428,Asha Shetty,39,F,0
846,429,Mahesh Yadav,44,M,0
847,429,Mahesh Joshi,53,M,0
848,429,Suresh Singh,76,M,0
849,430,Sangeetha Shetty,27,F,0
850,431,Suresh Hiremath,40,M,0
851,432,Pooja Kumar,29,F,0
852,433,Asha Gowda,80,F,0
853,434,Vijay Hegde,52,M,0
854,434,Vinay Rao,20,M,0
855,435,Puneeth Kulkarni,71,M,0
856,436,Mahesh Bhat,41,M,0
857,436,Manjunath Singh,41,M,0
858,436,Kiran Naik,76,M,0
859,437,Vijay Singh,56,M,0
860,437,Swathi Shetty,46,F,0
861,438,Sunil Hegde,49,M,0
862,438,Bhagya Kumar,70,F,0
863,438,Santosh Reddy,36,M,0
864,439,Sunil Singh,38,M,0
865,439,Rekha Rao,48,F,0
866,440,Vinay Patil,74,M,0
867,440,Rashmi Sharma,22,F,0
868,440,Karthik Rao,78,M,0
869,441,Rashmi Shetty,56,F,0
870,441,Sunil Naik,37,M,0
871,441,Shruthi Patil,50,F,0
872,442,Pradeep Shetty,20,M,0
873,442,Abhishek Sharma,18,M,0
874,443,Karthik Kumar,30,M,0
875,444,Meghana Sharma,47,F,0
876,444,Anusha Shetty,49,F,0
877,444,Manjunath Patil,57,M,0
878,445,Meghana Rao,30,F,0
879,445,Asha Joshi,38,F,0
880,445,Suresh Bhat,36,M,0
881,446,Mahesh Shetty,49,M,0
882,446,Bhagya Rao,41,F,0
883,446,Arun Bhat,40,M,0
884,447,Sangeetha Bhat,56,F,0
885,448,Sangeetha Sharma,25,F,0
886,449,Suresh Kulkarni,33,M,0
887,450,Mahesh Hiremath,18,M,0
888,451,Pooja Patil,60,T,0
889,451,Meghana Joshi,47,F,0
890,452,Kavya Joshi,55,F,0
891,452,Puneeth Singh,36,M,0
892,452,Santosh Hegde,45,M,0
893,453,Roopa Reddy,44,F,0
894,454,Puneeth Shetty,54,M,0
895,455,Rashmi Hegde,76,F,0
896,455,Sudeep Kumar,60,M,0
897,456,Suresh Rao,33,M,0
898,456,Basavaraj Desai,78,M,0
899,457,Suresh Bhat,67,M,0
900,457,Nithin Joshi,47,M,0
901,458,Swathi Joshi,49,F,0
902,458,Rashmi Kulkarni,36,F,0
903,458,Arun Hegde,36,M,0
904,459,Swathi Reddy,79,F,0
905,459,Nithin Gowda,22,M,0
906,460,Divya Patil,75,F,0
907,460,Karthik Hegde,80,M,0
908,460,Pradeep Naik,32,M,0
909,461,Abhishek Yadav,32,M,0
910,461,Ramya Naik,35,F,0
911,462,Geetha Rao,68,F,0
912,462,Mahesh Hiremath,35,M,0
913,462,Abhishek Hiremath,56,M,0
914,463,Abhishek Shetty,63,M,0
915,463,Arun Patil,34,M,0
916,464,Sudeep Shetty,22,M,0
917,465,Puneeth Reddy,63,M,0
918,465,Kavya Shetty,80,F,0
919,466,Sudeep Gowda,31,M,0
920,467,Pradeep Patil,33,M,0
921,468,Rekha Desai,21,F,0
922,468,Rakesh Sharma,45,M,0
923,469,Swathi Bhat,34,F,0
924,469,Santosh Hiremath,38,M,0
925,469,Anil Gowda,60,M,0
926,470,Sahana Bhat,60,F,0
927,470,Sahana Joshi,69,F,0
928,470,Anusha Gowda,45,F,0
929,471,Kavya Yadav,43,F,0
930,472,Vijay Shetty,77,M,0
931,473,Anil Shetty,71,M,0
932,474,Basavaraj Hiremath,43,M,0
933,474,Anil Hegde,36,M,0
934,474,Darshan Patil,32,M,0
935,475,Geetha Hegde,46,F,0
936,475,Pradeep Hegde,79,M,0
937,476,Vijay Kumar,31,M,0
938,476,Sahana Joshi,51,F,0
939,477,Suresh Sharma,71,M,0
940,477,Anusha Hegde,71,F,0
941,478,Meghana Kumar,52,F,0
942,478,Karthik Naik,77,M,0
943,478,Kiran Rao,52,M,0
944,479,Rekha Kulkarni,52,F,0
945,480,Arun Singh,50,M,0
946,480,Swathi Shetty,40,F,0
947,481,Prakash Hiremath,31,M,0
948,481,Meghana Shetty,80,F,0
949,482,Kavya Hegde,33,F,0
950,483,Anusha Patil,38,F,0
951,483,Bhagya Shetty,55,F,0
952,483,Bhagya Kulkarni,59,F,0
953,484,Sahana Naik,44,F,1
954,485,Sunil Bhat,48,M,0
955,485,Shilpa Naik,34,F,0
956,486,Sudeep Naik,49,M,0
957,487,Abhishek Singh,75,M,0
958,487,Meghana Hiremath,32,F,0
959,488,Sangeetha Yadav,48,F,0
960,489,Ramesh Kumar,47,M,0
961,490,Sunil Naik,20,M,0
962,490,Puneeth Gowda,77,M,0
963,490,Divya Yadav,74,F,0
964,491,Ramya Kumar,56,F,0
965,492,Arun Rao,51,M,0
966,493,Santosh Kumar,79,M,0
967,493,Rakesh Joshi,38,M,0
968,494,Ramesh Shetty,37,M,0
969,495,Sunil Hegde,30,M,0
970,495,Manjunath Gowda,57,M,0
971,496,Basavaraj Gowda,53,M,0
972,496,Nithin Reddy,55,M,0
973,496,Rekha Joshi,35,F,0
974,497,Abhishek Hiremath,40,M,0
975,497,Prakash Joshi,51,M,0
976,497,Karthik Naik,44,M,0
977,498,Vijay Patil,44,M,0
978,498,Santosh Singh,57,M,0
979,498,Bhagya Rao,26,T,0
980,499,Rashmi Hiremath,57,F,0
981,500,Sangeetha Rao,36,F,0
982,500,Shruthi Shetty,48,F,0
983,500,Sunil Kulkarni,50,M,0
984,501,Sudeep Kumar,54,M,0
985,502,Nithin Hegde,32,M,0
986,502,Ramesh Shetty,79,M,0
987,503,Suma Gowda,74,F,0
988,504,Manjunath Bhat,66,M,0
989,504,Puneeth Kumar,56,M,0
990,504,Abhishek Singh,35,M,0
991,505,Kavya Kumar,41,F,0
992,506,Meghana Yadav,54,F,0
993,506,Divya Joshi,39,F,0
994,507,Sahana Bhat,43,F,0
995,507,Mahesh Reddy,31,M,0
996,507,Manjunath Patil,46,M,0
997,508,Rekha Singh,32,F,0
998,508,Arun Desai,48,M,0
999,509,Shruthi Sharma,27,F,0
1000,509,Pradeep Gowda,59,M,0
1001,510,Shilpa Bhat,75,F,0
1002,510,Sangeetha Gowda,53,F,0
1003,511,Rashmi Kumar,55,F,0
1004,512,Nithin Hiremath,32,M,0
1005,512,Nithin Kumar,32,M,0
1006,512,Santosh Hegde,56,M,0
1007,513,Vinay Singh,59,M,0
1008,513,Mahesh Naik,58,M,0
1009,513,Vijay Singh,46,M,0
1010,514,Suresh Kumar,30,M,0
1011,514,Darshan Hegde,40,M,0
1012,514,Mahesh Hiremath,24,M,0
1013,515,Mahesh Hiremath,25,M,0
1014,515,Shivakumar Kulkarni,37,M,0
1015,515,Puneeth Hegde,21,M,0
1016,516,Vijay Rao,24,M,0
1017,516,Pradeep Rao,54,M,0
1018,516,Meghana Singh,32,F,0
1019,517,Rashmi Gowda,41,F,0
1020,517,Darshan Shetty,60,M,0
1021,517,Basavaraj Desai,38,M,0
1022,518,Santosh Kulkarni,68,M,0
1023,519,Arun Singh,79,M,0
1024,519,Asha Shetty,40,F,0
1025,520,Vinay Kumar,45,M,0
1026,521,Roopa Hiremath,42,F,0
1027,522,Puneeth Hiremath,47,M,0
1028,522,Mahesh Kulkarni,29,M,0
1029,523,Anusha Naik,39,F,0
1030,523,Roopa Reddy,32,F,0
1031,524,Puneeth Patil,30,M,0
1032,524,Anusha Joshi,68,F,0
1033,525,Shilpa Kulkarni,78,F,0
1034,525,Mahesh Rao,47,M,0
1035,525,Karthik Sharma,53,M,0
1036,526,Rashmi Sharma,63,F,0
1037,526,Shivakumar Joshi,52,M,0
1038,527,Rashmi Reddy,69,F,0
1039,528,Suma Bhat,65,F,1
1040,528,Prakash Rao,76,M,0
1041,528,Suresh Kumar,69,M,0
1042,529,Manjunath Shetty,51,M,0
1043,530,Asha Hiremath,75,F,0
1044,530,Karthik Hiremath,21,M,0
1045,530,Rakesh Reddy,59,M,0
1046,531,Kiran Shetty,58,M,0
1047,531,Darshan Naik,75,M,0
1048,531,Anusha Kumar,38,F,0
1049,532,Ramesh Hegde,33,M,0
1050,532,Prakash Sharma,64,M,0
1051,533,Meghana Singh,51,F,0
1052,533,Asha Desai,61,F,0
1053,534,Suresh Desai,71,M,0
1054,534,Pooja Gowda,67,F,0
1055,535,Vijay Shetty,31,M,0
1056,536,Kiran Singh,77,M,0
1057,536,Divya Patil,36,F,0
1058,537,Rekha Rao,33,F,0
1059,538,Pooja Gowda,69,F,0
1060,538,Roopa Bhat,67,F,0
1061,539,Santosh Patil,46,M,0
1062,539,Suma Yadav,73,F,0
1063,540,Karthik Gowda,57,M,0
1064,541,Manjunath Yadav,53,M,0
1065,542,Asha Shetty,36,F,0
1066,542,Karthik Naik,31,M,0
1067,543,Manjunath Kumar,25,M,0
1068,543,Shivakumar Kumar,56,M,0
1069,543,Asha Joshi,71,F,0
1070,544,Karthik Kulkarni,79,M,0
1071,544,Suresh Reddy,21,M,0
1072,545,Arun Shetty,56,M,0
1073,545,Swathi Gowda,40,F,0
1074,546,Vijay Naik,59,M,0
1075,546,Rakesh Reddy,70,M,0
1076,546,Rekha Reddy,44,F,0
1077,547,Arun Rao,24,M,0
1078,548,Pooja Singh,79,F,0
1079,549,Geetha Shetty,37,F,0
1080,550,Shivakumar Naik,39,M,0
1081,551,Rakesh Kulkarni,27,M,0
1082,551,Arun Hegde,24,M,0
1083,552,Abhishek Desai,60,M,0
1084,553,Sangeetha Reddy,43,F,0
1085,554,Meghana Shetty,54,F,0
1086,554,Bhagya Patil,47,F,0
1087,555,Suresh Hegde,39,M,0
1088,555,Kavya Reddy,25,F,0
1089,555,Ramya Patil,72,F,0
1090,556,Bhagya Hiremath,31,F,0
1091,557,Suma Yadav,49,F,0
1092,557,Pradeep Joshi,28,M,0
1093,557,Rekha Hegde,45,F,0
1094,558,Shruthi Yadav,26,F,0
1095,558,Swathi Hiremath,74,F,0
1096,558,Basavaraj Rao,67,M,0
1097,559,Manjunath Reddy,23,M,0
1098,559,Shilpa Shetty,41,F,0
1099,559,Swathi Hiremath,21,F,1
1100,560,Mahesh Hiremath,73,M,0
1101,560,Arun Desai,80,M,0
1102,561,Pooja Reddy,34,F,0
1103,562,Anusha Patil,34,F,0
1104,562,Kavya Hiremath,56,F,0
1105,562,Sangeetha Bhat,35,F,0
1106,563,Anil Shetty,56,M,0
1107,563,Arun Joshi,38,T,0
1108,564,Prakash Joshi,73,M,0
1109,565,Anusha Singh,28,F,0
1110,566,Pradeep Hiremath,25,M,0
1111,566,Basavaraj Sharma,63,M,0
1112,566,Suresh Kulkarni,30,M,0
1113,567,Shruthi Singh,71,F,0
1114,567,Shruthi Desai,70,F,0
1115,567,Geetha Singh,71,F,0
1116,568,Nithin Hiremath,28,M,0
1117,568,Manjunath Naik,52,M,0
1118,569,Manjunath Desai,77,M,0
1119,570,Puneeth Rao,27,M,0
1120,571,Basavaraj Hiremath,32,M,0
1121,571,Suma Joshi,78,F,0
1122,571,Darshan Joshi,72,M,0
1123,572,Suresh Bhat,44,M,0
1124,572,Bhagya Desai,18,F,0
1125,572,Mahesh Patil,23,M,0
1126,573,Pooja Kulkarni,53,F,0
1127,573,Anusha Bhat,69,F,0
1128,574,Pooja Kumar,75,F,0
1129,574,Kavya Joshi,39,F,0
1130,575,Nithin Joshi,80,M,0
1131,575,Pradeep Singh,30,M,0
1132,576,Kavya Hiremath,41,F,0
1133,576,Suresh Desai,79,M,0
1134,577,Santosh Reddy,74,M,0
1135,577,Shilpa Singh,67,F,0
1136,577,Santosh Gowda,27,M,0
1137,578,Rakesh Hegde,55,M,0
1138,578,Ramesh Gowda,35,M,0
1139,578,Kavya Shetty,40,F,0
1140,579,Pooja Patil,30,F,0
1141,579,Shivakumar Kumar,39,M,0
1142,579,Vinay Reddy,30,M,0
1143,580,Shilpa Naik,59,F,0
1144,580,Ramya Desai,40,F,0
1145,580,Mahesh Hegde,27,M,0
1146,581,Mahesh Naik,30,M,1
1147,581,Nithin Rao,40,M,0
1148,582,Abhishek Gowda,58,M,0
1149,582,Pradeep Joshi,33,M,0
1150,582,Shilpa Shetty,42,F,0
1151,583,Abhishek Yadav,60,M,0
1152,584,Shilpa Rao,32,F,0
1153,584,Shilpa Sharma,53,F,1
1154,584,Karthik Yadav,33,M,0
1155,585,Nithin Bhat,46,M,0
1156,586,Sunil Joshi,49,M,0
1157,587,Shruthi Bhat,31,F,0
1158,588,Darshan Shetty,61,M,0
1159,588,Santosh Shetty,44,M,0
1160,588,Pooja Sharma,37,F,0
1161,589,Sudeep Reddy,43,M,0
1162,589,Mahesh Hiremath,47,M,0
1163,589,Suma Hiremath,44,F,0
1164,590,Karthik Shetty,39,M,0
1165,590,Pradeep Bhat,59,M,0
1166,591,Rekha Shetty,60,F,0
1167,592,Nithin Gowda,41,M,0
1168,592,Rakesh Hiremath,76,M,0
1169,592,Meghana Hegde,68,F,0
1170,593,Manjunath Hegde,77,M,0
1171,593,Rekha Shetty,70,F,0
1172,594,Rekha Patil,51,F,0
1173,595,Shivakumar Gowda,30,M,0
1174,596,Shivakumar Sharma,31,M,0
1175,596,Puneeth Gowda,52,M,0
1176,597,Ramya Bhat,22,F,0
1177,597,Shivakumar Kumar,25,M,0
1178,598,Nithin Rao,59,M,0
1179,598,Ramya Sharma,55,F,0
1180,598,Mahesh Desai,56,M,0
1181,599,Anusha Desai,37,F,0
1182,599,Suresh Desai,31,M,0
1183,599,Ramesh Singh,31,M,0
1184,600,Puneeth Shetty,79,M,0
1185,600,Suma Joshi,52,F,0
1186,600,Meghana Kumar,38,F,0
1187,601,Ramya Rao,64,F,0
1188,601,Nithin Rao,70,M,0
1189,601,Shivakumar Kumar,41,T,0
1190,602,Kiran Naik,72,M,0
1191,603,Vinay Sharma,60,M,0
1192,603,Sunil Sharma,20,M,0
1193,603,Suresh Rao,77,M,0
1194,604,Shivakumar Shetty,54,M,0
1195,605,Pradeep Hiremath,47,M,0
1196,606,Sangeetha Kulkarni,30,F,0
1197,606,Vinay Hegde,29,M,0
1198,606,Puneeth Reddy,55,M,0
1199,607,Suma Patil,34,F,0
1200,607,Pradeep Naik,40,M,0
1201,608,Suresh Hegde,57,M,0
1202,608,Arun Hegde,57,M,0
1203,609,Anil Naik,54,M,0
1204,609,Swathi Gowda,51,F,0
1205,610,Manjunath Patil,37,M,0
1206,611,Santosh Hiremath,30,M,0
1207,611,Shivakumar Sharma,79,M,1
1208,612,Abhishek Kumar,37,M,0
1209,613,Kavya Hegde,63,F,0
1210,613,Sunil Hiremath,66,M,0
1211,613,Basavaraj Shetty,59,M,0
1212,614,Prakash Bhat,57,M,0
1213,615,Kavya Rao,35,F,0
1214,616,Rashmi Kulkarni,21,F,0
1215,617,Sangeetha Hiremath,43,F,0
1216,617,Sunil Bhat,78,M,0
1217,617,Sudeep Singh,54,M,0
1218,618,Bhagya Yadav,55,F,0
1219,619,Mahesh Kulkarni,34,M,0
1220,620,Geetha Desai,22,F,0
1221,621,Ramya Bhat,55,F,0
1222,621,Pradeep Kumar,20,M,0
1223,621,Shivakumar Hiremath,32,M,0
1224,622,Pooja Shetty,29,F,0
1225,622,Puneeth Shetty,41,M,0
1226,622,Karthik Desai,52,M,0
1227,623,Sahana Hegde,67,F,0
1228,624,Karthik Kulkarni,64,M,0
1229,624,Vinay Reddy,23,M,0
1230,624,Rashmi Yadav,55,F,0
1231,625,Ramya Gowda,21,F,1
1232,625,Ramya Hegde,30,F,0
1233,625,Karthik Gowda,38,M,0
1234,626,Ramya Singh,66,F,0
1235,626,Abhishek Rao,72,M,0
1236,626,Sahana Hiremath,61,F,0
1237,627,Anil Reddy,18,M,0
1238,628,Meghana Sharma,42,F,0
1239,628,Basavaraj Desai,70,M,0
1240,629,Shruthi Bhat,52,F,0
1241,630,Pradeep Gowda,66,M,0
1242,630,Darshan Gowda,46,M,0
1243,630,Santosh Yadav,45,M,0
1244,631,Nithin Kulkarni,54,M,0
1245,631,Anil Hegde,30,M,0
1246,631,Basavaraj Hiremath,58,M,1
1247,632,Shilpa Desai,43,F,0
1248,632,Darshan Singh,55,M,0
1249,633,Shruthi Reddy,51,F,0
1250,633,Basavaraj Patil,19,M,0
1251,633,Suma Desai,74,F,0
1252,634,Vijay Bhat,40,M,0
1253,634,Ramya Rao,33,F,0
1254,634,Sudeep Kulkarni,44,M,0
1255,635,Santosh Patil,18,M,0
1256,636,Mahesh Shetty,44,M,0
1257,636,Ramesh Patil,41,M,0
1258,636,Rakesh Singh,39,M,0
1259,637,Kiran Naik,49,M,0
1260,637,Sudeep Reddy,51,M,0
1261,637,Suresh Kumar,33,M,0
1262,638,Sudeep Gowda,36,M,0
1263,638,Kiran Shetty,38,M,0
1264,639,Vijay Singh,65,M,0
1265,639,Nithin Shetty,37,M,0
1266,640,Shivakumar Kulkarni,75,M,0
1267,640,Geetha Joshi,65,F,0
1268,640,Rekha Singh,55,F,0
1269,641,Basavaraj Singh,75,M,0
1270,641,Kiran Kulkarni,76,M,0
1271,641,Shilpa Joshi,68,F,0
1272,642,Shilpa Shetty,48,F,0
1273,642,Rekha Shetty,38,T,0
1274,643,Sangeetha Gowda,66,F,0
1275,644,Santosh Bhat,59,T,0
1276,644,Abhishek Yadav,20,M,0
1277,644,Sangeetha Reddy,72,F,0
1278,645,Pooja Kumar,52,F,0
1279,646,Pooja Hegde,73,F,0
1280,646,Vinay Sharma,54,M,0
1281,647,Suresh Hiremath,69,M,0
1282,647,Shivakumar Yadav,22,M,0
1283,648,Prakash Reddy,34,M,0
1284,649,Sunil Singh,66,M,0
1285,649,Mahesh Reddy,72,M,0
1286,649,Sangeetha Singh,26,F,0
1287,650,Vijay Singh,18,M,0
1288,650,Manjunath Gowda,57,M,0
1289,651,Manjunath Joshi,66,M,0
1290,651,Vijay Joshi,24,M,0
1291,652,Bhagya Singh,19,F,0
1292,653,Santosh Patil,20,M,0
1293,654,Suma Bhat,22,F,0
1294,654,Arun Gowda,18,M,0
1295,655,Pooja Kumar,66,F,0
1296,656,Meghana Bhat,29,F,0
1297,657,Rashmi Rao,41,F,0
1298,657,Shruthi Bhat,39,F,0
1299,658,Shivakumar Bhat,35,M,0
1300,658,Roopa Desai,25,F,0
1301,658,Karthik Reddy,38,M,0
1302,659,Shivakumar Shetty,80,M,0
1303,660,Prakash Yadav,35,M,0
1304,660,Sahana Rao,25,F,0
1305,661,Sudeep Kumar,18,M,0
1306,661,Prakash Hiremath,33,M,0
1307,662,Shruthi Shetty,42,F,0
1308,662,Rashmi Naik,34,F,0
1309,663,Sangeetha Shetty,60,F,0
1310,663,Swathi Hegde,50,F,0
1311,663,Anil Bhat,80,M,0
1312,664,Darshan Patil,24,M,0
1313,664,Basavaraj Gowda,69,M,0
1314,665,Kiran Bhat,47,M,0
1315,665,Divya Yadav,37,F,0
1316,666,Suresh Rao,68,M,0
1317,666,Vinay Gowda,36,M,0
1318,666,Shilpa Patil,21,F,0
1319,667,Swathi Desai,18,F,0
1320,668,Darshan Joshi,33,M,0
1321,668,Pooja Sharma,44,F,0
1322,668,Kiran Reddy,65,M,0
1323,669,Shilpa Kulkarni,50,F,0
1324,669,Anil Bhat,33,T,0
1325,670,Anil Shetty,67,M,0
1326,670,Meghana Kumar,52,F,0
1327,670,Rakesh Naik,18,M,0
1328,671,Shivakumar Joshi,23,M,0
1329,671,Manjunath Reddy,63,M,0
1330,672,Sunil Patil,78,M,0
1331,673,Karthik Hiremath,58,M,0
1332,673,Roopa Patil,53,F,0
1333,674,Anusha Singh,33,F,0
1334,674,Manjunath Reddy,54,M,0
1335,674,Rashmi Bhat,58,F,0
1336,675,Rashmi Kumar,74,F,0
1337,676,Vijay Gowda,42,M,0
1338,676,Roopa Shetty,45,F,0
1339,677,Manjunath Kumar,30,M,0
1340,678,Manjunath Gowda,37,M,0
1341,678,Pooja Gowda,38,F,0
1342,678,Karthik Desai,76,M,0
1343,679,Arun Hegde,38,M,0
1344,679,Shilpa Bhat,52,F,0
1345,680,Mahesh Shetty,46,M,0
1346,680,Ramesh Singh,25,M,0
1347,681,Pradeep Joshi,26,M,0
1348,682,Kiran Desai,67,M,0
1349,683,Vijay Singh,49,M,0
1350,683,Puneeth Yadav,72,M,0
1351,684,Karthik Sharma,24,M,0
1352,684,Anil Rao,57,M,0
1353,685,Manjunath Kumar,69,M,0
1354,686,Shruthi Naik,60,F,0
1355,687,Suresh Rao,75,M,0
1356,688,Santosh Desai,19,M,0
1357,688,Arun Yadav,37,M,0
1358,688,Vijay Desai,66,M,0
1359,689,Sunil Patil,55,M,0
1360,689,Roopa Kumar,33,F,0
1361,689,Puneeth Naik,40,M,0
1362,690,Sahana Kulkarni,52,F,0
1363,691,Santosh Bhat,60,M,0
1364,691,Vijay Hiremath,36,M,0
1365,691,Vinay Desai,38,M,0
1366,692,Abhishek Gowda,18,M,0
1367,693,Karthik Kulkarni,37,M,0
1368,694,Sudeep Naik,66,M,0
1369,694,Arun Yadav,40,M,0
1370,694,Kavya Rao,39,F,0
1371,695,Bhagya Rao,54,F,0
1372,696,Roopa Shetty,68,F,0
1373,696,Puneeth Rao,29,M,0
1374,696,Karthik Rao,40,M,0
1375,697,Nithin Gowda,38,M,0
1376,698,Rashmi Singh,49,F,0
1377,699,Basavaraj Joshi,39,M,0
1378,699,Rekha Bhat,60,F,0
1379,700,Pradeep Patil,45,M,0
1380,700,Sunil Kulkarni,29,M,0
1381,700,Sunil Yadav,69,M,0
1382,701,Divya Hiremath,48,F,0
1383,701,Manjunath Rao,41,M,0
1384,702,Prakash Hegde,50,M,0
1385,702,Sunil Rao,32,M,0
1386,702,Kiran Gowda,56,M,0
1387,703,Rekha Naik,47,F,0
1388,703,Swathi Joshi,31,F,0
1389,704,Shruthi Kulkarni,39,F,0
1390,704,Arun Hiremath,19,M,0
1391,704,Pradeep Yadav,20,M,0
1392,705,Suma Hegde,36,F,0
1393,705,Santosh Patil,42,M,0
1394,705,Pradeep Kumar,39,M,0
1395,706,Puneeth Gowda,45,M,0
1396,707,Sangeetha Kulkarni,61,F,0
1397,707,Shruthi Reddy,36,F,0
1398,707,Pradeep Singh,19,M,0
1399,708,Karthik Hegde,58,M,0
1400,708,Ramesh Reddy,42,M,0
1401,708,Vinay Bhat,58,M,0
1402,709,Sangeetha Gowda,51,F,0
1403,709,Prakash Hegde,60,M,0
1404,710,Vijay Hiremath,43,M,0
1405,711,Basavaraj Rao,59,M,0
1406,711,Rekha Gowda,23,T,0
1407,711,Rekha Bhat,37,F,0
1408,712,Swathi Shetty,62,F,0
1409,712,Mahesh Joshi,61,M,0
1410,712,Nithin Joshi,71,M,0
1411,713,Ramesh Joshi,35,M,0
1412,714,Rashmi Naik,36,F,0
1413,714,Vijay Hiremath,47,M,0
1414,715,Manjunath Shetty,36,M,0
1415,715,Asha Hiremath,27,F,0
1416,716,Vinay Sharma,38,M,0
1417,717,Shivakumar Bhat,36,M,0
1418,717,Basavaraj Bhat,21,M,0
1419,718,Vijay Bhat,54,M,0
1420,718,Rekha Gowda,39,F,0
1421,718,Meghana Joshi,33,F,0
1422,719,Pooja Kumar,51,F,0
1423,719,Ramesh Kumar,37,M,0
1424,719,Rekha Joshi,72,F,0
1425,720,Arun Desai,23,M,0
1426,720,Sunil Patil,56,M,0
1427,720,Mahesh Gowda,40,M,0
1428,721,Sangeetha Kulkarni,25,F,0
1429,722,Arun Gowda,27,M,0
1430,722,Kiran Shetty,80,M,0
1431,722,Pradeep Kumar,73,M,0
1432,723,Kavya Yadav,49,F,0
1433,723,Bhagya Sharma,80,F,0
1434,723,Shivakumar Reddy,56,M,0
1435,724,Arun Hegde,53,M,0
1436,724,Nithin Naik,29,M,0
1437,725,Suresh Hegde,53,M,0
1438,725,Vijay Hiremath,43,M,0
1439,726,Manjunath Desai,20,M,0
1440,726,Basavaraj Shetty,59,M,0
1441,727,Karthik Rao,21,M,0
1442,727,Manjunath Bhat,41,M,0
1443,727,Sangeetha Rao,62,F,0
1444,728,Arun Gowda,58,M,0
1445,728,Geetha Desai,58,F,0
1446,728,Anil Hegde,43,M,0
1447,729,Rashmi Kulkarni,52,F,0
1448,730,Mahesh Singh,54,M,0
1449,730,Sunil Kulkarni,22,M,0
1450,731,Sudeep Yadav,39,M,0
1451,731,Abhishek Kumar,74,M,0
1452,731,Swathi Singh,43,F,0
1453,732,Sudeep Kumar,72,M,0
1454,732,Meghana Kumar,68,F,0
1455,733,Asha Hiremath,57,F,0
1456,733,Swathi Rao,46,F,0
1457,734,Sahana Bhat,74,F,0
1458,734,Meghana Hegde,70,F,0
1459,735,Suresh Yadav,74,M,0
1460,735,Kavya Hiremath,43,F,0
1461,736,Meghana Kulkarni,64,F,0
1462,736,Swathi Gowda,61,F,0
1463,736,Mahesh Rao,45,M,0
1464,737,Pooja Kulkarni,54,F,0
1465,737,Vijay Kumar,24,M,0
1466,738,Darshan Naik,80,M,0
1467,738,Shilpa Bhat,24,F,0
1468,739,Ramya Hegde,43,F,0
1469,740,Roopa Hiremath,37,F,0
1470,740,Bhagya Joshi,43,F,0
1471,740,Sahana Yadav,61,F,0
1472,741,Karthik Yadav,38,M,0
1473,741,Rakesh Yadav,78,M,0
1474,742,Nithin Desai,34,M,0
1475,742,Sunil Kulkarni,34,M,0
1476,743,Abhishek Hegde,56,M,0
1477,744,Ramesh Naik,30,M,0
1478,744,Swathi Shetty,36,F,0
1479,744,Vinay Yadav,50,M,0
1480,745,Basavaraj Patil,26,M,0
1481,745,Puneeth Joshi,35,M,0
1482,746,Prakash Yadav,53,M,0
1483,746,Sahana Rao,36,F,1
1484,746,Darshan Hegde,55,M,0
1485,747,Divya Reddy,57,F,0
1486,747,Manjunath Hiremath,42,M,0
1487,748,Pradeep Gowda,77,M,0
1488,748,Darshan Singh,64,M,0
1489,749,Suma Hegde,70,F,0
1490,750,Suresh Desai,55,M,0
1491,751,Karthik Rao,33,M,0
1492,751,Shruthi Hegde,53,F,0
1493,751,Bhagya Reddy,34,F,0
1494,752,Kavya Reddy,21,F,0
1495,752,Vijay Bhat,55,M,0
1496,753,Rakesh Gowda,55,M,0
1497,753,Karthik Rao,56,M,0
1498,754,Sunil Joshi,31,M,0
1499,754,Geetha Kumar,33,T,0
1500,754,Anil Sharma,60,M,0
1501,755,Rekha Gowda,76,F,0
1502,755,Pradeep Yadav,79,M,0
1503,756,Rashmi Shetty,40,F,0
1504,757,Shilpa Yadav,22,F,0
1505,757,Puneeth Rao,22,M,0
1506,758,Rashmi Hiremath,36,F,0
1507,758,Nithin Gowda,69,T,0
1508,758,Roopa Gowda,54,F,0
1509,759,Ramesh Bhat,68,M,0
1510,759,Shivakumar Naik,35,M,0
1511,760,Anil Bhat,73,M,0
1512,760,Shilpa Hiremath,33,F,0
1513,761,Sangeetha Hegde,22,F,0
1514,762,Vinay Hegde,31,M,0
1515,762,Shruthi Kulkarni,18,F,0
1516,762,Rakesh Sharma,59,M,0
1517,763,Pooja Singh,24,F,0
1518,763,Sahana Hegde,45,F,0
1519,764,Ramya Kumar,18,F,0
1520,764,Sudeep Patil,29,M,0
1521,765,Nithin Yadav,58,M,0
1522,766,Darshan Gowda,33,M,0
1523,767,Suma Kulkarni,39,F,0
1524,767,Prakash Hiremath,37,M,0
1525,768,Anusha Joshi,60,F,0
1526,768,Roopa Rao,57,F,0
1527,768,Nithin Shetty,39,M,0
1528,769,Rakesh Joshi,59,M,0
1529,770,Rashmi Kulkarni,24,F,0
1530,770,Basavaraj Singh,73,M,0
1531,771,Manjunath Naik,30,M,0
1532,771,Darshan Hiremath,31,M,0
1533,771,Manjunath Reddy,38,M,0
1534,772,Basavaraj Joshi,56,M,0
1535,772,Basavaraj Rao,42,M,0
1536,773,Shivakumar Shetty,60,M,0
1537,773,Geetha Kulkarni,54,F,0
1538,773,Asha Gowda,44,F,0
1539,774,Abhishek Joshi,64,M,0
1540,775,Pooja Yadav,49,F,0
1541,776,Ramya Patil,27,F,0
1542,776,Suma Yadav,77,F,0
1543,777,Sudeep Sharma,56,T,0
1544,777,Sudeep Hiremath,31,M,0
1545,777,Shilpa Shetty,55,F,0
1546,778,Santosh Kumar,43,M,0
1547,778,Vijay Hiremath,39,M,0
1548,778,Suresh Naik,47,M,0
1549,779,Ramesh Shetty,63,M,0
1550,780,Meghana Kulkarni,75,F,0
1551,781,Anil Naik,80,M,0
1552,781,Vinay Hegde,45,M,0
1553,782,Ramesh Shetty,36,M,0
1554,782,Swathi Reddy,71,F,0
1555,783,Puneeth Bhat,39,M,0
1556,783,Kiran Bhat,46,M,0
1557,783,Meghana Kulkarni,31,T,1
1558,784,Kiran Kumar,40,M,0
1559,784,Rashmi Rao,54,F,0
1560,784,Manjunath Yadav,39,M,0
1561,785,Anil Reddy,57,M,0
1562,786,Rashmi Patil,35,F,0
1563,786,Arun Naik,30,M,0
1564,786,Meghana Gowda,51,F,0
1565,787,Vinay Gowda,38,M,0
1566,787,Mahesh Sharma,68,M,0
1567,787,Manjunath Joshi,29,M,0
1568,788,Kiran Yadav,44,M,0
1569,788,Sunil Desai,44,M,0
1570,788,Kiran Bhat,44,M,0
1571,789,Meghana Rao,40,F,0
1572,789,Bhagya Kulkarni,51,F,0
1573,790,Vijay Hiremath,18,M,0
1574,790,Rakesh Patil,33,M,0
1575,791,Puneeth Bhat,56,M,0
1576,791,Pradeep Singh,47,M,0
1577,792,Prakash Patil,37,M,0
1578,793,Pooja Patil,30,F,0
1579,793,Vinay Hegde,43,M,0
1580,794,Anil Naik,46,M,0
1581,794,Rekha Desai,30,F,0
1582,795,Geetha Sharma,58,F,0
1583,796,Vijay Shetty,23,M,0
1584,796,Anil Kumar,19,M,0
1585,797,Kiran Shetty,74,M,0
1586,797,Sahana Bhat,20,F,0
1587,797,Shruthi Hiremath,69,F,0
1588,798,Vinay Kulkarni,63,M,0
1589,799,Meghana Rao,56,F,0
1590,799,Shruthi Singh,55,F,0
1591,800,Meghana Singh,72,F,0
1592,800,Prakash Kulkarni,62,M,0
1593,801,Suresh Hiremath,49,M,0
1594,801,Shruthi Hiremath,30,F,0
1595,801,Darshan Yadav,30,M,1
1596,802,Sunil Kumar,36,M,0
1597,803,Manjunath Hegde,58,M,0
1598,803,Rekha Yadav,74,F,0
1599,803,Arun Desai,76,M,0
1600,804,Kavya Patil,31,F,0
1601,804,Kavya Kulkarni,34,F,0
1602,804,Ramesh Joshi,33,M,0
1603,805,Sahana Hegde,42,F,0
1604,806,Santosh Kumar,48,M,0
1605,807,Kiran Singh,63,M,0
1606,807,Mahesh Naik,33,M,0
1607,807,Prakash Rao,36,M,0
1608,808,Basavaraj Naik,34,M,0
1609,808,Kavya Rao,38,F,0
1610,809,Abhishek Rao,78,M,0
1611,809,Rakesh Reddy,25,M,0
1612,809,Darshan Hegde,26,M,0
1613,810,Swathi Bhat,30,F,0
1614,811,Sunil Gowda,19,M,0
1615,812,Shilpa Patil,22,F,0
1616,813,Sunil Hiremath,37,M,0
1617,813,Suma Hiremath,57,F,0
1618,814,Anil Hiremath,68,M,0
1619,814,Manjunath Hegde,35,M,0
1620,814,Karthik Hiremath,79,M,0
1621,815,Swathi Shetty,39,F,0
1622,815,Ramya Patil,57,F,0
1623,816,Puneeth Patil,41,T,0
1624,817,Shruthi Reddy,43,F,0
1625,817,Karthik Sharma,48,M,0
1626,817,Sahana Kumar,44,F,0
1627,818,Puneeth Yadav,45,M,0
1628,819,Santosh Sharma,48,M,0
1629,820,Arun Kumar,54,M,0
1630,820,Roopa Hiremath,40,F,0
1631,821,Rashmi Kumar,19,F,0
1632,822,Shruthi Hiremath,60,F,0
1633,822,Puneeth Rao,32,M,0
1634,822,Sudeep Reddy,58,M,0
1635,823,Basavaraj Kulkarni,19,M,0
1636,823,Suresh Joshi,37,M,0
1637,824,Roopa Yadav,50,F,0
1638,824,Vijay Kumar,43,M,0
1639,824,Sahana Hegde,37,F,0
1640,825,Roopa Patil,56,F,0
1641,825,Rakesh Rao,64,M,0
1642,826,Shruthi Naik,47,F,0
1643,826,Darshan Hegde,47,M,0
1644,826,Ramesh Bhat,52,M,0
1645,827,Anusha Naik,66,F,0
1646,827,Sangeetha Kumar,23,F,0
1647,828,Roopa Reddy,62,F,0
1648,829,Rakesh Patil,77,M,0
1649,829,Puneeth Reddy,44,M,0
1650,829,Sunil Hiremath,24,M,0
1651,830,Suma Naik,19,F,0
1652,831,Bhagya Bhat,59,F,0
1653,831,Suma Singh,37,F,0
1654,831,Puneeth Kumar,38,M,0
1655,832,Santosh Shetty,25,M,0
1656,832,Manjunath Kulkarni,58,M,0
1657,833,Shivakumar Singh,56,M,0
1658,833,Sangeetha Shetty,76,F,0
1659,833,Sahana Reddy,71,F,0
1660,834,Pooja Desai,57,F,0
1661,834,Kiran Patil,30,M,0
1662,834,Darshan Hiremath,53,M,0
1663,835,Nithin Singh,54,M,0
1664,835,Ramesh Joshi,30,M,0
1665,835,Divya Joshi,43,F,0
1666,836,Sunil Hiremath,21,M,0
1667,837,Manjunath Naik,47,M,0
1668,838,Sangeetha Reddy,29,F,0
1669,838,Mahesh Shetty,66,M,0
1670,838,Pooja Joshi,69,F,0
1671,839,Manjunath Desai,41,M,0
1672,839,Sudeep Sharma,65,M,0
1673,840,Prakash Naik,33,M,0
1674,840,Rashmi Kumar,58,T,0
1675,841,Roopa Rao,65,F,0
1676,841,Shilpa Rao,48,F,0
1677,841,Santosh Naik,35,M,0
1678,842,Rakesh Patil,38,M,0
1679,842,Shilpa Sharma,25,F,0
1680,843,Puneeth Yadav,33,M,0
1681,843,Pradeep Kumar,45,M,0
1682,844,Meghana Shetty,45,F,0
1683,844,Shivakumar Rao,25,M,0
1684,844,Divya Yadav,76,F,0
1685,845,Basavaraj Bhat,27,M,0
1686,845,Sangeetha Reddy,46,F,0
1687,845,Santosh Rao,38,M,0
1688,846,Swathi Hegde,32,F,0
1689,846,Ramesh Naik,18,M,0
1690,846,Geetha Hegde,67,F,0
1691,847,Suresh Shetty,74,M,0
1692,847,Meghana Kumar,77,F,0
1693,848,Abhishek Rao,64,M,0
1694,849,Shruthi Rao,62,F,0
1695,850,Vinay Kulkarni,24,M,0
1696,850,Santosh Shetty,75,M,0
1697,851,Nithin Yadav,55,M,0
1698,852,Rekha Bhat,38,F,0
1699,852,Rekha Gowda,42,F,0
1700,852,Sudeep Joshi,43,M,0
1701,853,Manjunath Desai,28,M,0
1702,854,Arun Kumar,18,M,0
1703,854,Vinay Hegde,35,M,0
1704,855,Sunil Singh,76,M,0
1705,855,Sudeep Joshi,68,M,0
1706,855,Asha Reddy,39,F,0
1707,856,Shruthi Hegde,68,F,0
1708,856,Anusha Sharma,39,F,0
1709,857,Anusha Yadav,57,F,0
1710,857,Nithin Kumar,40,M,0
1711,857,Suresh Gowda,54,M,0
1712,858,Anil Kumar,58,M,0
1713,858,Santosh Hiremath,65,M,0
1714,859,Pradeep Rao,61,M,0
1715,859,Abhishek Hiremath,46,M,0
1716,860,Darshan Gowda,60,M,0
1717,860,Mahesh Shetty,39,M,0
1718,861,Abhishek Hegde,59,M,0
1719,861,Kiran Rao,76,M,0
1720,861,Suma Yadav,80,F,0
1721,862,Suresh Kulkarni,53,M,0
1722,862,Suresh Yadav,46,M,0
1723,863,Puneeth Sharma,45,M,0
1724,863,Sangeetha Joshi,71,F,0
1725,863,Arun Yadav,29,M,0
1726,864,Anil Kulkarni,70,M,0
1727,865,Abhishek Sharma,59,M,0
1728,865,Suresh Yadav,44,M,0
1729,865,Meghana Sharma,37,F,0
1730,866,Santosh Desai,58,M,0
1731,866,Arun Hegde,39,M,0
1732,867,Shilpa Desai,54,F,0
1733,867,Kavya Reddy,29,F,0
1734,868,Roopa Desai,30,F,0
1735,868,Sangeetha Naik,20,F,0
1736,869,Karthik Hiremath,80,M,0
1737,870,Geetha Rao,59,F,0
1738,870,Geetha Bhat,19,F,0
1739,871,Basavaraj Desai,49,M,0
1740,872,Rashmi Desai,23,F,0
1741,872,Ramesh Hegde,61,M,0
1742,873,Nithin Hegde,58,M,0
1743,874,Pooja Gowda,31,F,0
1744,874,Karthik Joshi,72,M,0
1745,874,Kiran Naik,53,M,0
1746,875,Vinay Desai,58,M,0
1747,876,Puneeth Gowda,54,M,0
1748,877,Swathi Hegde,69,F,0
1749,877,Sunil Joshi,54,M,0
1750,877,Kiran Bhat,23,M,0
1751,878,Karthik Reddy,68,M,0
1752,878,Sunil Hegde,32,M,0
1753,879,Arun Kumar,37,M,0
1754,880,Sahana Patil,38,F,1
1755,881,Vijay Reddy,77,M,0
1756,881,Pradeep Gowda,40,M,0
1757,881,Nithin Patil,57,M,0
1758,882,Divya Naik,57,F,0
1759,882,Kiran Hegde,47,M,0
1760,882,Geetha Rao,43,F,0
1761,883,Mahesh Shetty,34,M,0
1762,883,Rekha Reddy,55,F,0
1763,884,Ramya Sharma,60,T,0
1764,885,Karthik Reddy,33,T,0
1765,886,Meghana Kulkarni,33,F,0
1766,886,Basavaraj Desai,44,M,0
1767,887,Abhishek Kumar,53,M,0
1768,888,Kiran Patil,51,M,0
1769,888,Anil Desai,63,M,0
1770,888,Rakesh Gowda,30,M,0
1771,889,Rashmi Reddy,65,F,0
1772,889,Abhishek Yadav,46,M,0
1773,890,Mahesh Reddy,54,M,0
1774,891,Roopa Yadav,71,F,0
1775,891,Geetha Gowda,50,F,0
1776,891,Ramya Yadav,33,F,0
1777,892,Shivakumar Rao,40,M,0
1778,893,Sangeetha Shetty,36,F,0
1779,893,Prakash Gowda,51,M,0
1780,893,Arun Reddy,52,M,0
1781,894,Suresh Joshi,60,M,0
1782,895,Vijay Hiremath,76,M,0
1783,896,Anil Hiremath,53,M,0
1784,896,Prakash Hiremath,70,M,0
1785,897,Shivakumar Reddy,63,M,0
1786,897,Ramesh Reddy,53,M,0
1787,898,Santosh Naik,30,M,0
1788,898,Abhishek Kulkarni,30,M,0
1789,898,Pooja Gowda,44,F,0
1790,899,Meghana Gowda,77,F,0
1791,899,Asha Reddy,49,F,0
1792,899,Vijay Gowda,30,M,0
1793,900,Shivakumar Yadav,72,M,0
1794,900,Abhishek Kulkarni,38,M,0
1795,901,Pradeep Singh,39,M,0
1796,901,Prakash Hegde,25,T,0
1797,902,Ramesh Sharma,79,M,0
1798,903,Mahesh Yadav,18,M,0
1799,903,Vinay Rao,77,M,0
1800,903,Suma Shetty,31,F,0
1801,904,Basavaraj Rao,36,M,0
1802,904,Shivakumar Naik,21,M,0
1803,905,Prakash Hegde,33,M,0
1804,905,Kavya Hiremath,73,F,0
1805,906,Pradeep Singh,47,M,0
1806,906,Kavya Naik,53,F,0
1807,907,Meghana Hiremath,37,F,0
1808,907,Abhishek Kumar,66,M,0
1809,907,Manjunath Sharma,18,M,0
1810,908,Rakesh Hegde,59,M,0
1811,908,Roopa Rao,43,F,0
1812,909,Divya Kumar,18,F,0
1813,909,Vijay Bhat,75,M,0
1814,910,Santosh Bhat,40,M,0
1815,910,Karthik Bhat,53,M,0
1816,910,Abhishek Naik,63,M,0
1817,911,Asha Shetty,36,F,0
1818,911,Asha Hegde,71,F,0
1819,912,Meghana Rao,74,F,0
1820,912,Basavaraj Kulkarni,30,M,0
1821,912,Anil Singh,51,M,0
1822,913,Puneeth Patil,54,M,0
1823,913,Arun Gowda,50,M,0
1824,913,Vinay Yadav,60,M,0
1825,914,Puneeth Hiremath,42,M,0
1826,915,Karthik Singh,35,M,0
1827,915,Suresh Joshi,45,M,0
1828,916,Sunil Singh,69,M,0
1829,916,Arun Naik,71,M,0
1830,916,Sangeetha Yadav,61,F,0
1831,917,Santosh Gowda,54,M,0
1832,917,Kavya Yadav,37,F,0
1833,917,Basavaraj Kulkarni,37,M,0
1834,918,Geetha Gowda,35,F,0
1835,919,Abhishek Kumar,21,M,0
1836,920,Suresh Hiremath,21,M,0
1837,921,Abhishek Patil,78,M,0
1838,922,Ramya Bhat,80,F,0
1839,922,Pradeep Reddy,65,M,0
1840,923,Geetha Desai,51,F,0
1841,923,Rakesh Shetty,39,M,0
1842,924,Kavya Kumar,56,F,0
1843,924,Sahana Reddy,52,F,0
1844,925,Suresh Hiremath,39,T,0
1845,926,Shruthi Naik,31,F,0
1846,927,Pooja Yadav,37,F,0
1847,927,Shivakumar Desai,70,M,0
1848,928,Meghana Sharma,68,F,0
1849,929,Geetha Singh,37,F,0
1850,929,Anil Hiremath,33,M,0
1851,929,Anil Naik,46,M,0
1852,930,Sunil Reddy,46,M,0
1853,931,Shilpa Rao,41,F,0
1854,931,Vinay Patil,56,M,0
1855,932,Sunil Bhat,38,M,0
1856,933,Shivakumar Hiremath,50,M,0
1857,933,Sunil Reddy,49,M,0
1858,933,Suma Gowda,42,F,0
1859,934,Rashmi Kulkarni,64,F,0
1860,934,Shivakumar Kumar,36,M,0
1861,934,Sunil Shetty,35,M,0
1862,935,Karthik Singh,57,M,0
1863,936,Roopa Hiremath,38,F,0
1864,936,Darshan Singh,40,M,0
1865,937,Anusha Hiremath,53,F,0
1866,938,Pradeep Reddy,28,M,0
1867,938,Nithin Kulkarni,19,M,0
1868,938,Prakash Hiremath,47,M,0
1869,939,Karthik Shetty,46,M,0
1870,939,Suma Patil,20,F,0
1871,940,Shruthi Kumar,64,F,0
1872,940,Manjunath Patil,37,M,0
1873,941,Anusha Bhat,73,F,0
1874,941,Bhagya Singh,60,F,0
1875,942,Darshan Reddy,74,M,0
1876,942,Kiran Gowda,43,M,0
1877,943,Nithin Hiremath,79,M,0
1878,943,Roopa Hegde,26,F,0
1879,943,Kavya Hegde,19,F,0
1880,944,Suresh Singh,36,M,0
1881,944,Sahana Shetty,34,F,0
1882,945,Roopa Bhat,74,T,0
1883,946,Abhishek Bhat,37,M,0
1884,946,Anusha Rao,40,F,0
1885,947,Abhishek Naik,31,M,0
1886,948,Geetha Gowda,36,F,0
1887,948,Anil Shetty,47,M,0
1888,948,Kiran Desai,51,M,0
1889,949,Asha Yadav,24,F,0
1890,949,Arun Kulkarni,64,M,0
1891,950,Basavaraj Bhat,50,M,0
1892,950,Ramya Reddy,20,F,0
1893,950,Sahana Kumar,23,F,0
1894,951,Suresh Rao,57,M,0
1895,951,Kiran Shetty,61,M,0
1896,951,Mahesh Shetty,20,M,0
1897,952,Divya Joshi,61,F,0
1898,953,Nithin Joshi,48,M,0
1899,953,Arun Kulkarni,39,M,0
1900,954,Darshan Kulkarni,24,M,0
1901,954,Manjunath Yadav,57,M,0
1902,954,Shilpa Kumar,25,F,0
1903,955,Anil Sharma,43,M,0
1904,955,Shivakumar Kumar,56,M,0
1905,955,Pooja Reddy,76,F,0
1906,956,Abhishek Desai,79,M,0
1907,957,Ramesh Reddy,74,M,0
1908,957,Ramya Rao,25,F,0
1909,957,Prakash Hiremath,21,M,1
1910,958,Karthik Reddy,65,M,0
1911,958,Meghana Bhat,47,F,0
1912,959,Swathi Kulkarni,35,F,0
1913,959,Asha Hiremath,55,F,0
1914,960,Kiran Singh,50,M,0
1915,960,Meghana Hegde,44,F,0
1916,961,Meghana Kumar,42,F,0
1917,961,Sudeep Hegde,39,M,0
1918,961,Suma Hegde,34,F,0
1919,962,Shivakumar Hegde,69,M,0
1920,963,Santosh Hegde,74,M,0
1921,963,Mahesh Hegde,41,M,0
1922,964,Roopa Joshi,69,F,0
1923,964,Puneeth Reddy,53,M,0
1924,965,Basavaraj Gowda,41,M,0
1925,965,Arun Desai,33,M,0
1926,965,Roopa Desai,38,F,0
1927,966,Shruthi Rao,78,F,0
1928,966,Vinay Singh,41,M,0
1929,967,Ramya Patil,21,F,0
1930,967,Swathi Kulkarni,57,F,0
1931,968,Pradeep Patil,73,M,0
1932,969,Kiran Bhat,53,M,0
1933,969,Manjunath Yadav,56,M,0
1934,970,Santosh Joshi,43,M,0
1935,971,Rashmi Hiremath,51,F,0
1936,971,Geetha Joshi,33,F,0
1937,971,Sudeep Sharma,32,M,0
1938,972,Pooja Bhat,47,F,0
1939,972,Karthik Rao,66,M,0
1940,972,Arun Desai,33,M,0
1941,973,Shilpa Sharma,18,F,0
1942,974,Ramesh Hegde,80,M,0
1943,974,Vinay Gowda,21,M,0
1944,975,Ramya Patil,32,F,0
1945,975,Meghana Desai,58,F,0
1946,975,Swathi Singh,51,F,0
1947,976,Santosh Naik,73,M,0
1948,977,Puneeth Kulkarni,53,M,0
1949,977,Sunil Joshi,40,M,0
1950,978,Suresh Joshi,44,M,0
1951,978,Bhagya Hegde,56,F,0
1952,978,Abhishek Desai,70,M,0
1953,979,Shruthi Hegde,72,F,0
1954,979,Puneeth Sharma,76,M,0
1955,979,Rashmi Shetty,72,F,0
1956,980,Darshan Rao,45,M,0
1957,980,Suma Singh,55,F,0
1958,981,Sangeetha Shetty,62,F,0
1959,982,Shivakumar Desai,43,M,0
1960,982,Roopa Yadav,47,F,0
1961,982,Darshan Naik,57,M,0
1962,983,Rekha Naik,33,F,0
1963,983,Ramya Sharma,22,F,0
1964,984,Kiran Kulkarni,32,M,0
1965,985,Abhishek Shetty,60,M,0
1966,985,Bhagya Singh,23,F,0
1967,986,Meghana Hiremath,34,F,0
1968,986,Shivakumar Hegde,35,M,0
1969,987,Shivakumar Naik,70,M,0
1970,988,Vinay Sharma,31,M,0
1971,988,Rakesh Naik,65,M,0
1972,989,Bhagya Shetty,41,F,0
1973,989,Anil Hiremath,73,M,0
1974,990,Divya Rao,63,F,0
1975,990,Ramya Kulkarni,52,F,0
1976,991,Vinay Joshi,79,M,0
1977,991,Vijay Yadav,19,M,0
1978,992,Arun Patil,38,M,0
1979,993,Manjunath Bhat,58,M,0
1980,993,Prakash Singh,22,M,0
1981,994,Rashmi Desai,27,F,0
1982,995,Anil Hegde,27,M,0
1983,995,Shivakumar Bhat,48,M,0
1984,996,Abhishek Rao,53,M,0
1985,996,Rekha Kulkarni,30,F,0
1986,996,Sudeep Yadav,37,M,0
1987,997,Anil Naik,34,M,0
1988,998,Rashmi Gowda,67,F,0
1989,999,Karthik Reddy,61,M,0
1990,999,Prakash Bhat,22,M,0
1991,1000,Pooja Sharma,23,F,0
1992,1000,Bhagya Shetty,57,F,0
1993,1000,Vijay Kulkarni,20,M,0
1994,1001,Nithin Gowda,56,M,0
1995,1001,Basavaraj Shetty,32,M,0
1996,1001,Kavya Hegde,54,F,0
1997,1002,Shivakumar Hegde,46,M,0
1998,1003,Santosh Gowda,71,M,0
1999,1004,Puneeth Naik,45,M,0
2000,1004,Sudeep Sharma,30,M,0
2001,1005,Sunil Yadav,53,M,0
2002,1005,Shilpa Hiremath,37,F,0
2003,1006,Prakash Kulkarni,18,M,0
2004,1007,Shruthi Hegde,39,F,0
2005,1007,Geetha Desai,76,F,0
2006,1008,Manjunath Shetty,23,M,0
2007,1009,Ramesh Hegde,56,M,0
2008,1009,Vinay Kumar,38,M,0
2009,1009,Pooja Yadav,51,F,0
2010,1010,Sangeetha Hegde,74,F,0
2011,1011,Pradeep Joshi,37,T,0
2012,1011,Rekha Hegde,55,F,0
2013,1011,Karthik Yadav,63,M,0
2014,1012,Suresh Kulkarni,29,M,0
2015,1012,Anusha Hegde,63,F,0
2016,1013,Asha Patil,61,F,0
2017,1014,Sangeetha Rao,37,F,0
2018,1014,Meghana Kulkarni,47,F,0
2019,1014,Meghana Singh,30,F,0
2020,1015,Vinay Patil,57,M,0
2021,1015,Manjunath Bhat,52,M,0
2022,1016,Divya Sharma,18,F,0
2023,1017,Prakash Naik,35,M,0
2024,1017,Shivakumar Yadav,49,M,0
2025,1017,Pradeep Rao,57,M,0
2026,1018,Kavya Rao,45,F,0
2027,1019,Kavya Hiremath,37,F,0
2028,1019,Kiran Bhat,50,M,0
2029,1020,Pradeep Naik,31,M,0
2030,1021,Kavya Gowda,52,F,0
2031,1022,Pooja Bhat,41,F,0
2032,1022,Shruthi Joshi,47,F,0
2033,1023,Suma Desai,57,F,0
2034,1024,Abhishek Rao,24,M,0
2035,1024,Vinay Yadav,79,M,0
2036,1024,Suresh Gowda,26,M,0
2037,1025,Bhagya Yadav,33,F,0
2038,1025,Santosh Shetty,74,M,0
2039,1026,Sunil Hegde,76,M,0
2040,1027,Nithin Naik,61,M,0
2041,1028,Santosh Gowda,37,M,0
2042,1028,Manjunath Singh,31,M,0
2043,1028,Suma Kulkarni,37,F,0
2044,1029,Swathi Yadav,45,F,0
2045,1029,Swathi Sharma,68,F,0
2046,1030,Rekha Singh,44,F,0
2047,1030,Arun Naik,44,M,0
2048,1030,Roopa Patil,49,F,0
2049,1031,Santosh Rao,38,M,0
2050,1031,Abhishek Desai,38,M,0
2051,1032,Anil Yadav,57,M,0
2052,1033,Abhishek Hiremath,62,M,0
2053,1033,Pradeep Shetty,58,M,0
2054,1034,Shruthi Reddy,74,F,0
2055,1035,Vinay Reddy,30,M,0
2056,1035,Roopa Patil,74,F,0
2057,1035,Karthik Naik,71,M,0
2058,1036,Swathi Desai,28,F,0
2059,1037,Ramya Yadav,68,F,0
2060,1038,Sahana Sharma,48,F,0
2061,1038,Pradeep Bhat,37,M,0
2062,1038,Shivakumar Hegde,49,M,0
2063,1039,Anil Desai,19,M,0
2064,1039,Darshan Patil,71,M,0
2065,1039,Prakash Reddy,43,M,0
2066,1040,Sangeetha Patil,44,F,0
2067,1040,Asha Joshi,39,F,0
2068,1040,Abhishek Desai,54,M,0
2069,1041,Asha Yadav,29,F,0
2070,1041,Basavaraj Kulkarni,47,M,0
2071,1042,Geetha Bhat,49,F,0
2072,1043,Basavaraj Yadav,48,M,0
2073,1043,Mahesh Hiremath,28,M,0
2074,1043,Rekha Patil,28,F,0
2075,1044,Nithin Patil,18,M,0
2076,1044,Sahana Kulkarni,56,F,0
2077,1045,Suresh Kumar,64,M,0
2078,1045,Pradeep Gowda,39,M,0
2079,1046,Sunil Shetty,38,M,0
2080,1046,Bhagya Sharma,46,F,0
2081,1046,Divya Singh,58,F,0
2082,1047,Vijay Shetty,50,M,0
2083,1048,Anil Desai,73,M,0
2084,1048,Anil Bhat,30,M,0
2085,1048,Anil Hegde,37,T,0
2086,1049,Prakash Hegde,41,T,0
2087,1050,Vijay Kulkarni,40,M,0
2088,1051,Rashmi Hiremath,26,F,0
2089,1051,Meghana Kulkarni,63,F,0
2090,1052,Anil Desai,27,M,0
2091,1053,Pradeep Singh,19,M,0
2092,1053,Divya Kulkarni,32,F,0
2093,1054,Abhishek Bhat,49,M,0
2094,1054,Ramesh Kumar,31,M,0
2095,1055,Pradeep Desai,43,M,0
2096,1056,Arun Rao,48,M,0
2097,1056,Rakesh Bhat,45,M,0
2098,1056,Divya Kumar,72,F,0
2099,1057,Swathi Kumar,39,F,0
2100,1057,Bhagya Shetty,25,F,0
2101,1058,Prakash Reddy,23,M,0
2102,1058,Roopa Desai,65,F,0
2103,1059,Pradeep Sharma,45,M,0
2104,1059,Mahesh Yadav,32,M,0
2105,1060,Ramya Yadav,68,F,0
2106,1060,Sudeep Gowda,61,M,0
2107,1060,Shilpa Desai,73,F,0
2108,1061,Meghana Rao,54,F,0
2109,1061,Sahana Gowda,32,T,1
2110,1062,Ramesh Hiremath,25,M,0
2111,1062,Sudeep Singh,29,M,0
2112,1063,Basavaraj Rao,53,M,0
2113,1063,Vinay Yadav,46,M,0
2114,1063,Arun Yadav,54,M,0
2115,1064,Rakesh Hiremath,42,M,0
2116,1064,Swathi Singh,53,F,0
2117,1064,Basavaraj Naik,38,M,0
2118,1065,Roopa Hiremath,55,F,0
2119,1066,Vinay Yadav,31,M,0
2120,1066,Nithin Singh,35,M,0
2121,1066,Nithin Yadav,65,M,0
2122,1067,Vijay Kumar,46,M,0
2123,1067,Manjunath Yadav,32,M,0
2124,1068,Pradeep Sharma,21,M,0
2125,1068,Bhagya Reddy,78,F,0
2126,1068,Nithin Reddy,73,M,0
2127,1069,Shruthi Sharma,55,F,0
2128,1069,Nithin Desai,25,M,0
2129,1069,Swathi Patil,49,F,0
2130,1070,Suresh Yadav,49,M,0
2131,1070,Santosh Joshi,78,M,0
2132,1071,Kavya Bhat,56,F,0
2133,1072,Manjunath Naik,19,M,0
2134,1072,Shilpa Desai,35,F,0
2135,1073,Shivakumar Bhat,62,M,0
2136,1074,Rakesh Kumar,76,M,0
2137,1074,Vijay Singh,74,M,0
2138,1075,Suma Joshi,72,F,0
2139,1075,Karthik Hegde,29,M,0
2140,1075,Rakesh Yadav,67,M,0
2141,1076,Swathi Singh,42,F,0
2142,1076,Shruthi Kulkarni,50,F,0
2143,1077,Roopa Desai,49,F,0
2144,1077,Divya Desai,57,F,0
2145,1077,Ramesh Bhat,51,M,0
2146,1078,Suma Kulkarni,54,T,0
2147,1078,Sunil Reddy,45,M,0
2148,1078,Vinay Hegde,68,M,0
2149,1079,Suresh Kulkarni,70,M,0
2150,1079,Basavaraj Kumar,35,M,0
2151,1080,Shivakumar Sharma,62,M,0
2152,1081,Asha Naik,32,F,0
2153,1081,Ramesh Naik,73,M,0
2154,1081,Kavya Desai,59,F,0
2155,1082,Bhagya Singh,51,F,0
2156,1082,Pooja Kumar,51,F,0
2157,1082,Asha Reddy,66,F,0
2158,1083,Divya Rao,66,F,0
2159,1083,Suma Naik,46,F,0
2160,1084,Geetha Gowda,72,F,0
2161,1085,Divya Yadav,49,F,0
2162,1085,Sahana Hegde,49,F,0
2163,1085,Sunil Hegde,38,M,0
2164,1086,Ramesh Desai,44,M,0
2165,1087,Roopa Gowda,69,F,0
2166,1087,Karthik Naik,32,M,0
2167,1087,Sangeetha Patil,52,F,0
2168,1088,Darshan Bhat,56,M,0
2169,1089,Darshan Bhat,24,M,0
2170,1090,Kiran Hegde,40,M,0
2171,1091,Anusha Desai,69,F,0
2172,1092,Sangeetha Hegde,53,F,0
2173,1092,Ramesh Kulkarni,32,M,0
2174,1093,Anusha Yadav,30,F,0
2175,1093,Vijay Desai,62,M,0
2176,1094,Shivakumar Naik,73,M,0
2177,1095,Anusha Naik,19,F,0
2178,1095,Ramesh Desai,64,M,0
2179,1096,Sangeetha Kumar,59,F,0
2180,1097,Puneeth Singh,25,M,0
2181,1097,Suma Gowda,66,F,0
2182,1098,Swathi Gowda,70,F,0
2183,1098,Kavya Patil,73,F,0
2184,1098,Nithin Rao,51,M,0
2185,1099,Pradeep Hiremath,37,M,0
2186,1100,Abhishek Singh,55,M,0
2187,1101,Vijay Kumar,41,M,0
2188,1101,Karthik Sharma,53,M,0
2189,1101,Anil Sharma,44,M,0
2190,1102,Vinay Yadav,79,M,0
2191,1103,Ramya Yadav,62,F,0
2192,1103,Shivakumar Joshi,67,M,0
2193,1104,Vinay Rao,69,M,0
2194,1105,Prakash Shetty,22,M,0
2195,1106,Nithin Joshi,32,M,0
2196,1106,Sunil Joshi,69,M,0
2197,1107,Pooja Yadav,49,F,0
2198,1108,Ramesh Shetty,73,M,0
2199,1108,Shivakumar Rao,42,M,0
2200,1109,Rekha Gowda,49,F,0
2201,1110,Suresh Patil,46,M,0
2202,1110,Shilpa Hiremath,30,F,0
2203,1110,Basavaraj Shetty,65,M,0
2204,1111,Rakesh Reddy,60,M,0
2205,1111,Puneeth Patil,63,M,0
2206,1112,Divya Desai,62,F,0
2207,1113,Prakash Kulkarni,52,M,0
2208,1114,Shilpa Gowda,75,F,0
2209,1115,Nithin Sharma,56,M,0
2210,1115,Puneeth Gowda,34,M,0
2211,1116,Basavaraj Sharma,58,M,0
2212,1116,Geetha Sharma,37,F,0
2213,1116,Vijay Sharma,73,M,0
2214,1117,Mahesh Shetty,19,M,0
2215,1117,Meghana Bhat,36,F,0
2216,1117,Rashmi Desai,35,F,0
2217,1118,Nithin Kumar,80,M,0
2218,1118,Rakesh Yadav,51,M,0
2219,1118,Kavya Joshi,29,F,0
2220,1119,Bhagya Kulkarni,54,F,0
2221,1120,Karthik Kumar,56,M,0
2222,1120,Ramesh Hegde,49,M,0
2223,1120,Vinay Yadav,36,M,0
2224,1121,Nithin Rao,31,T,0
2225,1122,Sudeep Gowda,52,T,0
2226,1123,Sunil Gowda,47,M,0
2227,1123,Prakash Joshi,43,M,0
2228,1124,Sudeep Kumar,37,M,0
2229,1124,Pradeep Desai,22,M,0
2230,1124,Rekha Hiremath,18,F,0
2231,1125,Asha Bhat,60,F,0
2232,1125,Suresh Sharma,63,M,0
2233,1126,Vijay Naik,20,M,0
2234,1127,Anusha Hiremath,53,F,0
2235,1127,Sunil Kulkarni,49,M,0
2236,1127,Puneeth Singh,32,M,0
2237,1128,Abhishek Hegde,35,M,0
2238,1128,Kavya Singh,66,F,0
2239,1128,Vinay Yadav,47,M,0
2240,1129,Suresh Reddy,68,M,0
2241,1129,Rakesh Desai,60,M,0
2242,1129,Swathi Reddy,78,F,0
2243,1130,Anil Naik,68,M,0
2244,1130,Darshan Kulkarni,71,M,0
2245,1130,Prakash Sharma,60,M,0
2246,1131,Abhishek Shetty,70,M,0
2247,1131,Nithin Desai,24,M,0
2248,1132,Darshan Desai,74,M,0
2249,1132,Rekha Gowda,80,F,0
2250,1133,Nithin Kumar,21,M,0
2251,1133,Darshan Rao,22,M,0
2252,1134,Rekha Joshi,65,F,0
2253,1134,Pooja Joshi,72,F,0
2254,1134,Rakesh Hegde,52,M,0
2255,1135,Mahesh Desai,55,M,0
2256,1136,Rekha Bhat,41,F,0
2257,1136,Meghana Sharma,45,F,0
2258,1137,Abhishek Desai,75,M,0
2259,1137,Nithin Gowda,55,M,0
2260,1138,Vinay Bhat,43,M,0
2261,1138,Karthik Sharma,36,M,0
2262,1139,Rekha Desai,63,F,0
2263,1139,Sahana Reddy,29,F,0
2264,1140,Rakesh Yadav,76,M,0
2265,1140,Swathi Patil,35,F,0
2266,1141,Rashmi Rao,31,F,0
2267,1141,Sangeetha Desai,35,F,0
2268,1141,Rashmi Singh,54,F,0
2269,1142,Sudeep Yadav,67,M,0
2270,1142,Mahesh Reddy,20,M,0
2271,1142,Vijay Singh,66,M,0
2272,1143,Abhishek Reddy,80,M,0
2273,1144,Manjunath Sharma,32,M,0
2274,1144,Shilpa Joshi,41,F,0
2275,1145,Santosh Gowda,36,M,0
2276,1145,Arun Patil,55,M,0
2277,1146,Asha Rao,58,F,0
2278,1146,Anil Hiremath,34,M,0
2279,1147,Shivakumar Hegde,76,M,0
2280,1147,Swathi Hiremath,27,F,0
2281,1147,Swathi Kumar,77,F,0
2282,1148,Sunil Shetty,79,M,0
2283,1148,Basavaraj Yadav,47,M,0
2284,1148,Rekha Shetty,50,F,0
2285,1149,Ramesh Sharma,58,M,0
2286,1149,Suresh Singh,41,M,0
2287,1150,Shilpa Bhat,41,F,0
2288,1150,Puneeth Shetty,27,M,0
2289,1151,Shruthi Kumar,58,F,0
2290,1151,Abhishek Hiremath,40,M,0
2291,1151,Prakash Hegde,43,M,0
2292,1152,Geetha Naik,50,F,0
2293,1153,Vinay Rao,23,M,0
2294,1153,Abhishek Rao,25,M,0
2295,1153,Shruthi Singh,62,F,0
2296,1154,Karthik Hiremath,61,M,0
2297,1154,Rakesh Hiremath,49,M,0
2298,1154,Asha Hiremath,77,F,0
2299,1155,Arun Sharma,27,M,0
2300,1155,Sunil Bhat,28,M,1
2301,1155,Arun Desai,62,M,0
2302,1156,Karthik Joshi,60,M,0
2303,1157,Divya Singh,52,F,0
2304,1157,Sangeetha Desai,42,F,0
2305,1157,Suma Naik,51,F,0
2306,1158,Shilpa Yadav,26,F,0
2307,1159,Sangeetha Bhat,56,F,1
2308,1160,Puneeth Bhat,20,M,0
2309,1160,Pradeep Kumar,58,M,0
2310,1161,Ramya Patil,34,F,0
2311,1162,Rashmi Sharma,48,F,0
2312,1162,Pradeep Desai,39,M,0
2313,1162,Rakesh Bhat,46,M,0
2314,1163,Anil Singh,45,M,0
2315,1163,Pooja Bhat,49,F,0
2316,1163,Anusha Singh,59,F,0
2317,1164,Nithin Hegde,56,M,0
2318,1165,Prakash Patil,72,M,0
2319,1165,Asha Hegde,60,F,0
2320,1166,Vijay Rao,53,M,0
2321,1166,Shruthi Naik,36,F,0
2322,1166,Sudeep Naik,29,M,0
2323,1167,Shruthi Patil,68,F,0
2324,1167,Anusha Naik,46,F,0
2325,1168,Suresh Kulkarni,27,M,0
2326,1168,Ramesh Rao,57,M,0
2327,1169,Kavya Shetty,63,F,0
2328,1169,Rekha Hiremath,75,F,0
2329,1169,Rakesh Yadav,61,M,0
2330,1170,Shruthi Patil,78,F,0
2331,1170,Anil Kulkarni,43,M,0
2332,1171,Basavaraj Yadav,28,M,0
2333,1171,Geetha Hiremath,54,F,0
2334,1171,Darshan Hegde,46,M,0
2335,1172,Ramesh Desai,24,M,0
2336,1172,Nithin Shetty,52,M,0
2337,1173,Bhagya Naik,52,F,0
2338,1174,Basavaraj Bhat,33,M,0
2339,1175,Arun Yadav,48,M,0
2340,1176,Vijay Kulkarni,45,M,0
2341,1176,Basavaraj Patil,75,M,0
2342,1177,Basavaraj Reddy,29,M,0
2343,1177,Nithin Gowda,19,M,0
2344,1177,Divya Rao,34,F,0
2345,1178,Asha Yadav,65,F,0
2346,1179,Swathi Shetty,21,F,0
2347,1180,Shivakumar Kulkarni,71,M,0
2348,1180,Anusha Hegde,38,F,0
2349,1181,Puneeth Shetty,70,M,0
2350,1182,Suresh Shetty,51,M,0
2351,1183,Prakash Hiremath,78,M,0
2352,1183,Ramya Joshi,71,F,0
2353,1183,Shruthi Kulkarni,58,F,0
2354,1184,Nithin Singh,46,M,0
2355,1184,Kiran Bhat,35,M,0
2356,1184,Shilpa Sharma,20,F,0
2357,1185,Kavya Desai,58,F,0
2358,1186,Sahana Kulkarni,67,F,0
2359,1186,Sunil Bhat,61,M,0
2360,1186,Abhishek Hegde,64,M,0
2361,1187,Abhishek Naik,57,M,0
2362,1187,Nithin Rao,31,M,0
2363,1188,Sangeetha Rao,80,F,0
2364,1188,Puneeth Yadav,29,M,0
2365,1189,Anil Rao,72,M,0
2366,1189,Abhishek Reddy,75,M,0
2367,1189,Karthik Reddy,80,M,0
2368,1190,Basavaraj Shetty,55,M,0
2369,1190,Meghana Rao,59,F,0
2370,1191,Geetha Rao,39,F,0
2371,1191,Basavaraj Shetty,59,M,0
2372,1191,Pradeep Yadav,53,M,0
2373,1192,Manjunath Joshi,54,M,0
2374,1193,Rakesh Hiremath,66,M,0
2375,1194,Arun Yadav,22,M,0
2376,1195,Santosh Kumar,42,M,0
2377,1195,Anil Reddy,20,M,0
2378,1195,Sunil Reddy,38,M,1
2379,1196,Shivakumar Singh,76,M,0
2380,1197,Anil Patil,50,M,0
2381,1197,Anusha Hegde,43,F,0
2382,1198,Suma Singh,68,F,0
2383,1198,Pooja Sharma,69,F,0
2384,1198,Puneeth Sharma,55,M,0
2385,1199,Sudeep Sharma,42,M,0
2386,1199,Santosh Kulkarni,44,M,0
2387,1200,Sahana Patil,39,F,0
2388,1201,Pradeep Patil,60,M,0
2389,1202,Rakesh Singh,47,M,0
2390,1202,Rakesh Hiremath,37,M,0
2391,1203,Rashmi Kumar,52,F,0
2392,1203,Pooja Kumar,41,F,0
2393,1203,Santosh Hegde,40,T,0
2394,1204,Pradeep Kulkarni,53,M,0
2395,1204,Swathi Bhat,47,F,0
2396,1205,Pooja Joshi,40,F,0
2397,1205,Anil Kulkarni,43,M,0
2398,1205,Abhishek Gowda,30,M,0
2399,1206,Sahana Gowda,21,F,0
2400,1207,Abhishek Kulkarni,18,M,0
2401,1208,Nithin Shetty,40,M,0
2402,1208,Kiran Desai,71,M,0
2403,1208,Pradeep Yadav,53,M,0
2404,1209,Suma Singh,72,F,0
2405,1210,Suma Joshi,26,F,0
2406,1210,Rashmi Sharma,36,F,0
2407,1210,Shruthi Reddy,49,F,0
2408,1211,Sahana Kulkarni,69,F,0
2409,1212,Anusha Hegde,71,F,0
2410,1213,Sudeep Shetty,63,M,0
2411,1214,Shruthi Naik,49,F,0
2412,1214,Sudeep Reddy,60,M,0
2413,1214,Sangeetha Bhat,72,F,0
2414,1215,Geetha Hegde,27,F,0
2415,1216,Suma Desai,46,F,0
2416,1216,Prakash Rao,79,M,0
2417,1217,Bhagya Yadav,39,F,0
2418,1217,Ramesh Shetty,62,M,0
2419,1217,Nithin Singh,50,M,0
2420,1218,Karthik Hegde,60,M,0
2421,1219,Bhagya Reddy,78,F,0
2422,1219,Vinay Yadav,43,M,0
2423,1219,Abhishek Singh,28,M,0
2424,1220,Rakesh Kumar,56,M,0
2425,1220,Santosh Gowda,55,M,0
2426,1221,Shruthi Patil,19,F,0
2427,1221,Ramesh Patil,46,M,0
2428,1221,Kiran Joshi,43,M,0
2429,1222,Darshan Joshi,59,M,0
2430,1223,Suresh Rao,40,M,0
2431,1223,Kavya Naik,54,F,0
2432,1223,Arun Singh,51,M,0
2433,1224,Meghana Kumar,52,F,0
2434,1224,Basavaraj Kumar,19,M,0
2435,1224,Pradeep Naik,28,M,0
2436,1225,Anil Shetty,53,M,0
2437,1226,Nithin Singh,49,M,0
2438,1227,Pradeep Patil,52,M,0
2439,1227,Karthik Reddy,56,M,0
2440,1228,Vijay Hegde,46,M,0
2441,1228,Basavaraj Kulkarni,53,M,0
2442,1228,Sudeep Naik,57,M,0
2443,1229,Nithin Reddy,60,M,0
2444,1230,Ramya Naik,26,F,0
2445,1231,Manjunath Patil,74,M,0
2446,1232,Sahana Yadav,59,F,0
2447,1232,Mahesh Patil,51,M,0
2448,1233,Anusha Kumar,62,F,0
2449,1233,Ramesh Kulkarni,68,M,0
2450,1233,Vinay Shetty,58,M,0
2451,1234,Darshan Joshi,41,M,0
2452,1234,Anil Gowda,52,M,0
2453,1235,Sunil Hegde,30,M,0
2454,1235,Shilpa Hiremath,75,F,0
2455,1235,Swathi Shetty,79,F,0
2456,1236,Asha Rao,57,F,0
2457,1236,Abhishek Gowda,40,M,0
2458,1236,Suma Yadav,46,F,0
2459,1237,Arun Rao,36,M,0
2460,1238,Karthik Rao,44,M,0
2461,1238,Ramesh Hegde,66,M,0
2462,1239,Puneeth Sharma,34,M,0
2463,1239,Anusha Naik,50,F,0
2464,1240,Kiran Gowda,39,M,0
2465,1240,Swathi Sharma,60,F,0
2466,1240,Kiran Reddy,53,M,0
2467,1241,Suresh Sharma,25,M,0
2468,1241,Manjunath Gowda,30,M,0
2469,1241,Prakash Joshi,76,M,0
2470,1242,Sudeep Bhat,40,M,0
2471,1242,Arun Kulkarni,18,M,0
2472,1243,Suma Yadav,53,F,0
2473,1244,Mahesh Bhat,65,M,0
2474,1244,Kavya Desai,30,F,0
2475,1245,Santosh Kulkarni,41,M,0
2476,1245,Kiran Sharma,78,M,0
2477,1246,Swathi Kumar,20,F,0
2478,1246,Ramya Reddy,75,F,0
2479,1247,Abhishek Kulkarni,54,M,0
2480,1248,Roopa Hegde,74,F,0
2481,1249,Karthik Joshi,65,M,0
2482,1249,Sunil Patil,68,M,0
2483,1250,Pradeep Rao,35,M,0
2484,1250,Kiran Kulkarni,34,M,0
2485,1251,Basavaraj Patil,55,M,0
2486,1251,Asha Reddy,47,F,0
2487,1251,Shruthi Reddy,45,F,0
2488,1252,Shruthi Singh,25,F,0
2489,1252,Asha Reddy,46,F,0
2490,1253,Suresh Hiremath,58,M,0
2491,1253,Suresh Hegde,50,M,0
2492,1254,Darshan Bhat,68,M,0
2493,1255,Sahana Patil,60,F,0
2494,1256,Kavya Hiremath,52,F,0
2495,1256,Rekha Shetty,26,F,0
2496,1256,Shivakumar Yadav,59,M,0
2497,1257,Swathi Joshi,69,F,0
2498,1257,Manjunath Shetty,57,M,0
2499,1258,Prakash Reddy,28,M,0
2500,1259,Sangeetha Gowda,40,F,0
2501,1259,Sahana Patil,47,F,0
2502,1259,Sudeep Kulkarni,52,M,0
2503,1260,Suma Patil,58,F,0
2504,1260,Abhishek Shetty,24,M,0
2505,1260,Anil Yadav,19,M,0
2506,1261,Sangeetha Shetty,72,F,0
2507,1261,Vinay Bhat,18,M,0
2508,1261,Sunil Yadav,41,M,0
2509,1262,Shruthi Sharma,27,F,0
2510,1263,Prakash Desai,54,M,0
2511,1263,Vinay Rao,18,M,0
2512,1263,Nithin Kumar,29,M,0
2513,1264,Anil Desai,73,M,0
2514,1264,Nithin Kulkarni,35,M,0
2515,1265,Sunil Sharma,45,M,0
2516,1265,Ramesh Reddy,32,M,0
2517,1265,Manjunath Naik,46,M,0
2518,1266,Divya Kulkarni,27,F,0
2519,1266,Abhishek Bhat,26,M,0
2520,1267,Ramesh Naik,63,M,0
2521,1267,Vinay Hiremath,63,M,0
2522,1267,Prakash Kulkarni,29,M,0
2523,1268,Kavya Bhat,80,F,0
2524,1269,Pooja Reddy,52,F,0
2525,1270,Sudeep Hiremath,74,M,0
2526,1271,Kiran Hegde,24,M,0
2527,1272,Nithin Yadav,40,M,0
2528,1272,Anil Kumar,72,M,0
2529,1272,Abhishek Singh,25,T,0
2530,1273,Rashmi Hiremath,69,F,0
2531,1273,Vijay Hegde,21,M,0
2532,1274,Pradeep Shetty,78,M,0
2533,1274,Ramesh Sharma,71,M,0
2534,1274,Pradeep Sharma,71,M,0
2535,1275,Roopa Bhat,74,F,0
2536,1275,Nithin Sharma,31,M,0
2537,1276,Ramesh Hegde,22,M,0
2538,1276,Geetha Hiremath,31,F,0
2539,1277,Basavaraj Desai,66,M,0
2540,1278,Shivakumar Bhat,54,M,0
2541,1278,Shilpa Kumar,80,F,0
2542,1279,Mahesh Hegde,47,M,0
2543,1279,Mahesh Desai,58,M,0
2544,1280,Anil Sharma,35,M,0
2545,1280,Sangeetha Patil,47,F,0
2546,1281,Sangeetha Reddy,59,F,0
2547,1282,Darshan Bhat,68,M,0
2548,1282,Ramya Reddy,57,F,0
2549,1283,Sunil Desai,78,M,0
2550,1284,Shivakumar Desai,75,M,0
2551,1284,Karthik Naik,25,M,0
2552,1284,Swathi Joshi,34,F,0
2553,1285,Rakesh Singh,41,M,0
2554,1285,Pooja Sharma,39,F,0
2555,1285,Shivakumar Naik,26,M,0
2556,1286,Darshan Kumar,57,M,0
2557,1286,Kavya Yadav,39,F,0
2558,1287,Vijay Singh,37,M,0
2559,1288,Mahesh Kulkarni,42,M,0
2560,1288,Anil Shetty,65,M,0
2561,1289,Sudeep Gowda,41,M,0
2562,1289,Santosh Sharma,34,M,0
2563,1289,Santosh Desai,31,M,0
2564,1290,Prakash Hegde,32,M,0
2565,1291,Ramesh Desai,51,M,0
2566,1291,Sunil Kumar,80,M,0
2567,1291,Sahana Reddy,45,F,0
2568,1292,Sangeetha Hegde,51,F,0
2569,1293,Prakash Reddy,45,M,0
2570,1293,Pooja Hegde,58,F,0
2571,1294,Vinay Patil,77,M,0
2572,1295,Prakash Naik,33,M,0
2573,1296,Manjunath Hiremath,33,M,0
2574,1296,Vinay Singh,36,M,0
2575,1297,Karthik Desai,21,M,0
2576,1297,Sunil Yadav,42,M,0
2577,1297,Abhishek Reddy,27,M,0
2578,1298,Ramya Hiremath,78,F,0
2579,1299,Santosh Kumar,69,M,0
2580,1299,Abhishek Hiremath,77,M,0
2581,1300,Puneeth Yadav,62,M,0
2582,1300,Anil Bhat,38,M,0
2583,1301,Ramya Gowda,46,F,0
2584,1301,Nithin Kumar,31,M,0
2585,1301,Ramya Kumar,49,F,0
2586,1302,Santosh Kumar,68,M,0
2587,1302,Mahesh Sharma,28,M,0
2588,1302,Geetha Yadav,50,F,0
2589,1303,Bhagya Naik,30,F,0
2590,1304,Karthik Naik,50,M,0
2591,1304,Roopa Kumar,22,F,0
2592,1304,Shivakumar Naik,54,M,0
2593,1305,Pradeep Rao,33,M,0
2594,1305,Anil Hiremath,20,M,0
2595,1306,Santosh Sharma,59,M,0
2596,1307,Divya Gowda,30,F,0
2597,1308,Karthik Hegde,78,M,0
2598,1308,Sudeep Rao,26,M,0
2599,1309,Roopa Kulkarni,33,F,0
2600,1309,Nithin Kulkarni,41,M,0
2601,1310,Arun Sharma,41,M,0
2602,1310,Meghana Singh,80,F,0
2603,1311,Pradeep Joshi,30,M,0
2604,1311,Nithin Gowda,32,M,0
2605,1311,Divya Hegde,35,F,1
2606,1312,Karthik Desai,19,M,0
2607,1313,Kiran Yadav,30,M,0
2608,1314,Karthik Hegde,73,M,0
2609,1315,Suresh Kumar,46,M,0
2610,1315,Swathi Shetty,54,F,0
2611,1316,Darshan Singh,36,M,0
2612,1317,Sunil Kumar,38,M,0
2613,1318,Sunil Yadav,43,M,0
2614,1318,Vijay Kulkarni,45,M,0
2615,1318,Abhishek Reddy,78,M,0
2616,1319,Pradeep Naik,58,M,0
2617,1319,Meghana Patil,58,F,0
2618,1319,Shivakumar Hegde,46,M,0
2619,1320,Anusha Naik,38,F,0
2620,1320,Basavaraj Sharma,37,M,0
2621,1321,Roopa Rao,54,F,0
2622,1321,Roopa Patil,56,F,0
2623,1322,Santosh Desai,73,M,0
2624,1322,Geetha Rao,65,F,0
2625,1322,Shruthi Patil,43,F,0
2626,1323,Puneeth Sharma,50,M,0
2627,1324,Mahesh Singh,22,M,0
2628,1324,Rashmi Hegde,21,F,0
2629,1325,Vinay Desai,44,M,0
2630,1325,Basavaraj Reddy,43,M,0
2631,1326,Geetha Joshi,60,F,0
2632,1327,Rekha Kumar,55,F,0
2633,1328,Karthik Naik,32,M,0
2634,1328,Rekha Joshi,52,F,0
2635,1329,Puneeth Kulkarni,71,M,0
2636,1329,Rakesh Sharma,74,M,0
2637,1329,Abhishek Desai,38,M,0
2638,1330,Karthik Bhat,53,T,0
2639,1330,Vijay Rao,60,M,0
2640,1330,Mahesh Naik,44,M,0
2641,1331,Suresh Yadav,62,M,0
2642,1332,Suresh Singh,18,M,0
2643,1332,Vinay Kumar,19,M,0
2644,1333,Anil Yadav,53,M,0
2645,1333,Darshan Desai,74,M,0
2646,1333,Pradeep Hegde,71,M,0
2647,1334,Asha Shetty,56,F,0
2648,1334,Puneeth Patil,40,M,0
2649,1335,Ramesh Desai,65,M,0
2650,1335,Basavaraj Sharma,19,M,0
2651,1335,Swathi Yadav,40,F,0
2652,1336,Darshan Hegde,46,M,0
2653,1336,Sudeep Patil,62,M,0
2654,1337,Karthik Desai,54,M,0
2655,1338,Vijay Hiremath,74,M,0
2656,1338,Shilpa Patil,62,F,0
2657,1338,Puneeth Naik,25,M,0
2658,1339,Anusha Singh,58,F,0
2659,1340,Vijay Naik,48,M,0
2660,1340,Meghana Yadav,69,F,0
2661,1340,Sudeep Singh,51,M,0
2662,1341,Pradeep Singh,45,M,0
2663,1341,Kavya Shetty,55,F,0
2664,1342,Suma Sharma,20,F,0
2665,1342,Asha Sharma,79,F,0
2666,1342,Shilpa Joshi,20,F,0
2667,1343,Mahesh Hegde,64,M,0
2668,1343,Meghana Hiremath,78,F,0
2669,1343,Suma Kumar,33,F,0
2670,1344,Meghana Bhat,46,F,0
2671,1344,Rashmi Sharma,42,F,0
2672,1345,Kavya Patil,79,F,0
2673,1346,Santosh Shetty,40,M,0
2674,1347,Pradeep Rao,66,M,0
2675,1347,Shilpa Gowda,23,F,0
2676,1348,Karthik Bhat,47,M,0
2677,1349,Sudeep Sharma,40,M,0
2678,1350,Kiran Desai,30,M,0
2679,1351,Arun Hiremath,59,M,0
2680,1351,Manjunath Singh,42,M,0
2681,1352,Anusha Singh,21,F,0
2682,1353,Suresh Shetty,30,M,0
2683,1353,Sahana Kulkarni,41,F,0
2684,1354,Rekha Rao,44,F,0
2685,1355,Kiran Naik,77,M,0
2686,1356,Meghana Sharma,56,F,0
2687,1356,Kiran Joshi,76,M,0
2688,1357,Shilpa Rao,49,F,0
2689,1357,Karthik Kulkarni,53,M,0
2690,1358,Nithin Sharma,65,M,0
2691,1359,Sunil Singh,20,M,0
2692,1360,Basavaraj Gowda,20,M,0
2693,1360,Sunil Naik,45,M,0
2694,1360,Shivakumar Naik,56,M,0
2695,1361,Suresh Singh,40,M,0
2696,1361,Arun Gowda,18,M,0
2697,1362,Meghana Naik,36,F,0
2698,1363,Rashmi Patil,47,F,0
2699,1363,Manjunath Patil,34,M,0
2700,1364,Shilpa Desai,52,T,0
2701,1365,Kavya Gowda,43,F,0
2702,1366,Shivakumar Naik,45,M,0
2703,1366,Rekha Kulkarni,44,F,0
2704,1367,Kavya Reddy,75,F,0
2705,1367,Sangeetha Sharma,39,F,0
2706,1368,Kiran Rao,38,M,0
2707,1369,Vinay Kumar,31,M,0
2708,1370,Santosh Kulkarni,57,M,0
2709,1371,Swathi Desai,78,F,0
2710,1371,Roopa Patil,66,F,0
2711,1371,Karthik Kulkarni,42,M,0
2712,1372,Shivakumar Bhat,49,M,0
2713,1372,Anil Naik,67,M,0
2714,1373,Asha Desai,24,F,0
2715,1374,Anil Rao,41,M,0
2716,1374,Geetha Hegde,46,F,0
2717,1375,Prakash Kumar,34,M,0
2718,1376,Shivakumar Gowda,45,M,0
2719,1377,Pradeep Sharma,19,M,0
2720,1377,Sangeetha Hegde,49,F,0
2721,1378,Santosh Joshi,79,M,0
2722,1379,Nithin Joshi,75,M,0
2723,1379,Rakesh Singh,36,M,0
2724,1379,Karthik Sharma,50,M,0
2725,1380,Puneeth Singh,63,M,0
2726,1381,Karthik Naik,41,T,0
2727,1381,Basavaraj Patil,53,M,0
2728,1382,Kavya Yadav,22,F,0
2729,1382,Pooja Gowda,21,F,0
2730,1383,Rashmi Hegde,60,F,0
2731,1384,Suma Joshi,35,F,0
2732,1385,Mahesh Desai,30,M,0
2733,1386,Rekha Naik,32,F,0
2734,1386,Rekha Desai,61,F,0
2735,1387,Shivakumar Shetty,19,M,0
2736,1387,Arun Kulkarni,36,M,0
2737,1388,Vinay Shetty,18,M,0
2738,1389,Karthik Bhat,67,M,0
2739,1389,Sunil Joshi,21,M,0
2740,1390,Suresh Rao,42,M,0
2741,1390,Shivakumar Shetty,40,M,0
2742,1390,Bhagya Kumar,54,F,0
2743,1391,Vijay Patil,34,M,0
2744,1392,Shruthi Reddy,44,F,0
2745,1393,Pooja Yadav,65,F,0
2746,1393,Mahesh Patil,27,M,0
2747,1394,Meghana Hiremath,56,F,0
2748,1394,Asha Rao,63,F,0
2749,1395,Basavaraj Hiremath,35,M,0
2750,1395,Bhagya Joshi,30,F,0
2751,1395,Rashmi Sharma,44,F,0
2752,1396,Nithin Singh,61,M,0
2753,1396,Suresh Hegde,21,M,0
2754,1396,Manjunath Shetty,18,M,0
2755,1397,Ramya Reddy,39,F,0
2756,1397,Suma Reddy,56,F,0
2757,1398,Pradeep Singh,31,M,0
2758,1398,Karthik Reddy,44,M,0
2759,1398,Shivakumar Sharma,44,M,0
2760,1399,Anil Sharma,46,M,0
2761,1399,Prakash Bhat,34,M,0
2762,1400,Darshan Shetty,22,M,0
2763,1401,Shilpa Naik,46,F,0
2764,1401,Kavya Joshi,60,F,0
2765,1402,Bhagya Shetty,39,F,0
2766,1402,Swathi Bhat,49,F,0
2767,1403,Suresh Yadav,75,M,0
2768,1403,Geetha Reddy,24,F,0
2769,1404,Meghana Sharma,63,F,0
2770,1404,Sangeetha Sharma,29,F,0
2771,1405,Pradeep Rao,67,M,0
2772,1405,Anil Singh,44,M,0
2773,1405,Swathi Desai,73,F,0
2774,1406,Vijay Sharma,31,M,0
2775,1407,Basavaraj Hegde,45,M,0
2776,1408,Karthik Singh,40,M,0
2777,1408,Rashmi Naik,34,F,0
2778,1408,Darshan Reddy,53,M,0
2779,1409,Shivakumar Rao,51,M,0
2780,1410,Mahesh Desai,52,M,0
2781,1411,Asha Gowda,67,F,0
2782,1412,Sangeetha Singh,62,F,0
2783,1412,Meghana Hiremath,35,F,0
2784,1413,Shivakumar Hiremath,20,M,0
2785,1413,Vinay Kumar,56,M,0
2786,1414,Mahesh Sharma,55,M,0
2787,1415,Vinay Hiremath,49,M,0
2788,1415,Kiran Rao,47,M,0
2789,1415,Shruthi Hiremath,54,F,0
2790,1416,Meghana Sharma,72,F,0
2791,1416,Anusha Shetty,63,F,0
2792,1417,Kavya Shetty,69,F,0
2793,1417,Swathi Singh,28,F,0
2794,1417,Anusha Reddy,25,F,0
2795,1418,Ramya Gowda,44,F,0
2796,1418,Shilpa Hiremath,40,F,0
2797,1419,Ramesh Gowda,58,M,0
2798,1420,Suresh Joshi,42,M,0
2799,1420,Abhishek Hiremath,20,M,0
2800,1420,Vijay Rao,20,M,0
2801,1421,Nithin Rao,44,M,0
2802,1421,Kavya Kulkarni,71,F,0
2803,1422,Vinay Hiremath,46,M,0
2804,1422,Rashmi Kulkarni,80,F,1
2805,1422,Basavaraj Kumar,39,M,0
2806,1423,Arun Kulkarni,24,M,0
2807,1423,Meghana Desai,20,F,0
2808,1423,Prakash Naik,59,M,0
2809,1424,Mahesh Reddy,49,M,0
2810,1425,Manjunath Joshi,57,M,0
2811,1426,Suresh Kulkarni,41,M,0
2812,1426,Arun Patil,21,M,0
2813,1427,Sunil Yadav,51,M,0
2814,1427,Sudeep Yadav,30,M,0
2815,1427,Ramesh Yadav,30,M,0
2816,1428,Vinay Desai,37,M,0
2817,1428,Sunil Patil,24,M,0
2818,1428,Asha Patil,40,F,0
2819,1429,Rakesh Desai,42,M,0
2820,1429,Bhagya Joshi,59,F,0
2821,1430,Rashmi Gowda,33,F,0
2822,1430,Bhagya Yadav,39,F,0
2823,1431,Pradeep Sharma,32,M,0
2824,1432,Shilpa Gowda,39,F,0
2825,1432,Karthik Singh,20,M,0
2826,1432,Rekha Kulkarni,40,F,0
2827,1433,Anusha Rao,52,F,0
2828,1434,Shilpa Joshi,22,F,0
2829,1434,Manjunath Singh,43,M,0
2830,1435,Sunil Rao,57,M,0
2831,1436,Abhishek Desai,37,M,0
2832,1436,Sangeetha Desai,68,F,0
2833,1437,Meghana Reddy,43,F,0
2834,1437,Prakash Patil,74,M,0
2835,1437,Pooja Patil,66,F,0
2836,1438,Suresh Kumar,46,M,0
2837,1438,Divya Gowda,37,F,0
2838,1438,Shruthi Naik,35,F,0
2839,1439,Pooja Kumar,43,F,0
2840,1440,Suresh Rao,51,M,0
2841,1440,Santosh Naik,56,M,0
2842,1441,Basavaraj Kulkarni,70,M,0
2843,1442,Anil Gowda,34,T,0
2844,1442,Puneeth Patil,53,M,0
2845,1442,Anil Singh,37,M,0
2846,1443,Anusha Naik,45,F,0
2847,1443,Suma Shetty,58,F,0
2848,1444,Ramesh Bhat,25,M,0
2849,1444,Ramya Hegde,68,F,0
2850,1445,Prakash Gowda,37,M,0
2851,1445,Basavaraj Rao,45,M,0
2852,1446,Mahesh Desai,38,M,0
2853,1446,Sudeep Bhat,53,M,0
2854,1447,Mahesh Hiremath,56,M,0
2855,1447,Prakash Shetty,36,M,0
2856,1448,Ramesh Reddy,46,M,0
2857,1448,Arun Patil,39,M,0
2858,1448,Divya Yadav,37,F,0
2859,1449,Rekha Kumar,60,F,0
2860,1449,Pooja Kumar,38,F,0
2861,1449,Sangeetha Singh,49,F,0
2862,1450,Nithin Sharma,47,M,0
2863,1450,Vijay Desai,69,M,0
2864,1451,Swathi Kulkarni,36,F,0
2865,1451,Rashmi Hiremath,56,F,0
2866,1451,Sunil Reddy,37,M,0
2867,1452,Puneeth Singh,21,M,0
2868,1452,Sunil Hegde,64,M,0
2869,1453,Prakash Reddy,51,M,0
2870,1454,Nithin Rao,43,M,0
2871,1454,Prakash Yadav,32,M,0
2872,1455,Sunil Sharma,46,M,0
2873,1455,Nithin Kulkarni,35,M,0
2874,1456,Suresh Rao,58,M,0
2875,1456,Kiran Bhat,55,M,0
2876,1456,Shilpa Hegde,50,F,0
2877,1457,Roopa Patil,64,F,0
2878,1457,Sudeep Shetty,52,M,0
2879,1457,Meghana Naik,60,F,0
2880,1458,Anil Kumar,70,M,0
2881,1458,Basavaraj Joshi,70,M,0
2882,1458,Suma Bhat,71,F,0
2883,1459,Anusha Joshi,54,F,0
2884,1459,Pooja Hegde,30,F,0
2885,1460,Kiran Joshi,51,M,0
2886,1460,Puneeth Kumar,33,M,0
2887,1460,Kavya Sharma,47,F,0
2888,1461,Nithin Bhat,19,M,0
2889,1461,Roopa Desai,78,F,0
2890,1461,Anil Kulkarni,56,T,0
2891,1462,Prakash Rao,55,M,0
2892,1462,Shruthi Hegde,45,F,0
2893,1463,Vinay Patil,51,M,0
2894,1463,Shivakumar Bhat,31,M,0
2895,1464,Vijay Shetty,76,M,0
2896,1464,Shruthi Reddy,22,F,0
2897,1464,Geetha Sharma,76,F,0
2898,1465,Shivakumar Kumar,18,M,0
2899,1465,Nithin Shetty,58,M,0
2900,1465,Suresh Hegde,28,M,0
2901,1466,Swathi Joshi,48,F,0
2902,1466,Nithin Patil,45,M,0
2903,1467,Karthik Singh,21,M,0
2904,1467,Swathi Singh,58,F,0
2905,1467,Kiran Desai,47,M,0
2906,1468,Arun Rao,30,M,0
2907,1469,Vijay Rao,80,M,0
2908,1469,Abhishek Gowda,52,M,0
2909,1469,Sunil Gowda,52,M,0
2910,1470,Nithin Reddy,18,M,0
2911,1471,Anil Reddy,39,M,0
2912,1471,Santosh Kulkarni,43,M,0
2913,1472,Manjunath Desai,63,M,0
2914,1473,Rashmi Hegde,63,F,0
2915,1473,Suresh Desai,58,M,0
2916,1474,Suresh Kumar,34,M,0
2917,1474,Vinay Kumar,44,M,0
2918,1474,Ramesh Sharma,46,M,0
2919,1475,Manjunath Yadav,36,M,0
2920,1475,Basavaraj Kumar,26,M,0
2921,1475,Anil Sharma,19,M,0
2922,1476,Anusha Reddy,57,F,0
2923,1476,Karthik Bhat,51,M,0
2924,1477,Puneeth Bhat,37,M,0
2925,1477,Sahana Hegde,78,F,0
2926,1478,Anil Singh,51,M,0
2927,1478,Shivakumar Naik,25,M,0
2928,1479,Mahesh Naik,37,M,0
2929,1479,Mahesh Kulkarni,44,M,0
2930,1479,Karthik Reddy,20,M,0
2931,1480,Arun Gowda,51,M,0
2932,1480,Suresh Bhat,58,M,0
2933,1480,Karthik Hegde,42,M,0
2934,1481,Vinay Naik,47,M,0
2935,1482,Sudeep Singh,47,M,0
2936,1483,Ramya Kumar,73,F,0
2937,1483,Basavaraj Hiremath,28,M,0
2938,1483,Mahesh Shetty,80,M,0
2939,1484,Prakash Desai,47,M,0
2940,1485,Kavya Rao,47,F,0
2941,1485,Shilpa Joshi,39,F,0
2942,1485,Pooja Shetty,53,F,0
2943,1486,Divya Hegde,51,T,0
2944,1486,Rashmi Hegde,41,F,0
2945,1486,Roopa Yadav,46,F,0
2946,1487,Shilpa Bhat,67,F,0
2947,1487,Swathi Rao,36,F,0
2948,1487,Vinay Sharma,61,T,0
2949,1488,Roopa Sharma,62,F,0
2950,1489,Ramya Kumar,18,F,0
2951,1490,Pradeep Hiremath,35,M,0
2952,1490,Prakash Rao,60,M,0
2953,1490,Sahana Sharma,25,F,0
2954,1491,Meghana Patil,45,F,0
2955,1492,Sangeetha Joshi,35,F,0
2956,1492,Karthik Kumar,37,M,0
2957,1492,Rekha Shetty,49,F,0
2958,1493,Divya Hiremath,21,F,0
2959,1493,Manjunath Hegde,56,M,0
2960,1494,Sangeetha Patil,47,F,0
2961,1494,Santosh Yadav,50,M,0
2962,1495,Vijay Kulkarni,21,M,0
2963,1495,Bhagya Kulkarni,77,F,0
2964,1496,Abhishek Joshi,38,M,0
2965,1497,Ramya Singh,38,F,0
2966,1498,Mahesh Hiremath,35,M,0
2967,1499,Darshan Naik,39,M,0
2968,1499,Puneeth Joshi,20,M,0
2969,1500,Anusha Naik,39,F,0
2970,1500,Abhishek Desai,55,M,0
2971,1500,Darshan Joshi,74,M,0
2972,1501,Shivakumar Hiremath,41,M,0
2973,1502,Meghana Reddy,65,F,0
2974,1503,Rashmi Hiremath,24,F,0
2975,1504,Santosh Bhat,28,M,0
2976,1505,Santosh Rao,52,M,0
2977,1506,Sunil Gowda,53,M,0
2978,1507,Puneeth Kulkarni,30,M,0
2979,1508,Shruthi Hiremath,34,F,0
2980,1508,Vinay Kulkarni,59,M,0
2981,1509,Divya Kumar,59,F,0
2982,1509,Mahesh Kumar,72,M,0
2983,1509,Anusha Kumar,63,F,0
2984,1510,Swathi Hegde,53,F,0
2985,1510,Ramesh Rao,40,M,0
2986,1510,Abhishek Rao,65,M,0
2987,1511,Shruthi Rao,39,F,0
2988,1511,Roopa Joshi,75,F,0
2989,1512,Rashmi Gowda,43,F,0
2990,1513,Roopa Naik,64,F,0
2991,1513,Puneeth Rao,41,M,0
2992,1513,Geetha Joshi,55,F,0
2993,1514,Manjunath Desai,43,M,0
2994,1514,Darshan Reddy,25,M,0
2995,1515,Ramesh Singh,20,M,0
2996,1516,Suresh Hegde,43,M,0
2997,1516,Sunil Bhat,77,M,0
2998,1516,Darshan Shetty,39,M,0
2999,1517,Mahesh Kumar,38,M,0
3000,1518,Ramya Kulkarni,59,F,0
3001,1518,Ramesh Yadav,51,M,0
3002,1519,Swathi Patil,19,F,0
3003,1520,Pradeep Hiremath,71,M,0
3004,1521,Prakash Bhat,34,M,0
3005,1522,Suresh Singh,56,M,0
3006,1522,Kiran Reddy,51,M,0
3007,1522,Geetha Patil,58,F,0
3008,1523,Roopa Patil,43,F,0
3009,1524,Rekha Shetty,55,F,0
3010,1524,Suresh Bhat,34,M,0
3011,1525,Divya Yadav,49,F,0
3012,1525,Anusha Bhat,71,F,0
3013,1525,Sunil Shetty,80,M,0
3014,1526,Divya Reddy,39,F,0
3015,1526,Shivakumar Bhat,75,M,0
3016,1527,Karthik Rao,21,M,0
3017,1527,Manjunath Kumar,49,M,0
3018,1528,Manjunath Sharma,74,M,0
3019,1528,Santosh Patil,35,M,0
3020,1529,Kavya Rao,53,F,0
3021,1529,Ramya Kulkarni,57,F,0
3022,1529,Kiran Bhat,58,M,0
3023,1530,Kavya Hegde,46,F,0
3024,1530,Asha Kulkarni,46,F,0
3025,1530,Prakash Kumar,59,M,0
3026,1531,Suresh Gowda,42,M,0
3027,1531,Kiran Singh,46,M,0
3028,1531,Rashmi Desai,57,F,0
3029,1532,Geetha Patil,26,F,0
3030,1532,Kiran Naik,29,M,0
3031,1533,Sahana Yadav,78,F,0
3032,1533,Prakash Naik,76,M,0
3033,1533,Swathi Hegde,22,F,0
3034,1534,Shivakumar Patil,59,M,0
3035,1534,Prakash Yadav,46,M,0
3036,1534,Manjunath Patil,67,M,0
3037,1535,Suresh Singh,51,M,0
3038,1535,Mahesh Sharma,48,M,0
3039,1536,Rashmi Hegde,43,F,0
3040,1537,Karthik Kumar,46,M,0
3041,1538,Sahana Naik,49,F,0
3042,1538,Sangeetha Naik,42,F,0
3043,1538,Ramya Rao,51,F,0
3044,1539,Sahana Hegde,75,F,0
3045,1539,Sahana Singh,22,F,0
3046,1540,Bhagya Patil,52,F,0
3047,1540,Sunil Rao,49,M,0
3048,1540,Rakesh Reddy,25,M,0
3049,1541,Vijay Shetty,33,M,0
3050,1542,Puneeth Kulkarni,65,M,0
3051,1542,Arun Yadav,48,M,0
3052,1542,Suresh Bhat,29,M,0
3053,1543,Suresh Naik,67,M,0
3054,1543,Sunil Bhat,36,M,0
3055,1543,Shilpa Shetty,40,F,0
3056,1544,Suma Singh,48,F,0
3057,1544,Divya Reddy,31,F,0
3058,1545,Karthik Sharma,30,M,0
3059,1545,Darshan Desai,47,M,0
3060,1546,Shruthi Hiremath,77,F,0
3061,1546,Suma Singh,66,F,0
3062,1546,Manjunath Hiremath,70,M,0
3063,1547,Kavya Kumar,50,F,0
3064,1547,Shilpa Bhat,77,F,0
3065,1547,Vinay Kumar,55,M,0
3066,1548,Arun Yadav,46,T,0
3067,1548,Divya Reddy,56,F,0
3068,1548,Abhishek Yadav,30,M,0
3069,1549,Shivakumar Sharma,56,M,0
3070,1549,Nithin Patil,56,M,0
3071,1549,Anil Shetty,49,M,0
3072,1550,Rekha Kumar,49,F,0
3073,1551,Sunil Yadav,35,M,0
3074,1551,Sangeetha Desai,80,F,0
3075,1551,Divya Rao,63,F,0
3076,1552,Nithin Patil,34,M,0
3077,1552,Sunil Bhat,55,M,0
3078,1552,Sangeetha Bhat,38,T,0
3079,1553,Rekha Desai,31,F,0
3080,1553,Prakash Singh,78,M,0
3081,1553,Swathi Gowda,64,F,0
3082,1554,Swathi Reddy,30,F,0
3083,1555,Sunil Reddy,49,M,0
3084,1555,Karthik Kulkarni,50,M,0
3085,1556,Anusha Gowda,25,F,0
3086,1557,Roopa Gowda,49,F,0
3087,1557,Swathi Rao,46,F,0
3088,1558,Pooja Desai,39,F,0
3089,1558,Vinay Desai,63,M,0
3090,1558,Santosh Yadav,34,M,0
3091,1559,Rakesh Rao,42,M,0
3092,1559,Basavaraj Naik,64,M,0
3093,1559,Basavaraj Hegde,71,M,0
3094,1560,Rakesh Sharma,46,M,0
3095,1561,Prakash Singh,62,M,0
3096,1561,Vinay Yadav,59,M,0
3097,1561,Sudeep Desai,18,M,0
3098,1562,Roopa Naik,33,F,0
3099,1563,Meghana Kulkarni,61,F,0
3100,1563,Meghana Patil,49,F,0
3101,1563,Sahana Hegde,75,F,0
3102,1564,Meghana Desai,73,F,0
3103,1564,Roopa Singh,58,F,0
3104,1565,Sudeep Hiremath,42,M,0
3105,1566,Kiran Kulkarni,25,M,0
3106,1566,Swathi Desai,39,F,0
3107,1567,Shruthi Gowda,32,F,0
3108,1567,Sunil Reddy,34,M,0
3109,1568,Darshan Patil,35,M,0
3110,1569,Suma Desai,20,F,0
3111,1569,Basavaraj Reddy,61,M,0
3112,1570,Nithin Sharma,55,M,0
3113,1570,Suma Gowda,39,F,0
3114,1571,Meghana Kulkarni,28,F,0
3115,1572,Sunil Hiremath,53,M,0
3116,1572,Karthik Rao,44,M,0
3117,1572,Roopa Hegde,58,F,0
3118,1573,Shivakumar Yadav,47,M,0
3119,1574,Karthik Shetty,70,M,0
3120,1574,Puneeth Desai,56,M,0
3121,1574,Ramya Shetty,43,F,0
3122,1575,Sudeep Naik,51,M,0
3123,1575,Sudeep Sharma,46,M,0
3124,1576,Swathi Bhat,61,F,0
3125,1576,Rekha Singh,70,F,0
3126,1577,Sahana Reddy,50,F,0
3127,1577,Suresh Gowda,48,M,0
3128,1577,Shruthi Patil,38,F,0
3129,1578,Meghana Rao,29,F,0
3130,1578,Kiran Desai,33,M,0
3131,1578,Karthik Hiremath,57,M,0
3132,1579,Asha Hegde,72,F,0
3133,1579,Nithin Kulkarni,76,M,0
3134,1579,Shivakumar Shetty,50,M,0
3135,1580,Shivakumar Hegde,75,M,0
3136,1581,Sunil Kulkarni,54,M,0
3137,1582,Vijay Joshi,63,M,0
3138,1583,Arun Hegde,18,M,0
3139,1583,Puneeth Sharma,24,M,0
3140,1583,Kiran Shetty,79,M,0
3141,1584,Basavaraj Shetty,62,M,0
3142,1584,Sudeep Naik,77,M,0
3143,1585,Arun Bhat,48,M,0
3144,1586,Shilpa Shetty,45,F,0
3145,1586,Anil Kumar,24,M,0
3146,1586,Pradeep Hegde,24,M,0
3147,1587,Meghana Naik,42,F,0
3148,1587,Sunil Sharma,30,M,0
3149,1588,Karthik Joshi,23,T,0
3150,1588,Sudeep Shetty,57,M,0
3151,1589,Swathi Patil,32,F,0
3152,1589,Nithin Sharma,39,M,0
3153,1589,Vinay Patil,55,M,0
3154,1590,Bhagya Desai,57,F,0
3155,1591,Kavya Yadav,60,F,0
3156,1591,Sahana Bhat,56,F,0
3157,1592,Roopa Sharma,34,F,0
3158,1592,Mahesh Rao,65,M,0
3159,1592,Rakesh Gowda,30,M,0
3160,1593,Ramesh Bhat,70,M,0
3161,1593,Divya Gowda,18,F,0
3162,1593,Kavya Shetty,68,F,0
3163,1594,Swathi Sharma,41,F,0
3164,1594,Sangeetha Hiremath,59,F,0
3165,1594,Nithin Naik,36,M,0
3166,1595,Karthik Yadav,68,M,0
3167,1596,Meghana Kumar,31,F,0
3168,1597,Pradeep Kumar,48,M,0
3169,1597,Prakash Hiremath,44,M,0
3170,1597,Shilpa Shetty,51,F,0
3171,1598,Suma Kulkarni,35,F,0
3172,1599,Anusha Hegde,37,F,0
3173,1599,Pooja Gowda,42,F,0
3174,1599,Abhishek Kumar,59,M,0
3175,1600,Roopa Desai,64,F,0
3176,1601,Karthik Singh,47,M,0
3177,1601,Rashmi Desai,67,F,0
3178,1601,Sahana Naik,54,F,0
3179,1602,Ramesh Sharma,66,M,0
3180,1602,Divya Kumar,62,F,0
3181,1603,Sangeetha Patil,55,F,0
3182,1603,Anil Shetty,66,M,0
3183,1603,Sudeep Singh,45,M,0
3184,1604,Vinay Gowda,38,M,0
3185,1605,Pradeep Bhat,66,M,0
3186,1605,Basavaraj Rao,19,M,0
3187,1605,Kiran Rao,25,M,0
3188,1606,Anil Singh,34,M,0
3189,1606,Suresh Hegde,60,M,0
3190,1606,Sangeetha Joshi,41,F,0
3191,1607,Sangeetha Bhat,26,F,0
3192,1608,Suresh Reddy,23,M,0
3193,1608,Anusha Kumar,45,F,0
3194,1608,Santosh Reddy,77,M,0
3195,1609,Ramya Yadav,38,F,0
3196,1610,Divya Hiremath,60,T,0
3197,1611,Shivakumar Reddy,56,M,0
3198,1612,Swathi Kumar,53,F,0
3199,1613,Sunil Shetty,58,M,0
3200,1613,Rakesh Reddy,27,M,0
3201,1614,Ramesh Kulkarni,36,M,0
3202,1615,Anusha Reddy,33,F,0
3203,1615,Divya Joshi,20,F,0
3204,1615,Kavya Hegde,65,F,0
3205,1616,Pradeep Desai,36,M,0
3206,1616,Nithin Singh,18,M,0
3207,1616,Ramesh Bhat,78,M,0
3208,1617,Prakash Kulkarni,46,M,0
3209,1617,Swathi Desai,38,F,0
3210,1617,Swathi Singh,34,F,0
3211,1618,Sahana Hiremath,39,F,0
3212,1618,Bhagya Naik,58,F,0
3213,1618,Suresh Sharma,59,M,0
3214,1619,Mahesh Joshi,56,M,0
3215,1619,Puneeth Hegde,54,M,0
3216,1619,Sudeep Kumar,38,M,0
3217,1620,Abhishek Sharma,60,M,0
3218,1620,Mahesh Rao,33,M,0
3219,1621,Ramya Reddy,49,F,0
3220,1621,Anusha Kulkarni,26,F,0
3221,1621,Sunil Kumar,30,M,0
3222,1622,Kavya Gowda,57,F,0
3223,1622,Asha Naik,25,F,0
3224,1622,Anil Naik,18,M,0
3225,1623,Mahesh Sharma,66,T,0
3226,1623,Basavaraj Desai,29,M,0
3227,1623,Vinay Shetty,40,M,0
3228,1624,Anil Gowda,66,M,0
3229,1625,Roopa Sharma,73,F,0
3230,1625,Vijay Naik,53,M,0
3231,1626,Prakash Patil,53,M,0
3232,1627,Darshan Rao,38,M,0
3233,1627,Geetha Hegde,79,F,0
3234,1627,Swathi Sharma,42,F,0
3235,1628,Ramya Yadav,76,F,0
3236,1628,Vijay Kulkarni,59,M,0
3237,1628,Mahesh Hegde,78,M,0
3238,1629,Roopa Rao,77,F,0
3239,1630,Prakash Naik,39,M,0
3240,1630,Roopa Naik,45,F,0
3241,1630,Arun Singh,41,M,0
3242,1631,Sahana Hegde,21,F,0
3243,1631,Asha Yadav,76,F,0
3244,1631,Sangeetha Naik,21,F,0
3245,1632,Roopa Hiremath,30,F,0
3246,1632,Bhagya Sharma,40,F,0
3247,1632,Puneeth Patil,54,M,0
3248,1633,Swathi Patil,22,F,0
3249,1633,Sudeep Patil,66,M,0
3250,1633,Shruthi Singh,24,F,0
3251,1634,Kavya Shetty,50,F,0
3252,1634,Shivakumar Hiremath,42,M,0
3253,1634,Manjunath Hiremath,24,M,1
3254,1635,Karthik Rao,62,M,0
3255,1636,Prakash Sharma,71,M,0
3256,1636,Shilpa Kulkarni,57,F,0
3257,1637,Vijay Gowda,73,M,0
3258,1638,Sunil Bhat,43,M,0
3259,1638,Ramya Naik,33,F,0
3260,1639,Anil Yadav,32,M,0
3261,1639,Nithin Yadav,43,M,0
3262,1639,Suma Rao,54,F,0
3263,1640,Sangeetha Joshi,56,F,0
3264,1640,Swathi Kulkarni,59,F,0
3265,1641,Asha Kumar,27,F,0
3266,1641,Asha Hiremath,45,F,0
3267,1641,Arun Kulkarni,26,M,0
3268,1642,Mahesh Kumar,26,T,0
3269,1642,Kiran Naik,31,M,0
3270,1642,Puneeth Bhat,67,M,0
3271,1643,Manjunath Reddy,76,M,0
3272,1643,Suresh Desai,65,M,0
3273,1644,Sangeetha Patil,54,F,0
3274,1644,Santosh Singh,74,M,0
3275,1644,Rakesh Bhat,25,M,0
3276,1645,Abhishek Bhat,66,M,0
3277,1646,Basavaraj Reddy,23,M,0
3278,1646,Ramesh Singh,39,M,0
3279,1646,Vijay Shetty,35,M,0
3280,1647,Rashmi Sharma,69,F,0
3281,1647,Sangeetha Singh,76,F,0
3282,1648,Geetha Hiremath,77,F,0
3283,1648,Ramya Kumar,33,F,0
3284,1648,Shruthi Patil,65,F,0
3285,1649,Shilpa Hegde,32,F,0
3286,1649,Anil Naik,47,M,0
3287,1649,Suresh Singh,59,M,0
3288,1650,Divya Yadav,68,F,0
3289,1650,Divya Reddy,45,F,0
3290,1650,Basavaraj Bhat,77,M,0
3291,1651,Nithin Hiremath,57,M,0
3292,1651,Rashmi Hegde,79,F,0
3293,1652,Shruthi Naik,66,F,0
3294,1652,Abhishek Desai,65,M,0
3295,1652,Puneeth Bhat,56,M,0
3296,1653,Sudeep Gowda,18,M,0
3297,1653,Kiran Singh,65,M,0
3298,1654,Nithin Hiremath,73,M,0
3299,1654,Mahesh Hegde,19,T,0
3300,1654,Ramya Yadav,20,T,0
3301,1655,Swathi Kumar,54,F,0
3302,1656,Prakash Shetty,47,M,0
3303,1657,Santosh Shetty,39,M,0
3304,1657,Abhishek Rao,50,M,0
3305,1658,Karthik Naik,38,M,0
3306,1658,Meghana Yadav,69,F,0
3307,1659,Suma Rao,47,F,0
3308,1659,Divya Kulkarni,33,F,0
3309,1659,Sudeep Kumar,39,M,0
3310,1660,Anil Hiremath,41,M,0
3311,1660,Suma Hegde,62,F,0
3312,1661,Puneeth Patil,74,M,0
3313,1661,Ramesh Naik,75,M,0
3314,1662,Darshan Patil,31,M,0
3315,1662,Nithin Hiremath,36,M,0
3316,1663,Ramya Naik,58,F,0
3317,1663,Shilpa Gowda,52,F,0
3318,1663,Divya Bhat,66,F,0
3319,1664,Vinay Kulkarni,49,M,0
3320,1665,Kiran Kumar,51,M,0
3321,1665,Nithin Shetty,27,M,0
3322,1666,Sahana Kumar,61,F,0
3323,1666,Basavaraj Desai,33,M,0
3324,1667,Rashmi Kulkarni,22,F,0
3325,1667,Shilpa Sharma,73,F,0
3326,1668,Abhishek Shetty,32,M,0
3327,1668,Swathi Hiremath,70,F,0
3328,1668,Sangeetha Shetty,57,F,0
3329,1669,Meghana Gowda,30,F,0
3330,1670,Santosh Shetty,60,M,0
3331,1670,Arun Kulkarni,56,M,0
3332,1670,Sunil Kumar,62,M,0
3333,1671,Puneeth Desai,80,M,0
3334,1672,Suresh Patil,21,M,0
3335,1673,Anusha Kumar,37,F,0
3336,1673,Sahana Singh,56,F,0
3337,1673,Arun Hiremath,46,M,0
3338,1674,Ramya Desai,21,F,0
3339,1675,Pooja Shetty,80,F,0
3340,1675,Vinay Singh,34,M,0
3341,1675,Vinay Naik,31,M,0
3342,1676,Ramya Joshi,47,F,0
3343,1676,Arun Desai,48,M,0
3344,1677,Rekha Singh,65,F,0
3345,1677,Meghana Desai,35,F,0
3346,1678,Manjunath Bhat,47,M,0
3347,1679,Santosh Shetty,78,M,0
3348,1680,Divya Desai,59,F,0
3349,1680,Vinay Kumar,31,M,0
3350,1681,Prakash Reddy,22,M,0
3351,1681,Manjunath Hiremath,54,M,0
3352,1682,Ramesh Kumar,65,M,0
3353,1683,Roopa Joshi,50,F,0
3354,1684,Nithin Yadav,56,M,0
3355,1684,Kavya Gowda,41,T,0
3356,1684,Roopa Desai,52,F,0
3357,1685,Anil Rao,34,M,0
3358,1685,Suresh Reddy,22,M,0
3359,1686,Sunil Desai,80,M,0
3360,1687,Kavya Shetty,72,F,0
3361,1687,Arun Hegde,47,M,0
3362,1688,Pradeep Desai,44,M,0
3363,1689,Puneeth Naik,43,M,0
3364,1690,Vijay Kumar,39,M,0
3365,1690,Divya Singh,35,F,0
3366,1691,Shilpa Sharma,40,F,0
3367,1691,Vinay Patil,42,M,0
3368,1691,Rekha Joshi,27,F,0
3369,1692,Kavya Hiremath,34,F,0
3370,1693,Vijay Naik,30,M,0
3371,1694,Mahesh Sharma,50,M,0
3372,1694,Roopa Reddy,39,F,0
3373,1695,Suresh Hiremath,56,M,0
3374,1695,Rakesh Rao,36,M,0
3375,1695,Santosh Patil,44,M,0
3376,1696,Manjunath Rao,49,M,0
3377,1697,Sudeep Hegde,56,M,0
3378,1697,Shivakumar Desai,38,M,0
3379,1698,Geetha Kulkarni,32,F,0
3380,1699,Basavaraj Hegde,77,M,0
3381,1699,Arun Rao,27,M,0
3382,1699,Swathi Sharma,38,F,0
3383,1700,Swathi Rao,22,F,0
3384,1700,Divya Hegde,36,F,0
3385,1700,Asha Kulkarni,54,F,0
3386,1701,Roopa Shetty,49,F,0
3387,1702,Shruthi Rao,29,F,0
3388,1703,Sunil Hegde,30,M,0
3389,1704,Roopa Reddy,31,F,0
3390,1705,Basavaraj Rao,58,M,0
3391,1705,Divya Hegde,45,F,0
3392,1705,Meghana Naik,18,T,0
3393,1706,Vinay Kumar,60,M,0
3394,1706,Vinay Reddy,74,M,0
3395,1706,Arun Singh,35,M,0
3396,1707,Divya Singh,36,F,0
3397,1707,Vijay Patil,34,M,0
3398,1707,Geetha Yadav,60,F,0
3399,1708,Pooja Gowda,39,F,0
3400,1708,Shivakumar Patil,77,M,0
3401,1709,Shruthi Reddy,53,F,0
3402,1709,Basavaraj Reddy,38,M,0
3403,1709,Shilpa Kulkarni,18,F,0
3404,1710,Rekha Singh,34,F,0
3405,1711,Pradeep Rao,30,M,0
3406,1711,Arun Reddy,35,M,0
3407,1711,Geetha Hiremath,33,F,0
3408,1712,Shilpa Hegde,57,F,0
3409,1712,Basavaraj Kumar,33,M,0
3410,1713,Suma Joshi,46,F,0
3411,1713,Pooja Kumar,77,F,0
3412,1714,Nithin Yadav,45,M,0
3413,1714,Pradeep Kumar,40,M,0
3414,1715,Shruthi Hiremath,36,F,1
3415,1715,Suresh Bhat,30,M,0
3416,1715,Pooja Hegde,35,F,0
3417,1716,Manjunath Kumar,50,M,0
3418,1717,Rekha Kumar,42,F,0
3419,1717,Vijay Yadav,48,M,0
3420,1718,Santosh Kulkarni,57,M,0
3421,1719,Suresh Gowda,54,M,0
3422,1720,Meghana Shetty,23,F,0
3423,1720,Sudeep Gowda,71,M,0
3424,1721,Karthik Naik,50,M,0
3425,1722,Rashmi Gowda,42,F,0
3426,1723,Manjunath Joshi,33,M,0
3427,1724,Kiran Gowda,47,M,0
3428,1725,Shivakumar Yadav,69,M,0
3429,1725,Sahana Hegde,80,F,0
3430,1725,Suma Naik,26,F,0
3431,1726,Sunil Yadav,43,M,0
3432,1726,Vijay Reddy,56,M,0
3433,1727,Shilpa Reddy,47,F,0
3434,1727,Karthik Patil,33,M,0
3435,1727,Sudeep Desai,37,M,0
3436,1728,Rakesh Reddy,43,M,0
3437,1728,Prakash Joshi,73,M,0
3438,1729,Suresh Gowda,50,M,0
3439,1729,Swathi Sharma,37,F,0
3440,1729,Suma Gowda,35,T,0
3441,1730,Abhishek Gowda,35,M,0
3442,1730,Vinay Singh,52,M,0
3443,1730,Kiran Yadav,32,M,0
3444,1731,Pooja Sharma,18,F,0
3445,1731,Geetha Hiremath,53,F,0
3446,1732,Vinay Shetty,44,M,1
3447,1732,Swathi Kulkarni,78,F,0
3448,1733,Rakesh Bhat,24,M,0
3449,1733,Bhagya Kumar,71,F,0
3450,1734,Swathi Reddy,61,F,0
3451,1734,Pradeep Singh,24,M,0
3452,1735,Kiran Bhat,41,M,0
3453,1736,Shilpa Gowda,22,F,0
3454,1737,Shruthi Reddy,75,F,0
3455,1737,Suma Hegde,65,F,1
3456,1737,Asha Sharma,20,F,0
3457,1738,Sudeep Yadav,74,M,0
3458,1739,Arun Shetty,60,M,0
3459,1739,Darshan Joshi,38,M,0
3460,1739,Meghana Patil,41,F,0
3461,1740,Vinay Desai,73,M,0
3462,1740,Vinay Reddy,76,M,0
3463,1741,Puneeth Shetty,77,M,0
3464,1742,Santosh Hiremath,47,M,0
3465,1742,Shivakumar Kumar,31,M,0
3466,1742,Manjunath Shetty,52,M,0
3467,1743,Rekha Joshi,22,F,0
3468,1744,Swathi Kumar,71,F,0
3469,1745,Asha Desai,43,F,0
3470,1745,Vinay Rao,35,M,0
3471,1746,Prakash Hiremath,33,M,0
3472,1746,Swathi Kulkarni,53,F,0
3473,1746,Asha Kulkarni,46,F,0
3474,1747,Bhagya Hiremath,46,F,0
3475,1748,Sunil Yadav,39,M,0
3476,1749,Kiran Reddy,76,M,0
3477,1749,Pradeep Patil,68,M,0
3478,1749,Mahesh Naik,57,M,0
3479,1750,Divya Hegde,25,F,0
3480,1750,Manjunath Rao,28,M,0
3481,1751,Bhagya Joshi,46,F,0
3482,1752,Kiran Yadav,27,M,0
3483,1752,Divya Singh,21,F,0
3484,1753,Bhagya Sharma,29,F,0
3485,1753,Anil Hiremath,76,M,0
3486,1753,Darshan Joshi,68,M,0
3487,1754,Karthik Bhat,59,M,0
3488,1755,Anil Singh,50,M,0
3489,1756,Puneeth Shetty,49,M,0
3490,1756,Sangeetha Yadav,47,F,0
3491,1756,Suresh Bhat,51,M,0
3492,1757,Asha Sharma,71,F,0
3493,1757,Ramya Kulkarni,34,F,0
3494,1758,Nithin Kulkarni,38,M,0
3495,1759,Roopa Patil,71,F,0
3496,1759,Rashmi Hiremath,37,F,0
3497,1759,Ramya Naik,53,F,0
3498,1760,Manjunath Rao,22,M,0
3499,1760,Sahana Sharma,18,F,0
3500,1760,Kavya Bhat,29,F,0
3501,1761,Manjunath Kulkarni,43,M,0
3502,1761,Shilpa Gowda,57,F,0
3503,1761,Arun Rao,38,M,0
3504,1762,Kavya Rao,47,F,0
3505,1762,Pradeep Gowda,33,M,0
3506,1763,Roopa Bhat,72,F,0
3507,1763,Suma Joshi,67,F,0
3508,1763,Suma Kulkarni,42,F,0
3509,1764,Rakesh Joshi,30,M,0
3510,1764,Karthik Gowda,66,M,0
3511,1764,Puneeth Kumar,79,M,0
3512,1765,Karthik Hiremath,28,M,0
3513,1765,Santosh Naik,57,M,0
3514,1765,Rekha Shetty,36,F,0
3515,1766,Vijay Desai,49,M,0
3516,1766,Karthik Kumar,25,M,0
3517,1766,Bhagya Bhat,78,F,0
3518,1767,Sangeetha Singh,31,F,0
3519,1767,Asha Naik,37,F,0
3520,1768,Santosh Hiremath,30,M,0
3521,1769,Sudeep Hiremath,30,M,0
3522,1769,Darshan Yadav,55,M,0
3523,1770,Shilpa Patil,50,F,0
3524,1770,Rekha Naik,76,F,0
3525,1771,Meghana Naik,45,F,0
3526,1772,Abhishek Rao,24,M,0
3527,1773,Ramesh Reddy,36,M,0
3528,1773,Shilpa Rao,62,F,0
3529,1774,Ramya Singh,73,F,0
3530,1774,Prakash Yadav,62,M,0
3531,1775,Abhishek Naik,35,M,0
3532,1775,Suresh Rao,45,M,0
3533,1776,Roopa Hegde,67,F,0
3534,1776,Geetha Kumar,21,F,0
3535,1776,Vijay Patil,46,M,0
3536,1777,Sunil Kumar,45,M,0
3537,1777,Kavya Joshi,24,F,0
3538,1777,Nithin Singh,29,M,0
3539,1778,Sahana Gowda,27,F,0
3540,1778,Arun Hiremath,20,M,0
3541,1779,Roopa Desai,37,F,0
3542,1779,Ramya Naik,73,F,0
3543,1780,Vinay Shetty,44,M,0
3544,1780,Rakesh Gowda,69,M,0
3545,1780,Pradeep Sharma,49,M,0
3546,1781,Santosh Joshi,58,M,0
3547,1782,Anusha Joshi,66,F,0
3548,1782,Santosh Reddy,54,M,0
3549,1783,Abhishek Bhat,73,M,0
3550,1784,Abhishek Reddy,50,M,0
3551,1784,Ramya Joshi,41,F,0
3552,1785,Ramesh Joshi,63,T,0
3553,1785,Shruthi Joshi,24,F,0
3554,1786,Manjunath Kumar,46,M,0
3555,1787,Karthik Kulkarni,40,M,0
3556,1788,Anil Joshi,60,M,0
3557,1788,Mahesh Reddy,54,M,0
3558,1788,Manjunath Singh,48,M,0
3559,1789,Pradeep Bhat,53,M,0
3560,1790,Darshan Kumar,58,M,0
3561,1790,Vinay Shetty,31,M,0
3562,1790,Vinay Bhat,55,M,0
3563,1791,Santosh Bhat,72,M,0
3564,1792,Basavaraj Patil,18,M,0
3565,1792,Shilpa Sharma,24,F,0
3566,1792,Nithin Hegde,27,M,0
3567,1793,Karthik Reddy,67,M,0
3568,1793,Vinay Patil,33,M,0
3569,1793,Sahana Sharma,33,F,0
3570,1794,Kiran Kulkarni,80,M,0
3571,1794,Ramya Hegde,61,F,0
3572,1794,Sangeetha Sharma,23,F,0
3573,1795,Suresh Hegde,37,M,0
3574,1796,Rakesh Joshi,19,M,0
3575,1797,Sunil Naik,35,M,0
3576,1798,Mahesh Kulkarni,73,M,0
3577,1798,Ramesh Kumar,35,M,0
3578,1799,Suma Hegde,43,F,0
3579,1800,Asha Desai,18,F,0
3580,1801,Kiran Rao,71,M,0
3581,1801,Kiran Kumar,64,M,0
3582,1802,Suma Reddy,18,F,0
3583,1803,Rashmi Naik,79,F,0
3584,1803,Prakash Reddy,23,M,0
3585,1804,Anil Desai,52,M,0
3586,1805,Basavaraj Kulkarni,39,M,0
3587,1805,Basavaraj Desai,34,M,0
3588,1806,Darshan Joshi,41,M,0
3589,1806,Asha Naik,45,F,0
3590,1806,Santosh Yadav,65,M,0
3591,1807,Ramya Yadav,40,F,0
3592,1807,Sudeep Bhat,55,M,0
3593,1807,Kiran Joshi,60,M,0
3594,1808,Anil Gowda,54,M,0
3595,1808,Mahesh Naik,37,M,0
3596,1809,Vinay Yadav,38,M,0
3597,1810,Suresh Hegde,39,M,0
3598,1810,Pooja Bhat,78,F,0
3599,1810,Puneeth Reddy,52,M,0
3600,1811,Vinay Hiremath,34,M,0
3601,1811,Karthik Reddy,45,M,0
3602,1811,Abhishek Kulkarni,41,M,0
3603,1812,Mahesh Shetty,69,M,0
3604,1812,Ramya Shetty,22,F,0
3605,1812,Santosh Rao,46,M,0
3606,1813,Meghana Naik,22,F,0
3607,1813,Karthik Gowda,79,M,0
3608,1813,Ramesh Patil,70,M,0
3609,1814,Shruthi Rao,39,F,0
3610,1814,Sunil Gowda,49,M,0
3611,1814,Pradeep Desai,47,M,0
3612,1815,Swathi Singh,52,F,0
3613,1816,Kiran Shetty,62,M,0
3614,1816,Mahesh Singh,26,M,0
3615,1817,Anil Hiremath,25,M,0
3616,1817,Santosh Desai,38,M,0
3617,1818,Divya Patil,60,F,0
3618,1818,Bhagya Gowda,37,F,0
3619,1818,Divya Joshi,42,F,0
3620,1819,Pooja Kumar,74,F,0
3621,1819,Rakesh Naik,57,M,0
3622,1819,Kiran Hegde,18,M,0
3623,1820,Nithin Rao,61,M,0
3624,1821,Swathi Singh,40,F,0
3625,1822,Sahana Kulkarni,53,F,0
3626,1822,Ramesh Desai,74,M,0
3627,1822,Vinay Naik,19,M,0
3628,1823,Arun Rao,42,M,0
3629,1823,Ramesh Gowda,60,M,1
3630,1823,Meghana Sharma,32,F,0
3631,1824,Kiran Naik,38,M,0
3632,1825,Sunil Hegde,78,M,0
3633,1826,Divya Hiremath,31,F,0
3634,1826,Arun Kulkarni,55,M,0
3635,1827,Rakesh Rao,49,M,0
3636,1827,Shruthi Patil,73,F,0
3637,1827,Roopa Patil,29,F,0
3638,1828,Rekha Singh,51,F,0
3639,1829,Nithin Rao,26,M,0
3640,1830,Kiran Rao,67,M,0
3641,1831,Rashmi Kulkarni,32,F,0
3642,1831,Prakash Sharma,39,M,0
3643,1831,Pradeep Naik,38,M,0
3644,1832,Pooja Joshi,22,F,0
3645,1832,Darshan Patil,69,M,0
3646,1832,Anil Singh,34,M,0
3647,1833,Sudeep Yadav,62,M,0
3648,1833,Puneeth Kulkarni,61,M,0
3649,1834,Kavya Rao,48,F,0
3650,1834,Sudeep Hegde,42,M,0
3651,1835,Suresh Desai,33,M,0
3652,1835,Ramya Hiremath,75,F,0
3653,1836,Arun Gowda,43,M,0
3654,1837,Suresh Hiremath,72,M,0
3655,1837,Prakash Shetty,34,M,0
3656,1838,Karthik Hiremath,30,M,0
3657,1839,Mahesh Patil,46,M,0
3658,1839,Swathi Naik,34,F,0
3659,1840,Rakesh Sharma,79,M,0
3660,1840,Sangeetha Singh,71,F,0
3661,1841,Ramesh Desai,28,M,0
3662,1842,Shruthi Shetty,25,F,0
3663,1842,Sangeetha Hiremath,47,F,0
3664,1842,Abhishek Desai,25,M,0
3665,1843,Sahana Patil,37,F,0
3666,1843,Anil Bhat,37,M,0
3667,1843,Shruthi Kumar,37,F,0
3668,1844,Roopa Gowda,68,F,0
3669,1845,Sudeep Patil,67,M,0
3670,1845,Nithin Shetty,76,M,0
3671,1845,Nithin Sharma,20,M,0
3672,1846,Vijay Bhat,39,M,0
3673,1846,Abhishek Gowda,26,M,0
3674,1846,Ramya Sharma,62,F,0
3675,1847,Rekha Hiremath,76,F,0
3676,1848,Manjunath Gowda,20,M,0
3677,1849,Santosh Bhat,28,M,0
3678,1849,Rekha Desai,34,F,0
3679,1849,Anil Kulkarni,76,M,0
3680,1850,Geetha Reddy,36,F,0
3681,1851,Pradeep Sharma,22,M,0
3682,1851,Geetha Rao,28,F,0
3683,1851,Shilpa Kumar,30,F,0
3684,1852,Abhishek Rao,31,M,0
3685,1853,Divya Sharma,40,F,0
3686,1854,Kiran Shetty,57,M,0
3687,1854,Sunil Yadav,40,M,0
3688,1854,Suresh Joshi,20,M,0
3689,1855,Sangeetha Patil,34,F,0
3690,1855,Abhishek Reddy,51,M,0
3691,1856,Kiran Joshi,55,M,0
3692,1856,Rashmi Naik,49,F,0
3693,1857,Nithin Sharma,57,M,0
3694,1857,Vinay Patil,47,M,0
3695,1858,Kiran Hiremath,20,M,0
3696,1858,Vinay Naik,80,M,0
3697,1858,Shivakumar Sharma,67,M,0
3698,1859,Karthik Sharma,41,M,0
3699,1860,Vinay Hiremath,24,M,0
3700,1860,Ramesh Sharma,41,M,0
3701,1861,Asha Gowda,43,F,0
3702,1861,Sangeetha Hegde,53,F,0
3703,1862,Vinay Bhat,19,M,0
3704,1863,Vinay Rao,46,M,0
3705,1863,Ramya Gowda,60,F,0
3706,1864,Prakash Hiremath,68,M,0
3707,1864,Pooja Hiremath,80,F,0
3708,1864,Meghana Yadav,40,F,1
3709,1865,Shilpa Hiremath,35,F,0
3710,1865,Divya Kumar,46,F,0
3711,1866,Vijay Kulkarni,22,M,0
3712,1866,Anusha Singh,40,F,0
3713,1867,Pooja Joshi,77,F,0
3714,1867,Roopa Bhat,38,F,0
3715,1867,Roopa Naik,78,F,1
3716,1868,Basavaraj Yadav,19,M,0
3717,1869,Manjunath Desai,79,M,0
3718,1870,Divya Hegde,32,F,0
3719,1870,Darshan Patil,39,M,0
3720,1871,Arun Rao,47,M,0
3721,1871,Arun Naik,27,M,0
3722,1872,Pooja Joshi,75,F,0
3723,1873,Shilpa Gowda,35,F,0
3724,1874,Prakash Sharma,74,M,0
3725,1874,Shivakumar Hiremath,41,M,0
3726,1874,Rashmi Rao,40,F,0
3727,1875,Roopa Rao,30,F,0
3728,1875,Sunil Singh,22,M,0
3729,1875,Manjunath Naik,60,M,0
3730,1876,Meghana Singh,50,F,0
3731,1877,Swathi Kulkarni,58,F,0
3732,1877,Sahana Kumar,44,F,0
3733,1877,Santosh Gowda,47,M,0
3734,1878,Manjunath Shetty,64,M,0
3735,1879,Vinay Gowda,52,M,0
3736,1879,Vijay Reddy,31,M,0
3737,1879,Anusha Bhat,40,F,0
3738,1880,Basavaraj Joshi,56,M,0
3739,1880,Suresh Shetty,46,M,0
3740,1880,Asha Gowda,50,F,0
3741,1881,Karthik Bhat,40,M,0
3742,1881,Vinay Sharma,30,M,0
3743,1881,Mahesh Gowda,77,M,0
3744,1882,Arun Hegde,47,T,0
3745,1882,Puneeth Singh,53,M,0
3746,1882,Manjunath Bhat,33,M,0
3747,1883,Sudeep Sharma,24,M,0
3748,1883,Swathi Rao,39,F,0
3749,1883,Roopa Joshi,29,F,0
3750,1884,Sunil Sharma,73,M,0
3751,1885,Kavya Kumar,32,F,0
3752,1886,Santosh Kulkarni,57,M,0
3753,1886,Arun Hegde,72,M,0
3754,1886,Rekha Kulkarni,69,F,0
3755,1887,Asha Singh,18,F,0
3756,1887,Swathi Reddy,22,F,0
3757,1888,Santosh Hegde,43,M,0
3758,1889,Divya Naik,67,F,0
3759,1889,Anil Hiremath,49,M,0
3760,1889,Divya Bhat,41,F,0
3761,1890,Asha Yadav,71,F,0
3762,1890,Darshan Gowda,47,M,0
3763,1891,Pooja Shetty,48,F,0
3764,1891,Rekha Hegde,51,F,0
3765,1892,Abhishek Desai,44,M,0
3766,1892,Suresh Reddy,31,M,0
3767,1892,Ramya Joshi,42,F,0
3768,1893,Ramesh Joshi,77,M,0
3769,1893,Vinay Desai,70,M,0
3770,1894,Swathi Sharma,43,F,0
3771,1894,Bhagya Yadav,36,F,0
3772,1894,Rekha Shetty,29,F,0
3773,1895,Pradeep Rao,71,M,0
3774,1895,Mahesh Kulkarni,50,M,0
3775,1896,Sangeetha Kumar,57,F,0
3776,1896,Nithin Shetty,73,M,0
3777,1897,Bhagya Kumar,44,F,0
3778,1898,Ramya Kumar,57,F,0
3779,1898,Puneeth Reddy,31,M,0
3780,1898,Vinay Rao,58,M,0
3781,1899,Manjunath Kulkarni,40,M,0
3782,1900,Anil Naik,52,M,0
3783,1900,Bhagya Naik,23,F,0
3784,1901,Roopa Yadav,23,F,0
3785,1902,Abhishek Shetty,65,M,0
3786,1902,Sangeetha Kumar,59,F,0
3787,1902,Ramesh Shetty,76,M,1
3788,1903,Sahana Hegde,53,F,0
3789,1904,Vinay Rao,77,M,0
3790,1904,Pooja Gowda,60,F,0
3791,1904,Anil Bhat,40,M,0
3792,1905,Rakesh Yadav,71,M,0
3793,1905,Pradeep Shetty,62,M,0
3794,1905,Arun Singh,62,M,0
3795,1906,Rashmi Desai,76,F,0
3796,1906,Ramesh Hiremath,40,M,0
3797,1906,Arun Rao,72,M,0
3798,1907,Basavaraj Hegde,60,M,0
3799,1907,Manjunath Joshi,26,M,0
3800,1907,Meghana Kumar,71,F,0
3801,1908,Sangeetha Bhat,30,F,0
3802,1909,Nithin Reddy,39,M,0
3803,1910,Mahesh Naik,39,M,1
3804,1910,Rashmi Bhat,41,F,0
3805,1910,Ramesh Joshi,57,M,0
3806,1911,Puneeth Bhat,18,M,0
3807,1911,Sudeep Kulkarni,66,M,0
3808,1911,Rashmi Singh,56,F,0
3809,1912,Suma Patil,24,F,0
3810,1913,Kiran Bhat,56,M,0
3811,1914,Sahana Sharma,41,F,0
3812,1915,Abhishek Joshi,74,M,0
3813,1916,Geetha Sharma,36,F,0
3814,1916,Vijay Kumar,25,M,0
3815,1916,Shruthi Bhat,56,F,0
3816,1917,Ramya Shetty,72,F,0
3817,1917,Prakash Kulkarni,65,M,0
3818,1917,Ramesh Hegde,31,M,0
3819,1918,Rakesh Shetty,55,M,0
3820,1918,Bhagya Gowda,49,F,0
3821,1919,Rekha Gowda,28,F,0
3822,1919,Kiran Rao,34,M,0
3823,1920,Suresh Shetty,64,M,0
3824,1920,Rekha Patil,44,F,0
3825,1920,Anil Yadav,24,M,0
3826,1921,Arun Desai,52,M,0
3827,1921,Vinay Gowda,46,M,0
3828,1922,Manjunath Joshi,28,M,0
3829,1922,Geetha Kumar,27,F,0
3830,1922,Nithin Desai,62,M,0
3831,1923,Karthik Hegde,36,M,0
3832,1923,Rashmi Yadav,47,F,0
3833,1924,Shilpa Singh,50,F,0
3834,1925,Asha Hiremath,55,F,0
3835,1926,Rakesh Reddy,65,M,0
3836,1927,Kavya Singh,54,F,0
3837,1928,Rakesh Desai,41,M,0
3838,1929,Vijay Sharma,57,M,0
3839,1929,Prakash Hiremath,33,M,0
3840,1929,Pradeep Shetty,43,M,0
3841,1930,Mahesh Yadav,43,M,0
3842,1930,Nithin Desai,80,M,0
3843,1931,Rakesh Singh,80,M,0
3844,1931,Sudeep Hegde,54,M,0
3845,1931,Ramesh Singh,19,M,0
3846,1932,Shruthi Shetty,76,F,0
3847,1932,Nithin Hiremath,78,M,0
3848,1932,Puneeth Gowda,19,M,0
3849,1933,Shilpa Bhat,53,F,0
3850,1934,Prakash Sharma,41,M,0
3851,1935,Meghana Shetty,21,F,0
3852,1936,Darshan Singh,68,M,0
3853,1937,Suma Kulkarni,58,F,0
3854,1938,Abhishek Kulkarni,57,M,0
3855,1938,Anil Singh,50,M,0
3856,1938,Vijay Naik,35,M,0
3857,1939,Abhishek Singh,34,T,0
3858,1939,Nithin Sharma,55,M,0
3859,1939,Puneeth Hiremath,36,M,0
3860,1940,Sahana Yadav,80,F,0
3861,1941,Suma Desai,64,F,0
3862,1941,Shilpa Bhat,51,F,0
3863,1941,Rashmi Desai,77,T,0
3864,1942,Sudeep Hegde,58,M,0
3865,1943,Geetha Patil,34,F,0
3866,1943,Ramesh Desai,49,M,0
3867,1944,Sahana Shetty,40,F,0
3868,1944,Vinay Naik,36,M,0
3869,1944,Rakesh Singh,31,M,0
3870,1945,Sahana Joshi,67,F,0
3871,1945,Ramesh Kulkarni,66,T,0
3872,1945,Sunil Rao,26,M,0
3873,1946,Santosh Hegde,78,M,0
3874,1947,Rakesh Hegde,79,M,0
3875,1948,Mahesh Kumar,23,M,0
3876,1948,Shruthi Sharma,78,F,0
3877,1949,Pradeep Yadav,72,M,0
3878,1949,Shivakumar Singh,61,M,0
3879,1949,Darshan Naik,49,M,0
3880,1950,Mahesh Yadav,49,M,0
3881,1950,Nithin Shetty,59,M,0
3882,1951,Darshan Yadav,38,M,0
3883,1951,Nithin Patil,34,M,0
3884,1952,Puneeth Joshi,28,M,0
3885,1953,Shilpa Rao,72,F,0
3886,1953,Suresh Gowda,36,M,0
3887,1954,Sunil Reddy,41,M,0
3888,1955,Bhagya Hegde,78,F,0
3889,1956,Kavya Joshi,70,F,0
3890,1956,Manjunath Hiremath,59,M,0
3891,1957,Sangeetha Naik,28,T,0
3892,1957,Vijay Patil,28,M,0
3893,1958,Bhagya Kumar,60,F,0
3894,1958,Suresh Hegde,37,M,0
3895,1959,Suresh Yadav,76,M,1
3896,1959,Santosh Patil,41,T,0
3897,1960,Anusha Gowda,46,F,0
3898,1960,Manjunath Bhat,47,M,0
3899,1960,Rashmi Sharma,30,F,0
3900,1961,Suresh Hegde,58,M,0
3901,1961,Santosh Sharma,59,M,0
3902,1962,Suresh Hiremath,52,M,0
3903,1963,Rekha Joshi,21,F,0
3904,1963,Ramesh Reddy,74,M,0
3905,1964,Kavya Yadav,45,F,0
3906,1965,Santosh Kumar,78,M,0
3907,1966,Pradeep Hiremath,40,M,0
3908,1966,Sudeep Patil,20,M,0
3909,1967,Rashmi Gowda,63,F,0
3910,1968,Bhagya Reddy,55,F,0
3911,1968,Karthik Shetty,60,M,0
3912,1968,Abhishek Patil,38,M,0
3913,1969,Shilpa Naik,45,F,0
3914,1969,Ramya Bhat,79,F,0
3915,1969,Bhagya Hiremath,73,F,0
3916,1970,Rekha Gowda,65,F,0
3917,1970,Rekha Kumar,37,F,0
3918,1971,Nithin Sharma,61,M,0
3919,1971,Pooja Reddy,57,F,0
3920,1971,Sudeep Patil,56,M,0
3921,1972,Kiran Gowda,62,M,0
3922,1972,Rekha Reddy,21,F,0
3923,1972,Roopa Rao,28,F,0
3924,1973,Ramesh Sharma,70,M,0
3925,1973,Bhagya Hiremath,22,F,0
3926,1973,Bhagya Rao,40,F,0
3927,1974,Bhagya Yadav,25,F,0
3928,1974,Prakash Gowda,51,M,0
3929,1974,Kiran Naik,79,M,0
3930,1975,Meghana Rao,56,F,1
3931,1975,Pradeep Shetty,75,M,0
3932,1976,Suma Rao,33,F,0
3933,1977,Anusha Joshi,71,F,0
3934,1978,Ramesh Kulkarni,27,M,0
3935,1979,Suma Kulkarni,28,F,0
3936,1979,Kavya Singh,51,F,0
3937,1979,Abhishek Shetty,30,M,0
3938,1980,Vinay Desai,34,M,0
3939,1980,Abhishek Kumar,34,M,0
3940,1980,Arun Desai,68,M,0
3941,1981,Geetha Gowda,53,F,0
3942,1981,Sangeetha Joshi,49,F,0
3943,1982,Sahana Sharma,38,F,0
3944,1983,Rekha Rao,80,F,0
3945,1983,Pradeep Singh,25,M,0
3946,1983,Basavaraj Kulkarni,70,M,0
3947,1984,Roopa Joshi,36,F,0
3948,1984,Pradeep Naik,41,M,0
3949,1984,Vijay Kumar,51,M,0
3950,1985,Santosh Yadav,38,M,0
3951,1985,Roopa Kumar,68,F,0
3952,1985,Roopa Joshi,19,T,0
3953,1986,Nithin Naik,18,M,0
3954,1987,Pooja Yadav,22,F,0
3955,1987,Anusha Yadav,61,F,0
3956,1988,Ramesh Naik,69,M,0
3957,1988,Rekha Singh,71,F,0
3958,1989,Abhishek Gowda,70,M,0
3959,1989,Darshan Singh,23,M,0
3960,1989,Basavaraj Shetty,34,M,0
3961,1990,Darshan Hegde,34,M,0
3962,1990,Vijay Kumar,33,M,0
3963,1991,Shivakumar Kulkarni,24,M,0
3964,1991,Pradeep Naik,46,M,0
3965,1991,Sunil Naik,58,M,0
3966,1992,Suresh Bhat,42,M,0
3967,1993,Shilpa Hegde,45,T,1
3968,1993,Vinay Desai,35,M,0
3969,1993,Kiran Hiremath,65,M,0
3970,1994,Sunil Rao,19,M,0
3971,1995,Pooja Desai,44,F,0
3972,1995,Sudeep Kulkarni,33,M,0
3973,1996,Sahana Singh,47,F,0
3974,1996,Vinay Desai,31,M,0
3975,1997,Sunil Reddy,77,M,0
3976,1997,Darshan Desai,65,M,0
3977,1997,Geetha Kumar,33,F,0
3978,1998,Anil Hegde,35,M,0
3979,1998,Ramya Hiremath,40,F,0
3980,1998,Sunil Sharma,44,M,0
3981,1999,Nithin Naik,37,M,0
3982,1999,Shilpa Gowda,35,F,0
3983,2000,Sunil Desai,39,M,0
3984,2000,Puneeth Naik,30,M,0
3985,2000,Pradeep Shetty,62,T,0
3986,2001,Meghana Reddy,72,F,0
3987,2002,Sahana Kulkarni,37,F,0
3988,2002,Meghana Rao,41,F,0
3989,2003,Mahesh Reddy,58,M,0
3990,2003,Asha Hiremath,77,F,0
3991,2004,Sunil Desai,60,M,0
3992,2004,Darshan Sharma,40,M,0
3993,2004,Vijay Shetty,30,M,0
3994,2005,Pooja Bhat,46,F,0
3995,2006,Santosh Joshi,21,M,0
3996,2007,Puneeth Desai,65,M,0
3997,2007,Santosh Singh,58,M,0
3998,2007,Anil Hiremath,74,M,0
3999,2008,Pradeep Yadav,42,M,0
4000,2009,Nithin Reddy,21,M,0
4001,2010,Rakesh Naik,54,M,0
4002,2010,Pradeep Hegde,52,M,0
4003,2010,Asha Hiremath,41,F,0
4004,2011,Rekha Hegde,30,F,0
4005,2011,Kiran Shetty,42,M,0
4006,2011,Karthik Gowda,68,M,0
4007,2012,Vinay Yadav,39,M,0
4008,2012,Anusha Reddy,24,F,0
4009,2013,Suma Sharma,21,F,0
4010,2013,Pradeep Yadav,49,M,0
4011,2014,Kiran Kulkarni,77,M,0
4012,2015,Karthik Hiremath,54,M,0
4013,2015,Sudeep Reddy,68,M,0
4014,2016,Anil Desai,22,M,0
4015,2017,Suma Bhat,75,F,0
4016,2017,Mahesh Desai,30,M,0
4017,2017,Manjunath Desai,30,M,0
4018,2018,Suma Sharma,34,F,0
4019,2018,Santosh Shetty,59,M,0
4020,2019,Vinay Sharma,30,M,0
4021,2020,Shivakumar Joshi,34,M,0
4022,2020,Sahana Kumar,33,F,0
4023,2020,Karthik Patil,37,M,0
4024,2021,Swathi Kulkarni,44,F,0
4025,2021,Darshan Rao,30,M,0
4026,2021,Sunil Rao,70,M,0
4027,2022,Puneeth Reddy,19,M,0
4028,2023,Rekha Bhat,60,F,0
4029,2023,Karthik Sharma,35,M,0
4030,2023,Asha Bhat,55,F,0
4031,2024,Geetha Kulkarni,49,F,0
4032,2025,Rashmi Bhat,71,F,0
4033,2025,Shilpa Yadav,64,F,0
4034,2025,Manjunath Joshi,72,M,0
4035,2026,Rakesh Hegde,75,M,0
4036,2026,Sunil Hiremath,60,M,0
4037,2026,Rakesh Joshi,79,M,0
4038,2027,Kavya Patil,39,F,0
4039,2027,Santosh Kumar,45,M,0
4040,2028,Shivakumar Kumar,38,M,0
4041,2028,Shilpa Kumar,76,F,0
4042,2028,Darshan Kulkarni,29,M,0
4043,2029,Shilpa Yadav,43,F,0
4044,2029,Divya Hiremath,69,F,0
4045,2029,Karthik Sharma,67,M,1
4046,2030,Puneeth Hiremath,25,M,0
4047,2030,Manjunath Rao,25,M,0
4048,2031,Ramya Kulkarni,30,F,0
4049,2031,Geetha Hiremath,26,F,0
4050,2031,Sudeep Hiremath,80,M,0
4051,2032,Arun Joshi,49,M,0
4052,2033,Swathi Shetty,73,F,0
4053,2033,Manjunath Gowda,46,M,0
4054,2034,Kavya Sharma,57,F,0
4055,2034,Shivakumar Hegde,42,M,0
4056,2034,Pradeep Hiremath,44,M,0
4057,2035,Divya Naik,48,F,0
4058,2035,Ramya Bhat,59,F,0
4059,2035,Shilpa Desai,58,F,0
4060,2036,Suresh Kumar,33,M,0
4061,2036,Puneeth Bhat,35,M,0
4062,2037,Geetha Gowda,42,F,0
4063,2037,Divya Bhat,37,F,0
4064,2037,Vinay Kulkarni,45,M,0
4065,2038,Basavaraj Yadav,36,M,0
4066,2038,Sahana Bhat,47,F,0
4067,2038,Mahesh Shetty,78,M,0
4068,2039,Manjunath Rao,60,M,0
4069,2039,Geetha Reddy,45,F,0
4070,2040,Rekha Singh,77,F,0
4071,2040,Abhishek Hiremath,39,M,0
4072,2041,Sangeetha Shetty,57,F,0
4073,2041,Ramya Rao,62,T,0
4074,2041,Ramesh Desai,41,M,0
4075,2042,Rashmi Singh,48,F,0
4076,2043,Shivakumar Naik,47,M,0
4077,2043,Divya Bhat,31,F,0
4078,2043,Asha Shetty,56,F,0
4079,2044,Vijay Patil,33,M,0
4080,2045,Anil Shetty,30,M,0
4081,2046,Karthik Sharma,60,T,0
4082,2046,Sangeetha Naik,69,F,0
4083,2046,Karthik Hegde,72,M,0
4084,2047,Pradeep Hegde,50,M,0
4085,2048,Divya Sharma,57,F,0
4086,2049,Manjunath Desai,24,M,0
4087,2049,Arun Joshi,19,M,0
4088,2049,Rekha Joshi,20,F,0
4089,2050,Sunil Shetty,36,M,0
4090,2051,Nithin Joshi,46,M,0
4091,2051,Divya Shetty,57,F,0
4092,2051,Vinay Yadav,39,M,0
4093,2052,Vijay Reddy,74,M,0
4094,2053,Anusha Sharma,46,F,0
4095,2053,Anil Singh,30,M,0
4096,2053,Swathi Joshi,38,F,0
4097,2054,Rashmi Hiremath,41,F,0
4098,2054,Darshan Shetty,43,M,0
4099,2055,Meghana Yadav,37,F,0
4100,2055,Abhishek Singh,75,M,0
4101,2055,Prakash Desai,38,M,0
4102,2056,Karthik Gowda,68,M,0
4103,2056,Divya Singh,80,F,0
4104,2057,Kavya Singh,42,F,0
4105,2058,Meghana Gowda,29,F,0
4106,2059,Geetha Rao,45,F,0
4107,2060,Prakash Naik,80,M,0
4108,2060,Anusha Kumar,64,F,0
4109,2060,Darshan Reddy,48,M,0
4110,2061,Vinay Gowda,34,M,0
4111,2062,Manjunath Bhat,53,M,0
4112,2062,Basavaraj Sharma,31,M,0
4113,2063,Suma Patil,23,F,0
4114,2063,Kavya Desai,68,F,0
4115,2063,Pooja Kulkarni,62,F,0
4116,2064,Pradeep Sharma,21,M,0
4117,2064,Abhishek Sharma,26,M,0
4118,2065,Anusha Hiremath,74,F,0
4119,2065,Nithin Reddy,60,M,0
4120,2066,Rekha Desai,19,F,0
4121,2066,Arun Sharma,53,M,0
4122,2067,Ramya Shetty,34,F,0
4123,2067,Anusha Kumar,47,F,0
4124,2068,Arun Kulkarni,41,M,0
4125,2068,Kiran Joshi,65,M,1
4126,2068,Sunil Kulkarni,62,M,0
4127,2069,Rashmi Desai,74,F,0
4128,2069,Shilpa Naik,31,F,0
4129,2070,Santosh Patil,50,M,0
4130,2070,Divya Desai,64,F,0
4131,2071,Vinay Kumar,74,M,0
4132,2071,Basavaraj Shetty,30,M,0
4133,2071,Pooja Yadav,70,F,0
4134,2072,Sunil Kulkarni,44,M,0
4135,2072,Sudeep Desai,77,M,0
4136,2072,Geetha Joshi,50,F,0
4137,2073,Swathi Patil,32,F,0
4138,2074,Shivakumar Singh,21,M,0
4139,2075,Nithin Desai,51,M,0
4140,2075,Puneeth Desai,19,M,0
4141,2075,Sudeep Yadav,19,M,0
4142,2076,Pradeep Singh,69,M,0
4143,2076,Anil Gowda,54,M,0
4144,2077,Meghana Bhat,51,F,0
4145,2078,Arun Kulkarni,44,M,0
4146,2078,Anil Bhat,19,M,0
4147,2079,Rashmi Singh,32,F,0
4148,2079,Shilpa Kumar,54,F,0
4149,2079,Puneeth Bhat,44,M,0
4150,2080,Rakesh Reddy,61,M,0
4151,2081,Abhishek Desai,48,M,0
4152,2081,Kavya Hiremath,37,F,0
4153,2082,Divya Rao,45,F,0
4154,2082,Divya Hiremath,50,F,0
4155,2083,Swathi Gowda,46,F,0
4156,2083,Kiran Bhat,52,M,0
4157,2084,Sunil Sharma,39,M,0
4158,2084,Arun Bhat,37,M,0
4159,2085,Anil Patil,68,M,0
4160,2085,Santosh Yadav,38,M,0
4161,2085,Kiran Naik,58,M,0
4162,2086,Suresh Naik,68,M,0
4163,2087,Mahesh Hegde,60,M,0
4164,2088,Prakash Reddy,39,M,0
4165,2088,Kiran Patil,35,M,0
4166,2088,Pooja Hiremath,57,F,0
4167,2089,Rekha Reddy,57,F,0
4168,2089,Santosh Shetty,49,M,0
4169,2089,Karthik Reddy,24,M,0
4170,2090,Divya Singh,26,F,0
4171,2090,Rashmi Patil,65,F,0
4172,2090,Mahesh Yadav,62,M,0
4173,2091,Manjunath Desai,48,M,0
4174,2092,Rekha Patil,35,F,0
4175,2092,Suresh Yadav,73,M,0
4176,2092,Prakash Hegde,61,T,0
4177,2093,Asha Reddy,71,F,0
4178,2093,Puneeth Hiremath,54,M,0
4179,2094,Sunil Hegde,57,M,0
4180,2094,Prakash Joshi,21,T,0
4181,2094,Suma Desai,64,F,0
4182,2095,Kiran Desai,35,M,0
4183,2095,Prakash Kumar,22,M,0
4184,2095,Rekha Kulkarni,75,F,0
4185,2096,Shivakumar Hiremath,52,M,0
4186,2096,Divya Rao,46,F,0
4187,2097,Divya Hegde,55,F,0
4188,2097,Mahesh Hiremath,70,M,0
4189,2097,Basavaraj Desai,71,M,0
4190,2098,Shivakumar Hiremath,55,M,0
4191,2098,Asha Joshi,52,F,0
4192,2098,Pradeep Desai,43,M,0
4193,2099,Ramesh Yadav,48,M,0
4194,2099,Nithin Naik,49,M,0
4195,2100,Basavaraj Kulkarni,22,M,0
4196,2100,Abhishek Yadav,65,M,0
4197,2101,Prakash Desai,57,M,0
4198,2101,Pradeep Gowda,36,M,0
4199,2102,Shivakumar Patil,77,M,0
4200,2102,Shivakumar Sharma,66,M,0
4201,2102,Divya Yadav,41,F,0
4202,2103,Prakash Shetty,19,M,0
4203,2103,Sangeetha Sharma,50,F,0
4204,2104,Suresh Hegde,23,T,0
4205,2104,Shivakumar Hiremath,21,M,0
4206,2104,Puneeth Kulkarni,57,M,0
4207,2105,Basavaraj Gowda,77,M,0
4208,2105,Swathi Reddy,77,F,0
4209,2106,Ramya Kulkarni,66,F,0
4210,2106,Suresh Kumar,52,M,0
4211,2106,Asha Naik,39,F,0
4212,2107,Rashmi Hiremath,22,F,0
4213,2107,Asha Rao,71,F,0
4214,2107,Geetha Yadav,32,F,0
4215,2108,Sudeep Desai,43,M,0
4216,2108,Vinay Hegde,46,M,0
4217,2109,Divya Hegde,43,F,0
4218,2110,Manjunath Hiremath,50,M,0
4219,2110,Rashmi Singh,20,F,0
4220,2110,Nithin Kulkarni,69,M,0
4221,2111,Suma Kumar,33,F,0
4222,2111,Suresh Gowda,66,M,0
4223,2111,Abhishek Rao,31,M,0
4224,2112,Darshan Hegde,64,M,0
4225,2113,Vijay Yadav,59,M,0
4226,2113,Santosh Kumar,31,M,0
4227,2114,Kiran Desai,34,M,0
4228,2115,Asha Desai,68,F,0
4229,2116,Shruthi Desai,31,F,0
4230,2116,Sunil Singh,68,M,0
4231,2116,Nithin Sharma,50,M,0
4232,2117,Sudeep Reddy,67,M,0
4233,2117,Vijay Hiremath,67,M,0
4234,2117,Swathi Hiremath,22,F,0
4235,2118,Sangeetha Sharma,47,F,0
4236,2118,Sudeep Yadav,56,M,0
4237,2119,Pooja Yadav,46,F,0
4238,2119,Pradeep Bhat,55,M,0
4239,2119,Bhagya Patil,46,F,0
4240,2120,Santosh Singh,78,M,0
4241,2120,Karthik Joshi,60,M,0
4242,2120,Rakesh Reddy,42,M,0
4243,2121,Vinay Shetty,54,M,0
4244,2122,Manjunath Kulkarni,57,M,0
4245,2122,Ramya Sharma,42,F,0
4246,2122,Suma Singh,38,F,0
4247,2123,Suresh Kumar,65,M,0
4248,2123,Sudeep Rao,79,M,0
4249,2123,Ramesh Reddy,56,M,0
4250,2124,Shivakumar Yadav,70,M,0
4251,2125,Rakesh Yadav,69,M,0
4252,2125,Rashmi Patil,45,F,0
4253,2126,Pooja Desai,72,F,0
4254,2126,Shilpa Shetty,63,F,0
4255,2127,Swathi Sharma,63,F,0
4256,2128,Sudeep Sharma,68,M,0
4257,2128,Basavaraj Yadav,26,M,0
4258,2128,Sunil Sharma,18,M,0
4259,2129,Darshan Hiremath,26,M,0
4260,2129,Arun Gowda,30,M,0
4261,2130,Santosh Reddy,49,M,0
4262,2130,Sudeep Kumar,48,M,0
4263,2131,Shruthi Hegde,52,F,0
4264,2131,Sudeep Rao,39,M,0
4265,2132,Sangeetha Kulkarni,39,F,0
4266,2132,Vijay Desai,32,M,0
4267,2133,Karthik Bhat,40,M,0
4268,2134,Suresh Kumar,73,M,0
4269,2134,Nithin Sharma,53,M,0
4270,2134,Abhishek Sharma,42,M,0
4271,2135,Manjunath Yadav,66,M,0
4272,2135,Suma Rao,47,F,0
4273,2135,Pooja Gowda,60,F,0
4274,2136,Sunil Gowda,53,M,0
4275,2136,Vijay Singh,41,M,0
4276,2137,Darshan Sharma,64,M,0
4277,2137,Bhagya Singh,70,F,0
4278,2137,Divya Patil,61,F,0
4279,2138,Rekha Shetty,53,F,0
4280,2138,Prakash Rao,49,M,0
4281,2139,Manjunath Hegde,52,M,0
4282,2140,Shivakumar Yadav,41,M,0
4283,2140,Shilpa Patil,32,F,0
4284,2140,Swathi Hegde,35,F,0
4285,2141,Shilpa Shetty,80,F,0
4286,2141,Sangeetha Gowda,60,F,0
4287,2141,Puneeth Hegde,21,M,0
4288,2142,Anil Reddy,34,M,0
4289,2142,Karthik Sharma,38,M,0
4290,2143,Kavya Desai,29,F,0
4291,2143,Rekha Sharma,39,F,0
4292,2144,Mahesh Singh,48,M,0
4293,2145,Prakash Hegde,33,M,0
4294,2145,Kiran Patil,65,M,0
4295,2145,Shilpa Joshi,37,F,0
4296,2146,Ramya Singh,44,F,0
4297,2146,Pooja Kumar,41,F,0
4298,2146,Suma Reddy,59,F,0
4299,2147,Asha Rao,54,F,0
4300,2147,Ramesh Singh,78,M,0
4301,2147,Bhagya Kulkarni,21,F,0
4302,2148,Sahana Singh,30,F,0
4303,2149,Sangeetha Naik,55,F,0
4304,2149,Shilpa Rao,40,F,0
4305,2149,Suma Kulkarni,44,F,0
4306,2150,Manjunath Gowda,48,M,0
4307,2151,Mahesh Sharma,40,M,0
4308,2151,Prakash Yadav,58,M,0
4309,2151,Anil Desai,30,T,0
4310,2152,Suma Yadav,53,F,0
4311,2152,Kavya Shetty,46,T,0
4312,2152,Anusha Singh,56,F,0
4313,2153,Ramesh Kumar,35,M,0
4314,2153,Sudeep Joshi,21,M,0
4315,2154,Anusha Hegde,45,F,0
4316,2154,Sahana Shetty,47,F,0
4317,2155,Geetha Patil,33,F,0
4318,2155,Santosh Yadav,34,M,0
4319,2156,Geetha Joshi,43,F,0
4320,2157,Suresh Rao,70,M,0
4321,2157,Santosh Singh,45,M,0
4322,2158,Vijay Rao,29,M,0
4323,2158,Suresh Shetty,31,M,0
4324,2158,Basavaraj Naik,30,M,0
4325,2159,Shilpa Patil,34,T,0
4326,2160,Abhishek Shetty,42,M,0
4327,2161,Mahesh Kulkarni,78,M,0
4328,2161,Rekha Rao,35,F,0
4329,2161,Karthik Shetty,73,M,0
4330,2162,Prakash Hegde,57,M,0
4331,2162,Mahesh Rao,70,M,0
4332,2163,Vinay Rao,49,M,0
4333,2163,Abhishek Reddy,53,M,0
4334,2163,Meghana Joshi,58,F,0
4335,2164,Sunil Bhat,36,M,0
4336,2165,Shivakumar Joshi,60,M,0
4337,2165,Anusha Gowda,57,F,0
4338,2165,Suresh Shetty,63,M,0
4339,2166,Manjunath Rao,57,M,0
4340,2166,Arun Desai,71,M,0
4341,2166,Sangeetha Joshi,67,F,0
4342,2167,Darshan Yadav,38,M,0
4343,2167,Santosh Hiremath,44,M,0
4344,2168,Roopa Hegde,19,F,0
4345,2169,Shivakumar Bhat,30,M,0
4346,2169,Rashmi Bhat,31,F,0
4347,2170,Rashmi Kulkarni,55,F,0
4348,2171,Suresh Naik,53,M,0
4349,2172,Pooja Kulkarni,71,T,0
4350,2173,Pradeep Patil,65,M,0
4351,2174,Prakash Naik,33,M,0
4352,2174,Shruthi Kulkarni,57,F,0
4353,2175,Rekha Sharma,51,F,0
4354,2175,Rashmi Patil,48,F,0
4355,2176,Sudeep Hiremath,38,M,0
4356,2177,Pradeep Sharma,78,M,0
4357,2178,Sangeetha Yadav,26,F,0
4358,2179,Abhishek Kumar,52,M,0
4359,2180,Asha Hiremath,43,F,0
4360,2180,Puneeth Yadav,41,M,0
4361,2181,Sahana Shetty,37,F,0
4362,2181,Ramya Patil,60,F,0
4363,2181,Anusha Hegde,35,F,0
4364,2182,Meghana Singh,54,F,0
4365,2183,Nithin Joshi,63,M,0
4366,2183,Santosh Patil,60,M,0
4367,2184,Sunil Desai,21,M,0
4368,2184,Kiran Sharma,43,M,0
4369,2184,Basavaraj Reddy,29,M,0
4370,2185,Suma Gowda,20,F,0
4371,2185,Abhishek Shetty,55,M,0
4372,2186,Rashmi Yadav,59,F,0
4373,2186,Sangeetha Hegde,46,F,0
4374,2186,Shilpa Joshi,64,F,0
4375,2187,Pooja Yadav,54,F,0
4376,2187,Sudeep Naik,42,M,0
4377,2187,Puneeth Gowda,35,M,0
4378,2188,Shruthi Sharma,52,F,0
4379,2188,Karthik Singh,50,M,0
4380,2189,Arun Singh,22,M,0
4381,2190,Kiran Yadav,55,M,0
4382,2190,Mahesh Shetty,45,M,0
4383,2191,Arun Gowda,59,M,0
4384,2191,Anusha Hegde,61,F,0
4385,2191,Ramesh Bhat,77,M,0
4386,2192,Rekha Joshi,43,F,0
4387,2193,Asha Gowda,38,F,0
4388,2193,Bhagya Naik,32,F,0
4389,2194,Basavaraj Shetty,59,M,0
4390,2194,Vinay Kumar,47,M,0
4391,2194,Prakash Joshi,36,M,0
4392,2195,Bhagya Patil,77,F,0
4393,2196,Pooja Yadav,22,F,0
4394,2196,Asha Hegde,32,F,0
4395,2196,Sangeetha Joshi,74,F,0
4396,2197,Shilpa Desai,47,F,0
4397,2197,Manjunath Rao,21,M,0
4398,2198,Vinay Gowda,43,M,0
4399,2199,Sahana Rao,80,F,0
4400,2200,Pooja Rao,21,F,0
4401,2201,Suresh Gowda,60,M,0
4402,2201,Arun Naik,36,M,0
4403,2201,Pradeep Shetty,39,M,0
4404,2202,Shruthi Bhat,57,T,0
4405,2203,Darshan Kumar,20,M,0
4406,2204,Swathi Reddy,48,F,0
4407,2204,Darshan Kulkarni,48,M,0
4408,2205,Basavaraj Bhat,45,M,0
4409,2205,Ramesh Hiremath,53,M,0
4410,2205,Nithin Kulkarni,35,M,0
4411,2206,Rashmi Patil,63,F,0
4412,2207,Ramya Sharma,38,F,0
4413,2207,Sudeep Yadav,23,M,0
4414,2208,Pradeep Hiremath,32,M,0
4415,2209,Shilpa Singh,74,F,0
4416,2210,Rakesh Joshi,18,M,0
4417,2210,Basavaraj Reddy,26,M,0
4418,2210,Nithin Sharma,74,M,0
4419,2211,Rashmi Hiremath,32,F,0
4420,2212,Rekha Rao,45,F,0
4421,2212,Asha Kumar,19,F,0
4422,2213,Ramesh Bhat,57,M,0
4423,2213,Santosh Kulkarni,39,M,0
4424,2214,Kiran Kulkarni,31,M,0
4425,2214,Pradeep Gowda,80,M,0
4426,2215,Shruthi Sharma,72,T,0
4427,2215,Divya Gowda,48,F,0
4428,2215,Kiran Hiremath,37,M,0
4429,2216,Basavaraj Naik,73,M,0
4430,2216,Anil Reddy,54,M,0
4431,2217,Kiran Yadav,49,M,0
4432,2218,Karthik Shetty,72,M,0
4433,2218,Geetha Singh,66,F,0
4434,2218,Suresh Rao,76,M,0
4435,2219,Anil Rao,47,M,0
4436,2219,Suresh Shetty,64,M,0
4437,2219,Rashmi Hegde,68,F,0
4438,2220,Anil Shetty,22,M,0
4439,2220,Rashmi Gowda,23,F,0
4440,2220,Nithin Shetty,73,M,0
4441,2221,Roopa Kulkarni,64,F,0
4442,2221,Karthik Kumar,49,M,0
4443,2221,Shilpa Reddy,26,F,0
4444,2222,Kavya Shetty,63,F,0
4445,2223,Rashmi Reddy,69,F,0
4446,2223,Pradeep Hiremath,20,M,0
4447,2223,Asha Hegde,46,F,0
4448,2224,Shruthi Hegde,33,F,0
4449,2224,Manjunath Hegde,49,M,0
4450,2224,Shruthi Hiremath,30,T,0
4451,2225,Suma Singh,64,F,1
4452,2225,Pooja Patil,50,F,0
4453,2226,Basavaraj Kulkarni,71,M,0
4454,2226,Basavaraj Sharma,36,M,0
4455,2226,Sudeep Hiremath,75,M,0
4456,2227,Karthik Joshi,50,M,0
4457,2227,Bhagya Rao,47,F,0
4458,2227,Abhishek Naik,20,M,0
4459,2228,Roopa Reddy,32,F,0
4460,2228,Bhagya Yadav,67,F,0
4461,2228,Suma Kumar,39,F,0
4462,2229,Santosh Shetty,37,M,0
4463,2230,Suresh Reddy,36,M,0
4464,2230,Santosh Sharma,50,M,0
4465,2231,Vinay Naik,53,M,0
4466,2231,Kavya Shetty,45,F,0
4467,2231,Pooja Joshi,50,F,0
4468,2232,Sudeep Kulkarni,48,M,0
4469,2232,Santosh Hegde,29,M,0
4470,2232,Kiran Kumar,64,M,0
4471,2233,Sunil Joshi,65,M,0
4472,2233,Arun Hegde,31,M,0
4473,2234,Mahesh Shetty,66,M,0
4474,2234,Shivakumar Reddy,58,M,0
4475,2235,Santosh Sharma,22,M,0
4476,2235,Prakash Kulkarni,20,M,0
4477,2236,Rashmi Gowda,41,F,0
4478,2236,Mahesh Patil,47,M,0
4479,2236,Rakesh Shetty,44,M,0
4480,2237,Meghana Gowda,22,F,0
4481,2237,Arun Kulkarni,20,M,0
4482,2238,Manjunath Kumar,57,M,0
4483,2238,Divya Singh,48,F,0
4484,2239,Darshan Hiremath,27,M,0
4485,2239,Geetha Kulkarni,37,F,0
4486,2240,Roopa Bhat,70,F,0
4487,2240,Pooja Rao,66,F,0
4488,2241,Kavya Rao,48,F,0
4489,2241,Sudeep Naik,26,M,0
4490,2242,Sangeetha Gowda,45,F,0
4491,2242,Vinay Kulkarni,63,M,0
4492,2243,Rakesh Kumar,54,M,0
4493,2244,Mahesh Yadav,72,M,0
4494,2244,Sudeep Naik,25,M,0
4495,2244,Ramesh Patil,33,M,0
4496,2245,Rashmi Yadav,33,F,0
4497,2245,Sudeep Patil,49,M,0
4498,2245,Meghana Shetty,71,F,0
4499,2246,Roopa Kumar,21,F,0
4500,2247,Rakesh Gowda,48,M,0
4501,2247,Sunil Reddy,44,M,0
4502,2247,Shivakumar Bhat,22,M,0
4503,2248,Ramya Gowda,19,F,0
4504,2248,Suresh Bhat,68,M,0
4505,2249,Vinay Desai,31,M,0
4506,2250,Abhishek Gowda,74,M,0
4507,2250,Sudeep Gowda,66,M,0
4508,2250,Arun Gowda,37,M,0
4509,2251,Rashmi Hiremath,48,F,0
4510,2252,Sudeep Kulkarni,52,M,0
4511,2252,Anil Gowda,52,M,0
4512,2252,Vijay Shetty,49,M,0
4513,2253,Pradeep Rao,19,M,0
4514,2254,Karthik Hiremath,54,M,0
4515,2254,Prakash Reddy,78,M,0
4516,2254,Roopa Joshi,20,F,0
4517,2255,Prakash Yadav,63,M,0
4518,2255,Meghana Patil,23,F,0
4519,2256,Suresh Rao,73,M,0
4520,2256,Basavaraj Joshi,64,M,0
4521,2257,Pradeep Bhat,45,M,0
4522,2257,Swathi Singh,59,F,0
4523,2258,Sahana Reddy,25,F,0
4524,2258,Shruthi Patil,73,F,0
4525,2259,Bhagya Gowda,33,F,0
4526,2260,Shivakumar Hegde,67,M,0
4527,2260,Kiran Sharma,62,M,0
4528,2260,Arun Kulkarni,21,M,0
4529,2261,Shivakumar Naik,78,M,0
4530,2261,Bhagya Naik,33,F,0
4531,2261,Shivakumar Sharma,31,M,0
4532,2262,Pradeep Sharma,38,M,0
4533,2263,Darshan Patil,79,M,0
4534,2264,Shilpa Naik,71,F,1
4535,2264,Ramya Gowda,76,T,0
4536,2265,Manjunath Naik,34,T,0
4537,2266,Prakash Shetty,58,M,0
4538,2266,Divya Kulkarni,18,F,0
4539,2266,Anil Rao,75,M,0
4540,2267,Anusha Naik,57,F,0
4541,2267,Vinay Shetty,46,M,0
4542,2267,Ramya Sharma,24,F,0
4543,2268,Bhagya Kumar,41,F,0
4544,2268,Karthik Kumar,74,M,0
4545,2269,Manjunath Gowda,45,M,0
4546,2270,Karthik Shetty,30,T,0
4547,2270,Kiran Gowda,53,M,0
4548,2270,Ramesh Gowda,51,M,0
4549,2271,Rashmi Gowda,54,F,0
4550,2271,Sahana Kumar,58,F,0
4551,2271,Vijay Yadav,26,M,0
4552,2272,Manjunath Yadav,53,M,1
4553,2272,Manjunath Kumar,54,M,0
4554,2273,Rekha Yadav,35,F,0
4555,2274,Sudeep Rao,68,M,0
4556,2274,Kiran Singh,40,M,0
4557,2275,Swathi Joshi,33,F,0
4558,2275,Darshan Gowda,29,M,0
4559,2276,Karthik Gowda,66,M,0
4560,2277,Geetha Shetty,44,F,0
4561,2277,Puneeth Kumar,47,M,0
4562,2277,Bhagya Yadav,49,F,0
4563,2278,Manjunath Gowda,34,M,0
4564,2278,Ramya Kumar,32,F,0
4565,2278,Bhagya Hiremath,36,F,0
4566,2279,Mahesh Joshi,30,M,0
4567,2279,Sunil Kulkarni,46,M,0
4568,2279,Abhishek Shetty,52,M,0
4569,2280,Vijay Naik,43,M,0
4570,2281,Shilpa Yadav,27,F,0
4571,2282,Sudeep Gowda,38,M,0
4572,2282,Mahesh Kulkarni,40,M,0
4573,2283,Darshan Bhat,30,M,0
4574,2283,Rekha Bhat,20,F,0
4575,2284,Puneeth Naik,43,M,0
4576,2284,Pradeep Naik,46,M,0
4577,2284,Shilpa Rao,79,F,0
4578,2285,Suresh Reddy,23,M,0
4579,2285,Kiran Rao,57,M,0
4580,2285,Arun Reddy,58,M,0
4581,2286,Sangeetha Shetty,39,F,0
4582,2286,Suresh Shetty,54,M,0
4583,2286,Vijay Naik,57,M,0
4584,2287,Nithin Kulkarni,41,M,0
4585,2287,Rakesh Naik,36,M,0
4586,2287,Rekha Singh,42,F,0
4587,2288,Nithin Sharma,73,M,0
4588,2288,Vijay Desai,61,M,0
4589,2289,Pradeep Shetty,20,M,0
4590,2289,Ramesh Reddy,41,M,0
4591,2290,Rekha Shetty,49,F,0
4592,2291,Darshan Joshi,25,M,0
4593,2292,Vinay Hiremath,74,M,0
4594,2292,Asha Desai,42,F,0
4595,2293,Geetha Kulkarni,25,F,0
4596,2293,Ramesh Desai,52,M,0
4597,2293,Kiran Sharma,67,M,0
4598,2294,Mahesh Gowda,77,M,0
4599,2295,Ramya Naik,26,F,0
4600,2295,Abhishek Hiremath,62,M,0
4601,2295,Ramesh Shetty,66,M,0
4602,2296,Suresh Sharma,39,M,0
4603,2296,Anusha Bhat,51,F,0
4604,2297,Nithin Yadav,31,M,0
4605,2297,Pooja Rao,27,F,0
4606,2298,Kiran Joshi,51,M,0
4607,2298,Rakesh Desai,56,M,0
4608,2298,Sangeetha Rao,37,F,0
4609,2299,Shruthi Naik,24,F,0
4610,2299,Rekha Kulkarni,76,F,0
4611,2299,Suresh Hegde,61,M,0
4612,2300,Kiran Patil,37,M,0
4613,2300,Kavya Hiremath,44,F,0
4614,2300,Pooja Kumar,39,F,0
4615,2301,Pradeep Hiremath,47,M,0
4616,2301,Ramesh Singh,36,M,0
4617,2301,Darshan Reddy,47,M,0
4618,2302,Vinay Desai,33,M,0
4619,2302,Shivakumar Gowda,39,M,0
4620,2302,Rakesh Naik,76,M,0
4621,2303,Suma Gowda,70,F,0
4622,2304,Kiran Joshi,23,M,0
4623,2304,Puneeth Naik,55,M,0
4624,2305,Sudeep Rao,59,M,0
4625,2305,Vinay Joshi,60,M,0
4626,2306,Prakash Bhat,58,M,0
4627,2306,Shivakumar Rao,57,M,0
4628,2306,Shivakumar Patil,51,M,0
4629,2307,Nithin Sharma,60,M,1
4630,2307,Rakesh Hegde,59,M,0
4631,2308,Nithin Sharma,35,M,0
4632,2308,Abhishek Naik,76,M,0
4633,2309,Bhagya Kumar,22,F,0
4634,2309,Karthik Reddy,62,M,0
4635,2310,Rakesh Hiremath,50,M,0
4636,2311,Rashmi Hegde,68,F,0
4637,2311,Arun Desai,57,M,0
4638,2311,Anusha Kumar,76,F,0
4639,2312,Vijay Bhat,39,M,0
4640,2312,Mahesh Shetty,30,M,0
4641,2313,Vinay Naik,61,M,0
4642,2313,Sudeep Yadav,19,M,0
4643,2313,Sunil Sharma,25,M,0
4644,2314,Santosh Naik,56,M,0
4645,2314,Shilpa Sharma,36,T,0
4646,2315,Sunil Sharma,21,M,0
4647,2315,Bhagya Sharma,79,F,0
4648,2316,Darshan Rao,46,M,0
4649,2316,Bhagya Rao,77,F,0
4650,2316,Anusha Reddy,19,F,0
4651,2317,Rekha Kumar,33,T,0
4652,2318,Karthik Yadav,74,M,0
4653,2318,Santosh Joshi,53,M,0
4654,2318,Asha Hegde,30,F,0
4655,2319,Basavaraj Naik,31,M,0
4656,2319,Anusha Desai,50,F,0
4657,2320,Rakesh Gowda,43,M,0
4658,2320,Meghana Sharma,47,F,0
4659,2320,Anil Rao,55,M,0
4660,2321,Geetha Naik,27,F,0
4661,2321,Mahesh Kulkarni,42,M,0
4662,2322,Shivakumar Hegde,61,M,0
4663,2322,Prakash Patil,71,M,0
4664,2322,Sudeep Shetty,38,M,0
4665,2323,Mahesh Yadav,30,M,0
4666,2323,Mahesh Kulkarni,65,M,1
4667,2323,Pradeep Gowda,43,M,0
4668,2324,Darshan Singh,37,M,0
4669,2324,Geetha Hiremath,46,F,0
4670,2324,Manjunath Gowda,24,M,0
4671,2325,Rakesh Reddy,52,M,0
4672,2325,Sahana Shetty,69,F,0
4673,2325,Abhishek Singh,24,M,0
4674,2326,Pooja Hiremath,36,F,0
4675,2327,Meghana Patil,68,F,0
4676,2327,Suresh Yadav,47,M,0
4677,2328,Rashmi Bhat,51,F,0
4678,2328,Ramya Singh,56,F,0
4679,2329,Arun Naik,49,M,0
4680,2329,Shruthi Hegde,58,F,0
4681,2330,Arun Rao,58,M,0
4682,2330,Puneeth Kulkarni,53,M,0
4683,2330,Nithin Patil,39,M,0
4684,2331,Asha Desai,57,F,0
4685,2331,Geetha Kumar,33,F,0
4686,2332,Asha Bhat,35,F,0
4687,2333,Mahesh Desai,61,T,0
4688,2333,Geetha Yadav,80,F,0
4689,2333,Pradeep Gowda,25,M,0
4690,2334,Sunil Kumar,52,M,0
4691,2335,Meghana Singh,28,F,0
4692,2335,Karthik Hiremath,30,M,0
4693,2335,Shilpa Yadav,39,F,0
4694,2336,Mahesh Hegde,78,M,0
4695,2337,Mahesh Desai,51,M,0
4696,2338,Shruthi Joshi,70,F,0
4697,2338,Swathi Kulkarni,49,F,0
4698,2339,Sudeep Kumar,36,M,0
4699,2339,Abhishek Desai,61,M,0
4700,2339,Abhishek Singh,20,M,0
4701,2340,Roopa Reddy,58,F,0
4702,2341,Geetha Bhat,78,F,0
4703,2342,Swathi Gowda,48,F,0
4704,2343,Darshan Shetty,67,M,0
4705,2343,Kavya Patil,59,F,0
4706,2343,Ramya Hegde,42,F,1
4707,2344,Ramesh Gowda,71,M,0
4708,2344,Nithin Kumar,23,M,0
4709,2345,Mahesh Yadav,34,M,0
4710,2346,Anil Gowda,24,M,0
4711,2347,Sahana Gowda,29,F,0
4712,2347,Rashmi Shetty,27,F,0
4713,2348,Shivakumar Joshi,28,M,0
4714,2348,Roopa Joshi,18,F,0
4715,2348,Suma Patil,75,F,0
4716,2349,Mahesh Joshi,77,M,0
4717,2349,Karthik Singh,32,M,0
4718,2350,Pradeep Kulkarni,46,M,0
4719,2351,Ramya Reddy,45,F,0
4720,2352,Rakesh Yadav,52,M,0
4721,2352,Arun Hiremath,37,M,0
4722,2353,Abhishek Yadav,22,M,0
4723,2353,Anusha Hiremath,37,F,0
4724,2353,Rashmi Patil,62,F,0
4725,2354,Sunil Hegde,65,M,0
4726,2354,Swathi Naik,37,F,0
4727,2354,Roopa Patil,21,F,0
4728,2355,Rashmi Kumar,39,F,0
4729,2355,Abhishek Desai,56,M,0
4730,2355,Rashmi Singh,31,F,0
4731,2356,Kiran Hiremath,18,M,0
4732,2356,Vijay Reddy,48,M,0
4733,2357,Basavaraj Hiremath,62,M,0
4734,2357,Abhishek Yadav,53,M,0
4735,2357,Shivakumar Hiremath,58,M,0
4736,2358,Anil Kumar,80,M,0
4737,2359,Santosh Singh,43,M,0
4738,2359,Swathi Kulkarni,72,F,1
4739,2359,Manjunath Hegde,48,M,0
4740,2360,Arun Hegde,24,M,0
4741,2360,Anil Shetty,33,M,0
4742,2361,Sahana Patil,36,F,0
4743,2361,Suresh Patil,18,M,0
4744,2362,Shivakumar Yadav,56,M,0
4745,2362,Anusha Naik,53,F,0
4746,2362,Santosh Rao,21,M,0
4747,2363,Suma Reddy,18,F,0
4748,2363,Abhishek Bhat,76,M,0
4749,2364,Bhagya Singh,34,F,0
4750,2365,Prakash Naik,43,M,0
4751,2365,Shruthi Yadav,65,F,0
4752,2366,Sudeep Shetty,41,M,0
4753,2367,Prakash Kumar,29,M,0
4754,2367,Vinay Reddy,79,M,0
4755,2368,Bhagya Shetty,63,F,0
4756,2368,Anusha Rao,35,F,0
4757,2368,Mahesh Sharma,63,M,0
4758,2369,Anusha Hegde,56,F,0
4759,2370,Puneeth Hiremath,30,M,0
4760,2370,Darshan Hiremath,35,M,0
4761,2370,Vinay Reddy,38,M,0
4762,2371,Divya Singh,36,F,0
4763,2371,Pooja Reddy,52,F,0
4764,2372,Manjunath Naik,46,M,0
4765,2373,Santosh Hiremath,40,M,0
4766,2374,Anil Singh,58,M,0
4767,2374,Nithin Rao,26,M,0
4768,2374,Kavya Shetty,77,F,0
4769,2375,Sangeetha Bhat,48,F,0
4770,2375,Bhagya Naik,79,F,0
4771,2376,Suma Shetty,31,F,0
4772,2376,Manjunath Kulkarni,56,M,0
4773,2377,Vinay Joshi,76,M,0
4774,2377,Ramesh Hegde,69,M,0
4775,2378,Anusha Bhat,42,F,0
4776,2378,Divya Bhat,25,F,0
4777,2379,Manjunath Kumar,36,M,0
4778,2379,Mahesh Desai,39,M,0
4779,2380,Asha Joshi,57,F,0
4780,2381,Asha Hegde,35,F,0
4781,2381,Divya Desai,49,F,0
4782,2382,Sahana Gowda,49,F,0
4783,2382,Karthik Rao,18,M,0
4784,2383,Pooja Kulkarni,44,F,0
4785,2384,Suma Sharma,73,F,0
4786,2384,Anusha Yadav,40,F,0
4787,2384,Manjunath Reddy,63,M,0
4788,2385,Roopa Desai,32,F,0
4789,2385,Geetha Naik,59,F,0
4790,2386,Manjunath Shetty,48,M,0
4791,2387,Sahana Rao,36,T,0
4792,2387,Darshan Reddy,50,M,0
4793,2388,Roopa Bhat,49,F,0
4794,2388,Swathi Desai,45,F,0
4795,2389,Vinay Bhat,42,M,0
4796,2389,Ramesh Patil,49,M,0
4797,2390,Ramya Rao,37,F,0
4798,2390,Sudeep Shetty,60,M,0
4799,2391,Karthik Sharma,64,M,0
4800,2391,Rashmi Sharma,45,F,0
4801,2391,Sahana Joshi,59,F,0
4802,2392,Santosh Reddy,42,M,0
4803,2392,Suresh Reddy,58,M,0
4804,2392,Ramesh Kulkarni,30,M,0
4805,2393,Abhishek Sharma,67,M,0
4806,2394,Rekha Hegde,31,F,0
4807,2394,Sahana Hiremath,39,F,0
4808,2395,Arun Reddy,53,M,0
4809,2396,Anil Rao,36,M,0
4810,2396,Prakash Sharma,30,M,0
4811,2397,Darshan Sharma,41,M,0
4812,2397,Puneeth Patil,19,M,0
4813,2397,Basavaraj Naik,45,M,0
4814,2398,Ramesh Singh,39,M,0
4815,2398,Santosh Reddy,40,M,0
4816,2398,Sudeep Yadav,54,M,0
4817,2399,Mahesh Kumar,30,M,0
4818,2399,Meghana Shetty,46,F,0
4819,2399,Mahesh Kumar,50,M,0
4820,2400,Nithin Joshi,31,M,0
4821,2400,Shilpa Sharma,37,F,0
4822,2400,Prakash Hegde,44,M,0
4823,2401,Vinay Joshi,27,M,0
4824,2401,Vinay Patil,24,M,0
4825,2401,Nithin Patil,62,M,0
4826,2402,Bhagya Joshi,30,F,0
4827,2403,Sunil Patil,58,M,0
4828,2403,Pradeep Desai,66,M,0
4829,2403,Santosh Bhat,38,M,0
4830,2404,Asha Yadav,35,F,0
4831,2405,Santosh Yadav,46,M,0
4832,2406,Suresh Hiremath,60,M,0
4833,2406,Prakash Reddy,55,M,0
4834,2407,Prakash Gowda,51,M,0
4835,2407,Ramesh Hiremath,18,M,0
4836,2407,Anusha Hiremath,21,F,0
4837,2408,Anil Yadav,40,M,0
4838,2409,Rashmi Joshi,58,F,0
4839,2410,Prakash Singh,52,M,0
4840,2411,Vinay Yadav,80,M,0
4841,2412,Nithin Patil,27,M,0
4842,2412,Ramya Kulkarni,74,F,0
4843,2412,Meghana Kulkarni,76,F,0
4844,2413,Pradeep Sharma,57,M,0
4845,2414,Ramya Reddy,31,F,0
4846,2415,Karthik Patil,76,M,0
4847,2416,Abhishek Singh,66,M,0
4848,2416,Karthik Reddy,51,M,0
4849,2416,Santosh Patil,35,M,0
4850,2417,Pradeep Yadav,64,M,0
4851,2418,Santosh Hiremath,33,M,0
4852,2419,Sunil Gowda,37,M,0
4853,2419,Ramesh Gowda,58,M,0
4854,2419,Roopa Kulkarni,30,F,0
4855,2420,Mahesh Gowda,36,M,0
4856,2421,Kiran Patil,59,M,0
4857,2421,Swathi Gowda,59,F,0
4858,2422,Ramesh Sharma,37,M,0
4859,2422,Sahana Bhat,73,F,0
4860,2423,Darshan Bhat,71,M,0
4861,2423,Suma Rao,62,F,0
4862,2424,Geetha Patil,41,F,0
4863,2425,Manjunath Naik,28,M,0
4864,2425,Basavaraj Patil,46,M,0
4865,2425,Geetha Shetty,48,F,0
4866,2426,Sudeep Kulkarni,47,M,0
4867,2427,Abhishek Singh,20,M,0
4868,2427,Puneeth Sharma,34,M,0
4869,2427,Divya Reddy,45,F,0
4870,2428,Vijay Yadav,54,M,0
4871,2429,Anusha Desai,38,F,0
4872,2430,Pooja Naik,58,F,0
4873,2431,Anil Reddy,57,M,0
4874,2431,Anusha Rao,38,F,0
4875,2432,Asha Shetty,50,F,0
4876,2432,Sahana Shetty,43,F,0
4877,2433,Ramya Gowda,21,F,0
4878,2433,Prakash Yadav,25,M,0
4879,2434,Puneeth Yadav,42,M,0
4880,2434,Kavya Patil,38,F,0
4881,2434,Puneeth Kulkarni,57,M,0
4882,2435,Santosh Shetty,48,M,0
4883,2435,Rakesh Rao,56,M,0
4884,2436,Ramesh Reddy,63,M,0
4885,2437,Suresh Bhat,26,M,0
4886,2438,Prakash Kulkarni,58,M,0
4887,2438,Rekha Kumar,51,F,0
4888,2439,Sudeep Desai,55,M,0
4889,2439,Santosh Yadav,42,M,0
4890,2440,Anusha Kumar,76,F,0
4891,2440,Basavaraj Naik,30,M,0
4892,2440,Manjunath Hiremath,54,M,0
4893,2441,Shruthi Hiremath,42,F,0
4894,2441,Mahesh Yadav,69,M,0
4895,2442,Abhishek Sharma,18,M,0
4896,2442,Sangeetha Hegde,37,F,0
4897,2443,Anil Reddy,37,M,0
4898,2443,Darshan Desai,54,M,0
4899,2444,Arun Reddy,44,M,0
4900,2444,Ramesh Reddy,20,M,0
4901,2444,Abhishek Hegde,40,M,0
4902,2445,Manjunath Gowda,34,M,0
4903,2445,Vinay Yadav,45,M,0
4904,2445,Karthik Rao,31,M,0
4905,2446,Vinay Shetty,52,M,0
4906,2446,Shivakumar Singh,39,M,0
4907,2447,Sudeep Joshi,23,M,0
4908,2447,Suma Kulkarni,70,F,0
4909,2448,Puneeth Sharma,63,M,0
4910,2449,Sangeetha Reddy,60,F,0
4911,2450,Ramesh Singh,58,M,0
4912,2450,Darshan Sharma,35,M,0
4913,2451,Arun Patil,47,M,0
4914,2452,Asha Joshi,40,F,0
4915,2452,Suresh Joshi,34,M,0
4916,2453,Pooja Hegde,52,F,0
4917,2453,Sudeep Gowda,54,M,0
4918,2454,Asha Yadav,35,F,1
4919,2454,Anusha Kulkarni,54,F,0
4920,2455,Divya Bhat,68,F,0
4921,2455,Pooja Sharma,28,F,0
4922,2456,Rakesh Naik,48,M,0
4923,2456,Arun Naik,39,M,1
4924,2456,Ramesh Yadav,51,M,1
4925,2457,Nithin Kulkarni,58,M,0
4926,2457,Basavaraj Sharma,36,M,0
4927,2458,Sudeep Patil,22,M,0
4928,2459,Rakesh Bhat,33,M,0
4929,2459,Divya Shetty,77,F,0
4930,2460,Pradeep Patil,24,M,0
4931,2460,Suresh Patil,79,M,0
4932,2461,Kiran Shetty,30,M,0
4933,2461,Sunil Sharma,62,M,0
4934,2462,Kiran Shetty,51,M,0
4935,2462,Shivakumar Bhat,33,M,0
4936,2462,Vinay Yadav,55,M,0
4937,2463,Anil Singh,19,M,0
4938,2463,Sudeep Sharma,78,M,0
4939,2464,Shivakumar Hegde,48,M,0
4940,2464,Prakash Joshi,48,M,0
4941,2464,Vinay Bhat,41,M,0
4942,2465,Suresh Bhat,44,M,0
4943,2466,Divya Hiremath,71,F,0
4944,2466,Sahana Hegde,33,F,0
4945,2466,Rashmi Patil,42,F,0
4946,2467,Arun Rao,47,M,0
4947,2468,Ramya Rao,21,F,0
4948,2468,Basavaraj Reddy,70,M,0
4949,2469,Divya Kulkarni,50,F,0
4950,2469,Vinay Kulkarni,32,M,0
4951,2470,Pradeep Reddy,35,M,0
4952,2470,Ramya Hiremath,55,F,0
4953,2471,Ramesh Reddy,66,M,0
4954,2471,Sunil Naik,35,M,0
4955,2471,Sahana Bhat,26,F,0
4956,2472,Anusha Hegde,42,F,0
4957,2472,Kavya Gowda,47,F,0
4958,2473,Manjunath Patil,46,M,0
4959,2473,Pradeep Hegde,61,M,0
4960,2473,Suresh Desai,26,M,0
4961,2474,Rekha Kumar,80,F,0
4962,2475,Sahana Desai,29,F,0
4963,2475,Pradeep Yadav,18,M,0
4964,2475,Vinay Kumar,27,M,0
4965,2476,Anil Patil,29,M,0
4966,2477,Arun Rao,38,M,0
4967,2477,Ramya Gowda,50,F,0
4968,2478,Vijay Joshi,47,M,0
4969,2478,Shruthi Desai,35,F,0
4970,2479,Santosh Singh,50,M,0
4971,2479,Ramesh Joshi,28,M,0
4972,2480,Mahesh Naik,32,M,0
4973,2480,Sahana Desai,37,T,0
4974,2481,Anil Rao,41,M,0
4975,2481,Shivakumar Yadav,57,M,0
4976,2481,Pradeep Hiremath,60,M,0
4977,2482,Bhagya Desai,58,F,0
4978,2482,Suma Patil,30,F,1
4979,2483,Nithin Naik,52,M,0
4980,2483,Vijay Gowda,46,M,0
4981,2483,Shivakumar Kumar,70,M,0
4982,2484,Geetha Sharma,19,F,0
4983,2484,Vijay Kulkarni,75,M,0
4984,2485,Ramesh Reddy,33,M,0
4985,2485,Nithin Sharma,58,M,1
4986,2485,Kavya Patil,55,F,0
4987,2486,Swathi Naik,40,F,0
4988,2486,Pradeep Reddy,59,M,0
4989,2487,Anil Hegde,64,M,0
4990,2487,Basavaraj Joshi,48,M,0
4991,2488,Pooja Joshi,60,F,0
4992,2488,Shivakumar Gowda,76,M,0
4993,2488,Rakesh Gowda,18,M,0
4994,2489,Pradeep Gowda,24,M,0
4995,2489,Roopa Kulkarni,78,F,0
4996,2490,Manjunath Hegde,53,M,0
4997,2490,Sahana Bhat,70,F,0
4998,2491,Vinay Shetty,20,M,0
4999,2492,Sahana Bhat,43,F,0
5000,2492,Puneeth Singh,41,M,0
5001,2493,Anil Yadav,55,M,0
5002,2493,Santosh Naik,31,M,0
5003,2493,Shivakumar Kumar,34,M,0
5004,2494,Kiran Reddy,25,M,0
5005,2494,Suresh Singh,65,M,0
5006,2494,Kavya Gowda,66,F,0
5007,2495,Shilpa Singh,57,F,0
5008,2495,Vijay Gowda,32,M,0
5009,2496,Santosh Naik,23,M,0
5010,2496,Darshan Bhat,19,M,0
5011,2497,Anil Bhat,57,M,0
5012,2497,Sangeetha Gowda,35,F,0
5013,2497,Shruthi Desai,31,F,0
5014,2498,Mahesh Shetty,41,M,0
5015,2498,Arun Bhat,74,M,0
5016,2499,Asha Joshi,51,F,0
5017,2499,Puneeth Bhat,44,M,0
5018,2499,Shruthi Singh,56,F,0
5019,2500,Shruthi Desai,38,F,0
5020,2500,Sudeep Rao,42,T,0
5021,2500,Rakesh Joshi,60,M,0
5022,2501,Roopa Gowda,61,F,0
5023,2501,Roopa Kumar,34,F,0
5024,2502,Rekha Gowda,70,F,0
5025,2502,Basavaraj Singh,60,M,0
5026,2502,Roopa Rao,20,F,0
5027,2503,Suma Yadav,57,F,0
5028,2504,Geetha Yadav,44,F,0
5029,2505,Ramesh Shetty,66,M,0
5030,2505,Pradeep Naik,78,M,0
5031,2506,Vinay Hiremath,38,M,0
5032,2506,Kiran Reddy,30,M,0
5033,2507,Meghana Reddy,74,F,0
5034,2507,Karthik Yadav,42,M,0
5035,2507,Suresh Hiremath,80,M,0
5036,2508,Puneeth Sharma,19,M,0
5037,2508,Sunil Hiremath,40,M,0
5038,2508,Suresh Patil,41,M,0
5039,2509,Shivakumar Hiremath,75,M,0
5040,2509,Basavaraj Shetty,36,M,0
5041,2510,Shivakumar Hegde,50,M,0
5042,2510,Santosh Hiremath,38,M,0
5043,2511,Shruthi Kulkarni,46,F,0
5044,2511,Nithin Gowda,42,M,0
5045,2511,Meghana Hiremath,34,F,0
5046,2512,Geetha Sharma,28,F,0
5047,2513,Kiran Singh,24,M,0
5048,2513,Divya Gowda,21,F,0
5049,2513,Mahesh Hiremath,37,M,0
5050,2514,Puneeth Bhat,46,M,0
5051,2514,Abhishek Shetty,32,M,0
5052,2514,Darshan Patil,57,M,0
5053,2515,Sudeep Bhat,59,M,0
5054,2515,Divya Yadav,45,F,0
5055,2515,Vinay Shetty,31,M,0
5056,2516,Ramya Bhat,52,F,0
5057,2517,Karthik Joshi,63,M,0
5058,2517,Rashmi Singh,29,F,0
5059,2517,Prakash Desai,52,M,0
5060,2518,Nithin Hiremath,41,M,0
5061,2518,Rakesh Joshi,49,M,0
5062,2518,Kiran Naik,60,T,0
5063,2519,Rakesh Desai,74,M,0
5064,2520,Asha Patil,42,F,0
5065,2520,Vijay Patil,59,M,0
5066,2520,Rakesh Shetty,43,M,0
5067,2521,Rakesh Joshi,26,M,0
5068,2521,Asha Kulkarni,29,F,0
5069,2522,Roopa Reddy,77,F,0
5070,2523,Anusha Naik,27,F,0
5071,2524,Puneeth Gowda,73,M,0
5072,2524,Vinay Gowda,70,M,0
5073,2524,Kiran Patil,61,M,0
5074,2525,Puneeth Hiremath,52,M,0
5075,2525,Bhagya Desai,44,F,0
5076,2526,Abhishek Joshi,51,M,0
5077,2526,Karthik Kumar,56,M,0
5078,2527,Swathi Desai,67,F,0
5079,2528,Puneeth Yadav,67,M,0
5080,2529,Shilpa Gowda,30,F,0
5081,2529,Prakash Sharma,50,M,0
5082,2529,Anil Reddy,47,M,0
5083,2530,Anusha Sharma,22,F,0
5084,2531,Karthik Kulkarni,37,M,0
5085,2531,Ramesh Shetty,43,M,0
5086,2531,Shruthi Yadav,44,F,0
5087,2532,Sahana Reddy,41,F,0
5088,2533,Rashmi Sharma,42,F,0
5089,2533,Shilpa Reddy,45,F,0
5090,2534,Nithin Bhat,45,M,0
5091,2534,Ramesh Kulkarni,37,M,0
5092,2535,Sangeetha Naik,49,F,0
5093,2536,Rakesh Rao,45,M,0
5094,2537,Roopa Hegde,25,F,0
5095,2538,Rakesh Reddy,36,M,0
5096,2539,Sunil Rao,48,M,0
5097,2539,Shruthi Reddy,42,F,0
5098,2540,Prakash Naik,22,M,0
5099,2540,Sudeep Yadav,49,M,0
5100,2540,Sunil Joshi,22,M,0
5101,2541,Puneeth Reddy,40,M,0
5102,2541,Anil Bhat,46,M,0
5103,2541,Arun Reddy,33,M,0
5104,2542,Darshan Hegde,44,M,0
5105,2542,Mahesh Rao,56,T,0
5106,2543,Manjunath Gowda,64,M,0
5107,2543,Prakash Sharma,38,M,0
5108,2543,Rakesh Hiremath,74,M,0
5109,2544,Sudeep Desai,36,M,0
5110,2544,Karthik Yadav,25,M,0
5111,2545,Sudeep Singh,48,M,0
5112,2546,Suresh Bhat,47,M,0
5113,2546,Santosh Gowda,75,M,0
5114,2546,Rashmi Hiremath,74,F,0
5115,2547,Mahesh Kumar,31,M,0
5116,2548,Arun Kulkarni,66,M,0
5117,2549,Sunil Naik,67,M,0
5118,2550,Rekha Patil,47,F,0
5119,2551,Prakash Naik,60,M,0
5120,2551,Pooja Joshi,62,F,0
5121,2551,Nithin Hiremath,79,M,0
5122,2552,Basavaraj Desai,25,M,0
5123,2553,Arun Singh,77,M,0
5124,2553,Pooja Naik,57,F,0
5125,2553,Vijay Patil,65,M,0
5126,2554,Anusha Shetty,62,F,0
5127,2554,Roopa Reddy,53,F,0
5128,2555,Bhagya Hegde,50,F,0
5129,2556,Santosh Joshi,22,T,0
5130,2557,Basavaraj Hiremath,46,M,0
5131,2557,Pradeep Desai,44,M,0
5132,2557,Puneeth Rao,55,M,0
5133,2558,Prakash Kulkarni,42,M,0
5134,2559,Santosh Singh,35,M,0
5135,2560,Nithin Singh,18,M,0
5136,2560,Sahana Gowda,45,F,0
5137,2560,Abhishek Kumar,51,M,0
5138,2561,Arun Reddy,40,M,0
5139,2562,Roopa Shetty,44,F,0
5140,2562,Prakash Naik,29,M,0
5141,2563,Bhagya Reddy,63,F,0
5142,2563,Anil Sharma,24,M,0
5143,2563,Anil Patil,24,M,0
5144,2564,Suresh Yadav,55,M,0
5145,2564,Sudeep Patil,25,M,0
5146,2565,Santosh Desai,47,M,0
5147,2565,Divya Patil,37,F,0
5148,2566,Shilpa Gowda,57,F,0
5149,2567,Anil Reddy,32,M,0
5150,2567,Darshan Singh,54,M,0
5151,2568,Nithin Rao,51,M,0
5152,2568,Abhishek Shetty,43,M,0
5153,2568,Sangeetha Gowda,34,F,0
5154,2569,Anil Naik,25,M,0
5155,2569,Bhagya Patil,21,F,0
5156,2570,Anil Sharma,67,M,0
5157,2571,Pooja Kumar,48,F,0
5158,2571,Karthik Kulkarni,68,M,0
5159,2571,Shruthi Desai,26,F,0
5160,2572,Pradeep Reddy,71,M,0
5161,2573,Basavaraj Shetty,38,M,0
5162,2574,Sangeetha Singh,29,F,0
5163,2574,Mahesh Hegde,60,M,1
5164,2574,Shivakumar Gowda,56,M,0
5165,2575,Pooja Naik,26,F,0
5166,2576,Sunil Naik,44,M,0
5167,2576,Swathi Joshi,64,F,0
5168,2577,Asha Reddy,20,F,0
5169,2577,Rekha Joshi,77,F,0
5170,2577,Geetha Naik,52,F,0
5171,2578,Basavaraj Naik,40,M,0
5172,2578,Sunil Reddy,43,M,0
5173,2578,Puneeth Singh,59,M,0
5174,2579,Vijay Kulkarni,67,M,0
5175,2579,Shilpa Singh,57,F,0
5176,2579,Vinay Patil,30,M,0
5177,2580,Manjunath Kulkarni,36,M,0
5178,2581,Manjunath Singh,80,M,0
5179,2582,Vinay Kulkarni,22,M,0
5180,2582,Bhagya Yadav,69,F,0
5181,2582,Shruthi Desai,26,T,0
5182,2583,Santosh Gowda,21,M,0
5183,2583,Prakash Reddy,43,M,0
5184,2584,Anil Gowda,50,M,0
5185,2584,Mahesh Hiremath,18,M,0
5186,2584,Rekha Naik,76,F,0
5187,2585,Rakesh Shetty,26,M,0
5188,2585,Basavaraj Hegde,58,M,0
5189,2586,Kiran Reddy,61,M,0
5190,2586,Prakash Patil,19,M,0
5191,2587,Sunil Hegde,25,M,0
5192,2587,Pooja Patil,80,F,0
5193,2587,Kiran Reddy,31,M,0
5194,2588,Asha Shetty,53,F,0
5195,2588,Mahesh Shetty,41,M,0
5196,2589,Pradeep Kumar,41,M,0
5197,2590,Darshan Hegde,75,M,0
5198,2591,Suresh Joshi,43,M,0
5199,2591,Meghana Bhat,46,F,0
5200,2592,Puneeth Patil,53,M,0
5201,2593,Kiran Hiremath,68,M,0
5202,2593,Geetha Gowda,58,F,0
5203,2594,Puneeth Sharma,77,M,0
5204,2594,Suma Naik,75,F,0
5205,2595,Asha Joshi,32,T,0
5206,2596,Kiran Naik,73,T,0
5207,2596,Sunil Kumar,51,M,0
5208,2596,Asha Rao,56,F,0
5209,2597,Santosh Bhat,39,M,0
5210,2597,Sahana Kumar,43,F,0
5211,2597,Sangeetha Shetty,47,F,0
5212,2598,Puneeth Shetty,77,M,0
5213,2598,Vijay Kumar,29,M,0
5214,2598,Anil Kulkarni,18,M,0
5215,2599,Vijay Hiremath,59,M,0
5216,2599,Rashmi Hegde,51,F,0
5217,2600,Shivakumar Singh,23,M,0
5218,2601,Basavaraj Bhat,35,M,0
5219,2602,Pooja Hegde,50,F,0
5220,2602,Karthik Hegde,60,M,0
5221,2603,Manjunath Patil,37,M,0
5222,2603,Suma Patil,51,F,0
5223,2604,Kiran Hiremath,29,M,0
5224,2604,Santosh Naik,65,M,0
5225,2605,Sangeetha Singh,43,F,0
5226,2605,Shivakumar Hegde,45,M,0
5227,2605,Meghana Desai,52,F,0
5228,2606,Suresh Kumar,41,M,0
5229,2607,Abhishek Kulkarni,26,M,0
5230,2607,Kiran Gowda,35,M,0
5231,2608,Basavaraj Reddy,75,M,0
5232,2609,Nithin Gowda,34,M,0
5233,2609,Arun Kumar,67,M,0
5234,2610,Shivakumar Shetty,23,M,0
5235,2610,Pooja Yadav,62,F,0
5236,2610,Nithin Kumar,29,M,0
5237,2611,Suma Naik,40,F,0
5238,2612,Abhishek Patil,57,M,0
5239,2612,Kiran Hegde,39,M,0
5240,2613,Sahana Desai,26,F,0
5241,2613,Darshan Hegde,73,M,0
5242,2614,Sangeetha Rao,22,F,0
5243,2614,Vijay Gowda,18,M,0
5244,2614,Ramesh Hegde,80,M,0
5245,2615,Prakash Bhat,56,M,0
5246,2615,Sudeep Joshi,57,M,0
5247,2615,Shilpa Sharma,34,F,0
5248,2616,Vinay Hiremath,59,M,0
5249,2617,Karthik Yadav,29,M,0
5250,2617,Pradeep Joshi,19,M,0
5251,2618,Anusha Sharma,48,F,0
5252,2619,Darshan Hiremath,39,M,1
5253,2619,Divya Shetty,65,F,0
5254,2620,Kiran Patil,50,M,0
5255,2620,Meghana Bhat,35,F,0
5256,2620,Arun Reddy,47,M,0
5257,2621,Manjunath Singh,26,M,0
5258,2621,Vijay Naik,62,M,0
5259,2622,Basavaraj Patil,35,M,0
5260,2622,Manjunath Sharma,54,M,0
5261,2623,Sunil Naik,18,M,0
5262,2624,Anusha Yadav,41,F,0
5263,2624,Meghana Desai,41,F,0
5264,2624,Rashmi Rao,42,F,0
5265,2625,Puneeth Sharma,59,M,0
5266,2625,Nithin Bhat,59,M,0
5267,2626,Sunil Hiremath,77,M,0
5268,2626,Ramesh Shetty,78,M,0
5269,2627,Basavaraj Reddy,60,M,0
5270,2627,Sunil Gowda,35,M,0
5271,2627,Arun Naik,26,M,0
5272,2628,Puneeth Shetty,74,M,0
5273,2629,Rakesh Rao,21,M,0
5274,2629,Sangeetha Bhat,80,F,0
5275,2630,Karthik Bhat,25,M,0
5276,2630,Darshan Desai,54,M,0
5277,2631,Santosh Reddy,39,M,0
5278,2631,Swathi Reddy,41,F,0
5279,2631,Shivakumar Joshi,66,M,0
5280,2632,Mahesh Desai,57,M,0
5281,2632,Rekha Joshi,33,F,0
5282,2632,Karthik Joshi,61,M,0
5283,2633,Kiran Patil,41,M,0
5284,2633,Geetha Bhat,77,F,0
5285,2634,Rashmi Kulkarni,52,F,0
5286,2634,Nithin Hegde,79,M,0
5287,2635,Pooja Shetty,53,F,0
5288,2635,Manjunath Hiremath,43,M,0
5289,2635,Prakash Reddy,52,M,0
5290,2636,Ramesh Kumar,43,M,0
5291,2637,Puneeth Hiremath,36,M,0
5292,2637,Rekha Hegde,56,F,0
5293,2637,Sangeetha Kumar,57,F,0
5294,2638,Arun Singh,70,M,0
5295,2639,Puneeth Hegde,56,M,0
5296,2639,Suresh Sharma,41,T,0
5297,2639,Vijay Yadav,45,M,0
5298,2640,Asha Bhat,46,F,0
5299,2640,Ramesh Hiremath,37,M,0
5300,2640,Bhagya Singh,20,F,0
5301,2641,Vijay Hegde,35,M,0
5302,2641,Swathi Rao,29,F,0
5303,2641,Shruthi Yadav,67,F,0
5304,2642,Suresh Rao,41,M,0
5305,2642,Anil Yadav,36,M,0
5306,2642,Rekha Hegde,47,F,0
5307,2643,Vijay Reddy,68,M,0
5308,2643,Karthik Naik,66,M,0
5309,2644,Mahesh Shetty,49,M,0
5310,2644,Karthik Bhat,27,M,0
5311,2644,Karthik Singh,27,M,0
5312,2645,Anil Gowda,51,M,0
5313,2645,Swathi Desai,19,F,0
5314,2645,Rakesh Gowda,41,M,0
5315,2646,Arun Kulkarni,30,M,0
5316,2647,Shivakumar Gowda,34,M,0
5317,2647,Bhagya Reddy,53,F,0
5318,2647,Pooja Bhat,79,F,0
5319,2648,Kiran Hegde,30,M,0
5320,2648,Bhagya Reddy,72,F,0
5321,2648,Rekha Hiremath,34,F,0
5322,2649,Shruthi Bhat,25,F,0
5323,2649,Darshan Kumar,35,M,0
5324,2649,Karthik Singh,63,M,0
5325,2650,Asha Patil,71,F,0
5326,2650,Roopa Joshi,67,T,0
5327,2650,Pradeep Singh,79,M,0
5328,2651,Pradeep Singh,25,M,0
5329,2652,Ramesh Desai,44,M,0
5330,2652,Vinay Singh,27,M,0
5331,2652,Meghana Gowda,55,F,0
5332,2653,Sudeep Gowda,74,M,0
5333,2653,Nithin Bhat,56,M,0
5334,2653,Ramesh Kulkarni,40,M,0
5335,2654,Anil Shetty,47,M,0
5336,2654,Bhagya Hegde,61,F,0
5337,2654,Arun Desai,59,M,0
5338,2655,Darshan Kulkarni,35,M,0
5339,2655,Sahana Kumar,42,F,0
5340,2656,Santosh Joshi,55,M,0
5341,2656,Sudeep Bhat,41,M,0
5342,2657,Ramya Yadav,62,T,0
5343,2658,Karthik Reddy,76,M,0
5344,2659,Anil Singh,41,M,0
5345,2660,Pradeep Kulkarni,49,M,0
5346,2660,Rekha Joshi,57,F,0
5347,2660,Anil Singh,27,M,0
5348,2661,Prakash Hegde,20,M,0
5349,2661,Divya Hegde,57,F,0
5350,2661,Geetha Singh,23,F,0
5351,2662,Ramya Singh,56,F,0
5352,2663,Roopa Shetty,26,F,0
5353,2663,Ramya Desai,70,F,0
5354,2664,Roopa Yadav,37,F,0
5355,2665,Sudeep Singh,26,M,0
5356,2665,Suma Yadav,66,F,0
5357,2666,Roopa Kulkarni,70,F,0
5358,2666,Prakash Reddy,41,M,0
5359,2667,Rekha Bhat,34,F,0
5360,2667,Kiran Hiremath,25,M,0
5361,2668,Basavaraj Gowda,36,M,0
5362,2668,Vijay Bhat,79,M,0
5363,2668,Meghana Desai,19,F,0
5364,2669,Rakesh Singh,47,M,0
5365,2669,Suresh Hiremath,44,M,0
5366,2670,Sangeetha Patil,29,F,0
5367,2670,Vijay Bhat,23,M,0
5368,2670,Santosh Bhat,32,M,0
5369,2671,Shruthi Sharma,34,F,0
5370,2672,Swathi Kulkarni,57,F,0
5371,2672,Sahana Rao,68,F,0
5372,2673,Karthik Patil,47,T,0
5373,2673,Suresh Shetty,32,M,0
5374,2674,Roopa Naik,42,F,0
5375,2674,Rakesh Naik,47,M,0
5376,2674,Bhagya Hegde,46,F,0
5377,2675,Kavya Reddy,19,F,0
5378,2675,Karthik Yadav,79,M,0
5379,2676,Nithin Hiremath,75,M,0
5380,2677,Asha Shetty,22,F,0
5381,2677,Ramesh Naik,78,M,0
5382,2678,Kiran Patil,58,M,0
5383,2678,Anusha Naik,49,F,0
5384,2679,Prakash Hiremath,51,M,0
5385,2679,Anusha Rao,41,F,0
5386,2679,Anusha Naik,52,F,0
5387,2680,Sahana Yadav,29,F,0
5388,2680,Abhishek Sharma,41,M,0
5389,2680,Arun Singh,65,M,0
5390,2681,Shruthi Reddy,35,F,0
5391,2682,Sangeetha Shetty,38,F,0
5392,2683,Sudeep Patil,31,M,0
5393,2684,Vinay Gowda,36,M,0
5394,2684,Mahesh Joshi,40,M,0
5395,2685,Sudeep Sharma,54,M,0
5396,2685,Arun Kulkarni,30,M,0
5397,2685,Darshan Joshi,24,M,0
5398,2686,Arun Shetty,43,M,0
5399,2686,Vijay Singh,32,M,0
5400,2687,Ramya Kulkarni,43,F,0
5401,2687,Mahesh Hegde,38,M,0
5402,2687,Karthik Sharma,54,M,0
5403,2688,Manjunath Hegde,38,M,0
5404,2689,Sangeetha Shetty,69,F,0
5405,2690,Suresh Yadav,26,M,0
5406,2690,Anil Gowda,69,M,0
5407,2691,Nithin Kumar,55,M,0
5408,2691,Sangeetha Hiremath,34,F,0
5409,2691,Manjunath Reddy,77,M,0
5410,2692,Kavya Desai,32,F,0
5411,2692,Prakash Bhat,58,M,0
5412,2692,Pooja Rao,54,F,0
5413,2693,Sunil Bhat,46,M,0
5414,2694,Ramesh Hegde,75,M,0
5415,2694,Vijay Singh,40,M,0
5416,2695,Kiran Yadav,34,M,0
5417,2695,Nithin Joshi,29,M,0
5418,2695,Pradeep Naik,67,M,0
5419,2696,Nithin Shetty,73,M,0
5420,2697,Santosh Hegde,43,M,0
5421,2698,Shivakumar Bhat,77,M,0
5422,2698,Puneeth Kulkarni,50,M,0
5423,2698,Divya Bhat,32,F,0
5424,2699,Santosh Kulkarni,47,M,0
5425,2700,Kiran Yadav,22,M,0
5426,2701,Kavya Hegde,18,T,0
5427,2701,Ramesh Reddy,57,M,0
5428,2701,Basavaraj Kulkarni,46,M,0
5429,2702,Puneeth Joshi,18,M,0
5430,2702,Kiran Yadav,53,M,0
5431,2703,Bhagya Kumar,34,F,0
5432,2703,Arun Bhat,56,M,0
5433,2704,Bhagya Shetty,42,F,0
5434,2705,Swathi Sharma,20,F,0
5435,2705,Rekha Yadav,29,F,0
5436,2706,Manjunath Bhat,53,M,0
5437,2706,Bhagya Rao,52,F,0
5438,2706,Karthik Kumar,23,M,0
5439,2707,Roopa Shetty,60,F,0
5440,2707,Basavaraj Sharma,28,M,0
5441,2707,Abhishek Joshi,47,M,0
5442,2708,Mahesh Sharma,79,M,0
5443,2708,Sudeep Kumar,34,M,0
5444,2709,Sunil Patil,67,M,0
5445,2709,Manjunath Shetty,64,M,0
5446,2710,Darshan Hegde,21,M,0
5447,2710,Nithin Reddy,48,M,0
5448,2711,Suma Shetty,30,F,0
5449,2711,Darshan Singh,78,M,0
5450,2712,Vinay Bhat,42,M,0
5451,2712,Sudeep Patil,48,M,0
5452,2712,Basavaraj Desai,46,M,0
5453,2713,Santosh Bhat,22,M,0
5454,2713,Basavaraj Gowda,53,M,0
5455,2713,Divya Yadav,70,F,0
5456,2714,Darshan Desai,74,M,0
5457,2714,Pooja Hiremath,68,F,0
5458,2714,Rekha Shetty,74,F,0
5459,2715,Suresh Hegde,57,M,0
5460,2716,Shivakumar Gowda,25,M,0
5461,2717,Puneeth Patil,37,M,0
5462,2717,Anil Yadav,70,M,0
5463,2717,Rashmi Desai,24,F,0
5464,2718,Anil Yadav,53,M,0
5465,2719,Basavaraj Naik,44,M,0
5466,2720,Nithin Desai,55,T,0
5467,2720,Rekha Yadav,70,F,0
5468,2720,Prakash Desai,77,M,0
5469,2721,Asha Desai,54,F,0
5470,2722,Pooja Reddy,56,F,0
5471,2723,Shilpa Yadav,64,F,0
5472,2724,Mahesh Reddy,35,M,0
5473,2724,Shilpa Yadav,53,F,0
5474,2724,Suresh Naik,45,M,0
5475,2725,Karthik Bhat,46,M,0
5476,2725,Mahesh Kumar,60,M,0
5477,2725,Anil Singh,79,M,0
5478,2726,Rakesh Reddy,74,M,0
5479,2726,Shivakumar Rao,21,M,0
5480,2726,Sunil Reddy,77,M,0
5481,2727,Bhagya Shetty,40,F,0
5482,2728,Prakash Shetty,30,M,0
5483,2728,Santosh Shetty,65,M,0
5484,2728,Sudeep Reddy,72,T,0
5485,2729,Meghana Hiremath,51,F,0
5486,2729,Santosh Sharma,68,M,0
5487,2729,Vijay Bhat,37,M,0
5488,2730,Abhishek Desai,79,M,0
5489,2730,Asha Singh,67,F,0
5490,2730,Sahana Singh,24,F,0
5491,2731,Pooja Bhat,38,F,0
5492,2731,Karthik Shetty,31,T,0
5493,2732,Basavaraj Yadav,60,M,0
5494,2733,Arun Bhat,46,M,0
5495,2733,Sunil Reddy,44,M,0
5496,2733,Prakash Sharma,71,M,0
5497,2734,Prakash Desai,59,M,0
5498,2735,Kavya Singh,33,F,0
5499,2735,Shivakumar Bhat,60,M,0
5500,2735,Rashmi Gowda,55,T,0
5501,2736,Asha Singh,34,T,0
5502,2737,Geetha Hiremath,56,F,1
5503,2737,Kiran Reddy,18,M,0
5504,2737,Divya Rao,64,F,0
5505,2738,Divya Patil,28,F,0
5506,2738,Roopa Hiremath,18,F,0
5507,2739,Karthik Yadav,38,M,0
5508,2739,Prakash Patil,43,M,0
5509,2739,Karthik Desai,26,M,0
5510,2740,Rashmi Sharma,18,F,0
5511,2741,Suresh Joshi,62,M,0
5512,2741,Puneeth Kumar,64,M,0
5513,2741,Asha Joshi,47,F,0
5514,2742,Anusha Kulkarni,36,F,0
5515,2742,Sudeep Rao,23,M,0
5516,2742,Swathi Sharma,20,F,0
5517,2743,Rashmi Naik,49,F,0
5518,2743,Pradeep Singh,25,M,0
5519,2744,Kiran Yadav,50,M,0
5520,2744,Ramya Bhat,32,F,0
5521,2745,Basavaraj Hiremath,42,M,0
5522,2745,Nithin Desai,58,M,0
5523,2746,Kiran Desai,48,M,0
5524,2747,Kavya Joshi,29,F,0
5525,2747,Geetha Bhat,65,F,0
5526,2747,Suresh Yadav,73,M,0
5527,2748,Shilpa Singh,55,F,0
5528,2749,Santosh Sharma,52,M,0
5529,2749,Pooja Singh,78,F,0
5530,2749,Divya Patil,65,F,0
5531,2750,Meghana Desai,77,F,0
5532,2750,Suresh Patil,24,M,0
5533,2751,Meghana Rao,49,F,0
5534,2752,Suma Kulkarni,35,F,0
5535,2753,Sudeep Sharma,63,M,0
5536,2753,Darshan Sharma,35,M,0
5537,2754,Swathi Sharma,43,F,0
5538,2754,Meghana Naik,47,F,0
5539,2754,Arun Yadav,36,M,0
5540,2755,Asha Gowda,33,F,0
5541,2755,Santosh Kumar,68,M,0
5542,2756,Vinay Bhat,65,M,0
5543,2756,Vinay Hiremath,22,M,0
5544,2757,Swathi Hiremath,65,F,0
5545,2757,Vijay Desai,19,M,0
5546,2757,Swathi Hiremath,70,F,0
5547,2758,Suma Kulkarni,39,F,0
5548,2758,Pradeep Shetty,79,M,0
5549,2758,Karthik Reddy,47,M,0
5550,2759,Sudeep Patil,63,M,0
5551,2759,Sunil Singh,34,M,0
5552,2760,Divya Yadav,62,F,0
5553,2761,Asha Gowda,28,F,0
5554,2761,Puneeth Bhat,79,M,0
5555,2761,Darshan Rao,51,M,0
5556,2762,Sangeetha Kumar,50,F,0
5557,2762,Asha Hegde,53,F,0
5558,2763,Bhagya Rao,57,F,0
5559,2763,Nithin Rao,35,M,0
5560,2763,Karthik Shetty,63,M,0
5561,2764,Pradeep Naik,79,M,0
5562,2765,Rekha Rao,27,F,0
5563,2765,Roopa Rao,68,F,0
5564,2766,Puneeth Shetty,63,M,0
5565,2766,Puneeth Bhat,45,M,0
5566,2766,Karthik Kulkarni,69,M,0
5567,2767,Vijay Reddy,33,M,0
5568,2767,Shruthi Hegde,48,F,0
5569,2768,Geetha Hegde,38,F,0
5570,2768,Divya Kumar,28,F,1
5571,2769,Ramya Singh,26,F,0
5572,2769,Rakesh Hegde,68,M,0
5573,2769,Santosh Naik,58,M,0
5574,2770,Prakash Hiremath,50,M,0
5575,2771,Kiran Yadav,49,M,0
5576,2772,Divya Shetty,38,F,0
5577,2772,Santosh Kumar,61,M,0
5578,2773,Prakash Desai,50,M,0
5579,2773,Basavaraj Singh,43,M,0
5580,2774,Rashmi Desai,47,F,0
5581,2775,Ramesh Bhat,66,M,0
5582,2775,Abhishek Joshi,64,M,0
5583,2776,Rekha Patil,53,F,0
5584,2776,Darshan Hegde,53,M,0
5585,2777,Shivakumar Patil,41,M,0
5586,2778,Rekha Hiremath,46,F,0
5587,2779,Karthik Reddy,32,M,0
5588,2780,Santosh Gowda,29,M,0
5589,2781,Suresh Shetty,50,M,0
5590,2781,Karthik Patil,40,M,0
5591,2781,Abhishek Shetty,28,M,0
5592,2782,Puneeth Hegde,69,M,0
5593,2783,Swathi Reddy,74,F,0
5594,2783,Rekha Desai,32,F,0
5595,2784,Abhishek Kulkarni,28,M,0
5596,2784,Santosh Sharma,46,M,0
5597,2784,Basavaraj Sharma,44,M,0
5598,2785,Vijay Patil,48,M,0
5599,2786,Meghana Naik,50,F,0
5600,2786,Shilpa Shetty,66,F,0
5601,2787,Kiran Sharma,26,M,0
5602,2788,Karthik Sharma,29,M,0
5603,2789,Anil Hiremath,24,T,0
5604,2789,Meghana Shetty,64,F,0
5605,2789,Meghana Desai,34,F,0
5606,2790,Sudeep Shetty,55,M,0
5607,2790,Sudeep Sharma,38,M,0
5608,2791,Vijay Kumar,25,M,0
5609,2792,Suresh Naik,38,M,0
5610,2793,Manjunath Rao,60,M,0
5611,2793,Shruthi Hiremath,54,F,0
5612,2794,Pooja Bhat,58,F,0
5613,2794,Geetha Desai,47,F,0
5614,2795,Meghana Sharma,21,F,0
5615,2795,Mahesh Joshi,18,M,0
5616,2795,Nithin Gowda,57,M,0
5617,2796,Manjunath Singh,53,M,0
5618,2797,Abhishek Hiremath,57,M,0
5619,2797,Bhagya Bhat,51,F,0
5620,2798,Shivakumar Desai,42,M,0
5621,2798,Rakesh Naik,61,M,0
5622,2799,Divya Singh,36,F,0
5623,2799,Anusha Hegde,30,F,0
5624,2799,Shruthi Yadav,45,F,0
5625,2800,Kavya Bhat,38,F,0
5626,2800,Rekha Yadav,48,F,0
5627,2801,Shilpa Naik,19,F,0
5628,2801,Meghana Naik,76,F,0
5629,2801,Suma Singh,63,F,0
5630,2802,Vijay Hegde,57,M,0
5631,2803,Anusha Bhat,44,F,0
5632,2803,Geetha Yadav,47,F,0
5633,2804,Asha Shetty,24,F,0
5634,2804,Darshan Yadav,68,M,0
5635,2805,Suresh Joshi,52,M,0
5636,2805,Basavaraj Patil,32,M,0
5637,2806,Kavya Rao,21,F,0
5638,2807,Divya Sharma,62,F,0
5639,2808,Pooja Naik,80,F,0
5640,2809,Kiran Reddy,57,M,0
5641,2809,Darshan Shetty,54,M,0
5642,2810,Vijay Hegde,54,M,0
5643,2811,Pradeep Sharma,47,M,0
5644,2811,Darshan Reddy,66,M,1
5645,2811,Rekha Naik,65,T,0
5646,2812,Shivakumar Sharma,31,M,0
5647,2812,Vijay Joshi,54,M,0
5648,2812,Ramesh Shetty,50,M,0
5649,2813,Rashmi Hiremath,37,F,0
5650,2813,Kiran Naik,50,M,0
5651,2813,Shruthi Desai,38,F,0
5652,2814,Shruthi Hiremath,34,F,0
5653,2814,Nithin Rao,47,M,0
5654,2815,Karthik Kumar,61,M,0
5655,2815,Vinay Sharma,50,M,0
5656,2815,Vinay Yadav,34,M,0
5657,2816,Santosh Sharma,48,M,0
5658,2816,Arun Singh,67,M,0
5659,2816,Karthik Shetty,18,M,0
5660,2817,Basavaraj Hiremath,33,M,0
5661,2818,Santosh Rao,56,M,0
5662,2819,Prakash Desai,36,M,0
5663,2819,Mahesh Singh,64,M,0
5664,2819,Suma Gowda,26,F,0
5665,2820,Vijay Reddy,27,M,0
5666,2820,Shruthi Joshi,28,F,0
5667,2821,Nithin Sharma,30,M,0
5668,2822,Pradeep Shetty,52,M,0
5669,2823,Divya Hegde,55,F,0
5670,2823,Ramya Singh,52,F,0
5671,2823,Kavya Sharma,43,F,0
5672,2824,Arun Joshi,52,M,0
5673,2825,Suma Patil,74,F,0
5674,2825,Divya Shetty,65,F,0
5675,2826,Manjunath Bhat,51,M,0
5676,2826,Divya Yadav,51,F,0
5677,2827,Kiran Gowda,37,M,0
5678,2827,Pradeep Patil,49,T,0
5679,2827,Asha Patil,76,F,0
5680,2828,Nithin Kumar,19,M,0
5681,2828,Shivakumar Shetty,20,T,0
5682,2829,Sunil Naik,48,M,0
5683,2829,Shruthi Reddy,47,F,0
5684,2830,Kavya Hegde,80,F,0
5685,2830,Shivakumar Singh,65,M,0
5686,2830,Shilpa Patil,52,F,0
5687,2831,Divya Bhat,56,F,0
5688,2832,Darshan Kumar,54,M,0
5689,2833,Nithin Reddy,38,M,0
5690,2833,Geetha Naik,56,F,0
5691,2833,Bhagya Bhat,37,F,0
5692,2834,Abhishek Kulkarni,58,M,0
5693,2835,Meghana Joshi,76,F,0
5694,2835,Meghana Reddy,31,F,0
5695,2836,Vinay Singh,39,M,0
5696,2836,Swathi Reddy,45,F,0
5697,2836,Karthik Reddy,51,M,0
5698,2837,Shruthi Sharma,75,F,0
5699,2838,Karthik Yadav,52,M,0
5700,2838,Mahesh Hiremath,35,M,0
5701,2839,Karthik Hiremath,35,M,0
5702,2840,Rakesh Singh,29,M,0
5703,2840,Nithin Gowda,70,M,0
5704,2840,Bhagya Shetty,57,F,0
5705,2841,Santosh Joshi,39,M,0
5706,2841,Manjunath Sharma,35,M,0
5707,2841,Karthik Kulkarni,61,M,0
5708,2842,Geetha Desai,43,F,0
5709,2843,Santosh Bhat,31,M,0
5710,2843,Abhishek Shetty,27,M,0
5711,2844,Shivakumar Rao,55,M,0
5712,2844,Kiran Kumar,44,M,0
5713,2845,Anil Yadav,78,M,0
5714,2845,Pradeep Naik,50,M,0
5715,2846,Sunil Sharma,57,M,0
5716,2846,Darshan Desai,46,M,0
5717,2847,Karthik Joshi,60,M,0
5718,2848,Bhagya Joshi,79,F,0
5719,2848,Shruthi Sharma,21,F,0
5720,2849,Geetha Yadav,43,F,0
5721,2849,Sangeetha Desai,44,F,0
5722,2850,Shivakumar Kumar,77,M,0
5723,2850,Sahana Gowda,34,F,0
5724,2851,Sangeetha Shetty,59,F,0
5725,2851,Karthik Sharma,71,M,0
5726,2852,Geetha Desai,41,F,0
5727,2852,Puneeth Patil,44,M,0
5728,2853,Pradeep Bhat,75,M,0
5729,2854,Sudeep Singh,50,M,0
5730,2855,Sahana Patil,50,F,0
5731,2855,Vijay Kumar,38,M,0
5732,2856,Ramya Shetty,73,F,0
5733,2856,Ramya Singh,57,F,0
5734,2856,Swathi Shetty,70,F,1
5735,2857,Vinay Hegde,60,M,0
5736,2857,Roopa Bhat,47,F,0
5737,2858,Bhagya Naik,45,F,0
5738,2859,Pooja Joshi,37,F,0
5739,2859,Santosh Kulkarni,47,M,0
5740,2859,Anusha Bhat,39,F,0
5741,2860,Kavya Gowda,34,F,0
5742,2860,Mahesh Bhat,37,M,0
5743,2860,Rekha Singh,59,F,0
5744,2861,Ramesh Desai,76,M,0
5745,2861,Anusha Reddy,59,F,0
5746,2861,Anil Naik,68,M,0
5747,2862,Puneeth Kulkarni,36,M,0
5748,2862,Sudeep Kulkarni,30,T,0
5749,2863,Suresh Desai,70,M,0
5750,2863,Arun Bhat,53,M,0
5751,2863,Ramesh Sharma,34,M,0
5752,2864,Mahesh Desai,66,M,0
5753,2864,Abhishek Kulkarni,29,M,0
5754,2865,Karthik Reddy,43,M,0
5755,2865,Shivakumar Sharma,45,M,0
5756,2865,Basavaraj Rao,20,M,0
5757,2866,Shruthi Bhat,28,F,0
5758,2866,Arun Hegde,64,M,0
5759,2867,Shilpa Reddy,67,F,0
5760,2867,Rakesh Joshi,73,M,0
5761,2867,Shilpa Shetty,67,F,0
5762,2868,Vijay Reddy,48,M,0
5763,2868,Kiran Hiremath,20,M,0
5764,2868,Shilpa Joshi,52,F,0
5765,2869,Shivakumar Desai,58,M,0
5766,2869,Suresh Gowda,43,M,0
5767,2869,Prakash Reddy,43,M,0
5768,2870,Santosh Patil,55,M,0
5769,2870,Nithin Yadav,39,M,0
5770,2871,Mahesh Reddy,75,M,0
5771,2871,Santosh Sharma,69,M,0
5772,2872,Rashmi Sharma,35,F,0
5773,2872,Pradeep Rao,60,M,0
5774,2873,Rashmi Reddy,50,F,0
5775,2874,Nithin Patil,39,M,0
5776,2874,Mahesh Reddy,37,M,0
5777,2874,Shivakumar Reddy,27,M,0
5778,2875,Darshan Reddy,53,M,0
5779,2875,Karthik Patil,49,M,0
5780,2875,Ramya Kumar,51,F,0
5781,2876,Nithin Hegde,43,M,0
5782,2876,Prakash Yadav,65,M,0
5783,2876,Shivakumar Hiremath,31,M,0
5784,2877,Mahesh Kulkarni,32,M,0
5785,2877,Basavaraj Reddy,32,M,0
5786,2878,Basavaraj Reddy,48,M,0
5787,2879,Puneeth Gowda,27,M,0
5788,2879,Anusha Kulkarni,74,F,0
5789,2880,Abhishek Singh,56,M,0
5790,2881,Pradeep Gowda,71,M,0
5791,2881,Sudeep Naik,54,M,0
5792,2882,Vinay Sharma,18,M,0
5793,2883,Nithin Shetty,60,M,0
5794,2884,Suresh Yadav,20,M,0
5795,2884,Mahesh Naik,40,M,0
5796,2884,Divya Yadav,31,T,0
5797,2885,Arun Sharma,56,M,0
5798,2885,Ramesh Kulkarni,35,M,0
5799,2885,Anil Joshi,55,M,0
5800,2886,Pooja Yadav,55,F,0
5801,2886,Shruthi Shetty,41,F,0
5802,2887,Suma Joshi,19,F,0
5803,2887,Santosh Hegde,51,M,0
5804,2888,Ramesh Patil,46,M,0
5805,2888,Puneeth Bhat,39,M,0
5806,2889,Santosh Kulkarni,26,M,0
5807,2889,Vinay Rao,22,M,0
5808,2889,Asha Singh,49,F,0
5809,2890,Suresh Sharma,54,M,0
5810,2890,Sudeep Hiremath,53,M,0
5811,2891,Suresh Naik,38,M,0
5812,2892,Asha Yadav,32,F,0
5813,2893,Manjunath Yadav,30,M,0
5814,2894,Sudeep Rao,40,M,0
5815,2895,Karthik Reddy,21,M,0
5816,2896,Sunil Hiremath,43,M,0
5817,2896,Rashmi Singh,24,F,0
5818,2897,Roopa Rao,33,F,0
5819,2898,Pradeep Desai,62,M,0
5820,2898,Kiran Naik,28,M,0
5821,2899,Suresh Kumar,41,M,0
5822,2899,Bhagya Joshi,40,F,0
5823,2900,Ramesh Sharma,80,M,0
5824,2900,Arun Patil,53,M,0
5825,2900,Pradeep Naik,35,M,0
5826,2901,Darshan Bhat,46,M,0
5827,2901,Pooja Sharma,53,F,0
5828,2902,Kiran Shetty,34,M,0
5829,2903,Shilpa Sharma,35,F,0
5830,2904,Asha Reddy,19,F,0
5831,2904,Vijay Yadav,77,M,0
5832,2905,Asha Bhat,44,F,0
5833,2906,Vijay Kulkarni,60,M,0
5834,2906,Rashmi Rao,35,F,0
5835,2907,Rekha Singh,24,F,0
5836,2907,Meghana Desai,65,F,0
5837,2907,Sahana Desai,58,F,0
5838,2908,Sudeep Kumar,51,M,0
5839,2908,Nithin Rao,43,M,0
5840,2908,Kavya Desai,52,F,0
5841,2909,Pooja Sharma,42,F,0
5842,2909,Anusha Reddy,39,F,0
5843,2909,Vijay Desai,58,M,0
5844,2910,Ramesh Desai,59,M,0
5845,2910,Pradeep Hiremath,41,M,0
5846,2910,Kavya Reddy,68,F,0
5847,2911,Mahesh Bhat,34,M,0
5848,2912,Darshan Gowda,19,M,0
5849,2912,Suresh Bhat,59,M,0
5850,2913,Kiran Sharma,38,M,0
5851,2913,Swathi Kumar,34,F,0
5852,2914,Arun Hegde,68,M,0
5853,2914,Kiran Kulkarni,80,M,0
5854,2915,Bhagya Kulkarni,43,F,0
5855,2915,Shilpa Reddy,80,F,0
5856,2916,Pooja Kumar,62,F,0
5857,2916,Vijay Bhat,75,M,0
5858,2916,Meghana Hegde,28,F,0
5859,2917,Bhagya Desai,34,F,0
5860,2918,Suresh Shetty,75,M,0
5861,2918,Santosh Rao,21,M,0
5862,2918,Vijay Sharma,75,M,0
5863,2919,Sahana Joshi,40,F,0
5864,2920,Bhagya Sharma,33,F,0
5865,2920,Divya Shetty,63,F,0
5866,2921,Nithin Desai,76,M,0
5867,2921,Rakesh Hegde,76,M,0
5868,2922,Asha Singh,40,F,0
5869,2923,Nithin Reddy,27,M,0
5870,2924,Divya Patil,72,F,0
5871,2924,Ramesh Patil,33,M,0
5872,2925,Rakesh Bhat,49,M,0
5873,2926,Sangeetha Kulkarni,68,F,0
5874,2926,Ramesh Sharma,50,M,0
5875,2927,Rashmi Patil,53,F,0
5876,2928,Meghana Bhat,72,F,0
5877,2929,Suresh Sharma,70,M,1
5878,2929,Mahesh Reddy,77,M,0
5879,2929,Manjunath Singh,37,M,0
5880,2930,Ramya Gowda,26,F,0
5881,2930,Darshan Hegde,55,M,0
5882,2930,Kiran Rao,77,M,0
5883,2931,Santosh Shetty,30,M,0
5884,2932,Kiran Bhat,78,M,0
5885,2932,Swathi Bhat,67,F,0
5886,2933,Kiran Sharma,78,M,0
5887,2933,Pooja Bhat,33,F,0
5888,2934,Anusha Hiremath,67,F,0
5889,2935,Ramesh Naik,33,M,0
5890,2935,Anusha Reddy,45,F,0
5891,2935,Bhagya Hiremath,34,F,0
5892,2936,Suma Patil,25,F,0
5893,2936,Sahana Sharma,28,F,0
5894,2937,Darshan Hiremath,71,M,0
5895,2937,Sunil Naik,75,M,0
5896,2938,Divya Reddy,74,F,0
5897,2938,Shruthi Yadav,77,F,0
5898,2939,Asha Bhat,60,F,0
5899,2940,Abhishek Singh,71,M,0
5900,2940,Puneeth Desai,56,M,0
5901,2941,Arun Singh,30,M,0
5902,2941,Santosh Kulkarni,38,M,0
5903,2941,Shivakumar Shetty,65,M,0
5904,2942,Pradeep Rao,29,M,0
5905,2943,Nithin Singh,57,M,0
5906,2943,Suma Reddy,33,F,0
5907,2943,Mahesh Naik,31,M,0
5908,2944,Anil Reddy,30,M,0
5909,2944,Santosh Patil,30,M,0
5910,2944,Suresh Naik,43,M,0
5911,2945,Shivakumar Naik,38,M,0
5912,2945,Ramesh Reddy,32,M,0
5913,2946,Darshan Yadav,45,M,0
5914,2947,Kavya Joshi,38,F,0
5915,2947,Arun Joshi,49,M,0
5916,2947,Roopa Shetty,29,F,0
5917,2948,Basavaraj Joshi,34,M,0
5918,2948,Rakesh Reddy,22,M,0
5919,2948,Sangeetha Yadav,24,F,0
5920,2949,Pradeep Patil,78,M,0
5921,2950,Vijay Hiremath,49,M,0
5922,2951,Darshan Kumar,70,M,0
5923,2951,Kiran Shetty,48,M,0
5924,2951,Rakesh Desai,48,M,0
5925,2952,Rekha Gowda,78,F,0
5926,2952,Basavaraj Hegde,42,M,0
5927,2952,Darshan Kulkarni,26,M,0
5928,2953,Suma Gowda,74,F,0
5929,2954,Prakash Joshi,55,M,0
5930,2954,Mahesh Rao,51,M,0
5931,2954,Divya Reddy,57,F,0
5932,2955,Suma Hiremath,59,T,0
5933,2955,Nithin Kumar,27,M,0
5934,2956,Rashmi Patil,42,F,0
5935,2957,Arun Kulkarni,23,M,0
5936,2958,Bhagya Yadav,60,F,0
5937,2958,Sangeetha Rao,51,F,0
5938,2958,Ramya Reddy,46,F,0
5939,2959,Prakash Kulkarni,62,M,0
5940,2959,Shivakumar Gowda,51,M,0
5941,2959,Suma Hegde,56,F,0
5942,2960,Shilpa Hegde,41,F,0
5943,2960,Divya Kulkarni,54,F,0
5944,2960,Roopa Naik,46,F,0
5945,2961,Sahana Yadav,41,F,0
5946,2962,Karthik Gowda,45,M,0
5947,2962,Swathi Desai,60,F,0
5948,2962,Ramesh Rao,72,M,0
5949,2963,Shivakumar Naik,35,M,0
5950,2963,Sudeep Bhat,36,M,0
5951,2963,Divya Gowda,48,F,0
5952,2964,Meghana Kumar,63,F,0
5953,2964,Anil Sharma,46,M,0
5954,2964,Pooja Shetty,59,F,0
5955,2965,Nithin Gowda,60,M,0
5956,2965,Sudeep Gowda,30,M,0
5957,2966,Santosh Desai,19,M,0
5958,2966,Sunil Bhat,38,M,0
5959,2967,Swathi Gowda,30,F,0
5960,2967,Bhagya Singh,41,F,0
5961,2968,Karthik Kulkarni,50,M,0
5962,2968,Sunil Hegde,38,M,0
5963,2969,Rekha Rao,29,F,0
5964,2969,Suresh Kulkarni,30,M,0
5965,2969,Shruthi Singh,20,F,0
5966,2970,Prakash Yadav,35,M,0
5967,2971,Suresh Kumar,28,M,0
5968,2971,Shilpa Reddy,21,F,0
5969,2971,Ramya Bhat,72,F,0
5970,2972,Shruthi Kumar,34,F,0
5971,2973,Anil Hiremath,41,M,0
5972,2973,Sudeep Shetty,69,M,0
5973,2974,Pradeep Shetty,55,M,0
5974,2975,Rekha Hiremath,43,F,0
5975,2975,Pooja Singh,50,F,0
5976,2975,Basavaraj Joshi,30,M,0
5977,2976,Karthik Bhat,47,M,0
5978,2977,Shivakumar Bhat,54,M,0
5979,2978,Vinay Rao,33,M,0
5980,2978,Sudeep Joshi,45,M,0
5981,2978,Nithin Desai,38,M,0
5982,2979,Shilpa Reddy,76,F,0
5983,2979,Rekha Gowda,60,F,0
5984,2980,Abhishek Sharma,30,M,0
5985,2981,Shilpa Yadav,36,F,0
5986,2981,Bhagya Singh,58,F,0
5987,2981,Anil Gowda,79,M,0
5988,2982,Rakesh Yadav,23,M,0
5989,2983,Karthik Hiremath,69,M,0
5990,2983,Mahesh Bhat,54,M,0
5991,2983,Asha Rao,37,F,0
5992,2984,Basavaraj Yadav,39,M,0
5993,2984,Santosh Singh,54,M,0
5994,2985,Shruthi Gowda,66,F,0
5995,2985,Shivakumar Gowda,19,M,0
5996,2986,Nithin Hegde,59,M,0
5997,2987,Shivakumar Yadav,50,M,0
5998,2988,Divya Desai,40,F,0
5999,2989,Manjunath Naik,62,M,0
6000,2990,Suresh Yadav,78,M,0
6001,2990,Mahesh Rao,52,M,0
6002,2990,Divya Naik,72,F,0
6003,2991,Abhishek Desai,24,M,0
6004,2991,Arun Sharma,51,M,0
6005,2992,Prakash Shetty,57,M,0
6006,2992,Manjunath Hiremath,45,M,0
6007,2993,Pradeep Hegde,70,M,0
6008,2993,Shivakumar Joshi,43,M,0
6009,2993,Nithin Hegde,37,M,0
6010,2994,Basavaraj Bhat,28,M,0
6011,2995,Suresh Yadav,68,M,0
6012,2995,Sudeep Kulkarni,69,M,0
6013,2995,Nithin Hegde,65,M,0
6014,2996,Abhishek Reddy,36,M,0
6015,2997,Prakash Gowda,61,M,0
6016,2997,Santosh Kumar,18,M,0
6017,2998,Anil Hegde,47,M,0
6018,2998,Anusha Hegde,61,F,0
6019,2999,Puneeth Naik,24,M,0
6020,3000,Bhagya Kumar,39,F,0
6021,3001,Darshan Gowda,72,M,0
6022,3002,Rekha Hegde,19,F,0
6023,3003,Ramesh Rao,19,M,0
6024,3003,Sunil Kumar,28,M,0
6025,3003,Sahana Yadav,30,F,0
6026,3004,Puneeth Joshi,72,M,0
6027,3005,Basavaraj Hiremath,47,M,0
6028,3006,Ramesh Kumar,31,M,0
6029,3006,Geetha Kumar,24,F,0
6030,3006,Sangeetha Reddy,67,F,0
6031,3007,Darshan Joshi,31,M,0
6032,3007,Prakash Rao,45,M,0
6033,3007,Darshan Shetty,56,M,0
6034,3008,Manjunath Patil,75,M,0
6035,3008,Shivakumar Shetty,78,T,0
6036,3008,Kiran Bhat,67,M,0
6037,3009,Puneeth Naik,36,M,0
6038,3009,Pradeep Singh,79,M,0
6039,3010,Shruthi Singh,58,F,0
6040,3010,Arun Shetty,36,M,0
6041,3010,Suresh Reddy,43,M,0
6042,3011,Ramesh Shetty,40,M,0
6043,3011,Prakash Kulkarni,34,M,0
6044,3012,Vinay Reddy,72,M,0
6045,3012,Rakesh Sharma,71,M,0
6046,3012,Roopa Yadav,76,F,0
6047,3013,Darshan Kumar,61,M,0
6048,3013,Rakesh Desai,69,M,0
6049,3013,Rakesh Sharma,56,M,0
6050,3014,Suresh Bhat,26,M,0
6051,3014,Shruthi Joshi,72,F,0
6052,3015,Swathi Joshi,34,F,0
6053,3016,Meghana Hegde,77,F,0
6054,3016,Darshan Yadav,79,M,0
6055,3017,Suresh Kumar,74,M,0
6056,3017,Rashmi Gowda,33,F,0
6057,3017,Meghana Bhat,19,F,0
6058,3018,Asha Hiremath,67,F,0
6059,3019,Darshan Naik,80,M,0
6060,3019,Anil Singh,54,M,0
6061,3019,Basavaraj Joshi,19,M,0
6062,3020,Nithin Reddy,25,M,0
6063,3021,Pooja Sharma,59,F,0
6064,3021,Ramya Joshi,50,F,0
6065,3021,Darshan Patil,71,M,0
6066,3022,Mahesh Shetty,53,M,0
6067,3022,Rashmi Sharma,50,F,0
6068,3023,Abhishek Kulkarni,36,M,0
6069,3024,Rakesh Desai,36,M,0
6070,3024,Kavya Hiremath,42,F,0
6071,3024,Kiran Bhat,54,M,0
6072,3025,Bhagya Kumar,75,F,0
6073,3025,Anusha Sharma,70,F,0
6074,3026,Shilpa Reddy,54,F,0
6075,3026,Sangeetha Singh,33,F,0
6076,3027,Basavaraj Gowda,32,M,0
6077,3027,Sudeep Sharma,25,M,0
6078,3027,Vinay Bhat,19,M,0
6079,3028,Mahesh Bhat,23,M,0
6080,3029,Prakash Naik,19,M,0
6081,3029,Roopa Rao,69,F,0
6082,3030,Anusha Hegde,72,F,0
6083,3030,Karthik Reddy,19,M,0
6084,3031,Karthik Gowda,57,M,0
6085,3031,Vijay Sharma,60,M,0
6086,3032,Anusha Patil,60,F,0
6087,3033,Mahesh Gowda,41,M,0
6088,3034,Puneeth Joshi,40,M,0
6089,3034,Pooja Singh,35,F,0
6090,3035,Vinay Joshi,34,M,0
6091,3035,Rekha Gowda,58,F,0
6092,3036,Sahana Bhat,53,T,0
6093,3036,Shilpa Hegde,80,F,0
6094,3036,Anusha Hiremath,75,F,0
6095,3037,Shruthi Patil,24,F,0
6096,3037,Kiran Kulkarni,48,M,0
6097,3038,Santosh Shetty,27,M,0
6098,3039,Pooja Joshi,32,F,0
6099,3039,Suresh Shetty,55,M,0
6100,3039,Ramesh Rao,58,M,0
6101,3040,Arun Reddy,18,M,0
6102,3040,Pradeep Shetty,78,M,0
6103,3040,Roopa Patil,73,F,0
6104,3041,Ramesh Patil,46,M,0
6105,3041,Pooja Kulkarni,42,F,0
6106,3042,Pradeep Gowda,32,T,0
6107,3042,Anil Hegde,57,M,0
6108,3042,Manjunath Rao,41,T,0
6109,3043,Mahesh Rao,40,T,0
6110,3043,Sunil Rao,58,M,0
6111,3044,Bhagya Joshi,41,F,0
6112,3045,Shilpa Desai,54,F,0
6113,3046,Ramesh Hegde,79,M,0
6114,3047,Ramya Desai,32,T,0
6115,3047,Geetha Hegde,55,F,0
6116,3047,Pooja Yadav,50,F,0
6117,3048,Ramesh Naik,73,M,0
6118,3048,Anil Shetty,51,M,0
6119,3049,Darshan Shetty,24,M,0
6120,3049,Rashmi Joshi,31,F,0
6121,3050,Mahesh Gowda,46,M,0
6122,3050,Sunil Bhat,42,M,0
6123,3050,Vinay Yadav,42,M,0
6124,3051,Manjunath Sharma,53,M,0
6125,3052,Rakesh Hiremath,32,M,0
6126,3052,Santosh Gowda,37,M,0
6127,3053,Abhishek Patil,50,M,0
6128,3053,Meghana Patil,74,F,0
6129,3054,Arun Naik,23,M,0
6130,3054,Bhagya Rao,61,F,0
6131,3054,Kavya Joshi,72,F,0
6132,3055,Swathi Desai,62,T,0
6133,3056,Darshan Bhat,77,M,0
6134,3056,Abhishek Kulkarni,51,M,0
6135,3056,Vinay Yadav,77,M,0
6136,3057,Pooja Singh,58,F,0
6137,3057,Asha Desai,65,F,0
6138,3057,Shruthi Singh,62,F,0
6139,3058,Vijay Singh,39,M,0
6140,3059,Rakesh Patil,20,M,0
6141,3059,Darshan Desai,60,M,0
6142,3060,Rekha Singh,69,F,0
6143,3060,Puneeth Yadav,60,M,0
6144,3060,Suresh Kulkarni,62,M,0
6145,3061,Santosh Rao,33,M,0
6146,3061,Meghana Desai,23,F,0
6147,3062,Karthik Kumar,48,M,0
6148,3063,Shruthi Rao,65,F,0
6149,3064,Anil Shetty,52,M,0
6150,3065,Suresh Singh,43,M,0
6151,3065,Puneeth Singh,57,M,0
6152,3066,Prakash Desai,40,M,0
6153,3067,Suresh Sharma,34,M,0
6154,3067,Ramya Patil,27,T,0
6155,3068,Geetha Singh,52,F,1
6156,3068,Suresh Naik,30,M,0
6157,3068,Santosh Gowda,29,M,0
6158,3069,Roopa Kulkarni,54,F,0
6159,3070,Suma Gowda,48,F,0
6160,3070,Nithin Naik,33,M,0
6161,3071,Vijay Yadav,38,M,0
6162,3071,Shilpa Kulkarni,20,F,0
6163,3071,Shruthi Sharma,59,F,0
6164,3072,Swathi Shetty,20,F,0
6165,3072,Sangeetha Hiremath,62,T,0
6166,3073,Karthik Shetty,42,M,0
6167,3073,Anil Singh,52,M,0
6168,3073,Sangeetha Hegde,59,F,0
6169,3074,Rakesh Kulkarni,64,M,0
6170,3074,Sunil Kumar,43,M,0
6171,3075,Darshan Singh,22,M,0
6172,3075,Abhishek Reddy,56,M,0
6173,3075,Rashmi Naik,70,F,0
6174,3076,Ramesh Reddy,40,M,0
6175,3076,Sudeep Bhat,35,M,0
6176,3077,Mahesh Sharma,78,M,0
6177,3077,Asha Rao,65,F,0
6178,3077,Karthik Sharma,70,M,0
6179,3078,Sunil Naik,38,M,0
6180,3078,Santosh Sharma,60,M,0
6181,3078,Meghana Singh,54,F,0
6182,3079,Shilpa Desai,46,T,0
6183,3079,Sahana Hiremath,65,F,0
6184,3080,Prakash Kumar,29,M,0
6185,3080,Mahesh Kulkarni,49,M,0
6186,3080,Sangeetha Naik,58,F,0
6187,3081,Santosh Yadav,40,M,0
6188,3081,Anil Rao,53,M,0
6189,3081,Prakash Hegde,32,M,0
6190,3082,Nithin Naik,74,M,0
6191,3082,Rashmi Shetty,43,F,0
6192,3083,Anusha Sharma,57,F,0
6193,3083,Rekha Rao,35,F,0
6194,3084,Rashmi Hiremath,67,F,0
6195,3084,Asha Kumar,19,F,0
6196,3084,Pradeep Patil,33,M,0
6197,3085,Arun Singh,34,M,0
6198,3086,Shivakumar Singh,40,M,0
6199,3086,Roopa Naik,29,T,0
6200,3086,Shruthi Joshi,79,F,0
6201,3087,Shivakumar Rao,69,M,0
6202,3088,Anil Joshi,37,M,0
6203,3088,Asha Sharma,30,F,0
6204,3088,Anusha Kulkarni,40,F,0
6205,3089,Divya Gowda,33,F,0
6206,3090,Vijay Desai,45,M,0
6207,3091,Darshan Rao,58,M,0
6208,3091,Puneeth Yadav,62,M,0
6209,3092,Karthik Sharma,46,M,0
6210,3093,Shruthi Hiremath,18,F,0
6211,3093,Manjunath Yadav,67,M,0
6212,3093,Sudeep Patil,22,M,0
6213,3094,Shruthi Gowda,30,F,0
6214,3095,Arun Naik,32,M,0
6215,3096,Vijay Reddy,37,M,0
6216,3097,Manjunath Yadav,42,M,0
6217,3097,Sunil Joshi,35,M,0
6218,3097,Kiran Joshi,27,M,0
6219,3098,Vinay Rao,62,M,0
6220,3098,Sahana Shetty,23,F,0
6221,3098,Pradeep Rao,55,M,0
6222,3099,Sunil Gowda,44,M,0
6223,3100,Arun Patil,30,M,0
6224,3100,Sudeep Gowda,45,M,0
6225,3101,Geetha Yadav,28,F,0
6226,3102,Santosh Sharma,61,M,0
6227,3102,Rekha Hiremath,52,F,0
6228,3103,Swathi Bhat,33,F,0
6229,3103,Kiran Desai,42,M,0
6230,3103,Prakash Gowda,56,M,0
6231,3104,Manjunath Patil,58,M,0
6232,3105,Puneeth Sharma,63,M,0
6233,3106,Anusha Gowda,45,F,0
6234,3107,Vinay Hegde,61,M,0
6235,3107,Sunil Sharma,60,M,0
6236,3108,Darshan Shetty,65,M,0
6237,3108,Suresh Gowda,38,M,0
6238,3109,Vijay Hiremath,59,M,0
6239,3109,Ramesh Naik,18,M,0
6240,3110,Asha Shetty,40,F,0
6241,3110,Darshan Patil,39,M,0
6242,3110,Anil Hiremath,34,M,0
6243,3111,Bhagya Shetty,36,F,0
6244,3112,Nithin Kulkarni,34,M,0
6245,3112,Kiran Shetty,42,M,0
6246,3113,Ramesh Sharma,43,M,0
6247,3113,Rashmi Kumar,46,F,0
6248,3114,Prakash Rao,48,M,0
6249,3114,Sangeetha Yadav,76,T,0
6250,3114,Kavya Rao,22,F,0
6251,3115,Shruthi Kulkarni,22,F,0
6252,3116,Santosh Desai,40,M,0
6253,3116,Pooja Kumar,56,T,0
6254,3116,Puneeth Yadav,32,M,0
6255,3117,Ramesh Kumar,58,M,0
6256,3117,Pradeep Hegde,25,M,0
6257,3118,Arun Singh,71,M,0
6258,3118,Vinay Patil,54,M,0
6259,3119,Mahesh Desai,72,M,0
6260,3119,Geetha Sharma,38,F,0
6261,3120,Suma Bhat,25,F,0
6262,3120,Sudeep Desai,51,M,0
6263,3120,Arun Singh,53,M,0
6264,3121,Swathi Desai,44,F,0
6265,3121,Rashmi Yadav,58,F,0
6266,3122,Roopa Hiremath,62,F,0
6267,3123,Abhishek Kulkarni,47,M,0
6268,3123,Abhishek Joshi,57,M,0
6269,3123,Arun Sharma,59,M,0
6270,3124,Abhishek Hegde,58,M,0
6271,3125,Puneeth Naik,19,M,0
6272,3125,Suma Reddy,28,F,0
6273,3125,Arun Kumar,21,M,0
6274,3126,Nithin Sharma,38,M,0
6275,3127,Sunil Bhat,19,M,0
6276,3127,Nithin Hiremath,22,M,0
6277,3128,Roopa Kulkarni,60,F,0
6278,3129,Anil Rao,38,M,0
6279,3130,Pradeep Desai,31,M,0
6280,3130,Shivakumar Desai,41,M,0
6281,3130,Santosh Kumar,42,M,0
6282,3131,Prakash Singh,76,M,0
6283,3132,Mahesh Sharma,46,M,0
6284,3133,Sahana Bhat,53,F,0
6285,3133,Sahana Reddy,58,F,0
6286,3134,Vinay Desai,50,M,0
6287,3135,Kavya Joshi,71,F,0
6288,3136,Basavaraj Naik,58,M,0
6289,3136,Darshan Hiremath,31,M,0
6290,3136,Ramya Sharma,30,F,0
6291,3137,Sahana Hegde,37,F,0
6292,3137,Suresh Kumar,51,M,0
6293,3137,Ramesh Sharma,47,M,0
6294,3138,Kavya Reddy,49,F,0
6295,3138,Shruthi Naik,57,F,0
6296,3139,Ramya Bhat,45,F,0
6297,3139,Karthik Sharma,27,M,0
6298,3140,Geetha Desai,54,F,0
6299,3140,Geetha Bhat,54,F,0
6300,3140,Kiran Patil,77,M,0
6301,3141,Swathi Shetty,66,F,0
6302,3142,Santosh Reddy,53,M,0
6303,3143,Sangeetha Reddy,79,F,0
6304,3144,Anil Naik,63,M,0
6305,3144,Swathi Shetty,38,F,0
6306,3145,Pooja Kumar,23,F,0
6307,3146,Rakesh Singh,71,M,1
6308,3146,Basavaraj Patil,80,M,0
6309,3147,Mahesh Desai,75,M,0
6310,3148,Ramya Hiremath,57,F,0
6311,3148,Puneeth Bhat,47,M,0
6312,3149,Suma Gowda,53,F,0
6313,3149,Santosh Kulkarni,71,M,0
6314,3150,Shruthi Desai,52,F,0
6315,3150,Suresh Rao,65,M,0
6316,3151,Kiran Sharma,30,M,0
6317,3151,Sudeep Naik,74,M,0
6318,3151,Sangeetha Kumar,33,F,0
6319,3152,Shruthi Shetty,18,F,0
6320,3152,Divya Rao,50,F,0
6321,3152,Suresh Gowda,73,M,0
6322,3153,Shilpa Hiremath,65,F,0
6323,3153,Divya Reddy,29,F,0
6324,3154,Sunil Shetty,36,M,0
6325,3154,Ramya Naik,22,F,0
6326,3155,Pooja Bhat,25,F,0
6327,3155,Roopa Kumar,39,T,0
6328,3156,Vijay Yadav,55,M,0
6329,3157,Roopa Gowda,42,F,0
6330,3157,Manjunath Hiremath,44,M,0
6331,3158,Anil Joshi,78,M,0
6332,3158,Geetha Patil,60,F,0
6333,3158,Ramya Shetty,40,F,0
6334,3159,Shilpa Reddy,48,F,0
6335,3159,Santosh Joshi,20,M,0
6336,3159,Suresh Yadav,71,M,0
6337,3160,Rakesh Patil,27,M,0
6338,3160,Puneeth Patil,27,M,0
6339,3160,Abhishek Desai,43,M,0
6340,3161,Abhishek Bhat,19,M,0
6341,3162,Vijay Reddy,52,M,0
6342,3162,Suma Bhat,43,F,0
6343,3163,Rakesh Yadav,73,M,0
6344,3163,Swathi Desai,76,F,0
6345,3163,Arun Yadav,60,M,0
6346,3164,Ramya Singh,37,F,0
6347,3164,Shivakumar Singh,37,M,0
6348,3164,Ramya Kulkarni,39,F,0
6349,3165,Nithin Joshi,35,M,0
6350,3166,Pooja Rao,65,F,0
6351,3167,Arun Naik,54,M,0
6352,3167,Puneeth Kulkarni,47,M,0
6353,3168,Meghana Hiremath,39,F,0
6354,3169,Rashmi Naik,46,F,0
6355,3169,Vijay Yadav,50,M,0
6356,3169,Nithin Sharma,40,M,0
6357,3170,Ramesh Kulkarni,66,M,0
6358,3171,Pradeep Desai,33,M,0
6359,3171,Puneeth Hiremath,74,M,0
6360,3171,Divya Reddy,45,F,0
6361,3172,Darshan Gowda,60,M,0
6362,3172,Bhagya Sharma,30,F,0
6363,3172,Sahana Joshi,41,F,0
6364,3173,Divya Rao,48,F,0
6365,3173,Shruthi Hiremath,31,F,0
6366,3173,Shilpa Desai,59,F,0
6367,3174,Divya Naik,64,F,0
6368,3174,Meghana Joshi,68,F,0
6369,3175,Shilpa Joshi,59,F,0
6370,3175,Swathi Gowda,55,F,0
6371,3176,Pooja Patil,53,F,0
6372,3176,Bhagya Patil,48,F,0
6373,3176,Mahesh Desai,60,M,0
6374,3177,Ramesh Yadav,59,M,0
6375,3178,Shivakumar Hegde,62,M,0
6376,3179,Sunil Bhat,65,M,0
6377,3180,Swathi Rao,22,F,0
6378,3181,Abhishek Patil,31,T,0
6379,3181,Sunil Desai,31,M,0
6380,3181,Vinay Sharma,79,M,0
6381,3182,Kavya Patil,55,F,0
6382,3182,Bhagya Yadav,40,F,0
6383,3182,Divya Kumar,53,F,0
6384,3183,Sangeetha Rao,48,F,0
6385,3184,Karthik Rao,46,M,0
6386,3184,Anil Naik,39,M,0
6387,3185,Nithin Hegde,64,M,0
6388,3186,Manjunath Singh,57,M,0
6389,3187,Anil Shetty,41,M,0
6390,3187,Arun Bhat,53,M,0
6391,3187,Divya Shetty,34,F,0
6392,3188,Vinay Singh,37,M,0
6393,3188,Mahesh Desai,19,M,0
6394,3189,Sahana Joshi,34,F,0
6395,3189,Arun Desai,44,M,0
6396,3190,Bhagya Patil,45,F,0
6397,3190,Ramya Sharma,37,F,0
6398,3191,Puneeth Hiremath,47,M,0
6399,3191,Karthik Naik,36,M,0
6400,3191,Asha Joshi,60,F,0
6401,3192,Sunil Bhat,29,M,0
6402,3192,Anil Yadav,28,M,0
6403,3192,Kiran Bhat,28,M,0
6404,3193,Geetha Sharma,48,F,0
6405,3193,Bhagya Kulkarni,41,F,0
6406,3193,Shilpa Gowda,45,F,0
6407,3194,Sunil Yadav,40,M,0
6408,3195,Darshan Shetty,32,M,0
6409,3195,Nithin Yadav,30,M,0
6410,3196,Swathi Hegde,41,F,0
6411,3196,Mahesh Bhat,50,M,0
6412,3197,Anusha Bhat,53,F,0
6413,3197,Vinay Sharma,52,M,0
6414,3197,Mahesh Hegde,19,M,0
6415,3198,Anusha Bhat,30,F,0
6416,3198,Kiran Patil,37,M,0
6417,3199,Rashmi Kulkarni,38,F,0
6418,3199,Suresh Kulkarni,20,M,0
6419,3199,Asha Reddy,35,F,0
6420,3200,Sangeetha Desai,38,F,0
6421,3201,Rakesh Shetty,45,M,0
6422,3201,Pradeep Kulkarni,40,M,0
6423,3202,Karthik Singh,46,M,0
6424,3203,Manjunath Kumar,19,M,0
6425,3203,Swathi Yadav,41,F,0
6426,3204,Santosh Kumar,47,M,0
6427,3205,Anil Yadav,73,M,0
6428,3205,Prakash Hegde,31,M,0
6429,3205,Abhishek Reddy,67,M,0
6430,3206,Darshan Rao,35,M,0
6431,3207,Darshan Sharma,61,M,0
6432,3208,Prakash Naik,37,M,0
6433,3208,Manjunath Yadav,52,M,0
6434,3209,Shruthi Yadav,77,F,0
6435,3210,Sangeetha Bhat,21,F,0
6436,3211,Sangeetha Hiremath,20,F,0
6437,3211,Meghana Naik,47,F,0
6438,3212,Shilpa Kulkarni,59,F,0
6439,3212,Karthik Kulkarni,71,M,0
6440,3213,Rekha Hegde,34,T,0
6441,3213,Ramya Hegde,76,F,0
6442,3213,Ramya Hegde,64,F,0
6443,3214,Roopa Joshi,77,F,0
6444,3215,Santosh Hiremath,34,T,0
6445,3215,Nithin Rao,76,M,0
6446,3216,Meghana Kumar,78,F,0
6447,3216,Sudeep Shetty,70,M,0
6448,3217,Pooja Kumar,32,F,0
6449,3217,Vijay Rao,66,M,0
6450,3218,Prakash Gowda,53,M,0
6451,3219,Ramesh Yadav,58,M,0
6452,3220,Asha Reddy,67,F,0
6453,3220,Asha Gowda,51,F,0
6454,3220,Karthik Hegde,72,M,0
6455,3221,Mahesh Singh,58,M,0
6456,3221,Roopa Desai,27,F,0
6457,3221,Roopa Sharma,45,F,0
6458,3222,Anil Patil,55,M,0
6459,3222,Karthik Bhat,44,M,0
6460,3222,Shruthi Hegde,27,F,0
6461,3223,Puneeth Yadav,50,M,0
6462,3224,Meghana Kulkarni,25,F,0
6463,3225,Manjunath Rao,51,M,0
6464,3225,Rashmi Hiremath,51,F,0
6465,3226,Rekha Reddy,32,F,0
6466,3227,Abhishek Kumar,18,M,0
6467,3227,Mahesh Yadav,76,M,0
6468,3228,Prakash Yadav,67,M,0
6469,3229,Darshan Singh,79,M,0
6470,3229,Puneeth Sharma,68,M,0
6471,3229,Mahesh Hegde,24,M,0
6472,3230,Anusha Hiremath,77,F,0
6473,3230,Rakesh Gowda,70,M,0
6474,3230,Rakesh Singh,66,M,0
6475,3231,Ramya Patil,50,F,0
6476,3231,Shivakumar Rao,36,M,0
6477,3231,Anil Yadav,18,M,0
6478,3232,Rashmi Desai,72,F,0
6479,3232,Anusha Sharma,21,F,0
6480,3233,Sudeep Yadav,49,M,0
6481,3233,Vijay Rao,76,M,0
6482,3233,Swathi Gowda,47,F,0
6483,3234,Darshan Naik,68,M,0
6484,3235,Pradeep Patil,40,M,0
6485,3235,Nithin Kulkarni,60,M,0
6486,3236,Suma Rao,30,F,0
6487,3236,Prakash Rao,59,M,0
6488,3236,Arun Kulkarni,68,M,0
6489,3237,Santosh Kulkarni,31,M,0
6490,3237,Vijay Singh,46,M,0
6491,3238,Darshan Bhat,37,M,0
6492,3238,Ramesh Shetty,44,M,0
6493,3238,Roopa Patil,57,F,0
6494,3239,Santosh Shetty,47,M,0
6495,3239,Swathi Patil,23,F,0
6496,3239,Pradeep Bhat,27,M,0
6497,3240,Swathi Desai,34,F,0
6498,3240,Abhishek Sharma,55,M,0
6499,3241,Sudeep Gowda,44,M,0
6500,3241,Shivakumar Kumar,31,M,0
6501,3241,Shilpa Bhat,35,F,0
6502,3242,Asha Joshi,60,F,0
6503,3243,Shruthi Bhat,73,F,0
6504,3243,Kiran Kumar,33,M,0
6505,3244,Ramesh Singh,48,M,0
6506,3244,Kavya Gowda,39,F,0
6507,3244,Rashmi Singh,53,F,0
6508,3245,Manjunath Reddy,64,M,0
6509,3245,Pooja Joshi,25,F,0
6510,3245,Anil Rao,27,M,0
6511,3246,Santosh Kulkarni,46,M,0
6512,3246,Pradeep Naik,55,M,0
6513,3246,Pradeep Singh,34,M,0
6514,3247,Shruthi Shetty,65,F,0
6515,3247,Darshan Hegde,80,M,0
6516,3248,Geetha Shetty,22,F,0
6517,3248,Rekha Shetty,34,F,0
6518,3249,Rekha Naik,43,F,0
6519,3250,Darshan Rao,69,M,0
6520,3250,Shilpa Naik,60,F,0
6521,3251,Prakash Reddy,57,M,0
6522,3251,Suma Shetty,48,F,0
6523,3251,Ramya Shetty,38,F,0
6524,3252,Shivakumar Hegde,68,M,0
6525,3253,Rakesh Desai,22,M,0
6526,3253,Shilpa Desai,35,T,0
6527,3253,Basavaraj Bhat,30,M,0
6528,3254,Pooja Sharma,71,F,0
6529,3254,Anusha Rao,76,F,0
6530,3255,Anil Gowda,42,M,0
6531,3255,Shivakumar Sharma,60,M,0
6532,3255,Arun Shetty,47,M,0
6533,3256,Darshan Bhat,63,M,0
6534,3257,Geetha Patil,45,F,0
6535,3257,Sangeetha Reddy,48,F,0
6536,3257,Ramya Shetty,54,F,0
6537,3258,Ramesh Rao,69,M,0
6538,3259,Swathi Patil,48,F,0
6539,3260,Santosh Reddy,44,M,0
6540,3261,Vinay Sharma,34,M,0
6541,3261,Ramya Kumar,58,F,0
6542,3262,Shruthi Shetty,49,F,0
6543,3262,Sunil Naik,67,M,0
6544,3263,Nithin Kumar,40,M,0
6545,3264,Bhagya Bhat,53,F,0
6546,3265,Nithin Kumar,43,M,0
6547,3265,Anusha Shetty,56,F,0
6548,3265,Abhishek Rao,68,M,0
6549,3266,Sahana Yadav,20,F,0
6550,3267,Mahesh Hegde,43,M,0
6551,3268,Kiran Rao,31,M,0
6552,3268,Santosh Kumar,61,M,0
6553,3269,Geetha Shetty,54,F,0
6554,3269,Vijay Rao,24,M,0
6555,3269,Meghana Joshi,80,F,0
6556,3270,Karthik Patil,28,T,0
6557,3270,Kavya Sharma,46,F,0
6558,3270,Rashmi Patil,59,F,0
6559,3271,Santosh Patil,20,M,0
6560,3271,Sudeep Yadav,71,M,0
6561,3271,Vinay Naik,39,M,0
6562,3272,Sunil Patil,44,M,0
6563,3272,Rakesh Naik,47,M,0
6564,3272,Santosh Kumar,68,M,0
6565,3273,Basavaraj Patil,47,M,0
6566,3274,Pooja Hiremath,30,F,0
6567,3275,Rakesh Reddy,69,M,0
6568,3275,Basavaraj Reddy,30,M,0
6569,3276,Roopa Sharma,68,F,0
6570,3276,Shruthi Hiremath,56,F,0
6571,3277,Asha Hiremath,50,F,0
6572,3277,Divya Shetty,31,F,0
6573,3277,Suma Patil,39,F,0
6574,3278,Suresh Yadav,53,M,0
6575,3279,Sudeep Rao,63,M,0
6576,3279,Shivakumar Kulkarni,45,M,0
6577,3280,Anusha Desai,31,F,0
6578,3281,Ramya Gowda,56,F,0
6579,3282,Sunil Singh,42,M,0
6580,3282,Santosh Patil,24,M,0
6581,3283,Sahana Naik,45,F,0
6582,3283,Darshan Rao,28,M,0
6583,3283,Kavya Rao,43,F,0
6584,3284,Pradeep Gowda,48,M,0
6585,3284,Bhagya Hiremath,38,F,0
6586,3285,Sunil Reddy,59,M,0
6587,3285,Shruthi Hegde,73,F,0
6588,3286,Sudeep Sharma,59,M,0
6589,3286,Nithin Hegde,46,M,0
6590,3287,Ramesh Hiremath,38,M,0
6591,3288,Sudeep Singh,80,M,0
6592,3288,Swathi Hiremath,43,F,0
6593,3289,Sunil Gowda,53,M,0
6594,3289,Prakash Hegde,53,M,0
6595,3290,Darshan Patil,41,M,0
6596,3290,Sahana Desai,50,F,0
6597,3291,Anil Rao,40,M,0
6598,3292,Anusha Desai,76,F,0
6599,3292,Anil Rao,57,M,0
6600,3292,Asha Rao,30,F,0
6601,3293,Ramesh Kumar,27,M,0
6602,3294,Rekha Hiremath,64,F,0
6603,3295,Pradeep Hiremath,29,M,0
6604,3295,Darshan Desai,32,M,0
6605,3295,Suresh Yadav,48,M,0
6606,3296,Nithin Shetty,72,M,0
6607,3296,Meghana Bhat,26,F,0
6608,3297,Bhagya Rao,50,F,0
6609,3298,Sunil Shetty,31,M,0
6610,3298,Pradeep Singh,47,M,0
6611,3298,Santosh Yadav,57,M,0
6612,3299,Suma Gowda,45,F,0
6613,3299,Geetha Shetty,64,F,0
6614,3300,Kiran Hiremath,53,M,0
6615,3300,Basavaraj Kulkarni,46,M,0
6616,3300,Sangeetha Hiremath,64,F,0
6617,3301,Santosh Sharma,45,M,0
6618,3301,Ramesh Reddy,41,M,0
6619,3301,Sudeep Kumar,36,M,0
6620,3302,Swathi Sharma,58,F,0
6621,3302,Suma Sharma,60,F,0
6622,3303,Meghana Singh,76,F,0
6623,3304,Anusha Kulkarni,56,F,0
6624,3304,Asha Sharma,57,F,0
6625,3304,Sunil Joshi,50,M,0
6626,3305,Basavaraj Yadav,61,M,0
6627,3305,Shivakumar Kulkarni,47,M,0
6628,3305,Darshan Patil,60,M,0
6629,3306,Vijay Kumar,80,M,0
6630,3307,Ramesh Kulkarni,74,M,0
6631,3307,Geetha Rao,29,F,0
6632,3308,Puneeth Hiremath,35,M,0
6633,3309,Roopa Patil,47,F,0
6634,3309,Shilpa Naik,61,F,0
6635,3310,Kavya Singh,28,F,0
6636,3311,Sudeep Patil,53,M,0
6637,3311,Pradeep Kulkarni,43,M,0
6638,3311,Anil Kumar,54,M,0
6639,3312,Abhishek Kulkarni,30,M,0
6640,3313,Sangeetha Yadav,66,F,0
6641,3313,Anil Bhat,57,M,0
6642,3313,Sudeep Gowda,36,M,0
6643,3314,Swathi Shetty,51,F,0
6644,3314,Swathi Bhat,56,F,0
6645,3315,Rashmi Kulkarni,48,F,0
6646,3315,Sunil Yadav,26,M,0
6647,3315,Meghana Bhat,71,F,0
6648,3316,Manjunath Hiremath,31,M,0
6649,3317,Darshan Desai,53,M,0
6650,3318,Rakesh Kumar,39,M,0
6651,3318,Puneeth Hiremath,25,M,0
6652,3318,Ramesh Kumar,25,M,0
6653,3319,Divya Singh,21,F,0
6654,3320,Darshan Naik,66,M,0
6655,3320,Puneeth Rao,19,M,0
6656,3320,Suresh Sharma,22,M,0
6657,3321,Sangeetha Joshi,59,F,0
6658,3322,Bhagya Hiremath,76,F,0
6659,3322,Roopa Desai,68,F,0
6660,3323,Vijay Hiremath,72,M,0
6661,3324,Kavya Gowda,21,F,0
6662,3324,Vinay Singh,61,M,0
6663,3325,Shruthi Reddy,73,F,1
6664,3325,Vijay Patil,34,T,0
6665,3325,Vinay Sharma,70,M,0
6666,3326,Vinay Shetty,37,M,0
6667,3326,Sudeep Shetty,20,M,0
6668,3326,Vinay Hiremath,27,M,0
6669,3327,Shilpa Rao,57,F,0
6670,3327,Arun Rao,52,M,0
6671,3327,Abhishek Desai,79,M,0
6672,3328,Shivakumar Naik,30,M,0
6673,3328,Shilpa Hegde,54,F,0
6674,3328,Mahesh Yadav,45,T,0
6675,3329,Roopa Gowda,27,F,0
6676,3329,Sunil Patil,64,M,0
6677,3330,Shivakumar Reddy,62,M,0
6678,3330,Puneeth Joshi,31,M,0
6679,3331,Basavaraj Reddy,37,M,0
6680,3332,Pooja Patil,39,F,0
6681,3333,Nithin Hegde,27,M,0
6682,3333,Santosh Kumar,54,M,0
6683,3333,Vinay Patil,32,M,0
6684,3334,Meghana Gowda,35,F,0
6685,3334,Rekha Hegde,40,F,0
6686,3335,Darshan Gowda,44,M,0
6687,3335,Rakesh Hegde,37,M,0
6688,3335,Basavaraj Reddy,56,M,0
6689,3336,Pooja Kulkarni,41,F,0
6690,3337,Nithin Rao,46,M,0
6691,3338,Sunil Kumar,28,M,0
6692,3338,Basavaraj Yadav,23,M,0
6693,3338,Sunil Naik,50,M,0
6694,3339,Mahesh Kumar,29,M,0
6695,3339,Shilpa Reddy,49,F,0
6696,3339,Bhagya Yadav,65,F,0
6697,3340,Sudeep Hiremath,49,M,0
6698,3340,Mahesh Hegde,54,M,0
6699,3341,Mahesh Desai,76,M,0
6700,3342,Asha Joshi,25,F,0
6701,3343,Karthik Rao,50,M,0
6702,3344,Prakash Joshi,47,M,0
6703,3344,Shruthi Hiremath,56,F,0
6704,3345,Shilpa Gowda,63,F,0
6705,3346,Bhagya Desai,18,F,0
6706,3346,Mahesh Naik,45,M,0
6707,3347,Shilpa Naik,30,F,0
6708,3347,Karthik Patil,33,M,0
6709,3347,Ramya Singh,38,F,0
6710,3348,Vijay Kulkarni,37,M,0
6711,3349,Swathi Naik,53,F,0
6712,3350,Meghana Hiremath,38,F,0
6713,3350,Swathi Rao,47,F,0
6714,3350,Mahesh Patil,66,M,0
6715,3351,Nithin Joshi,48,M,0
6716,3351,Rakesh Naik,55,M,0
6717,3352,Basavaraj Kulkarni,66,M,0
6718,3352,Basavaraj Patil,63,M,0
6719,3352,Anusha Gowda,60,F,0
6720,3353,Suma Yadav,24,F,0
6721,3354,Darshan Patil,55,M,0
6722,3354,Bhagya Reddy,50,F,0
6723,3355,Vinay Joshi,47,M,0
6724,3356,Pooja Bhat,65,F,0
6725,3356,Nithin Hiremath,24,M,0
6726,3357,Rashmi Reddy,58,F,0
6727,3358,Bhagya Naik,32,F,0
6728,3358,Puneeth Gowda,69,M,0
6729,3358,Kiran Naik,57,M,0
6730,3359,Karthik Sharma,39,M,0
6731,3359,Manjunath Hegde,44,M,0
6732,3359,Bhagya Gowda,80,F,0
6733,3360,Mahesh Joshi,78,M,0
6734,3360,Mahesh Rao,63,M,0
6735,3361,Anusha Shetty,79,F,1
6736,3362,Kavya Patil,51,F,0
6737,3362,Darshan Desai,36,M,0
6738,3362,Vinay Patil,52,M,0
6739,3363,Anusha Yadav,31,F,0
6740,3364,Rekha Naik,45,F,0
6741,3364,Kavya Bhat,41,F,0
6742,3364,Mahesh Rao,47,M,0
6743,3365,Rakesh Desai,32,M,0
6744,3366,Roopa Bhat,44,F,0
6745,3367,Swathi Patil,55,F,0
6746,3367,Swathi Bhat,68,F,0
6747,3367,Divya Naik,30,F,0
6748,3368,Ramya Joshi,68,F,0
6749,3369,Pooja Patil,44,F,0
6750,3370,Santosh Rao,46,M,0
6751,3370,Mahesh Kumar,80,M,0
6752,3371,Suma Singh,53,F,0
6753,3372,Bhagya Sharma,75,F,0
6754,3373,Shilpa Bhat,57,F,0
6755,3373,Kiran Kumar,35,M,0
6756,3373,Vinay Gowda,41,T,0
6757,3374,Arun Bhat,59,M,0
6758,3374,Nithin Reddy,60,M,0
6759,3375,Ramesh Rao,63,M,0
6760,3375,Rakesh Rao,52,M,0
6761,3376,Karthik Hiremath,39,M,0
6762,3376,Sudeep Naik,56,M,0
6763,3376,Anil Rao,39,M,0
6764,3377,Nithin Shetty,24,M,0
6765,3377,Basavaraj Kulkarni,69,M,0
6766,3377,Abhishek Reddy,50,M,0
6767,3378,Darshan Shetty,52,M,0
6768,3378,Darshan Yadav,36,M,0
6769,3378,Rakesh Hegde,44,M,0
6770,3379,Puneeth Bhat,58,M,0
6771,3379,Nithin Yadav,33,M,0
6772,3379,Basavaraj Rao,40,M,0
6773,3380,Sudeep Yadav,54,M,0
6774,3380,Vijay Naik,22,M,0
6775,3380,Rashmi Gowda,36,F,0
6776,3381,Sangeetha Reddy,23,F,0
6777,3381,Puneeth Singh,76,M,0
6778,3381,Roopa Patil,25,F,0
6779,3382,Roopa Singh,35,F,0
6780,3383,Bhagya Bhat,31,F,0
6781,3383,Manjunath Desai,60,M,0
6782,3383,Rakesh Desai,54,M,0
6783,3384,Abhishek Yadav,43,M,0
6784,3384,Ramesh Joshi,33,M,1
6785,3384,Prakash Gowda,37,M,0
6786,3385,Arun Reddy,56,M,0
6787,3385,Rekha Bhat,40,F,0
6788,3385,Sunil Joshi,60,M,0
6789,3386,Kiran Hiremath,23,M,0
6790,3386,Asha Hiremath,49,F,0
6791,3387,Vijay Rao,55,M,0
6792,3388,Abhishek Yadav,40,M,0
6793,3388,Sahana Joshi,49,F,0
6794,3388,Basavaraj Hiremath,28,M,0
6795,3389,Mahesh Rao,61,M,0
6796,3389,Sudeep Naik,49,M,0
6797,3389,Asha Reddy,19,F,0
6798,3390,Suma Joshi,42,F,0
6799,3390,Mahesh Joshi,39,M,0
6800,3390,Sunil Naik,41,M,0
6801,3391,Rekha Desai,32,F,0
6802,3392,Sahana Shetty,30,F,0
6803,3392,Arun Patil,30,M,0
6804,3393,Sangeetha Joshi,65,F,0
6805,3393,Rakesh Shetty,34,M,0
6806,3393,Sunil Kulkarni,59,M,0
6807,3394,Prakash Shetty,80,M,0
6808,3394,Asha Shetty,19,F,0
6809,3394,Swathi Bhat,37,F,0
6810,3395,Abhishek Rao,49,M,0
6811,3396,Geetha Desai,55,F,0
6812,3396,Suresh Singh,21,M,0
6813,3397,Geetha Bhat,31,F,0
6814,3397,Sudeep Yadav,78,M,0
6815,3398,Abhishek Kumar,51,M,0
6816,3399,Kiran Yadav,33,M,0
6817,3399,Anusha Gowda,62,F,0
6818,3399,Abhishek Kulkarni,22,M,0
6819,3400,Prakash Bhat,55,M,0
6820,3400,Prakash Shetty,43,M,0
6821,3400,Ramya Kumar,36,F,0
6822,3401,Sudeep Yadav,44,M,0
6823,3401,Darshan Kumar,44,M,0
6824,3401,Vijay Yadav,78,M,0
6825,3402,Mahesh Yadav,36,M,0
6826,3402,Nithin Bhat,43,M,0
6827,3402,Ramesh Sharma,56,M,0
6828,3403,Manjunath Sharma,50,M,1
6829,3403,Ramya Kulkarni,18,F,0
6830,3404,Darshan Rao,31,M,0
6831,3405,Suresh Singh,67,M,0
6832,3405,Shilpa Rao,58,F,0
6833,3405,Geetha Shetty,74,F,0
6834,3406,Santosh Reddy,29,T,0
6835,3406,Shivakumar Sharma,46,M,1
6836,3407,Bhagya Kulkarni,65,F,0
6837,3408,Suresh Bhat,43,M,0
6838,3409,Sahana Yadav,23,F,0
6839,3409,Suma Hegde,30,F,0
6840,3409,Anil Shetty,39,M,0
6841,3410,Rashmi Joshi,71,F,0
6842,3410,Shivakumar Kumar,78,M,0
6843,3410,Darshan Singh,48,M,0
6844,3411,Ramesh Reddy,72,M,0
6845,3411,Darshan Gowda,63,M,0
6846,3411,Swathi Rao,61,F,0
6847,3412,Manjunath Hiremath,45,M,0
6848,3412,Rakesh Kumar,36,M,0
6849,3412,Suresh Kulkarni,42,M,0
6850,3413,Basavaraj Desai,60,M,0
6851,3413,Roopa Bhat,34,F,0
6852,3413,Nithin Naik,50,M,0
6853,3414,Santosh Desai,75,M,0
6854,3414,Meghana Reddy,61,F,0
6855,3415,Abhishek Hiremath,23,M,0
6856,3415,Rekha Naik,25,F,0
6857,3416,Anusha Bhat,39,F,0
6858,3416,Suresh Sharma,67,T,0
6859,3417,Santosh Naik,29,M,0
6860,3417,Vijay Gowda,41,M,0
6861,3418,Kavya Yadav,32,F,0
6862,3418,Anusha Kumar,53,F,0
6863,3419,Ramesh Bhat,77,M,0
6864,3419,Basavaraj Kumar,30,M,0
6865,3419,Bhagya Joshi,59,F,0
6866,3420,Basavaraj Rao,49,M,0
6867,3420,Basavaraj Reddy,50,M,0
6868,3421,Asha Rao,66,F,0
6869,3421,Vinay Patil,35,M,0
6870,3422,Shivakumar Shetty,57,M,0
6871,3423,Divya Sharma,49,F,0
6872,3424,Shivakumar Sharma,70,M,0
6873,3424,Bhagya Singh,62,F,0
6874,3424,Sahana Kumar,79,F,0
6875,3425,Arun Naik,48,M,0
6876,3426,Santosh Reddy,39,M,0
6877,3427,Darshan Singh,48,M,0
6878,3427,Vijay Rao,22,M,0
6879,3428,Shilpa Singh,71,T,0
6880,3429,Prakash Shetty,39,M,0
6881,3429,Divya Naik,35,F,0
6882,3430,Karthik Naik,55,M,0
6883,3430,Sunil Yadav,35,M,0
6884,3430,Asha Kulkarni,26,F,0
6885,3431,Abhishek Patil,60,M,0
6886,3432,Kiran Singh,34,M,0
6887,3433,Sunil Yadav,23,M,0
6888,3433,Rakesh Gowda,50,M,0
6889,3434,Asha Kumar,53,F,0
6890,3434,Anusha Kulkarni,25,F,0
6891,3435,Santosh Bhat,75,M,0
6892,3436,Prakash Sharma,36,M,0
6893,3436,Sunil Hiremath,47,M,0
6894,3437,Darshan Rao,32,M,0
6895,3437,Anusha Reddy,56,F,0
6896,3438,Manjunath Sharma,41,M,0
6897,3438,Abhishek Hiremath,36,M,0
6898,3439,Vijay Yadav,35,M,0
6899,3440,Anusha Naik,39,F,0
6900,3440,Shilpa Patil,41,F,0
6901,3441,Bhagya Yadav,45,F,0
6902,3441,Kiran Hiremath,29,M,0
6903,3441,Divya Kulkarni,65,F,0
6904,3442,Prakash Kumar,38,M,0
6905,3442,Divya Gowda,37,F,0
6906,3443,Bhagya Naik,29,F,0
6907,3444,Geetha Bhat,51,F,0
6908,3444,Sahana Reddy,62,F,0
6909,3444,Prakash Hiremath,53,M,0
6910,3445,Bhagya Rao,31,F,0
6911,3445,Arun Bhat,59,M,0
6912,3446,Anil Patil,36,M,0
6913,3446,Anil Desai,60,M,0
6914,3447,Santosh Hiremath,19,M,0
6915,3447,Ramesh Kulkarni,70,M,0
6916,3447,Ramesh Reddy,42,M,0
6917,3448,Divya Rao,40,F,0
6918,3449,Manjunath Patil,61,M,0
6919,3449,Pooja Desai,39,F,0
6920,3450,Ramya Yadav,79,F,0
6921,3450,Vinay Gowda,55,M,0
6922,3450,Prakash Hegde,77,M,0
6923,3451,Santosh Shetty,75,M,0
6924,3452,Mahesh Desai,67,M,0
6925,3452,Karthik Sharma,24,M,0
6926,3453,Rakesh Sharma,67,M,0
6927,3453,Basavaraj Desai,35,M,0
6928,3453,Vijay Bhat,32,M,0
6929,3454,Suma Sharma,25,F,0
6930,3454,Santosh Gowda,43,M,0
6931,3455,Manjunath Singh,78,M,0
6932,3456,Shivakumar Singh,41,M,0
6933,3456,Roopa Hiremath,39,F,0
6934,3457,Ramesh Patil,44,M,0
6935,3457,Sahana Rao,33,F,0
6936,3458,Santosh Kumar,21,T,1
6937,3459,Santosh Singh,55,M,0
6938,3460,Suresh Kulkarni,68,M,0
6939,3460,Shivakumar Kulkarni,73,M,0
6940,3460,Prakash Gowda,50,M,0
6941,3461,Rekha Kumar,30,F,0
6942,3461,Arun Gowda,52,M,0
6943,3461,Asha Gowda,62,F,0
6944,3462,Darshan Singh,47,M,0
6945,3462,Anil Gowda,58,M,0
6946,3463,Sangeetha Hiremath,69,F,0
6947,3464,Santosh Rao,30,M,0
6948,3464,Kiran Patil,50,M,0
6949,3464,Anusha Joshi,25,F,0
6950,3465,Shruthi Kumar,31,F,0
6951,3466,Puneeth Rao,53,M,0
6952,3466,Mahesh Shetty,34,M,0
6953,3467,Shruthi Shetty,39,F,0
6954,3467,Sunil Shetty,26,M,0
6955,3467,Pradeep Kulkarni,65,M,0
6956,3468,Ramesh Naik,55,M,0
6957,3468,Rashmi Sharma,33,F,0
6958,3469,Nithin Gowda,51,M,0
6959,3469,Vinay Joshi,59,M,1
6960,3470,Pradeep Rao,67,M,0
6961,3471,Ramesh Gowda,53,M,0
6962,3471,Santosh Kumar,76,M,0
6963,3472,Puneeth Hegde,43,M,0
6964,3473,Sangeetha Sharma,40,F,0
6965,3473,Shilpa Hegde,43,F,0
6966,3473,Prakash Bhat,34,M,0
6967,3474,Puneeth Sharma,33,M,0
6968,3474,Karthik Gowda,31,M,0
6969,3475,Suma Singh,66,F,0
6970,3475,Prakash Sharma,47,M,0
6971,3475,Basavaraj Hiremath,48,M,0
6972,3476,Karthik Hiremath,72,M,0
6973,3476,Kavya Naik,54,F,0
6974,3477,Darshan Singh,44,M,0
6975,3477,Manjunath Kulkarni,30,M,0
6976,3478,Pooja Joshi,41,F,0
6977,3479,Kiran Kumar,68,M,0
6978,3479,Prakash Gowda,49,M,0
6979,3479,Santosh Gowda,59,M,0
6980,3480,Sudeep Gowda,42,M,0
6981,3480,Shivakumar Yadav,32,M,0
6982,3481,Karthik Patil,56,M,0
6983,3481,Sunil Shetty,49,M,0
6984,3481,Prakash Patil,39,M,0
6985,3482,Sudeep Bhat,69,M,0
6986,3482,Suma Sharma,68,F,0
6987,3482,Suresh Singh,55,M,0
6988,3483,Prakash Hiremath,60,M,0
6989,3483,Meghana Shetty,33,F,0
6990,3484,Kavya Sharma,47,F,0
6991,3484,Arun Singh,46,M,0
6992,3485,Anusha Yadav,80,F,0
6993,3485,Anil Gowda,77,M,0
6994,3485,Bhagya Kumar,37,F,0
6995,3486,Roopa Bhat,46,F,0
6996,3487,Abhishek Hiremath,62,M,0
6997,3487,Sudeep Naik,56,M,0
6998,3487,Ramya Hiremath,76,F,0
6999,3488,Vinay Gowda,70,M,0
7000,3488,Sudeep Kulkarni,50,M,0
7001,3488,Puneeth Joshi,74,M,0
7002,3489,Sunil Yadav,58,M,0
7003,3490,Asha Yadav,58,F,0
7004,3490,Sangeetha Joshi,69,F,0
7005,3491,Basavaraj Shetty,78,M,0
7006,3491,Roopa Kulkarni,47,F,0
7007,3492,Nithin Gowda,53,M,0
7008,3492,Prakash Kulkarni,33,M,0
7009,3493,Sunil Hiremath,39,M,0
7010,3493,Basavaraj Desai,57,M,0
7011,3493,Arun Kulkarni,57,M,0
7012,3494,Vinay Gowda,43,M,0
7013,3494,Sangeetha Hegde,51,F,0
7014,3495,Pooja Kulkarni,49,F,0
7015,3495,Rakesh Naik,48,M,0
7016,3495,Rakesh Desai,22,M,0
7017,3496,Sudeep Desai,54,M,0
7018,3497,Anusha Naik,27,F,0
7019,3497,Mahesh Bhat,41,M,0
7020,3497,Vinay Hiremath,39,M,0
7021,3498,Kavya Joshi,27,F,0
7022,3498,Shilpa Kulkarni,56,F,0
7023,3499,Shilpa Singh,77,F,0
7024,3499,Suma Hiremath,24,F,0
7025,3500,Kavya Hegde,46,F,0
7026,3500,Mahesh Shetty,43,M,0
7027,3501,Karthik Sharma,39,M,0
7028,3501,Kavya Shetty,55,F,0
7029,3502,Ramesh Hiremath,76,M,0
7030,3503,Vijay Yadav,33,M,0
7031,3504,Darshan Patil,25,M,0
7032,3504,Sahana Naik,49,F,0
7033,3505,Santosh Hiremath,49,M,0
7034,3506,Meghana Hiremath,22,F,0
7035,3507,Ramesh Naik,67,M,0
7036,3508,Manjunath Shetty,52,M,0
7037,3509,Sangeetha Reddy,31,F,0
7038,3509,Sangeetha Bhat,47,F,0
7039,3510,Suma Singh,75,F,0
7040,3511,Anusha Hegde,49,F,0
7041,3512,Shivakumar Kumar,79,M,0
7042,3512,Manjunath Bhat,42,M,0
7043,3512,Karthik Sharma,56,M,0
7044,3513,Rashmi Patil,45,F,0
7045,3514,Asha Singh,66,F,0
7046,3514,Bhagya Gowda,72,F,0
7047,3515,Mahesh Hegde,22,M,0
7048,3516,Kavya Gowda,51,F,0
7049,3516,Pooja Hegde,49,F,0
7050,3517,Meghana Reddy,53,F,0
7051,3517,Pradeep Singh,51,M,0
7052,3517,Meghana Rao,23,F,0
7053,3518,Anusha Sharma,31,F,0
7054,3518,Sudeep Naik,72,M,0
7055,3519,Mahesh Shetty,26,M,0
7056,3519,Prakash Hiremath,70,M,0
7057,3520,Arun Joshi,50,M,0
7058,3521,Pradeep Joshi,51,M,0
7059,3522,Ramya Kumar,29,F,0
7060,3522,Roopa Joshi,76,F,0
7061,3523,Prakash Desai,25,M,0
7062,3523,Vijay Shetty,25,M,0
7063,3523,Nithin Hegde,77,M,0
7064,3524,Suma Rao,27,F,0
7065,3524,Rashmi Singh,56,F,0
7066,3525,Suma Gowda,18,F,0
7067,3525,Suma Reddy,49,F,0
7068,3525,Suma Reddy,20,F,0
7069,3526,Shivakumar Patil,34,M,0
7070,3527,Prakash Reddy,32,M,0
7071,3527,Sahana Patil,49,F,0
7072,3528,Sahana Joshi,33,F,0
7073,3529,Puneeth Hiremath,43,M,0
7074,3530,Shruthi Hiremath,18,F,0
7075,3530,Shruthi Shetty,39,F,0
7076,3531,Bhagya Kumar,48,F,0
7077,3531,Geetha Yadav,48,F,0
7078,3532,Manjunath Naik,66,M,0
7079,3532,Ramesh Kulkarni,64,M,0
7080,3533,Shivakumar Shetty,50,M,0
7081,3533,Anil Joshi,70,M,0
7082,3534,Vinay Yadav,18,M,0
7083,3534,Karthik Shetty,24,M,0
7084,3534,Basavaraj Patil,61,M,0
7085,3535,Pradeep Rao,37,M,0
7086,3535,Suresh Rao,44,M,0
7087,3536,Suresh Patil,56,M,0
7088,3536,Darshan Joshi,77,M,0
7089,3537,Bhagya Rao,27,F,0
7090,3538,Pradeep Reddy,46,M,0
7091,3538,Manjunath Hiremath,41,M,0
7092,3538,Asha Yadav,24,F,0
7093,3539,Meghana Hiremath,60,F,0
7094,3539,Suma Desai,20,F,0
7095,3540,Anusha Gowda,77,F,0
7096,3540,Rakesh Naik,68,M,0
7097,3541,Puneeth Singh,78,M,0
7098,3542,Sangeetha Rao,51,F,0
7099,3543,Rekha Kumar,36,F,0
7100,3543,Suma Desai,30,F,0
7101,3543,Puneeth Gowda,40,M,0
7102,3544,Basavaraj Reddy,25,M,0
7103,3544,Vinay Naik,21,M,0
7104,3545,Basavaraj Rao,41,M,0
7105,3546,Vinay Reddy,36,M,0
7106,3547,Rakesh Gowda,36,M,0
7107,3548,Pradeep Hiremath,31,M,0
7108,3548,Bhagya Kulkarni,33,F,0
7109,3548,Suma Kulkarni,46,F,0
7110,3549,Ramya Bhat,26,F,0
7111,3549,Bhagya Joshi,34,F,0
7112,3550,Arun Joshi,71,M,0
7113,3550,Shruthi Bhat,70,F,0
7114,3551,Meghana Hegde,39,F,0
7115,3552,Ramesh Yadav,60,M,0
7116,3553,Shivakumar Shetty,58,M,0
7117,3553,Puneeth Naik,47,M,0
7118,3554,Manjunath Naik,66,M,0
7119,3554,Darshan Kumar,37,M,0
7120,3554,Puneeth Singh,74,M,0
7121,3555,Ramesh Rao,20,M,0
7122,3555,Anusha Kulkarni,29,F,0
7123,3555,Kavya Hegde,65,F,0
7124,3556,Karthik Naik,78,M,0
7125,3556,Rekha Patil,76,F,0
7126,3557,Bhagya Singh,74,F,0
7127,3558,Sudeep Kulkarni,28,M,0
7128,3558,Anusha Reddy,38,F,0
7129,3558,Manjunath Joshi,58,M,0
7130,3559,Manjunath Reddy,62,M,0
7131,3559,Karthik Kulkarni,62,M,0
7132,3559,Prakash Rao,40,M,0
7133,3560,Pradeep Joshi,47,M,0
7134,3560,Ramesh Hiremath,72,M,0
7135,3561,Meghana Patil,26,F,0
7136,3562,Arun Yadav,34,M,0
7137,3562,Pooja Hiremath,29,F,0
7138,3562,Suresh Rao,27,M,0
7139,3563,Shilpa Reddy,25,F,0
7140,3564,Sunil Hiremath,64,M,0
7141,3564,Vijay Sharma,25,M,0
7142,3564,Asha Hiremath,47,F,0
7143,3565,Anil Bhat,65,M,0
7144,3565,Shivakumar Sharma,29,M,0
7145,3566,Kavya Patil,39,F,0
7146,3566,Prakash Naik,63,M,0
7147,3567,Santosh Yadav,36,M,0
7148,3567,Bhagya Bhat,43,F,0
7149,3568,Sunil Desai,50,M,0
7150,3569,Rashmi Joshi,49,F,0
7151,3569,Anusha Bhat,47,F,0
7152,3569,Suresh Gowda,25,M,0
7153,3570,Karthik Shetty,44,M,0
7154,3570,Arun Shetty,77,M,0
7155,3570,Arun Shetty,50,M,0
7156,3571,Geetha Rao,27,F,0
7157,3572,Manjunath Yadav,29,M,0
7158,3572,Bhagya Sharma,18,F,0
7159,3572,Ramesh Shetty,79,M,0
7160,3573,Divya Rao,23,F,0
7161,3574,Shilpa Joshi,68,F,0
7162,3575,Meghana Reddy,57,F,0
7163,3576,Anil Reddy,55,M,0
7164,3576,Anusha Singh,65,F,0
7165,3577,Pooja Naik,20,F,0
7166,3578,Ramesh Rao,47,M,0
7167,3579,Divya Hiremath,72,F,0
7168,3579,Suresh Sharma,45,M,0
7169,3580,Shilpa Rao,26,F,0
7170,3581,Rashmi Singh,69,F,0
7171,3582,Mahesh Hiremath,46,M,0
7172,3582,Meghana Shetty,79,F,0
7173,3582,Santosh Sharma,32,M,0
7174,3583,Roopa Hegde,25,F,0
7175,3584,Rakesh Hegde,53,M,0
7176,3584,Abhishek Gowda,56,M,0
7177,3585,Santosh Patil,32,M,0
7178,3585,Santosh Hegde,57,M,0
7179,3586,Geetha Hiremath,35,F,0
7180,3586,Sunil Kumar,26,M,0
7181,3587,Shivakumar Joshi,39,M,0
7182,3587,Sahana Hiremath,32,F,0
7183,3587,Rakesh Sharma,24,M,0
7184,3588,Puneeth Desai,56,M,0
7185,3588,Nithin Joshi,43,M,0
7186,3589,Suma Rao,51,F,0
7187,3589,Darshan Singh,54,M,0
7188,3589,Sudeep Bhat,47,M,0
7189,3590,Sunil Desai,24,M,0
7190,3591,Arun Naik,24,M,0
7191,3591,Abhishek Hegde,67,M,0
7192,3591,Rashmi Patil,73,F,0
7193,3592,Suma Sharma,65,F,0
7194,3592,Sahana Shetty,32,F,0
7195,3593,Meghana Hegde,77,F,0
7196,3593,Manjunath Reddy,22,T,0
7197,3593,Sahana Desai,27,F,0
7198,3594,Mahesh Bhat,72,M,0
7199,3594,Shivakumar Shetty,49,M,0
7200,3595,Anil Joshi,42,M,0
7201,3596,Asha Kulkarni,66,F,0
7202,3596,Shivakumar Bhat,41,M,0
7203,3596,Puneeth Hiremath,73,M,0
7204,3597,Kiran Hiremath,36,M,0
7205,3598,Prakash Rao,60,M,0
7206,3599,Arun Yadav,47,M,0
7207,3599,Abhishek Rao,48,M,0
7208,3600,Sudeep Yadav,73,M,0
7209,3601,Meghana Patil,45,F,0
7210,3602,Rakesh Rao,37,M,0
7211,3602,Darshan Naik,41,M,0
7212,3602,Ramya Singh,54,F,0
7213,3603,Vinay Bhat,73,M,0
7214,3603,Manjunath Hegde,55,M,0
7215,3603,Asha Patil,45,F,0
7216,3604,Vijay Singh,18,M,0
7217,3604,Ramya Reddy,41,F,0
7218,3605,Geetha Kumar,72,F,0
7219,3605,Suma Reddy,60,F,0
7220,3606,Karthik Hiremath,70,M,0
7221,3607,Kavya Singh,23,F,0
7222,3608,Manjunath Kulkarni,58,M,0
7223,3609,Prakash Naik,37,M,0
7224,3609,Ramesh Desai,53,M,0
7225,3610,Divya Rao,79,F,0
7226,3611,Karthik Joshi,64,M,0
7227,3612,Karthik Reddy,60,M,0
7228,3612,Swathi Yadav,34,T,1
7229,3612,Ramesh Hegde,24,M,0
7230,3613,Vinay Patil,74,M,0
7231,3613,Rakesh Gowda,31,M,0
7232,3613,Pooja Yadav,27,F,0
7233,3614,Shivakumar Singh,69,M,0
7234,3614,Vinay Singh,41,M,0
7235,3614,Sangeetha Yadav,48,F,0
7236,3615,Prakash Bhat,41,M,0
7237,3615,Mahesh Sharma,41,M,0
7238,3615,Nithin Bhat,42,M,0
7239,3616,Ramesh Hegde,48,M,0
7240,3617,Pradeep Naik,57,M,0
7241,3617,Darshan Rao,42,M,0
7242,3618,Karthik Singh,22,M,0
7243,3618,Basavaraj Reddy,52,M,0
7244,3619,Mahesh Sharma,41,M,0
7245,3620,Kiran Shetty,35,M,0
7246,3621,Meghana Desai,54,F,0
7247,3621,Roopa Kumar,50,F,0
7248,3621,Pooja Rao,67,F,0
7249,3622,Suma Bhat,38,F,0
7250,3623,Kiran Shetty,64,M,0
7251,3624,Sangeetha Singh,52,F,0
7252,3624,Kiran Hegde,18,M,0
7253,3624,Shivakumar Gowda,29,M,0
7254,3625,Shivakumar Patil,45,M,0
7255,3625,Basavaraj Yadav,32,M,0
7256,3626,Arun Kumar,34,M,0
7257,3626,Darshan Joshi,43,M,0
7258,3626,Anil Patil,50,M,0
7259,3627,Nithin Shetty,44,M,0
7260,3628,Suresh Reddy,51,M,0
7261,3628,Rakesh Naik,30,M,0
7262,3628,Pradeep Kumar,46,M,0
7263,3629,Asha Singh,75,F,0
7264,3629,Meghana Desai,29,F,0
7265,3629,Rashmi Gowda,55,F,0
7266,3630,Pooja Desai,65,F,0
7267,3630,Sunil Desai,29,M,0
7268,3630,Pradeep Singh,62,M,0
7269,3631,Vinay Singh,55,M,0
7270,3632,Vinay Desai,76,M,0
7271,3632,Karthik Yadav,62,M,0
7272,3633,Meghana Rao,51,F,0
7273,3634,Manjunath Sharma,53,M,0
7274,3634,Nithin Shetty,51,M,0
7275,3634,Prakash Kulkarni,54,M,0
7276,3635,Shruthi Singh,54,F,0
7277,3635,Rakesh Kulkarni,51,M,0
7278,3635,Kavya Shetty,46,F,0
7279,3636,Sunil Shetty,38,M,0
7280,3637,Sangeetha Singh,68,F,0
7281,3637,Kiran Bhat,18,M,0
7282,3638,Basavaraj Hiremath,69,M,0
7283,3638,Suma Bhat,29,F,0
7284,3639,Arun Reddy,34,M,0
7285,3639,Kiran Singh,31,M,0
7286,3640,Shruthi Naik,67,F,0
7287,3640,Bhagya Gowda,63,F,0
7288,3640,Roopa Kulkarni,79,F,0
7289,3641,Rakesh Kulkarni,35,M,0
7290,3641,Vinay Bhat,31,M,0
7291,3642,Nithin Naik,63,M,0
7292,3643,Rashmi Rao,28,F,0
7293,3643,Asha Kumar,68,F,0
7294,3643,Vinay Sharma,20,M,0
7295,3644,Meghana Yadav,40,F,0
7296,3644,Roopa Hegde,80,F,0
7297,3645,Bhagya Rao,57,F,0
7298,3645,Ramya Patil,73,F,0
7299,3646,Roopa Hiremath,48,F,0
7300,3646,Shivakumar Bhat,43,M,0
7301,3647,Asha Reddy,31,F,0
7302,3647,Swathi Desai,42,F,0
7303,3647,Karthik Bhat,34,M,0
7304,3648,Kavya Yadav,26,F,0
7305,3649,Roopa Patil,26,F,0
7306,3649,Vinay Hiremath,68,M,0
7307,3650,Kiran Hiremath,69,M,0
7308,3651,Prakash Bhat,37,M,0
7309,3651,Roopa Singh,42,F,0
7310,3652,Sudeep Desai,66,M,0
7311,3652,Kavya Hegde,32,F,0
7312,3652,Pradeep Hegde,40,M,0
7313,3653,Kiran Kumar,35,M,0
7314,3654,Sunil Bhat,60,M,0
7315,3655,Anusha Sharma,30,F,0
7316,3656,Shruthi Gowda,71,F,0
7317,3656,Suma Kulkarni,73,F,0
7318,3656,Anusha Singh,66,F,0
7319,3657,Sudeep Hiremath,55,M,0
7320,3657,Nithin Patil,68,M,0
7321,3657,Geetha Naik,19,F,0
7322,3658,Swathi Yadav,24,F,0
7323,3659,Suresh Hiremath,23,M,0
7324,3660,Sunil Bhat,39,M,0
7325,3660,Basavaraj Desai,71,M,0
7326,3661,Suresh Singh,58,M,0
7327,3661,Rekha Gowda,37,F,0
7328,3662,Abhishek Reddy,58,M,1
7329,3663,Rakesh Reddy,49,M,0
7330,3663,Anusha Naik,57,F,0
7331,3664,Sunil Reddy,53,M,0
7332,3664,Roopa Bhat,46,F,0
7333,3665,Meghana Yadav,58,F,0
7334,3665,Ramesh Kumar,40,M,0
7335,3665,Nithin Sharma,37,M,0
7336,3666,Rekha Kulkarni,23,F,0
7337,3666,Sahana Gowda,21,F,0
7338,3667,Rashmi Kumar,76,F,0
7339,3667,Swathi Bhat,61,F,0
7340,3667,Vinay Patil,76,M,0
7341,3668,Prakash Singh,38,M,0
7342,3668,Rakesh Rao,36,M,0
7343,3668,Puneeth Kumar,35,T,0
7344,3669,Meghana Sharma,24,F,0
7345,3670,Prakash Bhat,43,M,0
7346,3670,Mahesh Desai,41,M,0
7347,3670,Kiran Kumar,50,M,0
7348,3671,Nithin Joshi,25,M,0
7349,3671,Vinay Singh,63,M,0
7350,3671,Puneeth Singh,68,M,0
7351,3672,Vinay Hegde,55,M,0
7352,3673,Anil Patil,52,M,0
7353,3673,Nithin Shetty,40,M,0
7354,3673,Abhishek Hiremath,44,M,0
7355,3674,Santosh Shetty,34,M,0
7356,3674,Meghana Hiremath,29,F,0
7357,3675,Geetha Sharma,42,F,0
7358,3675,Nithin Hiremath,49,M,0
7359,3676,Shruthi Patil,18,F,0
7360,3677,Sangeetha Yadav,78,F,0
7361,3677,Roopa Kumar,51,F,0
7362,3677,Anil Singh,46,M,0
7363,3678,Pradeep Rao,22,M,0
7364,3678,Basavaraj Singh,45,M,0
7365,3679,Nithin Desai,68,M,0
7366,3680,Shivakumar Hegde,21,M,0
7367,3681,Rekha Gowda,39,F,0
7368,3681,Arun Yadav,43,M,0
7369,3682,Pradeep Reddy,48,M,0
7370,3683,Shivakumar Shetty,29,M,0
7371,3684,Sudeep Sharma,43,M,0
7372,3684,Rashmi Reddy,73,F,0
7373,3685,Darshan Joshi,70,M,0
7374,3685,Nithin Hegde,49,M,0
7375,3685,Divya Patil,58,F,0
7376,3686,Vinay Singh,44,M,0
7377,3686,Shilpa Patil,42,F,0
7378,3687,Arun Singh,52,M,0
7379,3687,Roopa Yadav,31,F,0
7380,3687,Asha Patil,43,F,0
7381,3688,Kavya Hegde,68,F,0
7382,3688,Sunil Reddy,19,M,0
7383,3689,Divya Bhat,57,T,0
7384,3689,Vijay Yadav,35,M,0
7385,3690,Suresh Kulkarni,36,M,0
7386,3691,Arun Kulkarni,42,M,0
7387,3691,Arun Gowda,39,M,0
7388,3691,Divya Sharma,58,F,0
7389,3692,Swathi Joshi,56,F,0
7390,3692,Rashmi Bhat,67,F,0
7391,3692,Vijay Joshi,75,M,0
7392,3693,Mahesh Sharma,41,M,0
7393,3693,Roopa Hegde,49,F,0
7394,3694,Sudeep Hiremath,20,M,0
7395,3694,Vijay Desai,59,M,0
7396,3694,Basavaraj Reddy,55,M,0
7397,3695,Rashmi Patil,56,F,0
7398,3695,Puneeth Rao,79,M,0
7399,3695,Meghana Hegde,68,F,0
7400,3696,Swathi Reddy,32,F,0
7401,3696,Karthik Hiremath,68,M,0
7402,3696,Rekha Desai,78,F,0
7403,3697,Vijay Kumar,37,M,0
7404,3697,Puneeth Patil,52,M,0
7405,3698,Shilpa Reddy,19,F,0
7406,3698,Sunil Hegde,18,M,0
7407,3698,Basavaraj Shetty,39,M,0
7408,3699,Darshan Singh,35,M,0
7409,3699,Nithin Joshi,72,M,0
7410,3699,Ramya Shetty,26,F,0
7411,3700,Sudeep Kumar,59,M,0
7412,3701,Asha Shetty,80,F,0
7413,3701,Suma Joshi,20,T,0
7414,3702,Anusha Gowda,36,F,0
7415,3702,Anusha Bhat,36,T,0
7416,3702,Shilpa Hegde,58,F,0
7417,3703,Kavya Patil,60,F,0
7418,3703,Geetha Joshi,45,F,0
7419,3703,Ramesh Singh,38,M,0
7420,3704,Karthik Rao,64,M,0
7421,3704,Swathi Patil,25,F,0
7422,3705,Meghana Sharma,55,F,0
7423,3705,Shivakumar Kulkarni,79,M,0
7424,3706,Geetha Joshi,35,F,0
7425,3706,Rekha Reddy,44,F,0
7426,3706,Ramya Reddy,22,F,0
7427,3707,Pradeep Rao,72,M,0
7428,3708,Roopa Reddy,19,F,0
7429,3708,Geetha Naik,52,F,0
7430,3708,Ramesh Bhat,56,M,0
7431,3709,Rakesh Singh,37,M,0
7432,3710,Suresh Sharma,46,M,0
7433,3710,Kiran Kumar,36,M,0
7434,3710,Prakash Rao,37,M,0
7435,3711,Suma Bhat,50,F,0
7436,3711,Abhishek Joshi,27,M,0
7437,3711,Pradeep Shetty,57,M,0
7438,3712,Basavaraj Bhat,75,M,0
7439,3712,Arun Desai,77,M,0
7440,3713,Manjunath Patil,48,M,0
7441,3714,Darshan Rao,20,M,0
7442,3714,Nithin Joshi,53,M,0
7443,3715,Abhishek Joshi,46,M,0
7444,3715,Vinay Gowda,78,M,0
7445,3715,Arun Kulkarni,54,M,0
7446,3716,Pooja Rao,52,F,0
7447,3716,Sudeep Desai,30,M,0
7448,3716,Roopa Shetty,22,F,0
7449,3717,Puneeth Naik,49,M,0
7450,3717,Nithin Kulkarni,38,M,0
7451,3718,Kiran Reddy,68,M,0
7452,3718,Sudeep Desai,67,M,0
7453,3718,Kiran Sharma,46,M,0
7454,3719,Roopa Gowda,34,F,0
7455,3720,Roopa Shetty,59,F,0
7456,3721,Ramesh Rao,56,M,0
7457,3722,Manjunath Kulkarni,77,M,0
7458,3723,Roopa Patil,48,T,0
7459,3724,Karthik Patil,32,M,1
7460,3725,Shivakumar Gowda,32,M,0
7461,3725,Arun Yadav,75,M,0
7462,3726,Darshan Joshi,40,M,0
7463,3726,Pooja Rao,55,F,0
7464,3726,Divya Joshi,36,F,0
7465,3727,Rekha Desai,53,F,0
7466,3727,Rakesh Shetty,39,M,0
7467,3727,Shivakumar Yadav,25,M,0
7468,3728,Sunil Joshi,54,M,0
7469,3729,Anil Sharma,43,M,0
7470,3729,Mahesh Hiremath,53,M,0
7471,3729,Karthik Gowda,38,M,0
7472,3730,Meghana Gowda,71,F,0
7473,3730,Shruthi Reddy,25,F,0
7474,3731,Sahana Hegde,25,F,0
7475,3731,Ramya Sharma,30,F,0
7476,3731,Vinay Kulkarni,34,M,0
7477,3732,Suresh Yadav,44,M,0
7478,3733,Puneeth Naik,35,M,0
7479,3733,Geetha Hegde,53,F,0
7480,3733,Basavaraj Sharma,80,M,0
7481,3734,Suma Joshi,54,F,0
7482,3734,Shilpa Gowda,46,F,0
7483,3735,Geetha Sharma,60,F,0
7484,3735,Ramesh Kumar,55,M,0
7485,3735,Mahesh Yadav,59,M,0
7486,3736,Shilpa Yadav,74,T,0
7487,3736,Prakash Hiremath,44,M,0
7488,3737,Prakash Kumar,19,M,0
7489,3737,Bhagya Singh,44,F,0
7490,3737,Suresh Naik,28,M,0
7491,3738,Pradeep Desai,55,M,0
7492,3739,Meghana Yadav,22,F,0
7493,3740,Suresh Joshi,60,M,0
7494,3741,Suresh Bhat,51,M,0
7495,3741,Rakesh Hegde,39,M,0
7496,3741,Ramesh Patil,33,M,0
7497,3742,Nithin Joshi,80,M,0
7498,3742,Darshan Bhat,49,M,0
7499,3743,Sahana Hegde,80,F,0
7500,3744,Shivakumar Shetty,32,M,0
7501,3744,Shruthi Singh,60,F,0
7502,3745,Roopa Desai,18,F,0
7503,3746,Shivakumar Joshi,77,M,0
7504,3746,Puneeth Hiremath,49,M,0
7505,3747,Arun Patil,45,M,0
7506,3747,Arun Joshi,35,M,0
7507,3748,Anil Gowda,40,M,0
7508,3748,Sangeetha Sharma,37,F,0
7509,3748,Geetha Joshi,39,F,0
7510,3749,Shivakumar Kumar,46,M,0
7511,3749,Santosh Bhat,72,M,0
7512,3749,Pooja Kulkarni,46,F,0
7513,3750,Basavaraj Singh,70,M,0
7514,3751,Sudeep Singh,30,M,0
7515,3751,Darshan Reddy,47,M,0
7516,3752,Abhishek Patil,43,M,0
7517,3752,Suma Singh,35,F,0
7518,3752,Ramya Shetty,48,F,0
7519,3753,Suresh Joshi,57,M,0
7520,3753,Rashmi Bhat,32,F,0
7521,3753,Prakash Kulkarni,59,M,0
7522,3754,Swathi Singh,38,F,0
7523,3754,Rashmi Gowda,26,F,0
7524,3755,Rakesh Sharma,22,M,0
7525,3755,Kavya Sharma,76,F,0
7526,3756,Rashmi Sharma,32,F,0
7527,3757,Arun Sharma,32,M,0
7528,3757,Basavaraj Yadav,72,M,0
7529,3757,Divya Kumar,30,F,0
7530,3758,Ramya Kulkarni,73,F,0
7531,3758,Vijay Yadav,32,M,0
7532,3758,Shilpa Reddy,20,F,0
7533,3759,Ramesh Bhat,57,T,0
7534,3759,Sangeetha Shetty,48,F,0
7535,3760,Bhagya Singh,47,F,0
7536,3760,Pooja Rao,77,F,0
7537,3761,Suma Singh,35,F,0
7538,3761,Prakash Desai,20,M,0
7539,3762,Vijay Joshi,68,M,0
7540,3763,Swathi Gowda,39,F,0
7541,3763,Meghana Gowda,68,F,0
7542,3764,Rekha Joshi,49,F,0
7543,3764,Sunil Reddy,33,M,0
7544,3764,Nithin Gowda,70,M,0
7545,3765,Rakesh Kumar,51,M,0
7546,3765,Nithin Joshi,19,M,0
7547,3766,Roopa Desai,58,F,0
7548,3767,Rakesh Hegde,58,M,0
7549,3767,Anil Hegde,54,M,0
7550,3767,Pradeep Kulkarni,32,M,0
7551,3768,Shivakumar Joshi,52,M,0
7552,3768,Rekha Kulkarni,33,F,0
7553,3769,Sudeep Hegde,35,M,0
7554,3769,Sudeep Kumar,37,M,0
7555,3769,Meghana Gowda,31,F,0
7556,3770,Darshan Gowda,69,M,0
7557,3771,Sahana Sharma,69,F,0
7558,3772,Puneeth Shetty,24,M,0
7559,3773,Pradeep Reddy,60,M,0
7560,3773,Pradeep Kulkarni,28,M,0
7561,3774,Darshan Kulkarni,37,M,0
7562,3774,Ramya Rao,45,F,0
7563,3775,Anil Kumar,67,M,0
7564,3775,Sudeep Kulkarni,69,M,0
7565,3776,Kiran Gowda,39,M,0
7566,3776,Kiran Naik,67,M,0
7567,3777,Vinay Rao,44,M,0
7568,3777,Meghana Desai,31,F,0
7569,3777,Manjunath Gowda,31,M,0
7570,3778,Prakash Singh,18,M,0
7571,3778,Ramesh Singh,53,M,0
7572,3779,Bhagya Desai,64,F,0
7573,3780,Nithin Kulkarni,58,M,0
7574,3780,Manjunath Gowda,55,M,0
7575,3781,Sudeep Kumar,31,M,0
7576,3781,Karthik Rao,31,M,0
7577,3781,Sunil Yadav,64,M,0
7578,3782,Manjunath Hegde,51,M,0
7579,3782,Sunil Desai,58,M,0
7580,3783,Basavaraj Joshi,32,M,0
7581,3783,Santosh Shetty,38,M,0
7582,3784,Mahesh Naik,35,M,0
7583,3784,Rashmi Rao,52,F,0
7584,3785,Asha Naik,73,F,0
7585,3786,Ramya Reddy,73,F,0
7586,3786,Mahesh Hiremath,47,M,0
7587,3786,Geetha Reddy,40,F,0
7588,3787,Santosh Rao,60,M,0
7589,3788,Puneeth Joshi,77,M,0
7590,3789,Vinay Singh,69,M,0
7591,3790,Rakesh Rao,45,M,0
7592,3791,Roopa Joshi,25,F,0
7593,3791,Ramya Singh,42,F,0
7594,3791,Vinay Shetty,78,M,0
7595,3792,Suresh Kulkarni,55,M,0
7596,3793,Kavya Joshi,72,F,0
7597,3793,Pradeep Hiremath,77,M,0
7598,3793,Anusha Kulkarni,59,F,0
7599,3794,Sahana Gowda,32,F,0
7600,3795,Santosh Sharma,73,M,0
7601,3795,Sahana Joshi,57,F,0
7602,3796,Asha Kulkarni,61,F,0
7603,3797,Basavaraj Shetty,26,M,0
7604,3797,Sudeep Hiremath,62,M,0
7605,3798,Rashmi Gowda,28,F,0
7606,3798,Kiran Reddy,34,M,0
7607,3799,Sunil Patil,47,M,0
7608,3799,Suma Yadav,49,F,0
7609,3799,Sunil Sharma,73,M,0
7610,3800,Swathi Bhat,28,F,0
7611,3800,Ramesh Yadav,32,T,0
7612,3801,Arun Singh,40,M,0
7613,3801,Pradeep Desai,61,M,0
7614,3801,Vinay Hegde,59,M,0
7615,3802,Santosh Yadav,47,M,0
7616,3803,Swathi Sharma,37,F,0
7617,3804,Roopa Singh,40,F,0
7618,3805,Darshan Hegde,56,M,0
7619,3805,Abhishek Singh,53,M,0
7620,3806,Sunil Bhat,62,M,0
7621,3807,Puneeth Kulkarni,49,M,0
7622,3807,Manjunath Patil,35,M,0
7623,3808,Abhishek Joshi,24,M,0
7624,3809,Santosh Naik,59,M,0
7625,3810,Manjunath Gowda,38,M,0
7626,3810,Suma Gowda,32,F,0
7627,3811,Geetha Reddy,59,F,0
7628,3812,Sahana Desai,32,F,0
7629,3812,Roopa Sharma,46,F,0
7630,3813,Santosh Yadav,56,M,0
7631,3813,Shilpa Sharma,54,F,0
7632,3813,Abhishek Shetty,31,M,0
7633,3814,Nithin Rao,63,M,0
7634,3814,Abhishek Rao,62,M,0
7635,3814,Mahesh Shetty,48,M,0
7636,3815,Shilpa Patil,53,F,0
7637,3815,Sunil Sharma,33,M,0
7638,3816,Basavaraj Rao,77,M,0
7639,3817,Santosh Gowda,69,M,0
7640,3817,Arun Hiremath,76,M,0
7641,3817,Shivakumar Kulkarni,22,M,0
7642,3818,Rakesh Rao,43,M,0
7643,3818,Kavya Kumar,43,F,0
7644,3819,Swathi Reddy,74,F,0
7645,3820,Sudeep Gowda,46,M,0
7646,3820,Geetha Desai,56,F,0
7647,3821,Karthik Singh,67,M,0
7648,3821,Suma Reddy,73,F,0
7649,3822,Vinay Kulkarni,44,M,0
7650,3822,Shruthi Hiremath,54,F,0
7651,3822,Bhagya Hiremath,56,F,0
7652,3823,Swathi Patil,42,F,0
7653,3823,Rekha Rao,25,F,0
7654,3823,Ramesh Rao,51,M,0
7655,3824,Geetha Yadav,60,F,0
7656,3825,Prakash Desai,42,M,0
7657,3825,Rashmi Bhat,56,F,0
7658,3825,Basavaraj Gowda,53,M,0
7659,3826,Puneeth Sharma,77,M,0
7660,3826,Shilpa Rao,52,F,0
7661,3827,Manjunath Hiremath,37,M,0
7662,3828,Sangeetha Hiremath,62,F,0
7663,3829,Mahesh Hiremath,25,M,0
7664,3829,Puneeth Naik,27,M,0
7665,3829,Darshan Kumar,40,M,0
7666,3830,Bhagya Kulkarni,46,F,0
7667,3830,Shilpa Desai,43,F,0
7668,3831,Darshan Joshi,36,M,0
7669,3831,Sudeep Shetty,78,M,0
7670,3831,Rashmi Reddy,76,F,0
7671,3832,Shilpa Gowda,72,F,0
7672,3833,Kiran Reddy,52,M,0
7673,3833,Puneeth Rao,58,M,0
7674,3834,Puneeth Yadav,59,M,0
7675,3834,Abhishek Yadav,27,M,0
7676,3834,Vijay Yadav,36,M,0
7677,3835,Shivakumar Naik,77,M,0
7678,3835,Rakesh Yadav,52,M,0
7679,3835,Darshan Bhat,71,M,0
7680,3836,Manjunath Rao,60,M,0
7681,3837,Nithin Patil,34,M,0
7682,3837,Vijay Shetty,30,M,0
7683,3838,Sahana Desai,36,F,0
7684,3839,Shruthi Patil,44,F,0
7685,3839,Basavaraj Hiremath,49,M,0
7686,3839,Vijay Hegde,69,M,0
7687,3840,Divya Reddy,46,F,0
7688,3840,Shivakumar Kumar,30,M,0
7689,3841,Puneeth Sharma,48,M,0
7690,3841,Arun Kumar,31,M,0
7691,3841,Sudeep Naik,41,M,0
7692,3842,Rekha Desai,59,F,0
7693,3843,Santosh Gowda,30,M,0
7694,3843,Karthik Rao,37,M,0
7695,3844,Rakesh Joshi,42,M,0
7696,3844,Vinay Gowda,39,M,0
7697,3845,Sangeetha Kumar,70,F,0
7698,3845,Vijay Hegde,38,M,0
7699,3846,Asha Hiremath,30,F,0
7700,3846,Puneeth Shetty,49,M,0
7701,3847,Vijay Shetty,38,M,0
7702,3847,Sahana Rao,41,F,0
7703,3847,Anusha Joshi,67,F,0
7704,3848,Darshan Hiremath,71,M,0
7705,3848,Arun Joshi,40,M,0
7706,3849,Arun Sharma,54,M,0
7707,3849,Shivakumar Sharma,79,M,0
7708,3849,Vinay Bhat,57,M,0
7709,3850,Mahesh Singh,24,M,0
7710,3851,Shivakumar Rao,47,M,0
7711,3851,Manjunath Bhat,47,M,0
7712,3851,Ramesh Hegde,37,M,0
7713,3852,Abhishek Sharma,53,M,0
7714,3853,Vinay Gowda,53,M,0
7715,3853,Anusha Sharma,53,F,0
7716,3853,Asha Gowda,35,F,0
7717,3854,Kiran Bhat,59,M,0
7718,3855,Arun Joshi,29,M,0
7719,3855,Meghana Naik,52,F,0
7720,3856,Sudeep Kulkarni,55,M,0
7721,3857,Bhagya Sharma,65,F,0
7722,3858,Puneeth Sharma,49,M,0
7723,3858,Vinay Desai,47,M,0
7724,3858,Nithin Rao,68,M,0
7725,3859,Sahana Sharma,65,F,0
7726,3860,Swathi Desai,79,F,0
7727,3860,Anusha Patil,75,F,0
7728,3861,Roopa Yadav,70,F,0
7729,3861,Pradeep Hegde,40,M,0
7730,3861,Manjunath Desai,76,M,0
7731,3862,Pooja Hegde,36,F,0
7732,3862,Sunil Singh,30,M,0
7733,3863,Suresh Naik,40,M,0
7734,3863,Suma Rao,43,F,0
7735,3864,Shruthi Singh,53,F,0
7736,3865,Pradeep Yadav,35,M,0
7737,3865,Rakesh Gowda,37,M,0
7738,3866,Rekha Joshi,30,F,0
7739,3867,Divya Reddy,41,F,0
7740,3868,Sangeetha Desai,52,T,0
7741,3869,Shilpa Gowda,51,F,0
7742,3870,Anil Bhat,39,M,0
7743,3871,Asha Kulkarni,22,F,0
7744,3871,Meghana Bhat,72,F,0
7745,3872,Rekha Hiremath,44,F,0
7746,3872,Pooja Reddy,39,F,0
7747,3873,Kiran Singh,54,M,0
7748,3873,Anusha Hiremath,80,F,0
7749,3874,Divya Kumar,66,F,0
7750,3874,Anusha Gowda,59,F,0
7751,3874,Sunil Shetty,73,M,0
7752,3875,Prakash Patil,48,M,0
7753,3875,Karthik Hegde,52,M,0
7754,3875,Suma Yadav,22,F,0
7755,3876,Vijay Kulkarni,58,M,0
7756,3876,Asha Naik,64,F,0
7757,3877,Sangeetha Shetty,37,F,0
7758,3877,Divya Desai,49,F,0
7759,3878,Shivakumar Reddy,29,M,0
7760,3878,Abhishek Reddy,34,M,0
7761,3878,Kavya Kulkarni,78,F,0
7762,3879,Darshan Sharma,72,M,0
7763,3880,Divya Desai,48,F,0
7764,3881,Shivakumar Naik,71,M,0
7765,3881,Divya Rao,20,F,0
7766,3881,Pradeep Naik,18,M,0
7767,3882,Kiran Gowda,54,M,0
7768,3883,Sunil Hiremath,35,M,0
7769,3884,Puneeth Patil,36,M,0
7770,3884,Asha Patil,32,F,0
7771,3885,Abhishek Desai,52,M,0
7772,3885,Santosh Gowda,63,M,0
7773,3885,Swathi Patil,35,F,0
7774,3886,Mahesh Desai,67,M,0
7775,3886,Karthik Bhat,61,M,0
7776,3887,Santosh Desai,41,M,0
7777,3888,Sangeetha Joshi,42,F,0
7778,3888,Puneeth Yadav,56,M,0
7779,3888,Shivakumar Hegde,48,M,0
7780,3889,Vijay Kumar,45,M,0
7781,3889,Santosh Sharma,40,M,0
7782,3889,Mahesh Rao,44,M,0
7783,3890,Anil Desai,37,M,0
7784,3890,Asha Sharma,49,F,0
7785,3891,Anil Hiremath,72,M,0
7786,3891,Asha Naik,72,F,0
7787,3891,Nithin Reddy,80,M,0
7788,3892,Ramya Naik,52,F,0
7789,3893,Pradeep Hiremath,39,M,0
7790,3893,Swathi Rao,32,F,0
7791,3894,Shivakumar Reddy,66,M,0
7792,3894,Mahesh Naik,69,M,0
7793,3894,Vijay Sharma,69,M,0
7794,3895,Pradeep Hegde,71,M,0
7795,3895,Prakash Bhat,56,M,0
7796,3896,Vinay Kumar,46,M,0
7797,3897,Rekha Shetty,53,F,0
7798,3897,Rashmi Sharma,32,F,0
7799,3897,Shivakumar Kulkarni,30,M,0
7800,3898,Abhishek Shetty,61,M,0
7801,3899,Pooja Naik,44,F,0
7802,3899,Santosh Hiremath,39,M,0
7803,3900,Puneeth Singh,50,M,0
7804,3900,Anil Hiremath,47,M,0
7805,3901,Sunil Rao,68,M,0
7806,3902,Vijay Shetty,36,T,0
7807,3902,Puneeth Reddy,55,M,0
7808,3902,Kiran Patil,52,M,1
7809,3903,Sahana Yadav,78,F,0
7810,3904,Nithin Joshi,55,M,0
7811,3904,Kiran Hiremath,62,M,0
7812,3904,Bhagya Rao,67,F,0
7813,3905,Sahana Kulkarni,47,F,0
7814,3905,Manjunath Kulkarni,60,M,0
7815,3905,Vijay Kulkarni,35,M,0
7816,3906,Puneeth Hegde,33,M,0
7817,3907,Basavaraj Gowda,25,M,0
7818,3907,Bhagya Reddy,30,F,0
7819,3908,Meghana Patil,51,F,0
7820,3908,Santosh Reddy,42,M,0
7821,3908,Sunil Naik,58,M,0
7822,3909,Ramya Bhat,29,F,0
7823,3909,Sahana Gowda,51,F,0
7824,3909,Swathi Joshi,18,F,0
7825,3910,Prakash Reddy,54,M,0
7826,3910,Suma Yadav,42,T,0
7827,3911,Shivakumar Hiremath,38,M,0
7828,3911,Roopa Hiremath,69,F,0
7829,3912,Swathi Desai,61,F,0
7830,3912,Ramya Kumar,20,F,0
7831,3912,Pradeep Patil,37,M,0
7832,3913,Pradeep Kumar,55,M,0
7833,3913,Pradeep Rao,53,M,0
7834,3913,Abhishek Joshi,56,M,0
7835,3914,Rekha Naik,49,F,0
7836,3914,Darshan Kumar,58,M,0
7837,3914,Arun Joshi,31,M,0
7838,3915,Sunil Hiremath,34,M,0
7839,3915,Sahana Sharma,57,F,0
7840,3916,Swathi Sharma,60,F,0
7841,3916,Asha Gowda,66,F,0
7842,3917,Pooja Singh,25,F,0
7843,3917,Asha Sharma,55,F,0
7844,3918,Sangeetha Hiremath,59,F,0
7845,3919,Shivakumar Yadav,37,M,0
7846,3919,Pooja Hiremath,40,F,0
7847,3920,Arun Gowda,21,T,0
7848,3921,Sangeetha Singh,74,F,0
7849,3921,Nithin Sharma,80,M,0
7850,3922,Kiran Hegde,24,M,0
7851,3922,Mahesh Patil,72,M,0
7852,3922,Shilpa Sharma,25,F,0
7853,3923,Divya Kulkarni,57,F,0
7854,3923,Manjunath Hegde,44,M,0
7855,3924,Vijay Singh,29,M,0
7856,3925,Sunil Kulkarni,18,M,0
7857,3925,Basavaraj Singh,32,M,0
7858,3925,Prakash Naik,47,M,0
7859,3926,Geetha Reddy,31,F,0
7860,3927,Pradeep Sharma,54,M,0
7861,3927,Pradeep Kumar,49,M,0
7862,3927,Puneeth Hegde,26,M,0
7863,3928,Sunil Hegde,19,M,0
7864,3928,Ramesh Naik,29,M,0
7865,3929,Mahesh Singh,46,M,0
7866,3929,Anil Singh,54,M,0
7867,3930,Mahesh Joshi,41,M,0
7868,3930,Kiran Hiremath,47,M,0
7869,3931,Rekha Kumar,38,F,0
7870,3931,Arun Gowda,54,M,0
7871,3932,Sangeetha Singh,46,F,0
7872,3932,Vinay Singh,48,M,0
7873,3933,Rekha Patil,45,F,0
7874,3933,Sahana Naik,40,F,0
7875,3933,Rakesh Hiremath,51,M,0
7876,3934,Rashmi Bhat,22,F,0
7877,3935,Vinay Joshi,71,M,0
7878,3936,Asha Hiremath,71,T,0
7879,3936,Suresh Sharma,36,M,0
7880,3937,Anusha Hiremath,71,F,0
7881,3937,Abhishek Gowda,39,M,0
7882,3938,Mahesh Gowda,32,M,0
7883,3939,Darshan Kumar,68,M,0
7884,3940,Sahana Reddy,70,F,0
7885,3940,Santosh Kulkarni,22,M,0
7886,3941,Vijay Kulkarni,48,M,0
7887,3942,Puneeth Hegde,49,M,0
7888,3943,Anil Hegde,32,M,0
7889,3943,Asha Rao,69,F,0
7890,3943,Vinay Desai,71,M,0
7891,3944,Rekha Bhat,66,F,1
7892,3944,Suma Rao,38,F,0
7893,3944,Anusha Hegde,76,F,0
7894,3945,Prakash Hiremath,34,M,0
7895,3946,Rekha Naik,58,F,0
7896,3947,Swathi Rao,68,F,0
7897,3947,Shruthi Shetty,44,F,0
7898,3948,Santosh Sharma,48,M,0
7899,3949,Shruthi Kumar,36,F,0
7900,3949,Anil Singh,71,M,0
7901,3950,Pradeep Singh,46,M,0
7902,3951,Karthik Hegde,75,M,0
7903,3951,Santosh Desai,27,M,0
7904,3952,Karthik Bhat,53,M,0
7905,3952,Puneeth Yadav,32,M,0
7906,3953,Rakesh Gowda,79,M,0
7907,3953,Rekha Gowda,53,F,0
7908,3954,Suma Kulkarni,29,F,0
7909,3955,Kavya Joshi,77,F,0
7910,3955,Shruthi Joshi,24,F,0
7911,3956,Rashmi Patil,22,F,0
7912,3956,Pradeep Patil,63,M,0
7913,3957,Sunil Yadav,52,M,0
7914,3957,Ramesh Reddy,56,M,0
7915,3958,Basavaraj Kumar,53,M,0
7916,3958,Manjunath Shetty,24,M,0
7917,3959,Swathi Patil,38,F,0
7918,3960,Kavya Hiremath,31,F,0
7919,3960,Rekha Rao,57,F,0
7920,3960,Suresh Singh,33,M,0
7921,3961,Kiran Hegde,18,M,0
7922,3961,Puneeth Reddy,50,M,0
7923,3962,Kavya Kulkarni,21,F,0
7924,3963,Kavya Shetty,30,F,0
7925,3963,Divya Hegde,65,F,0
7926,3964,Mahesh Bhat,49,M,0
7927,3965,Nithin Gowda,24,M,0
7928,3966,Puneeth Desai,35,M,0
7929,3967,Suresh Rao,46,M,0
7930,3967,Ramesh Kulkarni,41,M,0
7931,3968,Vinay Hegde,56,M,0
7932,3968,Vijay Hiremath,74,M,0
7933,3968,Sahana Yadav,51,F,0
7934,3969,Suma Kumar,42,F,0
7935,3969,Shruthi Gowda,75,F,0
7936,3970,Rashmi Hegde,57,F,0
7937,3970,Vinay Patil,60,M,0
7938,3970,Darshan Hiremath,51,M,0
7939,3971,Shruthi Gowda,50,F,0
7940,3971,Ramesh Patil,50,M,0
7941,3971,Sunil Kumar,37,M,0
7942,3972,Shivakumar Gowda,57,M,0
7943,3972,Sangeetha Kulkarni,49,F,0
7944,3972,Geetha Kulkarni,36,F,0
7945,3973,Sunil Rao,31,M,0
7946,3973,Rekha Naik,19,F,0
7947,3974,Bhagya Singh,63,F,0
7948,3974,Shilpa Joshi,18,F,0
7949,3975,Geetha Singh,55,F,0
7950,3976,Shivakumar Joshi,36,M,0
7951,3976,Darshan Singh,74,M,0
7952,3977,Suresh Desai,52,M,0
7953,3977,Santosh Patil,56,M,0
7954,3977,Geetha Bhat,28,F,0
7955,3978,Sunil Sharma,50,M,0
7956,3979,Sudeep Joshi,45,M,0
7957,3980,Sahana Patil,36,F,0
7958,3980,Prakash Hiremath,25,M,0
7959,3981,Rashmi Hegde,58,F,0
7960,3981,Shilpa Yadav,46,T,0
7961,3981,Vinay Gowda,56,M,0
7962,3982,Sudeep Hiremath,78,M,0
7963,3982,Pradeep Naik,30,M,0
7964,3982,Pooja Rao,19,F,0
7965,3983,Kavya Rao,51,T,0
7966,3983,Arun Kulkarni,73,M,0
7967,3984,Rakesh Reddy,37,M,0
7968,3984,Vinay Joshi,43,M,0
7969,3984,Santosh Yadav,59,M,0
7970,3985,Rashmi Gowda,42,F,0
7971,3985,Roopa Shetty,34,F,0
7972,3986,Abhishek Desai,40,M,0
7973,3986,Vinay Singh,49,M,0
7974,3987,Manjunath Bhat,38,M,0
7975,3987,Basavaraj Yadav,53,M,0
7976,3987,Roopa Yadav,72,F,0
7977,3988,Shivakumar Gowda,39,M,0
7978,3988,Pradeep Joshi,50,M,0
7979,3989,Sudeep Gowda,51,M,0
7980,3990,Santosh Singh,42,M,0
7981,3991,Sahana Gowda,35,F,1
7982,3991,Basavaraj Yadav,56,M,0
7983,3992,Asha Shetty,74,F,0
7984,3992,Kavya Hegde,38,F,0
7985,3993,Abhishek Patil,73,M,0
7986,3993,Basavaraj Kumar,27,M,0
7987,3993,Anil Kulkarni,33,M,0
7988,3994,Anusha Singh,76,F,0
7989,3994,Ramesh Hiremath,60,M,0
7990,3995,Rakesh Kulkarni,41,M,0
7991,3995,Karthik Naik,31,M,0
7992,3996,Darshan Bhat,79,M,0
7993,3996,Basavaraj Sharma,43,M,0
7994,3997,Basavaraj Naik,37,M,0
7995,3997,Sudeep Rao,26,M,0
7996,3998,Kavya Naik,59,F,1
7997,3998,Basavaraj Reddy,80,T,0
7998,3998,Vinay Kulkarni,68,M,0
7999,3999,Anil Reddy,60,M,0
8000,4000,Prakash Singh,52,M,0
8001,4000,Darshan Singh,71,M,0
8002,4000,Puneeth Shetty,30,M,0
8003,4001,Manjunath Hegde,65,M,0
8004,4001,Shivakumar Reddy,35,M,0
8005,4001,Sahana Naik,47,F,0
8006,4002,Nithin Hiremath,61,M,0
8007,4002,Suma Shetty,50,F,0
8008,4002,Arun Naik,79,M,0
8009,4003,Basavaraj Kulkarni,66,M,0
8010,4004,Ramya Rao,24,F,0
8011,4004,Suresh Reddy,26,M,0
8012,4004,Rakesh Yadav,76,M,0
8013,4005,Bhagya Hiremath,29,F,0
8014,4006,Pradeep Desai,58,M,0
8015,4007,Basavaraj Hegde,41,M,0
8016,4007,Shilpa Sharma,36,F,0
8017,4007,Geetha Shetty,36,F,0
8018,4008,Rekha Desai,45,F,0
8019,4008,Vijay Shetty,64,M,0
8020,4009,Manjunath Rao,54,M,0
8021,4009,Sudeep Naik,36,M,0
8022,4009,Shivakumar Rao,41,M,0
8023,4010,Shruthi Patil,25,F,0
8024,4010,Abhishek Shetty,44,M,0
8025,4010,Vinay Reddy,57,M,0
8026,4011,Puneeth Singh,28,M,0
8027,4011,Kiran Gowda,61,M,0
8028,4011,Swathi Bhat,26,F,0
8029,4012,Swathi Kulkarni,32,F,0
8030,4013,Suresh Hegde,55,M,0
8031,4014,Kiran Gowda,65,M,0
8032,4014,Vijay Rao,23,M,0
8033,4015,Puneeth Gowda,23,M,0
8034,4015,Mahesh Singh,46,M,0
8035,4015,Pooja Hiremath,36,F,0
8036,4016,Anusha Shetty,80,F,0
8037,4016,Rakesh Bhat,70,M,0
8038,4016,Pradeep Naik,40,M,0
8039,4017,Nithin Singh,20,M,0
8040,4018,Swathi Hiremath,43,F,0
8041,4018,Rakesh Shetty,59,M,0
8042,4019,Shilpa Kumar,30,F,0
8043,4019,Sangeetha Kumar,57,F,0
8044,4019,Divya Kumar,62,F,0
8045,4020,Suma Patil,44,F,0
8046,4021,Sunil Reddy,61,M,0
8047,4022,Manjunath Desai,21,M,0
8048,4023,Rekha Kumar,58,F,0
8049,4023,Karthik Rao,33,M,0
8050,4023,Suresh Desai,63,M,0
8051,4024,Pradeep Hiremath,33,M,0
8052,4024,Nithin Naik,58,M,0
8053,4025,Sudeep Sharma,51,M,0
8054,4025,Nithin Patil,21,M,0
8055,4025,Ramya Hiremath,23,F,0
8056,4026,Arun Singh,18,M,0
8057,4027,Kavya Joshi,58,F,0
8058,4028,Abhishek Sharma,49,M,0
8059,4028,Sangeetha Hegde,18,F,0
8060,4029,Sangeetha Naik,21,F,0
8061,4030,Pooja Desai,31,F,0
8062,4030,Anusha Gowda,49,F,0
8063,4030,Puneeth Rao,53,M,0
8064,4031,Rakesh Kumar,76,M,0
8065,4032,Sahana Desai,46,F,0
8066,4032,Sangeetha Naik,48,F,0
8067,4033,Santosh Kumar,55,M,0
8068,4033,Rashmi Kumar,80,F,0
8069,4034,Roopa Desai,72,F,0
8070,4034,Rashmi Bhat,47,F,0
8071,4035,Basavaraj Shetty,59,M,0
8072,4036,Kavya Reddy,31,F,0
8073,4037,Roopa Kulkarni,51,F,0
8074,4037,Vinay Desai,50,M,0
8075,4037,Vinay Hegde,49,M,0
8076,4038,Vijay Gowda,40,M,0
8077,4039,Nithin Patil,46,M,0
8078,4039,Sudeep Joshi,58,M,0
8079,4040,Abhishek Bhat,68,M,0
8080,4041,Abhishek Desai,41,M,0
8081,4041,Abhishek Kulkarni,39,M,0
8082,4042,Meghana Reddy,78,F,0
8083,4042,Anil Singh,55,M,0
8084,4043,Geetha Reddy,59,F,0
8085,4043,Kiran Bhat,30,M,0
8086,4043,Pooja Singh,46,F,0
8087,4044,Puneeth Yadav,23,M,0
8088,4044,Ramesh Hiremath,46,M,0
8089,4045,Rekha Kulkarni,39,F,0
8090,4046,Roopa Naik,53,F,0
8091,4046,Geetha Joshi,34,F,0
8092,4047,Sangeetha Yadav,62,F,0
8093,4048,Divya Gowda,44,F,0
8094,4048,Abhishek Bhat,58,M,0
8095,4048,Asha Naik,68,F,0
8096,4049,Rashmi Kulkarni,70,F,0
8097,4050,Rashmi Kumar,35,F,0
8098,4051,Vijay Bhat,57,M,0
8099,4051,Vinay Rao,61,M,0
8100,4052,Sunil Singh,65,M,0
8101,4053,Arun Kumar,76,M,0
8102,4053,Swathi Kulkarni,68,F,0
8103,4054,Vijay Reddy,36,M,0
8104,4054,Santosh Sharma,22,M,0
8105,4054,Nithin Kulkarni,65,M,0
8106,4055,Kavya Bhat,59,F,0
8107,4055,Shruthi Kumar,49,F,0
8108,4055,Ramya Reddy,20,F,0
8109,4056,Darshan Shetty,28,M,0
8110,4057,Anil Shetty,23,M,0
8111,4057,Abhishek Kumar,51,M,0
8112,4057,Manjunath Rao,72,M,0
8113,4058,Karthik Reddy,27,M,0
8114,4058,Shruthi Sharma,67,F,0
8115,4058,Prakash Kumar,35,M,0
8116,4059,Roopa Bhat,43,F,0
8117,4059,Puneeth Joshi,42,M,0
8118,4059,Bhagya Hiremath,46,F,0
8119,4060,Suresh Kumar,59,M,0
8120,4060,Santosh Bhat,77,M,0
8121,4060,Mahesh Bhat,33,M,0
8122,4061,Sunil Hegde,36,M,0
8123,4062,Bhagya Joshi,76,F,0
8124,4063,Sunil Naik,24,M,0
8125,4064,Divya Patil,39,F,0
8126,4064,Rashmi Rao,50,F,0
8127,4064,Prakash Hegde,39,M,0
8128,4065,Divya Shetty,42,F,0
8129,4066,Geetha Bhat,38,F,0
8130,4066,Sangeetha Kumar,27,T,0
8131,4067,Anil Patil,38,M,0
8132,4068,Geetha Kulkarni,62,F,0
8133,4068,Pooja Rao,18,F,0
8134,4068,Divya Naik,61,F,0
8135,4069,Geetha Hegde,36,F,0
8136,4069,Meghana Desai,54,F,0
8137,4070,Kiran Sharma,47,M,0
8138,4070,Puneeth Gowda,38,M,0
8139,4071,Vinay Singh,41,M,0
8140,4072,Kavya Singh,27,F,0
8141,4072,Abhishek Kumar,45,M,0
8142,4072,Rekha Joshi,80,F,0
8143,4073,Sudeep Joshi,66,M,0
8144,4074,Swathi Gowda,55,F,1
8145,4074,Meghana Reddy,35,F,0
8146,4075,Darshan Sharma,60,M,0
8147,4075,Swathi Joshi,37,F,0
8148,4076,Shruthi Naik,45,F,0
8149,4076,Basavaraj Yadav,62,M,0
8150,4077,Rakesh Kulkarni,67,M,0
8151,4077,Suma Gowda,34,F,0
8152,4077,Puneeth Bhat,67,M,0
8153,4078,Ramesh Sharma,43,M,0
8154,4078,Shilpa Kumar,61,F,0
8155,4079,Rekha Gowda,77,F,0
8156,4080,Divya Naik,41,F,0
8157,4081,Anil Desai,30,M,0
8158,4082,Sunil Desai,20,M,0
8159,4082,Anusha Gowda,76,F,0
8160,4083,Suresh Kumar,44,M,0
8161,4083,Asha Hiremath,43,F,0
8162,4084,Nithin Bhat,20,M,0
8163,4084,Pooja Rao,72,F,0
8164,4085,Basavaraj Sharma,55,M,0
8165,4085,Divya Patil,30,F,0
8166,4085,Santosh Bhat,34,M,0
8167,4086,Suresh Kumar,52,M,0
8168,4087,Darshan Rao,44,M,0
8169,4088,Santosh Rao,50,M,0
8170,4088,Karthik Gowda,47,M,0
8171,4088,Santosh Desai,57,M,0
8172,4089,Suresh Hiremath,58,M,0
8173,4089,Nithin Joshi,74,M,0
8174,4089,Manjunath Sharma,29,M,0
8175,4090,Manjunath Bhat,47,M,0
8176,4091,Asha Kumar,35,F,0
8177,4091,Arun Kumar,56,M,0
8178,4091,Nithin Kumar,44,M,0
8179,4092,Sangeetha Sharma,46,F,0
8180,4092,Shruthi Naik,51,F,0
8181,4092,Rekha Kulkarni,52,F,0
8182,4093,Suresh Naik,43,M,0
8183,4093,Sunil Desai,56,M,0
8184,4094,Arun Patil,22,M,0
8185,4095,Shivakumar Rao,46,M,0
8186,4095,Nithin Rao,60,M,0
8187,4096,Swathi Singh,42,F,0
8188,4097,Karthik Kulkarni,38,M,0
8189,4097,Sudeep Rao,54,M,0
8190,4097,Suresh Rao,58,M,0
8191,4098,Anusha Bhat,46,F,0
8192,4099,Darshan Patil,33,M,0
8193,4099,Vinay Joshi,64,M,0
8194,4100,Arun Gowda,65,M,0
8195,4100,Manjunath Rao,21,M,0
8196,4100,Arun Joshi,69,M,0
8197,4101,Vijay Yadav,30,M,0
8198,4101,Sangeetha Joshi,49,F,0
8199,4101,Rekha Reddy,36,F,0
8200,4102,Basavaraj Reddy,50,M,0
8201,4103,Prakash Patil,40,M,0
8202,4103,Darshan Hegde,31,M,0
8203,4103,Bhagya Rao,47,F,0
8204,4104,Vijay Shetty,67,M,0
8205,4105,Karthik Joshi,45,M,0
8206,4105,Santosh Bhat,42,M,0
8207,4105,Geetha Bhat,71,F,0
8208,4106,Rashmi Singh,29,F,0
8209,4106,Vijay Bhat,34,M,0
8210,4106,Shruthi Patil,36,F,0
8211,4107,Mahesh Shetty,68,M,0
8212,4108,Prakash Kumar,44,M,0
8213,4108,Shruthi Hegde,55,F,0
8214,4108,Prakash Gowda,38,M,0
8215,4109,Ramesh Bhat,60,M,0
8216,4109,Suresh Naik,73,M,0
8217,4110,Shilpa Patil,67,F,0
8218,4110,Abhishek Sharma,51,M,0
8219,4110,Swathi Kulkarni,30,F,0
8220,4111,Shilpa Sharma,80,F,0
8221,4112,Sunil Reddy,50,M,0
8222,4112,Bhagya Naik,56,F,0
8223,4113,Geetha Singh,70,F,0
8224,4113,Sunil Joshi,46,M,0
8225,4114,Manjunath Patil,30,M,0
8226,4114,Kiran Singh,41,M,0
8227,4114,Rakesh Yadav,32,M,0
8228,4115,Mahesh Bhat,49,M,0
8229,4115,Pradeep Gowda,30,T,0
8230,4116,Suma Shetty,56,F,0
8231,4117,Shilpa Rao,74,F,0
8232,4118,Basavaraj Kumar,67,M,0
8233,4118,Kavya Kulkarni,61,F,0
8234,4119,Santosh Kulkarni,24,M,0
8235,4119,Roopa Yadav,61,F,0
8236,4119,Divya Patil,63,F,0
8237,4120,Sudeep Bhat,27,M,0
8238,4121,Kavya Rao,24,F,0
8239,4121,Kavya Hiremath,21,F,0
8240,4122,Asha Kulkarni,38,F,0
8241,4122,Sunil Shetty,34,M,0
8242,4123,Sunil Hiremath,64,M,0
8243,4124,Pradeep Gowda,65,M,0
8244,4125,Nithin Kumar,63,M,0
8245,4125,Suresh Bhat,20,M,0
8246,4126,Sudeep Reddy,63,M,0
8247,4126,Swathi Yadav,63,F,0
8248,4126,Karthik Sharma,36,M,0
8249,4127,Santosh Kumar,50,M,0
8250,4127,Shruthi Patil,39,F,0
8251,4127,Nithin Hegde,40,M,0
8252,4128,Bhagya Desai,35,F,0
8253,4128,Sudeep Naik,49,M,0
8254,4128,Asha Yadav,55,F,0
8255,4129,Vinay Gowda,77,M,0
8256,4130,Basavaraj Kulkarni,38,M,0
8257,4130,Rakesh Joshi,51,M,0
8258,4130,Santosh Reddy,45,M,0
8259,4131,Anil Shetty,47,M,0
8260,4132,Anil Gowda,79,M,0
8261,4133,Divya Kulkarni,44,F,0
8262,4133,Divya Naik,74,F,0
8263,4133,Roopa Bhat,30,F,0
8264,4134,Puneeth Gowda,56,T,0
8265,4135,Arun Shetty,45,M,0
8266,4135,Santosh Sharma,46,M,0
8267,4136,Anil Kulkarni,66,M,0
8268,4136,Anusha Reddy,52,F,0
8269,4136,Bhagya Naik,21,F,0
8270,4137,Darshan Hegde,55,M,0
8271,4138,Nithin Kumar,59,M,0
8272,4138,Anusha Joshi,41,F,0
8273,4138,Asha Joshi,75,F,0
8274,4139,Puneeth Kulkarni,80,M,0
8275,4140,Rashmi Hiremath,41,F,0
8276,4140,Anil Sharma,40,M,0
8277,4141,Prakash Patil,53,M,0
8278,4142,Santosh Bhat,51,M,0
8279,4143,Shruthi Gowda,50,F,0
8280,4143,Shivakumar Desai,43,M,0
8281,4143,Suresh Naik,37,M,0
8282,4144,Karthik Kumar,67,M,0
8283,4144,Kiran Hegde,23,M,0
8284,4145,Ramya Kulkarni,41,F,0
8285,4146,Puneeth Yadav,38,M,0
8286,4146,Roopa Hiremath,41,F,0
8287,4147,Basavaraj Hiremath,60,M,0
8288,4147,Rakesh Shetty,49,M,0
8289,4148,Anil Bhat,61,M,0
8290,4149,Manjunath Kumar,63,M,0
8291,4150,Darshan Gowda,65,M,0
8292,4150,Kiran Hegde,40,M,0
8293,4151,Santosh Naik,69,M,0
8294,4151,Manjunath Naik,41,M,0
8295,4152,Abhishek Kulkarni,21,M,0
8296,4152,Geetha Kumar,55,F,0
8297,4153,Mahesh Hegde,80,M,0
8298,4153,Nithin Joshi,32,M,0
8299,4153,Shilpa Desai,19,F,0
8300,4154,Suresh Joshi,60,M,0
8301,4155,Darshan Yadav,55,M,0
8302,4155,Vinay Patil,21,M,0
8303,4156,Nithin Kulkarni,72,M,0
8304,4156,Rekha Patil,35,F,0
8305,4157,Roopa Desai,58,F,0
8306,4157,Rashmi Hiremath,32,F,0
8307,4158,Arun Shetty,33,M,0
8308,4158,Ramesh Yadav,54,M,0
8309,4158,Pooja Shetty,45,F,0
8310,4159,Prakash Kumar,51,M,0
8311,4159,Swathi Sharma,72,F,0
8312,4160,Sahana Yadav,23,F,0
8313,4160,Rekha Desai,72,F,0
8314,4160,Roopa Joshi,67,F,0
8315,4161,Mahesh Rao,48,M,0
8316,4162,Kiran Hegde,73,M,0
8317,4163,Sangeetha Gowda,50,F,0
8318,4164,Kavya Shetty,29,F,0
8319,4165,Suma Bhat,58,F,0
8320,4165,Karthik Hegde,58,M,0
8321,4165,Divya Patil,80,F,0
8322,4166,Nithin Rao,36,M,0
8323,4166,Ramya Hiremath,68,F,0
8324,4167,Darshan Rao,41,M,0
8325,4168,Karthik Yadav,40,M,0
8326,4169,Basavaraj Joshi,20,M,0
8327,4169,Anil Patil,52,T,0
8328,4169,Prakash Bhat,57,M,0
8329,4170,Vijay Bhat,47,M,0
8330,4170,Bhagya Sharma,55,F,0
8331,4171,Suresh Patil,43,M,0
8332,4171,Rakesh Desai,60,M,0
8333,4171,Sunil Bhat,32,M,0
8334,4172,Suresh Gowda,72,M,0
8335,4172,Rakesh Yadav,29,M,0
8336,4173,Darshan Bhat,68,M,0
8337,4173,Swathi Sharma,68,F,0
8338,4174,Vinay Shetty,45,M,0
8339,4174,Darshan Joshi,54,T,0
8340,4175,Suma Yadav,39,F,0
8341,4175,Asha Kumar,48,F,0
8342,4175,Basavaraj Gowda,61,M,0
8343,4176,Karthik Gowda,70,M,0
8344,4176,Suresh Gowda,25,M,0
8345,4176,Pradeep Singh,80,M,0
8346,4177,Meghana Shetty,28,F,0
8347,4177,Basavaraj Gowda,71,M,0
8348,4178,Sangeetha Yadav,45,F,0
8349,4179,Sudeep Desai,19,M,0
8350,4179,Suma Kulkarni,27,F,0
8351,4179,Basavaraj Desai,68,M,0
8352,4180,Kavya Kumar,32,F,0
8353,4180,Mahesh Bhat,30,M,0
8354,4180,Karthik Sharma,36,M,0
8355,4181,Mahesh Singh,71,M,0
8356,4181,Mahesh Reddy,62,M,0
8357,4181,Rakesh Kulkarni,43,M,0
8358,4182,Rekha Gowda,40,F,0
8359,4182,Shruthi Naik,37,F,0
8360,4182,Kiran Shetty,32,M,0
8361,4183,Kiran Hiremath,37,M,0
8362,4183,Karthik Hegde,64,M,0
8363,4184,Darshan Singh,54,M,0
8364,4185,Sangeetha Sharma,41,F,0
8365,4185,Anil Patil,77,M,0
8366,4186,Anusha Desai,24,F,0
8367,4187,Puneeth Sharma,58,M,0
8368,4187,Ramesh Rao,27,M,0
8369,4188,Vijay Singh,58,M,0
8370,4188,Basavaraj Reddy,39,M,0
8371,4188,Asha Gowda,39,F,0
8372,4189,Puneeth Gowda,35,M,0
8373,4190,Abhishek Hegde,70,M,0
8374,4191,Mahesh Kulkarni,39,M,0
8375,4191,Asha Desai,52,F,0
8376,4191,Rakesh Hiremath,31,M,1
8377,4192,Mahesh Patil,23,M,0
8378,4192,Rakesh Naik,52,M,0
8379,4192,Asha Reddy,62,F,0
8380,4193,Bhagya Reddy,71,F,0
8381,4193,Arun Kulkarni,38,M,0
8382,4194,Rekha Reddy,36,F,0
8383,4194,Divya Joshi,51,F,0
8384,4194,Shilpa Bhat,31,F,0
8385,4195,Prakash Yadav,53,M,0
8386,4195,Abhishek Singh,58,M,0
8387,4196,Pooja Hiremath,31,F,0
8388,4196,Shivakumar Singh,60,M,0
8389,4196,Kiran Desai,65,M,0
8390,4197,Sunil Naik,48,M,0
8391,4197,Prakash Kulkarni,57,M,0
8392,4197,Arun Kulkarni,46,M,0
8393,4198,Prakash Gowda,38,M,0
8394,4198,Suresh Hegde,21,M,0
8395,4198,Shilpa Kumar,28,F,0
8396,4199,Rekha Singh,68,F,0
8397,4200,Rashmi Naik,55,F,0
8398,4200,Anusha Yadav,39,F,0
8399,4201,Puneeth Hiremath,55,M,0
8400,4201,Rashmi Rao,20,F,0
8401,4202,Shilpa Kulkarni,23,F,0
8402,4202,Ramesh Hiremath,47,M,0
8403,4203,Bhagya Joshi,21,F,0
8404,4203,Geetha Kulkarni,76,F,0
8405,4203,Vijay Hiremath,44,M,0
8406,4204,Mahesh Joshi,56,M,0
8407,4205,Pradeep Joshi,76,M,0
8408,4206,Sunil Bhat,30,M,0
8409,4206,Geetha Reddy,39,F,0
8410,4207,Vijay Patil,20,M,0
8411,4208,Vinay Naik,76,M,0
8412,4208,Sudeep Hegde,45,T,0
8413,4209,Karthik Singh,76,M,0
8414,4209,Shivakumar Hiremath,57,M,0
8415,4210,Vinay Joshi,74,M,0
8416,4210,Meghana Kumar,45,F,1
8417,4211,Nithin Hiremath,31,M,0
8418,4212,Nithin Joshi,53,M,0
8419,4213,Pooja Bhat,19,F,0
8420,4213,Divya Singh,70,F,0
8421,4213,Kavya Patil,38,F,0
8422,4214,Asha Patil,44,F,0
8423,4214,Sudeep Kumar,76,M,0
8424,4214,Arun Kumar,53,M,0
8425,4215,Kavya Shetty,64,F,0
8426,4215,Rakesh Hiremath,23,M,0
8427,4216,Vijay Desai,46,M,0
8428,4216,Karthik Joshi,45,M,0
8429,4216,Kavya Joshi,39,F,0
8430,4217,Swathi Joshi,31,F,0
8431,4217,Darshan Hiremath,56,M,0
8432,4217,Rakesh Rao,28,M,0
8433,4218,Anil Gowda,54,M,0
8434,4218,Anusha Yadav,56,F,0
8435,4219,Sudeep Kulkarni,23,M,0
8436,4219,Bhagya Bhat,44,F,0
8437,4220,Vijay Hegde,31,M,0
8438,4221,Mahesh Kumar,59,M,0
8439,4222,Anusha Gowda,39,F,0
8440,4223,Anil Patil,55,M,0
8441,4223,Pooja Singh,47,F,0
8442,4223,Ramya Yadav,58,F,0
8443,4224,Suresh Shetty,51,M,0
8444,4225,Puneeth Patil,58,M,0
8445,4225,Roopa Hiremath,54,F,0
8446,4226,Karthik Reddy,52,M,0
8447,4226,Manjunath Gowda,38,T,0
8448,4226,Sunil Joshi,52,M,0
8449,4227,Shivakumar Sharma,61,M,0
8450,4227,Bhagya Kumar,21,F,0
8451,4228,Sunil Naik,43,M,0
8452,4228,Shilpa Kumar,19,F,0
8453,4228,Suma Shetty,73,F,0
8454,4229,Meghana Joshi,54,F,0
8455,4229,Rakesh Yadav,54,M,0
8456,4230,Suresh Bhat,47,M,0
8457,4231,Mahesh Gowda,74,M,0
8458,4231,Swathi Hiremath,19,F,0
8459,4231,Vinay Yadav,73,M,0
8460,4232,Asha Desai,38,F,0
8461,4232,Meghana Rao,70,F,0
8462,4233,Santosh Kulkarni,43,M,0
8463,4233,Pradeep Sharma,70,M,0
8464,4233,Divya Gowda,70,F,0
8465,4234,Darshan Sharma,76,M,0
8466,4235,Puneeth Desai,38,M,0
8467,4235,Asha Reddy,52,F,0
8468,4236,Meghana Gowda,74,F,0
8469,4236,Puneeth Hegde,51,M,0
8470,4236,Divya Patil,33,F,0
8471,4237,Suresh Kulkarni,57,M,0
8472,4238,Sudeep Patil,20,M,1
8473,4239,Arun Reddy,48,M,0
8474,4240,Darshan Kulkarni,45,M,0
8475,4241,Abhishek Naik,71,M,0
8476,4241,Sahana Kumar,23,F,0
8477,4242,Pradeep Patil,69,M,0
8478,4243,Puneeth Reddy,41,M,0
8479,4244,Sahana Reddy,53,F,0
8480,4244,Darshan Kulkarni,78,M,0
8481,4244,Manjunath Joshi,40,M,0
8482,4245,Mahesh Naik,47,M,0
8483,4245,Asha Reddy,58,T,0
8484,4246,Suma Kulkarni,60,F,0
8485,4246,Shruthi Naik,40,F,0
8486,4247,Kiran Gowda,30,M,0
8487,4247,Sunil Rao,31,M,0
8488,4247,Santosh Rao,48,M,0
8489,4248,Darshan Yadav,65,M,0
8490,4248,Shruthi Joshi,40,F,0
8491,4248,Darshan Kulkarni,35,M,0
8492,4249,Shruthi Sharma,21,F,0
8493,4249,Puneeth Naik,64,M,0
8494,4250,Prakash Sharma,79,M,0
8495,4251,Nithin Hiremath,22,M,0
8496,4251,Sunil Bhat,37,M,0
8497,4251,Pooja Bhat,24,F,0
8498,4252,Divya Naik,40,F,0
8499,4253,Nithin Reddy,61,M,0
8500,4254,Vijay Desai,38,M,0
8501,4255,Geetha Bhat,34,F,0
8502,4255,Anil Shetty,36,M,0
8503,4255,Anil Rao,35,M,0
8504,4256,Karthik Sharma,32,M,0
8505,4257,Anil Naik,28,M,0
8506,4257,Sudeep Joshi,40,M,0
8507,4258,Meghana Bhat,58,F,0
8508,4258,Bhagya Gowda,43,F,0
8509,4259,Sahana Kumar,48,F,0
8510,4259,Bhagya Hiremath,70,T,0
8511,4260,Shivakumar Gowda,24,M,0
8512,4260,Nithin Patil,48,M,0
8513,4261,Suresh Desai,53,M,0
8514,4261,Pradeep Kumar,44,M,1
8515,4261,Vijay Naik,76,M,0
8516,4262,Kiran Naik,23,M,0
8517,4262,Sunil Gowda,73,M,0
8518,4262,Mahesh Hiremath,69,M,0
8519,4263,Swathi Rao,44,F,0
8520,4263,Mahesh Bhat,60,M,0
8521,4264,Kiran Kumar,31,M,0
8522,4264,Mahesh Singh,48,M,0
8523,4264,Rekha Bhat,56,F,0
8524,4265,Bhagya Gowda,71,F,0
8525,4265,Divya Kulkarni,52,F,0
8526,4265,Ramya Shetty,44,F,0
8527,4266,Geetha Joshi,22,F,0
8528,4266,Kavya Hegde,25,F,0
8529,4267,Santosh Sharma,73,M,0
8530,4268,Sudeep Hiremath,22,M,0
8531,4268,Manjunath Patil,52,M,0
8532,4268,Shilpa Hiremath,37,F,0
8533,4269,Kiran Sharma,70,M,0
8534,4269,Prakash Naik,72,M,0
8535,4269,Prakash Sharma,65,M,0
8536,4270,Meghana Kulkarni,33,F,0
8537,4270,Asha Sharma,59,F,0
8538,4271,Prakash Kumar,39,M,0
8539,4271,Sahana Sharma,71,F,0
8540,4272,Kavya Hiremath,20,F,0
8541,4273,Basavaraj Kulkarni,28,M,0
8542,4273,Sunil Sharma,25,M,0
8543,4274,Anusha Singh,44,F,0
8544,4274,Rakesh Yadav,44,M,0
8545,4274,Mahesh Reddy,31,M,0
8546,4275,Puneeth Joshi,35,M,0
8547,4275,Pooja Kulkarni,65,F,0
8548,4275,Ramya Reddy,29,F,0
8549,4276,Basavaraj Rao,42,M,0
8550,4276,Anusha Naik,46,F,0
8551,4277,Geetha Joshi,59,F,0
8552,4277,Santosh Hegde,30,M,0
8553,4278,Swathi Desai,59,F,0
8554,4279,Manjunath Gowda,67,M,0
8555,4279,Bhagya Yadav,76,F,0
8556,4279,Prakash Shetty,58,M,0
8557,4280,Ramesh Rao,59,M,0
8558,4280,Suresh Kumar,49,M,0
8559,4280,Karthik Shetty,42,M,0
8560,4281,Abhishek Rao,43,M,0
8561,4281,Anusha Shetty,41,F,0
8562,4282,Darshan Gowda,25,M,0
8563,4282,Manjunath Rao,57,M,0
8564,4282,Pradeep Shetty,20,M,0
8565,4283,Sunil Kumar,50,M,0
8566,4284,Vinay Gowda,49,M,0
8567,4285,Pooja Patil,46,F,0
8568,4285,Meghana Gowda,39,F,0
8569,4286,Arun Kumar,26,M,0
8570,4286,Meghana Kumar,47,F,0
8571,4286,Ramya Bhat,61,F,0
8572,4287,Pooja Bhat,44,F,0
8573,4287,Kavya Sharma,54,F,0
8574,4287,Puneeth Bhat,56,M,0
8575,4288,Suresh Bhat,36,M,1
8576,4288,Shivakumar Singh,59,M,0
8577,4289,Vijay Joshi,55,M,0
8578,4289,Anusha Gowda,43,F,0
8579,4289,Vinay Kumar,54,M,0
8580,4290,Rashmi Kumar,49,F,0
8581,4290,Pradeep Kulkarni,23,M,0
8582,4291,Shivakumar Yadav,47,M,0
8583,4291,Meghana Rao,49,F,0
8584,4292,Vijay Shetty,42,M,0
8585,4292,Abhishek Hiremath,51,M,0
8586,4292,Kiran Hiremath,19,M,0
8587,4293,Manjunath Desai,39,M,0
8588,4293,Sudeep Yadav,33,M,0
8589,4294,Bhagya Gowda,69,F,0
8590,4295,Karthik Reddy,46,M,0
8591,4296,Puneeth Shetty,44,M,0
8592,4297,Sunil Singh,76,M,0
8593,4297,Geetha Reddy,50,F,0
8594,4297,Bhagya Hegde,49,F,0
8595,4298,Shruthi Hiremath,37,F,0
8596,4298,Kavya Hiremath,18,F,0
8597,4298,Vinay Shetty,18,M,1
8598,4299,Shivakumar Desai,40,T,0
8599,4300,Meghana Patil,32,F,0
8600,4301,Manjunath Joshi,54,M,0
8601,4301,Pradeep Kulkarni,23,M,0
8602,4302,Sahana Patil,38,F,0
8603,4302,Santosh Singh,32,M,0
8604,4302,Suresh Hiremath,41,M,0
8605,4303,Karthik Reddy,31,M,0
8606,4303,Swathi Reddy,53,F,0
8607,4303,Mahesh Patil,34,M,0
8608,4304,Nithin Naik,34,M,0
8609,4305,Sudeep Hiremath,24,M,0
8610,4305,Asha Hiremath,29,F,0
8611,4305,Roopa Patil,51,F,0
8612,4306,Abhishek Kulkarni,71,M,0
8613,4306,Pradeep Patil,48,M,0
8614,4306,Abhishek Sharma,33,M,0
8615,4307,Swathi Bhat,41,F,0
8616,4308,Darshan Gowda,25,M,0
8617,4308,Sudeep Singh,72,M,0
8618,4308,Rekha Desai,27,F,0
8619,4309,Geetha Desai,67,F,0
8620,4309,Abhishek Sharma,55,M,0
8621,4310,Prakash Naik,46,M,0
8622,4310,Manjunath Joshi,78,M,0
8623,4311,Suresh Hegde,54,M,0
8624,4311,Anusha Gowda,45,T,0
8625,4311,Puneeth Sharma,25,M,0
8626,4312,Abhishek Joshi,33,M,0
8627,4312,Rashmi Sharma,45,F,0
8628,4313,Anusha Rao,63,F,0
8629,4313,Kiran Kulkarni,23,M,0
8630,4314,Anusha Patil,65,F,0
8631,4315,Anil Sharma,30,M,0
8632,4315,Sunil Sharma,76,M,0
8633,4315,Anil Naik,69,M,0
8634,4316,Darshan Hiremath,80,M,0
8635,4317,Shruthi Kulkarni,75,F,0
8636,4317,Anusha Sharma,61,F,0
8637,4318,Swathi Joshi,39,F,0
8638,4318,Sunil Reddy,37,M,0
8639,4319,Prakash Kulkarni,45,M,0
8640,4320,Santosh Shetty,37,M,0
8641,4320,Divya Sharma,62,F,0
8642,4320,Sudeep Naik,79,M,0
8643,4321,Kiran Kumar,76,M,0
8644,4321,Kavya Rao,50,F,0
8645,4321,Pradeep Yadav,24,M,0
8646,4322,Shivakumar Singh,56,M,0
8647,4322,Vijay Hiremath,41,M,0
8648,4323,Sudeep Desai,40,M,0
8649,4323,Santosh Naik,38,M,0
8650,4324,Meghana Kumar,41,F,0
8651,4324,Sunil Reddy,45,M,0
8652,4325,Sahana Reddy,41,F,0
8653,4326,Prakash Desai,65,M,0
8654,4326,Pooja Hiremath,76,F,0
8655,4327,Ramesh Reddy,42,M,0
8656,4327,Darshan Desai,73,M,1
8657,4328,Swathi Naik,53,F,0
8658,4328,Manjunath Gowda,41,M,0
8659,4329,Kavya Sharma,27,F,0
8660,4329,Ramesh Kulkarni,27,M,0
8661,4330,Abhishek Shetty,63,M,0
8662,4330,Abhishek Desai,63,M,0
8663,4330,Santosh Sharma,28,M,0
8664,4331,Suma Bhat,70,F,0
8665,4331,Swathi Naik,23,F,0
8666,4332,Rakesh Kulkarni,37,M,0
8667,4332,Asha Hiremath,52,F,0
8668,4333,Vijay Bhat,74,M,0
8669,4333,Shruthi Sharma,27,F,0
8670,4334,Asha Kulkarni,19,F,0
8671,4335,Bhagya Shetty,41,F,0
8672,4335,Kiran Desai,21,M,0
8673,4336,Puneeth Bhat,79,M,0
8674,4337,Sangeetha Patil,55,F,0
8675,4337,Abhishek Patil,68,M,0
8676,4338,Rashmi Naik,78,F,0
8677,4339,Anusha Joshi,67,F,0
8678,4339,Divya Naik,76,F,0
8679,4340,Vinay Yadav,50,M,0
8680,4340,Meghana Kulkarni,46,F,0
8681,4340,Bhagya Kulkarni,50,F,0
8682,4341,Darshan Sharma,49,M,0
8683,4341,Roopa Reddy,43,F,0
8684,4342,Shivakumar Sharma,50,M,0
8685,4343,Swathi Rao,21,F,0
8686,4343,Roopa Yadav,72,F,0
8687,4344,Prakash Joshi,62,M,0
8688,4344,Kiran Patil,59,M,0
8689,4344,Sudeep Yadav,19,M,0
8690,4345,Manjunath Shetty,56,M,0
8691,4345,Sunil Yadav,65,M,0
8692,4346,Meghana Sharma,64,F,0
8693,4346,Sudeep Kumar,30,M,0
8694,4346,Abhishek Yadav,48,M,0
8695,4347,Sangeetha Sharma,53,F,0
8696,4347,Arun Singh,41,M,0
8697,4347,Prakash Rao,41,M,0
8698,4348,Anil Bhat,24,M,0
8699,4348,Kiran Desai,22,M,0
8700,4348,Ramya Patil,64,F,0
8701,4349,Puneeth Reddy,19,M,0
8702,4349,Prakash Rao,18,M,0
8703,4349,Basavaraj Kulkarni,20,M,0
8704,4350,Sudeep Kumar,58,M,0
8705,4351,Mahesh Hegde,46,M,0
8706,4351,Pooja Gowda,67,F,0
8707,4351,Pooja Desai,36,F,0
8708,4352,Suresh Sharma,26,M,0
8709,4352,Arun Kumar,63,M,0
8710,4352,Vinay Sharma,60,M,0
8711,4353,Suresh Singh,47,M,0
8712,4353,Sunil Reddy,25,M,0
8713,4353,Abhishek Kulkarni,37,M,0
8714,4354,Manjunath Sharma,54,M,0
8715,4355,Sudeep Shetty,72,M,0
8716,4355,Ramya Kulkarni,36,F,0
8717,4355,Abhishek Singh,59,M,0
8718,4356,Sudeep Joshi,54,M,0
8719,4356,Swathi Gowda,45,F,0
8720,4357,Rakesh Hegde,34,M,0
8721,4357,Abhishek Naik,25,M,0
8722,4357,Ramesh Kumar,44,M,0
8723,4358,Kiran Patil,25,M,0
8724,4358,Rashmi Kumar,33,F,0
8725,4359,Ramesh Patil,51,M,0
8726,4359,Shivakumar Yadav,40,M,0
8727,4359,Anusha Bhat,45,F,0
8728,4360,Darshan Joshi,36,M,0
8729,4360,Kiran Hiremath,55,M,0
8730,4361,Asha Kumar,41,F,0
8731,4362,Ramya Hegde,49,F,0
8732,4362,Ramya Yadav,79,F,0
8733,4362,Shivakumar Yadav,40,M,0
8734,4363,Rekha Yadav,38,F,0
8735,4363,Manjunath Rao,71,T,0
8736,4363,Shivakumar Hegde,19,M,0
8737,4364,Pradeep Rao,34,M,1
8738,4364,Roopa Sharma,48,F,0
8739,4365,Mahesh Shetty,31,M,0
8740,4365,Shilpa Patil,39,F,0
8741,4365,Arun Hegde,20,M,0
8742,4366,Anusha Kumar,50,F,0
8743,4366,Suma Joshi,33,F,0
8744,4367,Vinay Kumar,28,M,0
8745,4367,Kavya Kulkarni,41,F,0
8746,4368,Arun Singh,18,M,0
8747,4368,Geetha Rao,57,T,0
8748,4369,Kiran Hegde,31,T,0
8749,4369,Karthik Bhat,55,M,0
8750,4369,Pooja Yadav,50,T,0
8751,4370,Vinay Rao,65,M,0
8752,4370,Vijay Rao,29,M,0
8753,4371,Arun Yadav,37,M,0
8754,4371,Manjunath Joshi,46,M,0
8755,4372,Ramesh Yadav,48,M,0
8756,4373,Sunil Sharma,38,M,0
8757,4373,Abhishek Hiremath,33,M,0
8758,4373,Darshan Sharma,78,M,0
8759,4374,Geetha Desai,42,F,0
8760,4374,Rakesh Reddy,19,M,0
8761,4375,Pooja Patil,53,F,0
8762,4376,Prakash Bhat,35,M,0
8763,4377,Basavaraj Reddy,57,M,0
8764,4378,Pooja Yadav,39,F,0
8765,4378,Suresh Joshi,32,M,0
8766,4379,Sunil Hegde,76,M,1
8767,4380,Asha Patil,30,F,0
8768,4380,Ramya Reddy,55,F,0
8769,4380,Asha Singh,54,F,0
8770,4381,Arun Sharma,30,M,0
8771,4382,Divya Patil,50,F,0
8772,4382,Prakash Naik,34,M,0
8773,4382,Suresh Joshi,52,M,0
8774,4383,Shruthi Bhat,26,F,0
8775,4384,Anil Shetty,40,M,0
8776,4384,Anil Kulkarni,41,M,0
8777,4384,Sunil Hegde,45,M,0
8778,4385,Shruthi Hegde,41,F,0
8779,4386,Basavaraj Desai,68,M,0
8780,4386,Shivakumar Kumar,25,M,0
8781,4386,Sudeep Reddy,27,M,0
8782,4387,Nithin Rao,47,M,0
8783,4388,Swathi Rao,38,F,0
8784,4388,Basavaraj Desai,66,M,0
8785,4389,Meghana Naik,58,F,0
8786,4389,Karthik Sharma,57,M,0
8787,4389,Arun Joshi,43,M,0
8788,4390,Santosh Desai,44,M,0
8789,4391,Santosh Kulkarni,44,M,0
8790,4391,Puneeth Desai,30,M,0
8791,4391,Rashmi Joshi,36,F,0
8792,4392,Swathi Joshi,39,F,0
8793,4392,Kiran Kumar,39,M,0
8794,4393,Bhagya Patil,49,F,0
8795,4393,Arun Shetty,79,M,0
8796,4393,Meghana Sharma,45,F,0
8797,4394,Arun Joshi,55,M,0
8798,4394,Suresh Kumar,33,M,0
8799,4395,Arun Kumar,62,M,0
8800,4396,Vijay Singh,39,M,0
8801,4396,Arun Reddy,22,M,0
8802,4396,Shivakumar Singh,79,M,0
8803,4397,Suma Rao,36,F,0
8804,4397,Vijay Joshi,56,M,0
8805,4397,Divya Singh,47,F,0
8806,4398,Vijay Joshi,46,M,0
8807,4398,Swathi Sharma,28,T,0
8808,4399,Pradeep Joshi,57,T,0
8809,4399,Rekha Kulkarni,58,F,0
8810,4400,Sudeep Kulkarni,18,M,0
8811,4400,Shivakumar Kulkarni,72,M,0
8812,4401,Abhishek Kulkarni,37,M,0
8813,4401,Ramesh Kumar,45,M,0
8814,4401,Shivakumar Yadav,46,M,0
8815,4402,Bhagya Bhat,46,F,0
8816,4402,Sudeep Kumar,67,M,0
8817,4402,Manjunath Gowda,70,M,0
8818,4403,Karthik Sharma,50,M,0
8819,4403,Sudeep Rao,62,M,0
8820,4404,Meghana Kulkarni,68,F,0
8821,4404,Basavaraj Naik,70,M,0
8822,4404,Mahesh Bhat,19,M,0
8823,4405,Shivakumar Singh,33,M,0
8824,4405,Shruthi Kulkarni,70,F,0
8825,4405,Santosh Yadav,40,M,0
8826,4406,Anusha Kumar,37,F,0
8827,4406,Bhagya Joshi,26,F,0
8828,4406,Manjunath Hiremath,60,M,0
8829,4407,Mahesh Hiremath,37,M,0
8830,4407,Sahana Shetty,43,F,0
8831,4407,Divya Rao,41,F,0
8832,4408,Pradeep Sharma,71,M,0
8833,4408,Pooja Rao,49,F,0
8834,4408,Mahesh Reddy,57,M,0
8835,4409,Sunil Sharma,43,M,0
8836,4409,Sudeep Kumar,46,M,0
8837,4410,Kavya Kumar,35,F,0
8838,4410,Ramesh Reddy,36,M,0
8839,4410,Rashmi Singh,31,F,0
8840,4411,Ramesh Bhat,55,M,0
8841,4412,Kavya Gowda,39,F,0
8842,4412,Santosh Rao,54,M,0
8843,4413,Geetha Joshi,42,F,0
8844,4414,Ramesh Naik,71,M,0
8845,4415,Basavaraj Bhat,23,M,0
8846,4415,Anusha Kumar,52,F,0
8847,4415,Rakesh Desai,74,M,0
8848,4416,Nithin Desai,35,M,0
8849,4416,Swathi Sharma,39,F,0
8850,4416,Rashmi Hegde,66,T,0
8851,4417,Asha Rao,31,F,0
8852,4417,Pradeep Shetty,37,M,0
8853,4417,Prakash Shetty,35,M,0
8854,4418,Sahana Bhat,26,F,0
8855,4418,Darshan Joshi,27,M,0
8856,4418,Basavaraj Hegde,62,M,0
8857,4419,Meghana Sharma,24,F,0
8858,4420,Suresh Rao,48,M,0
8859,4420,Prakash Kulkarni,24,M,0
8860,4421,Sangeetha Singh,36,F,0
8861,4421,Nithin Yadav,50,M,0
8862,4422,Manjunath Reddy,38,M,0
8863,4422,Pooja Shetty,38,F,0
8864,4423,Santosh Singh,74,M,0
8865,4423,Manjunath Naik,72,M,0
8866,4424,Vinay Hiremath,80,M,0
8867,4425,Divya Naik,54,F,0
8868,4425,Suresh Kulkarni,40,M,0
8869,4426,Rakesh Yadav,53,M,0
8870,4426,Swathi Gowda,69,F,0
8871,4427,Sunil Desai,75,M,0
8872,4427,Roopa Rao,22,F,0
8873,4427,Rashmi Singh,29,F,0
8874,4428,Vijay Joshi,48,M,0
8875,4428,Manjunath Sharma,38,M,0
8876,4428,Shruthi Naik,39,F,0
8877,4429,Kiran Singh,68,M,0
8878,4430,Arun Sharma,37,M,0
8879,4430,Pradeep Hiremath,52,M,0
8880,4430,Rakesh Hegde,53,M,0
8881,4431,Pooja Bhat,24,F,0
8882,4431,Meghana Desai,78,F,0
8883,4431,Vijay Rao,77,M,0
8884,4432,Swathi Kulkarni,37,F,0
8885,4432,Sudeep Naik,79,M,0
8886,4432,Swathi Shetty,30,F,0
8887,4433,Anil Hiremath,66,M,0
8888,4434,Geetha Desai,38,F,0
8889,4434,Anil Hegde,30,M,0
8890,4434,Suresh Yadav,44,M,0
8891,4435,Kiran Reddy,25,M,0
8892,4435,Kavya Sharma,47,F,0
8893,4436,Nithin Rao,22,M,0
8894,4436,Mahesh Patil,56,M,0
8895,4437,Vijay Bhat,39,M,0
8896,4437,Pooja Bhat,52,F,0
8897,4438,Anil Reddy,65,M,0
8898,4439,Mahesh Sharma,32,M,0
8899,4439,Asha Joshi,44,F,0
8900,4439,Anusha Singh,57,F,0
8901,4440,Arun Joshi,58,M,0
8902,4440,Ramya Bhat,45,F,0
8903,4441,Pooja Shetty,20,F,0
8904,4441,Manjunath Hiremath,53,M,0
8905,4442,Prakash Hegde,47,T,0
8906,4442,Asha Joshi,35,F,0
8907,4443,Meghana Naik,68,F,0
8908,4443,Mahesh Bhat,53,M,0
8909,4443,Rakesh Desai,25,M,0
8910,4444,Mahesh Hegde,63,M,0
8911,4444,Divya Kumar,80,F,0
8912,4445,Anusha Yadav,48,F,0
8913,4445,Rashmi Kulkarni,57,F,0
8914,4446,Santosh Joshi,77,M,0
8915,4446,Shivakumar Hegde,26,M,0
8916,4447,Meghana Kulkarni,56,F,0
8917,4448,Mahesh Naik,39,M,0
8918,4449,Shilpa Gowda,30,F,0
8919,4449,Abhishek Shetty,41,M,0
8920,4450,Anusha Reddy,25,F,0
8921,4450,Pooja Reddy,26,F,0
8922,4450,Puneeth Patil,43,M,0
8923,4451,Suresh Gowda,58,M,0
8924,4451,Bhagya Gowda,66,F,0
8925,4451,Kiran Desai,56,M,0
8926,4452,Vijay Singh,77,M,0
8927,4452,Pooja Yadav,37,F,0
8928,4453,Prakash Yadav,60,T,0
8929,4453,Kavya Hegde,48,F,0
8930,4454,Rakesh Sharma,25,M,0
8931,4454,Kiran Shetty,74,M,0
8932,4455,Sudeep Joshi,46,M,0
8933,4455,Rashmi Shetty,52,F,0
8934,4456,Ramya Joshi,31,F,0
8935,4456,Nithin Yadav,49,M,0
8936,4457,Karthik Shetty,64,M,0
8937,4457,Shivakumar Rao,59,M,0
8938,4458,Rashmi Gowda,38,F,0
8939,4458,Puneeth Sharma,50,M,0
8940,4459,Vinay Joshi,53,M,0
8941,4460,Rakesh Naik,25,M,0
8942,4460,Arun Joshi,68,M,0
8943,4461,Bhagya Desai,32,F,0
8944,4461,Arun Rao,38,M,0
8945,4462,Manjunath Bhat,19,M,0
8946,4462,Suma Shetty,62,F,0
8947,4462,Ramesh Sharma,23,M,0
8948,4463,Swathi Kumar,45,F,0
8949,4463,Ramesh Hegde,31,M,0
8950,4463,Pradeep Kumar,37,M,0
8951,4464,Divya Hiremath,23,F,0
8952,4464,Puneeth Hiremath,62,M,0
8953,4465,Mahesh Hiremath,52,M,0
8954,4465,Shruthi Desai,51,F,0
8955,4465,Shivakumar Reddy,25,M,0
8956,4466,Sahana Hiremath,26,F,0
8957,4467,Sahana Bhat,24,F,0
8958,4468,Shivakumar Kumar,35,M,0
8959,4468,Meghana Naik,58,F,0
8960,4469,Anusha Bhat,56,F,0
8961,4469,Shilpa Kumar,48,F,0
8962,4470,Anil Kumar,31,M,0
8963,4470,Nithin Patil,72,M,0
8964,4470,Basavaraj Joshi,43,M,0
8965,4471,Anil Rao,54,M,0
8966,4471,Shilpa Joshi,44,F,0
8967,4472,Pradeep Desai,30,M,0
8968,4472,Santosh Rao,67,M,0
8969,4473,Puneeth Kumar,79,M,0
8970,4473,Roopa Naik,42,F,0
8971,4474,Sahana Yadav,78,F,0
8972,4474,Anusha Patil,50,F,0
8973,4474,Abhishek Naik,63,M,0
8974,4475,Arun Joshi,40,M,0
8975,4475,Arun Reddy,55,M,0
8976,4476,Sangeetha Patil,23,F,0
8977,4477,Pradeep Sharma,65,M,0
8978,4477,Geetha Sharma,19,F,0
8979,4478,Shruthi Kulkarni,57,F,0
8980,4478,Divya Joshi,42,F,0
8981,4478,Puneeth Joshi,58,M,0
8982,4479,Suma Kulkarni,60,F,0
8983,4480,Suma Yadav,21,F,0
8984,4481,Sudeep Kumar,75,M,0
8985,4481,Nithin Yadav,80,M,0
8986,4481,Kavya Gowda,49,F,0
8987,4482,Rakesh Desai,22,M,0
8988,4482,Suresh Hiremath,40,M,0
8989,4482,Roopa Joshi,26,F,0
8990,4483,Puneeth Gowda,58,M,0
8991,4483,Abhishek Singh,34,T,0
8992,4484,Roopa Hegde,72,F,0
8993,4484,Puneeth Gowda,45,M,0
8994,4485,Mahesh Hiremath,38,M,0
8995,4485,Sahana Hegde,43,F,0
8996,4485,Kiran Desai,51,M,0
8997,4486,Nithin Patil,45,M,0
8998,4487,Vinay Gowda,64,M,0
8999,4488,Rakesh Shetty,55,M,0
9000,4488,Manjunath Gowda,29,M,0
9001,4489,Rekha Desai,48,F,0
9002,4489,Sangeetha Rao,71,F,0
9003,4490,Sangeetha Desai,21,F,0
9004,4490,Puneeth Shetty,67,M,0
9005,4491,Rashmi Gowda,65,F,0
9006,4491,Anil Desai,51,M,0
9007,4492,Karthik Hiremath,46,T,0
9008,4493,Darshan Rao,21,M,0
9009,4494,Anusha Bhat,21,F,0
9010,4495,Santosh Shetty,45,M,0
9011,4495,Kavya Sharma,55,F,0
9012,4496,Roopa Kumar,63,F,0
9013,4497,Suresh Kulkarni,54,M,0
9014,4497,Kavya Sharma,40,F,0
9015,4498,Nithin Naik,63,M,0
9016,4498,Rashmi Shetty,27,F,0
9017,4498,Karthik Reddy,73,M,0
9018,4499,Mahesh Shetty,39,M,0
9019,4499,Divya Reddy,52,F,0
9020,4499,Suma Naik,78,F,0
9021,4500,Santosh Kumar,58,M,1
9022,4500,Pradeep Rao,22,M,0
9023,4501,Shivakumar Gowda,41,M,0
9024,4502,Kavya Shetty,28,F,0
9025,4502,Roopa Yadav,46,F,0
9026,4502,Vijay Singh,70,M,0
9027,4503,Darshan Rao,52,M,0
9028,4503,Sunil Desai,45,M,0
9029,4504,Pradeep Kumar,37,M,0
9030,4505,Vinay Desai,45,M,0
9031,4506,Karthik Hiremath,33,M,0
9032,4507,Shivakumar Naik,39,M,0
9033,4507,Anusha Desai,45,F,0
9034,4507,Arun Gowda,45,M,0
9035,4508,Nithin Kulkarni,60,T,0
9036,4509,Vinay Bhat,55,M,0
9037,4509,Ramesh Shetty,50,M,0
9038,4510,Sangeetha Patil,19,F,0
9039,4510,Rakesh Reddy,62,M,0
9040,4511,Prakash Kulkarni,53,M,0
9041,4512,Sunil Hiremath,23,M,0
9042,4513,Kiran Hiremath,43,M,0
9043,4513,Roopa Patil,24,F,0
9044,4513,Santosh Shetty,41,M,0
9045,4514,Santosh Sharma,34,M,0
9046,4515,Ramesh Desai,78,M,1
9047,4516,Arun Yadav,29,M,0
9048,4516,Ramesh Yadav,70,M,0
9049,4516,Suresh Desai,70,M,0
9050,4517,Puneeth Kumar,69,M,0
9051,4517,Rashmi Hiremath,57,F,0
9052,4518,Abhishek Rao,42,M,0
9053,4518,Roopa Gowda,35,F,0
9054,4519,Abhishek Naik,47,M,0
9055,4519,Meghana Hegde,39,F,0
9056,4520,Prakash Naik,67,M,0
9057,4520,Bhagya Reddy,45,F,0
9058,4521,Suresh Patil,37,M,0
9059,4521,Roopa Naik,32,F,0
9060,4522,Rekha Hegde,55,F,0
9061,4522,Anil Rao,33,M,0
9062,4523,Ramesh Reddy,74,M,0
9063,4523,Sudeep Patil,31,M,0
9064,4523,Manjunath Hiremath,69,M,0
9065,4524,Arun Naik,24,M,0
9066,4524,Manjunath Yadav,40,M,0
9067,4524,Rakesh Patil,65,M,0
9068,4525,Nithin Hegde,36,M,0
9069,4525,Arun Shetty,52,M,0
9070,4525,Geetha Shetty,31,F,0
9071,4526,Basavaraj Desai,76,M,0
9072,4526,Santosh Hegde,41,M,0
9073,4527,Divya Gowda,36,F,0
9074,4527,Rakesh Naik,44,M,0
9075,4527,Shivakumar Reddy,35,M,0
9076,4528,Shivakumar Sharma,59,M,0
9077,4528,Puneeth Rao,76,M,0
9078,4529,Darshan Reddy,36,M,0
9079,4529,Ramya Kumar,32,F,0
9080,4529,Roopa Yadav,49,F,0
9081,4530,Abhishek Yadav,63,M,0
9082,4531,Kiran Shetty,65,M,0
9083,4532,Shilpa Rao,80,F,0
9084,4533,Santosh Desai,35,M,0
9085,4533,Shilpa Naik,70,T,0
9086,4533,Ramya Joshi,49,F,0
9087,4534,Pradeep Reddy,73,M,0
9088,4534,Mahesh Singh,71,M,0
9089,4534,Anil Shetty,43,M,0
9090,4535,Sudeep Bhat,78,M,0
9091,4535,Rakesh Shetty,71,M,0
9092,4536,Darshan Sharma,23,M,0
9093,4536,Abhishek Shetty,72,M,0
9094,4537,Ramesh Shetty,18,M,0
9095,4537,Pooja Hegde,33,F,0
9096,4538,Vijay Hiremath,19,M,0
9097,4538,Ramya Rao,32,F,0
9098,4538,Shivakumar Sharma,42,M,0
9099,4539,Kavya Hegde,23,F,0
9100,4539,Kiran Hiremath,71,M,0
9101,4539,Shruthi Hegde,24,F,0
9102,4540,Bhagya Bhat,37,F,0
9103,4540,Kiran Gowda,73,M,0
9104,4541,Basavaraj Yadav,38,M,0
9105,4541,Abhishek Joshi,58,M,0
9106,4541,Darshan Shetty,41,M,0
9107,4542,Puneeth Singh,55,M,0
9108,4542,Bhagya Gowda,49,F,0
9109,4543,Asha Reddy,42,F,0
9110,4543,Nithin Reddy,39,M,0
9111,4544,Suresh Hegde,53,M,0
9112,4544,Suma Hegde,49,T,0
9113,4544,Prakash Hiremath,51,T,0
9114,4545,Ramya Patil,22,F,0
9115,4546,Basavaraj Naik,30,M,0
9116,4547,Meghana Hegde,77,F,0
9117,4548,Suma Patil,75,F,0
9118,4549,Suma Kulkarni,35,F,0
9119,4550,Sahana Joshi,24,F,0
9120,4550,Anusha Hiremath,64,F,0
9121,4551,Santosh Kumar,45,M,1
9122,4551,Arun Naik,37,M,0
9123,4551,Bhagya Reddy,52,F,0
9124,4552,Ramesh Hiremath,57,M,0
9125,4552,Ramesh Joshi,79,M,0
9126,4553,Bhagya Singh,54,F,0
9127,4553,Roopa Sharma,55,F,0
9128,4553,Suresh Sharma,39,M,0
9129,4554,Rakesh Yadav,29,M,0
9130,4554,Kavya Hegde,18,F,0
9131,4555,Prakash Sharma,46,M,0
9132,4556,Prakash Hiremath,70,M,0
9133,4556,Rakesh Reddy,73,M,0
9134,4556,Bhagya Gowda,50,F,0
9135,4557,Prakash Hegde,71,M,0
9136,4558,Abhishek Bhat,42,M,0
9137,4558,Arun Yadav,30,M,0
9138,4558,Santosh Reddy,38,M,0
9139,4559,Meghana Joshi,80,F,0
9140,4559,Vinay Gowda,28,M,0
9141,4559,Darshan Kulkarni,58,M,0
9142,4560,Manjunath Sharma,43,M,0
9143,4561,Sunil Sharma,57,M,0
9144,4562,Mahesh Singh,78,M,0
9145,4562,Vinay Desai,24,M,0
9146,4562,Suresh Yadav,62,M,0
9147,4563,Basavaraj Desai,47,M,0
9148,4563,Asha Yadav,36,F,0
9149,4563,Ramya Naik,58,F,0
9150,4564,Suresh Naik,78,M,0
9151,4564,Rashmi Joshi,77,F,0
9152,4564,Ramesh Rao,62,M,0
9153,4565,Mahesh Kumar,58,M,0
9154,4565,Rekha Yadav,56,F,0
9155,4565,Kiran Yadav,51,M,0
9156,4566,Kiran Reddy,72,M,0
9157,4566,Ramesh Hiremath,44,M,0
9158,4567,Nithin Patil,59,M,0
9159,4567,Sahana Naik,53,F,0
9160,4567,Swathi Sharma,55,F,0
9161,4568,Sudeep Joshi,50,M,0
9162,4568,Nithin Singh,53,M,0
9163,4568,Darshan Singh,49,M,0
9164,4569,Basavaraj Gowda,57,M,0
9165,4570,Ramya Kulkarni,61,F,0
9166,4571,Karthik Rao,64,M,0
9167,4571,Darshan Singh,76,M,0
9168,4571,Vinay Hegde,77,M,0
9169,4572,Kavya Kulkarni,40,F,0
9170,4573,Suresh Sharma,43,M,0
9171,4574,Arun Reddy,40,M,0
9172,4574,Sunil Hegde,35,M,0
9173,4574,Santosh Sharma,54,M,0
9174,4575,Karthik Patil,45,M,0
9175,4575,Asha Kulkarni,70,F,0
9176,4576,Ramesh Hiremath,45,M,0
9177,4577,Shivakumar Yadav,34,M,0
9178,4577,Pooja Gowda,69,F,0
9179,4577,Roopa Reddy,60,F,0
9180,4578,Darshan Hegde,22,M,0
9181,4579,Vinay Kulkarni,31,M,0
9182,4579,Rakesh Sharma,44,M,0
9183,4579,Shruthi Yadav,33,F,0
9184,4580,Shivakumar Yadav,62,M,0
9185,4581,Vinay Hiremath,67,M,0
9186,4581,Suma Desai,39,F,0
9187,4581,Kiran Shetty,70,M,0
9188,4582,Suma Patil,56,F,0
9189,4582,Nithin Kumar,72,M,0
9190,4583,Suma Hegde,73,F,0
9191,4584,Geetha Gowda,42,F,0
9192,4585,Anusha Bhat,66,F,0
9193,4585,Kiran Joshi,48,M,0
9194,4586,Ramya Desai,18,F,0
9195,4586,Sangeetha Rao,35,F,0
9196,4586,Karthik Shetty,23,M,0
9197,4587,Shivakumar Yadav,33,T,0
9198,4588,Basavaraj Joshi,31,M,0
9199,4589,Rakesh Sharma,62,M,0
9200,4589,Sahana Gowda,57,F,0
9201,4590,Sudeep Naik,38,M,0
9202,4590,Abhishek Singh,31,M,0
9203,4590,Swathi Singh,35,F,0
9204,4591,Santosh Reddy,45,M,0
9205,4591,Kiran Yadav,60,M,0
9206,4592,Manjunath Hegde,43,M,0
9207,4593,Arun Kulkarni,21,M,0
9208,4593,Sangeetha Kulkarni,21,F,0
9209,4594,Roopa Hegde,54,F,0
9210,4594,Arun Hegde,32,M,0
9211,4594,Abhishek Kumar,65,M,0
9212,4595,Anusha Joshi,67,F,0
9213,4596,Arun Bhat,58,M,0
9214,4597,Anil Yadav,31,M,0
9215,4597,Geetha Kumar,74,F,0
9216,4598,Santosh Kulkarni,53,M,0
9217,4598,Santosh Bhat,38,M,0
9218,4599,Shruthi Rao,31,F,0
9219,4599,Puneeth Gowda,47,M,0
9220,4599,Anusha Shetty,34,F,0
9221,4600,Vijay Reddy,40,M,0
9222,4601,Sunil Singh,30,M,0
9223,4601,Karthik Yadav,64,M,0
9224,4602,Kiran Rao,32,M,0
9225,4603,Vinay Singh,53,M,0
9226,4603,Nithin Rao,31,M,0
9227,4603,Bhagya Hegde,21,F,0
9228,4604,Shruthi Naik,56,F,0
9229,4605,Abhishek Reddy,34,M,0
9230,4606,Asha Kumar,22,F,0
9231,4606,Sunil Sharma,68,M,0
9232,4606,Nithin Hegde,29,M,0
9233,4607,Rekha Joshi,46,F,0
9234,4608,Divya Kumar,44,F,0
9235,4609,Sudeep Naik,52,M,0
9236,4610,Geetha Joshi,21,F,0
9237,4610,Rakesh Patil,60,M,0
9238,4610,Arun Joshi,53,M,0
9239,4611,Rakesh Hegde,30,M,0
9240,4611,Darshan Desai,35,M,0
9241,4612,Santosh Shetty,68,M,0
9242,4612,Sudeep Kulkarni,40,M,0
9243,4612,Basavaraj Desai,69,M,0
9244,4613,Shivakumar Singh,70,M,0
9245,4613,Mahesh Sharma,45,M,0
9246,4614,Mahesh Singh,41,M,0
9247,4614,Puneeth Shetty,51,M,0
9248,4614,Abhishek Singh,54,M,0
9249,4615,Kavya Reddy,43,F,0
9250,4616,Anil Gowda,30,M,0
9251,4616,Ramesh Naik,63,M,0
9252,4617,Suresh Hiremath,35,M,0
9253,4617,Suma Hiremath,44,F,0
9254,4618,Vinay Kumar,53,M,0
9255,4618,Kiran Singh,77,M,0
9256,4619,Shivakumar Hegde,45,M,0
9257,4619,Sahana Yadav,47,F,0
9258,4619,Rakesh Bhat,30,M,0
9259,4620,Manjunath Shetty,69,M,0
9260,4620,Darshan Shetty,56,M,0
9261,4620,Basavaraj Sharma,58,M,0
9262,4621,Arun Naik,53,M,0
9263,4621,Pradeep Sharma,54,M,0
9264,4622,Sangeetha Reddy,40,F,0
9265,4623,Shilpa Hiremath,41,F,0
9266,4623,Vijay Reddy,58,M,0
9267,4623,Anusha Kumar,45,F,0
9268,4624,Nithin Bhat,30,M,0
9269,4625,Karthik Reddy,64,M,0
9270,4625,Basavaraj Shetty,43,M,0
9271,4625,Pradeep Bhat,77,M,0
9272,4626,Darshan Bhat,56,T,0
9273,4626,Ramesh Gowda,64,M,0
9274,4626,Sahana Hiremath,73,F,0
9275,4627,Vinay Yadav,32,M,0
9276,4628,Kavya Sharma,23,F,0
9277,4628,Ramya Rao,69,F,0
9278,4628,Shivakumar Gowda,38,M,0
9279,4629,Rakesh Kulkarni,46,M,0
9280,4629,Karthik Shetty,44,M,0
9281,4630,Shilpa Joshi,43,F,0
9282,4630,Ramesh Kumar,27,M,0
9283,4631,Manjunath Yadav,77,M,0
9284,4632,Swathi Naik,34,F,0
9285,4633,Shruthi Joshi,31,F,0
9286,4633,Shruthi Yadav,58,F,0
9287,4634,Shilpa Shetty,57,F,0
9288,4634,Arun Patil,24,M,0
9289,4634,Prakash Joshi,32,M,0
9290,4635,Rashmi Sharma,33,F,0
9291,4636,Anusha Kulkarni,34,F,0
9292,4636,Suresh Joshi,49,M,0
9293,4637,Suma Joshi,68,T,0
9294,4637,Puneeth Singh,79,M,0
9295,4638,Ramesh Naik,74,M,0
9296,4638,Shivakumar Singh,41,M,0
9297,4638,Divya Kumar,33,F,0
9298,4639,Manjunath Bhat,75,M,0
9299,4639,Prakash Naik,75,M,0
9300,4639,Meghana Kulkarni,63,F,0
9301,4640,Rakesh Desai,51,M,0
9302,4641,Sangeetha Desai,42,F,0
9303,4641,Ramesh Sharma,80,M,0
9304,4642,Divya Patil,56,F,0
9305,4642,Darshan Kumar,51,M,0
9306,4643,Sunil Yadav,63,M,0
9307,4643,Nithin Rao,48,M,0
9308,4643,Puneeth Reddy,67,M,0
9309,4644,Divya Joshi,34,F,0
9310,4645,Abhishek Yadav,44,M,0
9311,4645,Sunil Naik,50,M,0
9312,4645,Sangeetha Hegde,59,F,0
9313,4646,Asha Rao,51,F,0
9314,4646,Rekha Kumar,62,F,0
9315,4647,Prakash Shetty,50,M,0
9316,4648,Darshan Patil,28,M,0
9317,4649,Divya Bhat,52,F,0
9318,4650,Rekha Hegde,44,F,0
9319,4650,Prakash Kumar,55,M,0
9320,4651,Prakash Joshi,21,M,0
9321,4651,Suma Joshi,70,F,0
9322,4651,Darshan Sharma,46,M,0
9323,4652,Kiran Reddy,45,M,0
9324,4652,Pradeep Naik,25,M,0
9325,4652,Asha Naik,35,F,0
9326,4653,Darshan Yadav,49,M,0
9327,4653,Pradeep Sharma,50,M,0
9328,4653,Manjunath Hiremath,51,M,0
9329,4654,Anil Rao,59,M,0
9330,4655,Santosh Kumar,63,M,0
9331,4655,Rekha Joshi,60,F,0
9332,4655,Shivakumar Joshi,67,M,0
9333,4656,Bhagya Rao,52,F,0
9334,4656,Kavya Yadav,19,F,0
9335,4656,Anil Shetty,21,M,0
9336,4657,Shilpa Kumar,48,F,0
9337,4658,Asha Reddy,73,F,0
9338,4658,Manjunath Gowda,32,M,0
9339,4658,Ramya Shetty,39,F,0
9340,4659,Puneeth Kulkarni,21,M,0
9341,4659,Arun Yadav,44,M,0
9342,4660,Anil Hegde,53,M,0
9343,4660,Mahesh Reddy,66,M,0
9344,4660,Asha Hiremath,78,F,0
9345,4661,Ramya Bhat,77,F,0
9346,4661,Karthik Joshi,80,M,0
9347,4661,Manjunath Kulkarni,51,M,0
9348,4662,Karthik Kumar,34,M,0
9349,4662,Nithin Singh,34,M,0
9350,4663,Ramya Desai,34,F,0
9351,4663,Roopa Patil,30,F,0
9352,4663,Puneeth Desai,50,M,0
9353,4664,Sunil Naik,31,M,0
9354,4664,Asha Hiremath,42,F,0
9355,4665,Swathi Hiremath,43,F,0
9356,4666,Geetha Patil,73,F,0
9357,4666,Prakash Singh,28,M,0
9358,4666,Vinay Kumar,49,M,0
9359,4667,Divya Rao,52,F,0
9360,4668,Sudeep Bhat,52,T,0
9361,4668,Anil Kumar,41,M,0
9362,4669,Pradeep Shetty,21,M,0
9363,4669,Nithin Sharma,22,M,0
9364,4670,Anil Sharma,41,M,0
9365,4670,Ramya Shetty,30,F,0
9366,4670,Abhishek Shetty,60,T,0
9367,4671,Ramesh Gowda,38,M,0
9368,4671,Rekha Desai,32,F,0
9369,4671,Shilpa Rao,60,F,0
9370,4672,Anusha Reddy,29,F,0
9371,4673,Basavaraj Hiremath,26,M,0
9372,4673,Kavya Kumar,32,F,0
9373,4673,Suresh Sharma,77,M,0
9374,4674,Ramya Singh,55,F,0
9375,4674,Meghana Kulkarni,34,F,0
9376,4674,Vijay Desai,58,M,0
9377,4675,Sudeep Patil,48,M,0
9378,4675,Karthik Singh,35,M,0
9379,4676,Ramya Kulkarni,67,F,0
9380,4676,Suresh Hiremath,71,M,0
9381,4676,Vinay Desai,36,M,0
9382,4677,Pooja Shetty,47,F,0
9383,4677,Mahesh Kulkarni,42,M,0
9384,4677,Anil Yadav,77,M,0
9385,4678,Anil Gowda,30,M,0
9386,4678,Nithin Shetty,44,M,0
9387,4678,Santosh Singh,43,M,0
9388,4679,Rekha Singh,51,F,0
9389,4679,Santosh Joshi,30,M,0
9390,4680,Arun Shetty,31,M,0
9391,4680,Pradeep Singh,56,M,0
9392,4680,Rekha Hiremath,43,F,0
9393,4681,Puneeth Hegde,69,M,0
9394,4682,Karthik Desai,79,M,0
9395,4682,Ramesh Reddy,70,M,0
9396,4683,Karthik Naik,21,T,0
9397,4683,Kiran Kulkarni,30,M,0
9398,4683,Suresh Yadav,24,M,0
9399,4684,Sunil Rao,31,M,0
9400,4684,Kiran Joshi,44,M,0
9401,4685,Vijay Sharma,48,M,0
9402,4685,Mahesh Yadav,76,M,0
9403,4686,Rashmi Hegde,44,F,0
9404,4686,Swathi Naik,49,F,0
9405,4686,Sudeep Rao,71,M,0
9406,4687,Santosh Desai,33,M,0
9407,4687,Vinay Hegde,42,M,0
9408,4687,Sahana Joshi,40,F,0
9409,4688,Pooja Shetty,59,F,0
9410,4688,Sudeep Yadav,51,M,0
9411,4688,Basavaraj Desai,18,M,0
9412,4689,Vijay Yadav,56,M,0
9413,4689,Karthik Hegde,77,M,0
9414,4690,Asha Rao,42,F,0
9415,4690,Shruthi Patil,57,F,0
9416,4691,Ramesh Gowda,35,M,0
9417,4691,Sudeep Yadav,30,M,0
9418,4692,Basavaraj Shetty,33,M,0
9419,4692,Sudeep Joshi,30,M,0
9420,4693,Sunil Desai,74,M,0
9421,4694,Ramya Bhat,57,F,0
9422,4694,Mahesh Gowda,41,M,0
9423,4695,Rekha Naik,35,F,0
9424,4695,Sangeetha Desai,38,F,0
9425,4696,Bhagya Naik,38,T,0
9426,4696,Darshan Patil,31,M,0
9427,4697,Shivakumar Rao,22,M,0
9428,4698,Suresh Hiremath,30,M,0
9429,4699,Abhishek Naik,25,M,0
9430,4700,Arun Shetty,77,M,1
9431,4700,Mahesh Reddy,18,M,0
9432,4701,Asha Yadav,25,F,0
9433,4701,Ramya Reddy,71,F,0
9434,4702,Shilpa Sharma,80,F,0
9435,4703,Shruthi Hegde,65,F,0
9436,4703,Manjunath Hiremath,49,M,0
9437,4703,Shilpa Desai,19,F,0
9438,4704,Puneeth Rao,40,M,0
9439,4705,Ramya Gowda,25,F,0
9440,4706,Shilpa Rao,63,F,0
9441,4706,Suresh Naik,19,T,0
9442,4706,Bhagya Joshi,50,F,0
9443,4707,Divya Patil,48,F,0
9444,4708,Pradeep Naik,51,M,0
9445,4709,Santosh Patil,77,M,0
9446,4709,Suresh Bhat,57,M,0
9447,4710,Sangeetha Rao,33,F,0
9448,4710,Ramesh Desai,32,M,0
9449,4710,Rashmi Rao,58,F,0
9450,4711,Sudeep Rao,52,M,0
9451,4712,Rakesh Patil,67,M,0
9452,4712,Basavaraj Reddy,79,M,0
9453,4713,Swathi Sharma,44,F,0
9454,4713,Puneeth Bhat,24,M,0
9455,4713,Vijay Kulkarni,68,M,0
9456,4714,Geetha Singh,53,F,0
9457,4714,Santosh Reddy,56,M,0
9458,4714,Shilpa Desai,39,F,0
9459,4715,Rakesh Desai,77,M,0
9460,4715,Vinay Sharma,65,M,0
9461,4715,Rashmi Reddy,66,F,0
9462,4716,Mahesh Shetty,66,M,0
9463,4716,Karthik Kumar,51,M,0
9464,4716,Sunil Rao,72,M,0
9465,4717,Suma Bhat,22,F,0
9466,4717,Santosh Shetty,43,M,0
9467,4717,Swathi Hiremath,22,F,0
9468,4718,Prakash Hiremath,70,M,0
9469,4718,Santosh Hegde,58,M,0
9470,4719,Geetha Gowda,67,F,0
9471,4719,Nithin Reddy,66,M,0
9472,4719,Sunil Kumar,22,M,0
9473,4720,Geetha Rao,32,F,0
9474,4720,Darshan Kumar,54,M,0
9475,4721,Pooja Bhat,18,F,0
9476,4721,Rashmi Singh,71,F,0
9477,4721,Rashmi Naik,32,F,0
9478,4722,Kiran Hiremath,19,M,0
9479,4722,Vinay Kumar,73,M,0
9480,4722,Vijay Kumar,52,M,0
9481,4723,Suma Sharma,41,F,0
9482,4724,Arun Sharma,50,M,0
9483,4724,Kiran Hiremath,64,M,0
9484,4725,Vijay Shetty,39,M,0
9485,4726,Abhishek Gowda,47,M,0
9486,4726,Nithin Patil,41,M,0
9487,4727,Shilpa Sharma,54,F,0
9488,4727,Karthik Kulkarni,49,M,0
9489,4727,Geetha Reddy,43,F,0
9490,4728,Manjunath Sharma,75,M,0
9491,4728,Anusha Joshi,57,F,0
9492,4728,Prakash Hegde,73,M,0
9493,4729,Rakesh Yadav,58,M,0
9494,4729,Geetha Hegde,39,F,0
9495,4729,Anusha Shetty,28,F,0
9496,4730,Basavaraj Naik,22,M,0
9497,4730,Bhagya Gowda,57,F,0
9498,4731,Prakash Hiremath,49,M,0
9499,4731,Divya Kumar,52,F,0
9500,4731,Shruthi Kulkarni,48,F,0
9501,4732,Ramya Yadav,31,F,0
9502,4732,Asha Shetty,55,F,0
9503,4732,Kiran Patil,37,M,0
9504,4733,Rashmi Kumar,32,F,0
9505,4733,Arun Naik,71,M,0
9506,4734,Kavya Reddy,70,F,0
9507,4734,Pradeep Bhat,60,M,0
9508,4735,Geetha Yadav,35,F,0
9509,4735,Basavaraj Hegde,20,M,0
9510,4735,Darshan Naik,66,M,0
9511,4736,Sunil Kulkarni,30,M,0
9512,4736,Karthik Desai,65,M,0
9513,4737,Sangeetha Joshi,49,F,0
9514,4738,Vinay Bhat,29,M,0
9515,4738,Asha Sharma,44,F,0
9516,4738,Geetha Patil,24,F,0
9517,4739,Mahesh Rao,31,M,0
9518,4740,Pradeep Reddy,26,M,0
9519,4740,Vijay Kumar,47,M,0
9520,4741,Rakesh Reddy,52,M,0
9521,4741,Ramesh Joshi,70,M,0
9522,4741,Ramesh Kumar,25,M,0
9523,4742,Geetha Hiremath,36,F,0
9524,4742,Kiran Kumar,51,M,0
9525,4743,Pooja Gowda,70,F,0
9526,4744,Anusha Desai,54,F,0
9527,4745,Sudeep Rao,51,M,0
9528,4745,Divya Gowda,70,F,0
9529,4746,Swathi Desai,31,F,0
9530,4746,Pradeep Rao,44,M,0
9531,4747,Suresh Hiremath,19,M,0
9532,4748,Rashmi Kumar,51,F,0
9533,4748,Rakesh Desai,32,T,0
9534,4749,Sangeetha Sharma,27,F,0
9535,4749,Vijay Singh,73,M,0
9536,4750,Rekha Kulkarni,54,F,0
9537,4750,Vinay Singh,23,M,0
9538,4750,Suresh Gowda,36,M,0
9539,4751,Suresh Hiremath,43,M,0
9540,4752,Suresh Kulkarni,42,M,0
9541,4753,Swathi Reddy,65,F,0
9542,4754,Ramya Singh,58,F,0
9543,4754,Puneeth Naik,32,M,0
9544,4755,Geetha Bhat,66,F,0
9545,4755,Divya Desai,43,F,0
9546,4755,Santosh Bhat,67,M,0
9547,4756,Mahesh Patil,50,M,0
9548,4756,Shivakumar Gowda,26,M,0
9549,4757,Vijay Reddy,34,M,0
9550,4758,Shivakumar Rao,68,M,0
9551,4759,Santosh Kumar,64,M,0
9552,4760,Shruthi Kumar,70,F,0
9553,4761,Pooja Hegde,20,F,0
9554,4762,Rakesh Hiremath,37,M,0
9555,4763,Anusha Hegde,37,F,0
9556,4763,Ramesh Hegde,42,M,0
9557,4763,Anusha Kulkarni,34,F,0
9558,4764,Puneeth Bhat,40,M,0
9559,4764,Anil Hegde,26,M,0
9560,4765,Ramya Reddy,49,F,0
9561,4766,Karthik Rao,57,M,0
9562,4766,Sunil Gowda,33,M,0
9563,4767,Sangeetha Hegde,36,F,0
9564,4767,Ramya Sharma,43,F,0
9565,4767,Sunil Sharma,45,M,0
9566,4768,Suma Desai,58,F,0
9567,4768,Sahana Gowda,50,F,0
9568,4769,Darshan Rao,57,M,0
9569,4769,Sudeep Sharma,69,M,0
9570,4770,Asha Shetty,34,F,0
9571,4771,Ramesh Hiremath,36,M,0
9572,4771,Swathi Kulkarni,34,F,0
9573,4771,Basavaraj Naik,43,M,0
9574,4772,Sunil Rao,24,M,0
9575,4773,Asha Reddy,62,F,0
9576,4773,Nithin Bhat,49,T,0
9577,4773,Sangeetha Hiremath,67,F,0
9578,4774,Anusha Bhat,58,F,0
9579,4775,Shivakumar Kumar,45,M,0
9580,4775,Manjunath Hegde,55,M,0
9581,4775,Shivakumar Kulkarni,65,M,0
9582,4776,Nithin Naik,37,M,0
9583,4776,Rashmi Singh,59,F,0
9584,4777,Darshan Hiremath,74,M,0
9585,4777,Santosh Naik,25,M,0
9586,4778,Arun Gowda,42,M,0
9587,4778,Prakash Reddy,71,M,0
9588,4779,Divya Patil,61,F,0
9589,4779,Sangeetha Reddy,59,F,0
9590,4779,Kavya Sharma,50,F,0
9591,4780,Asha Yadav,80,F,0
9592,4781,Divya Hiremath,33,F,0
9593,4782,Bhagya Yadav,27,F,0
9594,4782,Divya Yadav,38,F,0
9595,4782,Sangeetha Hiremath,42,F,0
9596,4783,Mahesh Sharma,76,M,0
9597,4784,Bhagya Yadav,43,F,0
9598,4784,Vinay Naik,44,M,0
9599,4785,Divya Joshi,40,F,0
9600,4785,Pradeep Patil,48,M,0
9601,4786,Manjunath Kulkarni,73,M,0
9602,4786,Rekha Yadav,57,F,0
9603,4786,Rekha Gowda,43,F,0
9604,4787,Divya Hegde,70,F,0
9605,4787,Abhishek Kumar,49,M,0
9606,4788,Shilpa Desai,54,F,0
9607,4788,Puneeth Shetty,43,M,0
9608,4789,Abhishek Sharma,66,M,0
9609,4790,Manjunath Yadav,40,M,0
9610,4790,Darshan Naik,25,M,0
9611,4790,Meghana Naik,20,F,0
9612,4791,Santosh Shetty,31,M,0
9613,4792,Puneeth Rao,62,M,0
9614,4792,Vinay Hegde,64,M,0
9615,4792,Pradeep Kumar,32,M,0
9616,4793,Vinay Desai,53,M,0
9617,4793,Arun Reddy,50,M,0
9618,4794,Ramya Hegde,38,F,0
9619,4795,Puneeth Desai,51,M,0
9620,4795,Sahana Naik,33,F,0
9621,4795,Manjunath Reddy,40,M,0
9622,4796,Shilpa Hegde,69,F,0
9623,4796,Nithin Patil,70,M,0
9624,4796,Sunil Gowda,58,M,0
9625,4797,Ramya Singh,36,F,0
9626,4797,Roopa Hegde,67,F,0
9627,4797,Geetha Gowda,37,F,0
9628,4798,Shivakumar Sharma,48,M,0
9629,4798,Suresh Gowda,45,M,0
9630,4798,Suma Desai,65,F,0
9631,4799,Mahesh Yadav,70,M,0
9632,4799,Shivakumar Bhat,62,M,0
9633,4799,Puneeth Singh,47,M,0
9634,4800,Puneeth Shetty,46,M,0
9635,4800,Kiran Kumar,38,M,0
9636,4801,Ramesh Naik,30,M,0
9637,4801,Suma Naik,80,F,0
9638,4801,Sudeep Hiremath,42,M,0
9639,4802,Ramesh Yadav,32,M,0
9640,4802,Suresh Rao,54,M,0
9641,4802,Manjunath Patil,38,M,0
9642,4803,Karthik Hiremath,51,M,0
9643,4803,Shivakumar Yadav,23,M,0
9644,4804,Prakash Shetty,20,M,0
9645,4805,Basavaraj Gowda,39,M,0
9646,4805,Pradeep Reddy,80,M,0
9647,4805,Divya Bhat,48,F,0
9648,4806,Darshan Shetty,52,M,0
9649,4807,Basavaraj Sharma,80,M,0
9650,4807,Suma Rao,59,F,0
9651,4808,Rakesh Naik,39,M,0
9652,4809,Vijay Naik,52,M,0
9653,4809,Basavaraj Joshi,60,M,0
9654,4809,Anusha Rao,51,F,0
9655,4810,Kiran Yadav,24,M,0
9656,4810,Pooja Gowda,34,F,0
9657,4811,Vinay Sharma,60,M,0
9658,4812,Nithin Sharma,67,M,0
9659,4812,Kiran Joshi,55,M,0
9660,4812,Darshan Reddy,41,M,0
9661,4813,Basavaraj Gowda,70,M,0
9662,4814,Anil Yadav,61,M,0
9663,4814,Arun Shetty,72,M,0
9664,4815,Bhagya Reddy,30,F,0
9665,4815,Rakesh Singh,33,M,0
9666,4815,Mahesh Hiremath,38,M,0
9667,4816,Rekha Bhat,59,F,0
9668,4817,Meghana Reddy,52,F,0
9669,4817,Basavaraj Yadav,46,M,0
9670,4817,Nithin Kumar,64,M,0
9671,4818,Basavaraj Desai,68,M,0
9672,4818,Basavaraj Joshi,20,M,0
9673,4819,Bhagya Gowda,53,F,0
9674,4820,Mahesh Joshi,27,M,0
9675,4820,Karthik Desai,28,M,0
9676,4820,Pradeep Hegde,73,M,0
9677,4821,Manjunath Yadav,33,M,0
9678,4822,Pooja Hiremath,46,F,0
9679,4823,Manjunath Singh,79,M,0
9680,4823,Vinay Desai,61,M,0
9681,4823,Meghana Bhat,20,F,0
9682,4824,Anil Patil,53,M,0
9683,4825,Anil Joshi,43,M,0
9684,4825,Nithin Yadav,69,M,0
9685,4825,Divya Bhat,37,F,0
9686,4826,Rekha Sharma,38,F,0
9687,4827,Mahesh Yadav,45,M,0
9688,4828,Suma Kulkarni,45,F,0
9689,4829,Nithin Joshi,29,M,0
9690,4830,Rakesh Hiremath,35,M,0
9691,4831,Bhagya Hiremath,48,F,0
9692,4831,Karthik Bhat,56,M,0
9693,4831,Puneeth Yadav,40,M,0
9694,4832,Meghana Desai,26,F,0
9695,4833,Swathi Yadav,62,F,0
9696,4833,Abhishek Gowda,33,M,0
9697,4834,Nithin Desai,20,M,0
9698,4834,Vijay Kulkarni,49,M,0
9699,4835,Manjunath Desai,21,M,0
9700,4835,Manjunath Hegde,37,M,0
9701,4836,Ramesh Kumar,58,M,0
9702,4836,Anusha Desai,33,F,0
9703,4837,Sahana Hegde,46,F,0
9704,4837,Kavya Hiremath,48,F,0
9705,4838,Kiran Naik,74,M,0
9706,4838,Darshan Hiremath,29,M,0
9707,4838,Sahana Gowda,42,F,0
9708,4839,Mahesh Joshi,28,M,0
9709,4839,Swathi Sharma,27,F,0
9710,4839,Vijay Naik,66,M,0
9711,4840,Nithin Desai,41,M,0
9712,4840,Shruthi Singh,30,F,0
9713,4841,Kavya Rao,77,F,0
9714,4842,Basavaraj Desai,57,M,0
9715,4842,Kiran Gowda,74,M,0
9716,4842,Pradeep Shetty,22,M,0
9717,4843,Ramesh Singh,44,M,0
9718,4843,Divya Kulkarni,52,F,0
9719,4843,Shivakumar Joshi,58,M,0
9720,4844,Darshan Hiremath,55,M,0
9721,4844,Darshan Hegde,79,M,0
9722,4845,Sahana Hiremath,33,F,0
9723,4845,Darshan Joshi,33,M,0
9724,4846,Sunil Naik,26,M,0
9725,4847,Kavya Rao,44,F,0
9726,4847,Bhagya Desai,33,F,0
9727,4848,Suresh Bhat,70,M,0
9728,4848,Rekha Hiremath,52,F,0
9729,4848,Abhishek Rao,51,M,0
9730,4849,Kiran Joshi,72,M,0
9731,4849,Basavaraj Gowda,26,M,0
9732,4849,Prakash Singh,36,M,0
9733,4850,Arun Reddy,58,M,0
9734,4850,Ramya Shetty,74,F,0
9735,4850,Kavya Patil,78,F,0
9736,4851,Karthik Kumar,35,M,0
9737,4851,Vinay Reddy,45,M,0
9738,4851,Anil Rao,45,M,0
9739,4852,Suma Patil,52,F,0
9740,4852,Darshan Yadav,53,M,0
9741,4852,Swathi Reddy,51,F,0
9742,4853,Shivakumar Kulkarni,37,M,0
9743,4853,Kiran Shetty,63,M,0
9744,4853,Pooja Hegde,36,F,0
9745,4854,Suma Rao,64,F,0
9746,4855,Vinay Kulkarni,50,M,0
9747,4855,Suma Hegde,67,F,0
9748,4855,Arun Shetty,33,M,0
9749,4856,Sudeep Shetty,55,M,0
9750,4856,Pradeep Rao,47,M,0
9751,4857,Basavaraj Shetty,22,M,0
9752,4858,Pooja Joshi,38,F,0
9753,4858,Mahesh Shetty,49,M,0
9754,4858,Kavya Shetty,66,F,0
9755,4859,Manjunath Shetty,46,M,0
9756,4860,Swathi Patil,72,F,0
9757,4860,Vijay Rao,26,M,0
9758,4860,Pradeep Patil,69,M,0
9759,4861,Roopa Desai,26,F,0
9760,4861,Rashmi Sharma,25,F,0
9761,4862,Santosh Gowda,49,M,0
9762,4863,Roopa Desai,44,F,0
9763,4863,Sangeetha Desai,41,F,0
9764,4863,Anusha Singh,51,F,0
9765,4864,Sudeep Reddy,64,M,0
9766,4864,Ramya Patil,76,F,0
9767,4864,Ramesh Kumar,54,M,0
9768,4865,Karthik Kumar,58,M,0
9769,4865,Basavaraj Yadav,40,M,0
9770,4866,Pradeep Joshi,37,M,0
9771,4867,Rashmi Kumar,76,F,0
9772,4867,Puneeth Bhat,42,M,0
9773,4868,Asha Kumar,63,F,0
9774,4868,Rekha Naik,28,F,0
9775,4869,Kiran Gowda,35,M,0
9776,4869,Sunil Hegde,31,M,0
9777,4870,Kiran Sharma,34,M,0
9778,4871,Vijay Reddy,47,M,0
9779,4871,Sunil Bhat,43,M,0
9780,4871,Kavya Gowda,21,F,0
9781,4872,Basavaraj Singh,58,M,0
9782,4872,Geetha Naik,46,F,0
9783,4873,Kavya Desai,49,F,0
9784,4873,Vijay Joshi,56,M,1
9785,4874,Kavya Kulkarni,32,F,0
9786,4874,Geetha Gowda,57,F,0
9787,4874,Puneeth Yadav,50,M,0
9788,4875,Santosh Naik,60,M,0
9789,4875,Anil Singh,47,M,0
9790,4875,Suma Gowda,19,F,0
9791,4876,Sudeep Reddy,58,M,0
9792,4876,Suma Naik,53,F,0
9793,4877,Kavya Gowda,58,F,0
9794,4878,Abhishek Patil,62,M,0
9795,4879,Kiran Sharma,60,M,0
9796,4880,Sangeetha Kumar,57,F,0
9797,4880,Pooja Naik,40,F,0
9798,4880,Puneeth Hegde,61,M,0
9799,4881,Arun Kumar,53,M,0
9800,4882,Abhishek Patil,47,M,0
9801,4882,Bhagya Sharma,69,T,0
9802,4883,Ramya Joshi,22,F,0
9803,4884,Rekha Desai,56,F,0
9804,4884,Rekha Hegde,64,F,0
9805,4885,Shruthi Kumar,39,F,0
9806,4885,Sunil Hegde,50,M,0
9807,4885,Abhishek Hiremath,44,M,0
9808,4886,Vijay Bhat,32,M,0
9809,4887,Suresh Kumar,34,M,0
9810,4887,Basavaraj Reddy,78,M,0
9811,4888,Shilpa Gowda,55,F,0
9812,4888,Darshan Joshi,50,M,0
9813,4889,Sudeep Desai,72,M,1
9814,4890,Rekha Naik,40,F,0
9815,4890,Anil Kulkarni,46,M,0
9816,4891,Vijay Desai,58,M,0
9817,4891,Sunil Kulkarni,47,M,0
9818,4892,Rakesh Kumar,51,M,0
9819,4892,Arun Singh,41,M,0
9820,4892,Arun Yadav,39,M,0
9821,4893,Meghana Yadav,47,F,0
9822,4894,Kavya Shetty,44,F,0
9823,4894,Karthik Kulkarni,39,M,0
9824,4895,Suresh Hiremath,24,M,0
9825,4895,Asha Singh,61,F,0
9826,4896,Geetha Naik,48,F,0
9827,4896,Nithin Shetty,43,M,0
9828,4896,Sunil Naik,43,M,0
9829,4897,Karthik Gowda,49,M,0
9830,4898,Pradeep Sharma,31,M,0
9831,4898,Nithin Gowda,58,M,0
9832,4899,Prakash Shetty,30,M,0
9833,4900,Manjunath Kulkarni,66,M,0
9834,4900,Pradeep Hiremath,43,M,0
9835,4900,Rekha Joshi,56,F,0
9836,4901,Prakash Hiremath,60,M,0
9837,4901,Shivakumar Patil,35,M,0
9838,4902,Geetha Patil,23,F,0
9839,4902,Asha Kulkarni,27,F,0
9840,4902,Darshan Kulkarni,54,M,0
9841,4903,Vijay Hegde,35,M,0
9842,4904,Shilpa Patil,37,F,0
9843,4904,Roopa Reddy,57,F,0
9844,4905,Pooja Singh,56,F,0
9845,4906,Mahesh Desai,71,M,0
9846,4907,Swathi Desai,63,F,0
9847,4907,Santosh Shetty,35,M,0
9848,4908,Pooja Kulkarni,28,F,0
9849,4908,Geetha Hegde,33,F,0
9850,4908,Anusha Hiremath,59,F,0
9851,4909,Shruthi Reddy,54,F,0
9852,4909,Prakash Kulkarni,22,M,0
9853,4909,Shruthi Hiremath,22,F,0
9854,4910,Rashmi Hegde,40,F,0
9855,4911,Prakash Kulkarni,74,M,0
9856,4911,Nithin Rao,64,M,0
9857,4912,Meghana Hiremath,76,F,0
9858,4912,Kiran Patil,31,M,0
9859,4912,Swathi Rao,54,F,0
9860,4913,Sangeetha Shetty,74,F,0
9861,4913,Arun Naik,20,M,0
9862,4914,Arun Desai,44,M,0
9863,4915,Manjunath Bhat,54,M,0
9864,4915,Sudeep Joshi,47,M,0
9865,4916,Ramesh Naik,65,M,0
9866,4916,Ramya Bhat,19,F,0
9867,4917,Santosh Gowda,37,M,0
9868,4918,Ramya Shetty,30,F,0
9869,4918,Suresh Sharma,67,M,0
9870,4918,Rakesh Gowda,70,M,0
9871,4919,Swathi Shetty,75,F,0
9872,4919,Darshan Yadav,27,M,0
9873,4919,Shivakumar Gowda,80,M,0
9874,4920,Rakesh Rao,42,M,0
9875,4920,Shilpa Sharma,47,F,0
9876,4921,Vinay Reddy,39,M,0
9877,4921,Mahesh Singh,62,M,0
9878,4922,Darshan Reddy,29,M,0
9879,4922,Prakash Reddy,57,M,0
9880,4923,Sangeetha Reddy,55,F,0
9881,4923,Manjunath Rao,21,M,0
9882,4923,Shilpa Reddy,57,F,0
9883,4924,Pooja Hiremath,32,F,0
9884,4925,Rakesh Joshi,46,M,0
9885,4925,Asha Patil,52,T,0
9886,4926,Shruthi Reddy,32,F,0
9887,4926,Anil Reddy,43,M,0
9888,4927,Darshan Desai,35,M,0
9889,4928,Rekha Joshi,62,F,0
9890,4929,Rakesh Shetty,29,M,0
9891,4929,Vijay Bhat,41,M,0
9892,4930,Ramesh Kumar,39,M,0
9893,4930,Sangeetha Gowda,43,F,0
9894,4931,Ramesh Kulkarni,37,M,0
9895,4932,Kiran Singh,23,M,0
9896,4933,Karthik Patil,59,M,0
9897,4933,Sahana Hiremath,38,F,0
9898,4933,Rekha Reddy,33,F,0
9899,4934,Prakash Gowda,54,M,0
9900,4934,Darshan Gowda,34,M,0
9901,4934,Sunil Gowda,35,M,0
9902,4935,Sangeetha Yadav,34,F,0
9903,4935,Vinay Kumar,40,M,0
9904,4935,Darshan Patil,30,M,0
9905,4936,Swathi Reddy,51,F,0
9906,4936,Darshan Joshi,27,M,0
9907,4936,Manjunath Rao,74,M,0
9908,4937,Ramesh Yadav,54,M,0
9909,4937,Rakesh Hegde,66,M,0
9910,4937,Sunil Singh,56,M,0
9911,4938,Kavya Shetty,52,F,0
9912,4938,Sahana Kulkarni,48,F,0
9913,4939,Bhagya Kumar,50,F,0
9914,4939,Pooja Kumar,48,F,0
9915,4939,Shruthi Naik,34,F,0
9916,4940,Suma Desai,51,F,0
9917,4941,Santosh Hegde,44,M,0
9918,4941,Prakash Singh,30,M,0
9919,4941,Rekha Sharma,52,F,0
9920,4942,Vijay Bhat,79,M,0
9921,4943,Sudeep Gowda,30,M,0
9922,4943,Abhishek Bhat,64,M,0
9923,4944,Santosh Hegde,79,M,0
9924,4945,Anusha Rao,34,F,0
9925,4945,Anusha Patil,43,F,0
9926,4945,Sangeetha Desai,58,F,0
9927,4946,Sahana Sharma,43,F,0
9928,4946,Vijay Sharma,27,M,0
9929,4946,Shruthi Kumar,29,F,0
9930,4947,Suresh Gowda,32,M,0
9931,4948,Shruthi Patil,56,F,0
9932,4948,Sahana Hegde,28,F,0
9933,4949,Manjunath Gowda,29,M,0
9934,4949,Manjunath Hegde,22,M,0
9935,4949,Vinay Bhat,64,M,0
9936,4950,Nithin Gowda,50,M,0
9937,4951,Manjunath Rao,24,M,0
9938,4952,Basavaraj Rao,45,M,0
9939,4953,Ramesh Hiremath,54,M,0
9940,4953,Vinay Bhat,58,M,0
9941,4953,Rashmi Kumar,72,F,0
9942,4954,Santosh Kumar,27,M,0
9943,4954,Ramesh Kumar,63,M,0
9944,4954,Sunil Sharma,53,M,0
9945,4955,Vinay Hegde,42,M,0
9946,4955,Pradeep Gowda,63,M,0
9947,4956,Kiran Hegde,80,M,0
9948,4957,Mahesh Gowda,37,M,0
9949,4957,Ramesh Shetty,59,M,0
9950,4957,Suresh Kumar,37,M,0
9951,4958,Abhishek Sharma,20,M,0
9952,4959,Abhishek Naik,75,M,0
9953,4960,Basavaraj Desai,30,M,0
9954,4961,Bhagya Patil,77,F,0
9955,4961,Arun Singh,68,M,0
9956,4961,Sunil Hegde,33,M,0
9957,4962,Manjunath Gowda,37,M,1
9958,4963,Asha Naik,42,F,0
9959,4963,Anusha Rao,37,F,0
9960,4964,Shivakumar Patil,52,M,0
9961,4964,Pooja Hegde,60,F,0
9962,4964,Ramya Kumar,59,F,0
9963,4965,Sunil Desai,43,M,0
9964,4966,Manjunath Kulkarni,57,M,0
9965,4966,Nithin Hiremath,48,M,0
9966,4967,Shruthi Hiremath,20,F,0
9967,4967,Vinay Yadav,39,M,0
9968,4967,Pradeep Hiremath,60,M,0
9969,4968,Karthik Desai,50,M,0
9970,4968,Rashmi Bhat,34,F,0
9971,4969,Basavaraj Reddy,56,M,0
9972,4970,Rekha Shetty,24,F,0
9973,4970,Pooja Hegde,61,F,0
9974,4971,Meghana Patil,19,F,0
9975,4971,Arun Hegde,41,M,0
9976,4972,Swathi Hegde,45,F,0
9977,4973,Ramya Hiremath,27,F,0
9978,4973,Meghana Singh,44,F,0
9979,4973,Vijay Desai,40,M,0
9980,4974,Mahesh Gowda,76,M,0
9981,4974,Prakash Yadav,71,M,0
9982,4974,Rashmi Naik,44,F,0
9983,4975,Vinay Gowda,27,M,0
9984,4975,Kavya Kulkarni,67,F,0
9985,4976,Abhishek Reddy,43,M,0
9986,4976,Abhishek Hiremath,32,M,0
9987,4977,Sahana Patil,42,F,0
9988,4978,Puneeth Rao,31,M,0
9989,4978,Vijay Joshi,72,M,0
9990,4979,Suresh Kumar,35,M,0
9991,4979,Asha Kulkarni,59,F,0
9992,4979,Basavaraj Bhat,33,M,0
9993,4980,Sahana Reddy,32,F,0
9994,4980,Anusha Naik,22,F,0
9995,4980,Arun Naik,24,M,0
9996,4981,Kiran Naik,60,M,0
9997,4981,Darshan Bhat,56,M,0
9998,4981,Abhishek Hegde,66,M,0
9999,4982,Kavya Bhat,61,F,0
10000,4982,Anil Yadav,31,M,0
10001,4982,Rakesh Reddy,34,M,0
10002,4983,Basavaraj Gowda,31,M,0
10003,4983,Anusha Rao,33,F,0
10004,4984,Manjunath Hiremath,33,M,0
10005,4984,Kiran Patil,42,M,0
10006,4984,Pradeep Sharma,76,M,0
10007,4985,Basavaraj Kulkarni,25,M,0
10008,4985,Rekha Joshi,28,F,0
10009,4986,Roopa Rao,66,F,0
10010,4986,Roopa Desai,23,F,0
10011,4987,Basavaraj Naik,57,M,0
10012,4987,Ramya Rao,56,F,0
10013,4987,Geetha Joshi,59,F,0
10014,4988,Ramya Joshi,37,F,0
10015,4989,Asha Patil,40,F,0
10016,4989,Suresh Kulkarni,40,M,0
10017,4989,Rashmi Shetty,37,F,0
10018,4990,Roopa Naik,58,F,0
10019,4990,Swathi Joshi,59,F,0
10020,4990,Rashmi Desai,32,F,0
10021,4991,Pradeep Singh,43,M,0
10022,4991,Manjunath Yadav,55,M,0
10023,4991,Darshan Singh,60,M,0
10024,4992,Sunil Kulkarni,56,M,0
10025,4992,Kiran Patil,53,M,0
10026,4993,Sahana Rao,68,F,0
10027,4993,Pooja Joshi,47,F,0
10028,4993,Divya Rao,32,F,0
10029,4994,Pradeep Hegde,79,M,0
10030,4995,Manjunath Patil,51,M,0
10031,4995,Basavaraj Gowda,35,M,0
10032,4995,Ramya Singh,60,F,0
10033,4996,Ramya Kulkarni,80,F,0
10034,4996,Ramya Bhat,18,F,0
10035,4996,Sahana Kulkarni,66,F,0
10036,4997,Geetha Sharma,51,F,0
10037,4997,Suma Rao,40,F,0
10038,4998,Prakash Desai,48,M,0
10039,4999,Nithin Yadav,45,M,0
10040,4999,Anil Reddy,60,M,0
10041,4999,Ramesh Hegde,71,M,0
10042,5000,Sangeetha Joshi,50,F,0
10043,5000,Kavya Kumar,53,F,0
