AccusedMasterID,CaseMasterID,AccusedName,AgeYear,GenderID,PersonID
1,1,Manjunath Yadav,24,M,A1
2,1,Rakesh Bhat,28,M,A2
3,1,Meghana Singh,28,F,A3
4,2,Swathi Gowda,26,F,A1
5,2,Vijay Naik,35,M,A2
6,2,Anil Naik,27,M,A3
7,3,Puneeth Kumar,35,M,A1
8,3,Prakash Kulkarni,30,M,A2
9,4,Ramesh Joshi,48,M,A1
10,4,Vijay Shetty,21,M,A2
11,4,Anil Shetty,25,M,A3
12,4,Santosh Naik,42,M,A4
13,5,Santosh Sharma,27,M,A1
14,6,Santosh Kulkarni,34,M,A1
15,7,Puneeth Sharma,34,M,A1
16,7,Vinay Yadav,35,M,A2
17,7,Pradeep Hegde,23,M,A3
18,8,Manjunath Singh,26,M,A1
19,8,Vijay Singh,31,M,A2
20,8,Anil Singh,49,M,A3
21,8,Sahana Naik,37,T,A4
22,9,Pradeep Hegde,50,M,A1
23,9,Anil Sharma,46,M,A2
24,10,Karthik Singh,34,M,A1
25,10,Arun Gowda,32,M,A2
26,11,Suresh Naik,29,M,A1
27,11,Pradeep Reddy,63,M,A2
28,11,Anil Gowda,21,M,A3
29,11,Darshan Naik,25,M,A4
30,12,Shivakumar Gowda,47,M,A1
31,12,Puneeth Shetty,31,M,A2
32,12,Pradeep Joshi,29,M,A3
33,12,Vijay Reddy,31,M,A4
34,13,Kavya Kulkarni,20,F,A1
35,13,Suresh Kulkarni,33,M,A2
36,14,Karthik Singh,27,M,A1
37,14,Shivakumar Hiremath,53,M,A2
38,14,Manjunath Joshi,34,M,A3
39,15,Ramesh Kulkarni,25,M,A1
40,15,Rashmi Hiremath,33,F,A2
41,15,Pradeep Reddy,57,M,A3
42,15,Kavya Desai,34,F,A4
43,16,Asha Shetty,20,F,A1
44,16,Darshan Kumar,26,M,A2
45,17,Kiran Gowda,21,M,A1
46,17,Karthik Shetty,31,M,A2
47,17,Prakash Naik,20,M,A3
48,18,Anil Singh,33,M,A1
49,18,Basavaraj Kumar,27,M,A2
50,18,Nithin Yadav,38,M,A3
51,19,Kiran Reddy,33,M,A1
52,20,Sunil Gowda,29,M,A1
53,21,Vinay Shetty,27,M,A1
54,21,Shivakumar Shetty,33,M,A2
55,22,Manjunath Kumar,26,M,A1
56,22,Anil Hegde,35,M,A2
57,23,Sudeep Singh,25,M,A1
58,23,Asha Desai,23,F,A2
59,23,Prakash Shetty,29,M,A3
60,23,Puneeth Shetty,23,M,A4
61,24,Sangeetha Hegde,22,F,A1
62,24,Sunil Patil,22,M,A2
63,24,Ramesh Desai,22,M,A3
64,24,Puneeth Hiremath,21,T,A4
65,25,Geetha Yadav,61,F,A1
66,25,Basavaraj Hegde,23,M,A2
67,26,Kiran Bhat,22,M,A1
68,26,Mahesh Gowda,25,M,A2
69,26,Vijay Kumar,24,M,A3
70,27,Santosh Rao,20,M,A1
71,27,Abhishek Singh,34,M,A2
72,28,Pradeep Rao,56,M,A1
73,28,Basavaraj Sharma,53,M,A2
74,28,Prakash Reddy,25,M,A3
75,29,Kavya Naik,23,T,A1
76,29,Darshan Bhat,35,M,A2
77,29,Vijay Singh,22,M,A3
78,30,Suresh Reddy,49,M,A1
79,30,Prakash Naik,36,M,A2
80,30,Abhishek Yadav,22,M,A3
81,30,Prakash Gowda,35,M,A4
82,31,Kiran Rao,61,M,A1
83,31,Basavaraj Rao,22,M,A2
84,31,Kavya Kulkarni,26,F,A3
85,32,Karthik Desai,32,M,A1
86,33,Rakesh Desai,31,M,A1
87,33,Basavaraj Patil,32,M,A2
88,33,Shivakumar Rao,27,M,A3
89,33,Rakesh Patil,27,M,A4
90,34,Shilpa Joshi,63,F,A1
91,34,Vinay Sharma,24,T,A2
92,34,Rakesh Shetty,38,M,A3
93,34,Arun Kulkarni,28,M,A4
94,35,Vijay Yadav,54,M,A1
95,35,Darshan Singh,31,T,A2
96,35,Arun Rao,26,M,A3
97,36,Darshan Kulkarni,22,M,A1
98,36,Vinay Bhat,30,M,A2
99,37,Ramesh Rao,35,M,A1
100,37,Darshan Hegde,38,M,A2
101,37,Geetha Bhat,50,F,A3
102,37,Rakesh Reddy,27,M,A4
103,38,Prakash Singh,29,M,A1
104,38,Nithin Singh,31,M,A2
105,38,Anil Sharma,35,M,A3
106,39,Arun Joshi,57,M,A1
107,39,Karthik Hiremath,30,M,A2
108,39,Darshan Kumar,32,M,A3
109,40,Manjunath Desai,23,M,A1
110,40,Basavaraj Gowda,28,M,A2
111,40,Vinay Naik,55,M,A3
112,40,Santosh Hiremath,27,M,A4
113,41,Ramesh Bhat,30,M,A1
114,41,Nithin Hegde,47,M,A2
115,41,Mahesh Joshi,26,M,A3
116,41,Anil Naik,37,M,A4
117,42,Pooja Desai,59,F,A1
118,42,Sudeep Joshi,62,M,A2
119,42,Vinay Naik,27,M,A3
120,43,Vinay Naik,21,M,A1
121,44,Kiran Kulkarni,35,M,A1
122,44,Prakash Singh,23,M,A2
123,44,Basavaraj Joshi,18,M,A3
124,45,Kiran Kulkarni,20,M,A1
125,45,Abhishek Patil,34,M,A2
126,45,Prakash Kulkarni,29,M,A3
127,45,Darshan Sharma,31,M,A4
128,46,Kiran Singh,26,M,A1
129,46,Prakash Singh,47,M,A2
130,47,Suresh Patil,22,M,A1
131,48,Prakash Bhat,32,M,A1
132,49,Karthik Patil,44,M,A1
133,49,Shruthi Naik,23,F,A2
134,49,Shivakumar Patil,21,M,A3
135,49,Sudeep Patil,29,M,A4
136,50,Vinay Rao,33,M,A1
137,50,Mahesh Hiremath,38,M,A2
138,50,Anil Hiremath,35,M,A3
139,51,Kiran Shetty,41,M,A1
140,51,Sudeep Patil,21,M,A2
141,52,Nithin Naik,29,M,A1
142,52,Mahesh Kulkarni,35,M,A2
143,53,Nithin Naik,30,M,A1
144,53,Basavaraj Sharma,31,M,A2
145,53,Vijay Rao,52,M,A3
146,54,Arun Yadav,28,M,A1
147,54,Prakash Yadav,29,M,A2
148,54,Darshan Naik,28,M,A3
149,54,Nithin Shetty,32,M,A4
150,55,Basavaraj Hegde,23,M,A1
151,55,Anusha Kumar,62,F,A2
152,56,Suresh Desai,33,M,A1
153,56,Santosh Hiremath,38,M,A2
154,56,Manjunath Kulkarni,33,M,A3
155,57,Darshan Hiremath,23,M,A1
156,57,Asha Desai,24,F,A2
157,58,Nithin Gowda,32,M,A1
158,59,Puneeth Yadav,29,M,A1
159,59,Sunil Naik,49,M,A2
160,59,Karthik Bhat,32,M,A3
161,60,Basavaraj Sharma,33,M,A1
162,60,Nithin Desai,26,M,A2
163,60,Shivakumar Gowda,47,M,A3
164,60,Anil Shetty,44,M,A4
165,61,Shivakumar Desai,21,M,A1
166,62,Anil Yadav,23,M,A1
167,62,Rashmi Desai,34,F,A2
168,62,Mahesh Sharma,34,M,A3
169,63,Puneeth Yadav,26,M,A1
170,63,Manjunath Kumar,22,M,A2
171,64,Shivakumar Bhat,27,M,A1
172,64,Darshan Hiremath,24,M,A2
173,64,Vijay Rao,35,M,A3
174,65,Rakesh Sharma,20,M,A1
175,65,Ramesh Joshi,29,M,A2
176,65,Vijay Reddy,28,M,A3
177,65,Mahesh Patil,46,M,A4
178,66,Pradeep Rao,26,M,A1
179,66,Vinay Desai,25,M,A2
180,66,Anil Joshi,50,M,A3
181,67,Suresh Hiremath,28,M,A1
182,67,Asha Sharma,20,F,A2
183,67,Suresh Singh,31,M,A3
184,67,Nithin Kumar,31,M,A4
185,68,Rakesh Gowda,45,M,A1
186,69,Abhishek Yadav,23,M,A1
187,69,Karthik Shetty,62,M,A2
188,69,Prakash Singh,30,M,A3
189,69,Ramya Bhat,27,T,A4
190,70,Basavaraj Bhat,57,M,A1
191,70,Pooja Reddy,23,F,A2
192,71,Vijay Shetty,20,M,A1
193,71,Rashmi Hiremath,54,F,A2
194,72,Pradeep Yadav,23,M,A1
195,72,Darshan Joshi,22,M,A2
196,72,Darshan Hegde,22,M,A3
197,73,Mahesh Joshi,24,M,A1
198,73,Shilpa Gowda,33,F,A2
199,74,Anusha Patil,32,F,A1
200,75,Ramesh Rao,21,M,A1
201,75,Rakesh Kulkarni,37,M,A2
202,75,Manjunath Desai,29,M,A3
203,76,Rashmi Joshi,27,F,A1
204,76,Mahesh Singh,23,M,A2
205,77,Rakesh Hegde,31,M,A1
206,78,Suresh Naik,43,M,A1
207,78,Sunil Rao,32,M,A2
208,79,Basavaraj Shetty,28,M,A1
209,79,Suresh Kumar,46,M,A2
210,79,Kiran Reddy,34,M,A3
211,79,Suma Hiremath,32,F,A4
212,80,Prakash Naik,20,M,A1
213,80,Mahesh Sharma,35,M,A2
214,81,Kiran Reddy,27,T,A1
215,81,Ramesh Naik,32,M,A2
216,81,Puneeth Rao,30,M,A3
217,82,Puneeth Hegde,24,M,A1
218,82,Shilpa Desai,41,F,A2
219,83,Anil Bhat,20,M,A1
220,83,Geetha Patil,30,F,A2
221,84,Rakesh Yadav,44,M,A1
222,85,Suresh Shetty,35,M,A1
223,85,Basavaraj Rao,33,M,A2
224,86,Vinay Sharma,31,M,A1
225,86,Ramesh Reddy,24,M,A2
226,86,Santosh Sharma,20,M,A3
227,87,Puneeth Desai,41,M,A1
228,87,Rakesh Singh,28,M,A2
229,87,Shivakumar Reddy,31,M,A3
230,88,Puneeth Rao,30,M,A1
231,88,Shivakumar Yadav,24,M,A2
232,89,Anil Desai,34,M,A1
233,90,Sunil Sharma,61,M,A1
234,90,Rashmi Kulkarni,46,F,A2
235,90,Pradeep Shetty,26,M,A3
236,91,Ramesh Naik,21,M,A1
237,91,Sunil Desai,50,M,A2
238,92,Vinay Kumar,59,M,A1
239,93,Sunil Kulkarni,63,M,A1
240,93,Nithin Desai,26,M,A2
241,94,Kiran Joshi,29,M,A1
242,95,Ramesh Kumar,27,M,A1
243,95,Vijay Desai,25,M,A2
244,95,Ramya Kulkarni,24,F,A3
245,96,Karthik Hiremath,33,M,A1
246,97,Basavaraj Patil,28,M,A1
247,97,Vinay Rao,22,M,A2
248,97,Pradeep Hiremath,35,M,A3
249,98,Vinay Kulkarni,21,M,A1
250,98,Prakash Hegde,24,M,A2
251,98,Roopa Kumar,32,F,A3
252,99,Arun Patil,21,M,A1
253,99,Manjunath Patil,33,M,A2
254,99,Sunil Sharma,31,M,A3
255,99,Anil Yadav,28,M,A4
256,100,Sudeep Sharma,20,M,A1
257,100,Arun Sharma,28,M,A2
258,100,Shivakumar Sharma,22,M,A3
259,101,Puneeth Hegde,34,M,A1
260,102,Vinay Singh,32,M,A1
261,103,Kiran Reddy,27,M,A1
262,103,Basavaraj Hiremath,21,M,A2
263,104,Abhishek Hiremath,27,M,A1
264,104,Vinay Singh,35,M,A2
265,104,Vijay Gowda,33,M,A3
266,105,Kiran Desai,32,M,A1
267,105,Santosh Sharma,41,M,A2
268,106,Geetha Kumar,26,F,A1
269,106,Pradeep Patil,61,M,A2
270,107,Santosh Naik,30,M,A1
271,107,Darshan Bhat,29,M,A2
272,107,Kiran Kumar,29,M,A3
273,108,Sunil Rao,61,M,A1
274,108,Anil Kumar,20,M,A2
275,109,Asha Naik,63,F,A1
276,109,Vinay Kumar,30,M,A2
277,109,Shivakumar Shetty,25,M,A3
278,110,Prakash Naik,51,M,A1
279,110,Pradeep Hiremath,27,M,A2
280,110,Kiran Desai,35,M,A3
281,111,Basavaraj Kumar,22,M,A1
282,111,Arun Gowda,26,M,A2
283,111,Shivakumar Yadav,31,M,A3
284,111,Pradeep Shetty,27,M,A4
285,112,Rakesh Hiremath,20,M,A1
286,112,Manjunath Shetty,55,M,A2
287,113,Nithin Gowda,27,M,A1
288,113,Arun Kulkarni,27,M,A2
289,113,Roopa Gowda,24,F,A3
290,114,Rashmi Rao,28,F,A1
291,114,Vinay Patil,53,M,A2
292,114,Anil Shetty,26,M,A3
293,114,Kiran Desai,27,M,A4
294,115,Ramya Gowda,27,F,A1
295,115,Sunil Desai,30,M,A2
296,115,Mahesh Kulkarni,23,M,A3
297,116,Vinay Kumar,53,M,A1
298,117,Santosh Rao,26,M,A1
299,118,Nithin Sharma,20,M,A1
300,118,Karthik Joshi,34,M,A2
301,119,Prakash Joshi,25,M,A1
302,119,Karthik Naik,30,M,A2
303,120,Anil Shetty,35,M,A1
304,121,Karthik Gowda,33,M,A1
305,122,Santosh Gowda,61,M,A1
306,123,Manjunath Reddy,32,M,A1
307,123,Kiran Yadav,24,M,A2
308,123,Sunil Yadav,28,M,A3
309,123,Sudeep Yadav,35,M,A4
310,124,Puneeth Reddy,32,M,A1
311,124,Santosh Patil,20,M,A2
312,125,Basavaraj Kulkarni,56,M,A1
313,125,Puneeth Sharma,26,M,A2
314,125,Sahana Kulkarni,27,F,A3
315,125,Mahesh Naik,25,M,A4
316,126,Arun Desai,28,M,A1
317,127,Kiran Reddy,34,M,A1
318,128,Manjunath Joshi,22,M,A1
319,128,Kiran Shetty,25,M,A2
320,128,Vinay Joshi,26,M,A3
321,128,Abhishek Joshi,26,M,A4
322,129,Vinay Joshi,28,M,A1
323,129,Darshan Patil,33,M,A2
324,129,Prakash Desai,25,M,A3
325,130,Santosh Hegde,35,M,A1
326,130,Mahesh Desai,35,M,A2
327,130,Vinay Naik,64,M,A3
328,131,Arun Patil,25,M,A1
329,131,Vijay Reddy,30,M,A2
330,131,Arun Joshi,33,M,A3
331,132,Rakesh Shetty,29,M,A1
332,132,Ramya Hegde,32,F,A2
333,132,Puneeth Hegde,30,M,A3
334,133,Vijay Patil,32,M,A1
335,133,Sudeep Joshi,22,T,A2
336,133,Rekha Naik,29,F,A3
337,133,Prakash Rao,31,M,A4
338,134,Abhishek Shetty,31,M,A1
339,134,Manjunath Gowda,24,M,A2
340,134,Manjunath Sharma,48,M,A3
341,135,Basavaraj Naik,28,M,A1
342,135,Sunil Yadav,22,M,A2
343,135,Basavaraj Singh,28,M,A3
344,135,Kiran Gowda,20,M,A4
345,136,Anil Sharma,47,M,A1
346,137,Swathi Hiremath,29,T,A1
347,138,Ramesh Sharma,24,M,A1
348,139,Basavaraj Desai,46,M,A1
349,139,Nithin Desai,34,M,A2
350,140,Santosh Rao,24,M,A1
351,140,Arun Desai,32,M,A2
352,140,Roopa Naik,22,F,A3
353,141,Basavaraj Hiremath,28,M,A1
354,141,Suresh Gowda,31,M,A2
355,141,Pooja Singh,21,F,A3
356,141,Pradeep Desai,21,M,A4
357,142,Vinay Desai,33,M,A1
358,142,Puneeth Hiremath,25,M,A2
359,142,Mahesh Hegde,30,M,A3
360,142,Basavaraj Yadav,38,M,A4
361,143,Kiran Gowda,62,M,A1
362,143,Sahana Bhat,34,F,A2
363,143,Mahesh Naik,29,M,A3
364,144,Vinay Hiremath,21,M,A1
365,145,Prakash Naik,32,M,A1
366,145,Vinay Shetty,29,M,A2
367,145,Kiran Shetty,21,M,A3
368,146,Vinay Shetty,33,M,A1
369,146,Kiran Desai,20,M,A2
370,146,Mahesh Singh,34,M,A3
371,147,Rekha Gowda,23,F,A1
372,147,Kiran Kumar,31,M,A2
373,148,Sudeep Joshi,20,M,A1
374,149,Santosh Shetty,34,M,A1
375,150,Nithin Bhat,32,M,A1
376,150,Basavaraj Naik,24,M,A2
377,150,Santosh Hegde,24,M,A3
378,151,Puneeth Hegde,23,M,A1
379,151,Darshan Gowda,44,M,A2
380,152,Manjunath Desai,35,M,A1
381,152,Vijay Desai,32,M,A2
382,153,Bhagya Sharma,34,T,A1
383,153,Ramesh Hiremath,43,M,A2
384,154,Ramesh Bhat,34,M,A1
385,154,Puneeth Bhat,30,M,A2
386,155,Bhagya Rao,32,T,A1
387,155,Kiran Bhat,24,M,A2
388,155,Pradeep Kulkarni,34,M,A3
389,155,Darshan Kumar,28,M,A4
390,156,Manjunath Naik,35,M,A1
391,156,Sudeep Patil,21,M,A2
392,156,Ramesh Kulkarni,22,M,A3
393,156,Puneeth Rao,25,M,A4
394,157,Prakash Yadav,26,M,A1
395,158,Anil Kumar,20,M,A1
396,158,Sudeep Yadav,30,M,A2
397,159,Manjunath Rao,30,M,A1
398,159,Vijay Patil,35,M,A2
399,159,Arun Hegde,33,M,A3
400,160,Kiran Patil,22,M,A1
401,161,Rashmi Kumar,35,F,A1
402,162,Shivakumar Kulkarni,29,M,A1
403,162,Sudeep Kumar,30,M,A2
404,162,Sunil Bhat,23,M,A3
405,162,Arun Gowda,34,M,A4
406,163,Santosh Singh,29,M,A1
407,164,Rashmi Joshi,43,F,A1
408,164,Sangeetha Hegde,20,F,A2
409,164,Vijay Singh,36,M,A3
410,164,Darshan Reddy,23,M,A4
411,165,Kiran Naik,22,M,A1
412,165,Vijay Reddy,34,M,A2
413,165,Rakesh Rao,32,M,A3
414,165,Santosh Hiremath,21,M,A4
415,166,Kiran Kulkarni,29,M,A1
416,166,Roopa Shetty,32,F,A2
417,166,Kavya Desai,21,F,A3
418,166,Sunil Rao,29,M,A4
419,167,Mahesh Yadav,24,M,A1
420,167,Manjunath Bhat,49,M,A2
421,167,Sunil Shetty,33,T,A3
422,167,Suma Rao,33,F,A4
423,168,Prakash Joshi,22,M,A1
424,168,Abhishek Sharma,22,M,A2
425,168,Vinay Kulkarni,30,M,A3
426,168,Rakesh Sharma,30,M,A4
427,169,Prakash Shetty,35,M,A1
428,170,Darshan Sharma,44,M,A1
429,171,Bhagya Naik,32,F,A1
430,171,Pradeep Gowda,34,M,A2
431,171,Prakash Patil,31,M,A3
432,172,Basavaraj Gowda,22,T,A1
433,172,Shivakumar Hiremath,24,M,A2
434,172,Mahesh Naik,34,M,A3
435,173,Nithin Rao,62,M,A1
436,174,Prakash Joshi,22,T,A1
437,174,Geetha Rao,23,F,A2
438,174,Sudeep Reddy,63,M,A3
439,174,Suresh Joshi,19,M,A4
440,175,Suresh Naik,35,M,A1
441,175,Mahesh Hegde,32,M,A2
442,175,Puneeth Desai,30,T,A3
443,175,Anil Kumar,21,M,A4
444,176,Vijay Hiremath,29,M,A1
445,177,Suresh Patil,49,M,A1
446,177,Santosh Patil,24,M,A2
447,178,Santosh Naik,26,M,A1
448,179,Pradeep Rao,25,M,A1
449,179,Kavya Bhat,32,F,A2
450,179,Vijay Shetty,25,M,A3
451,180,Puneeth Patil,35,M,A1
452,180,Anil Desai,27,M,A2
453,180,Sudeep Desai,52,T,A3
454,181,Arun Rao,20,M,A1
455,181,Abhishek Singh,30,M,A2
456,181,Kiran Naik,38,M,A3
457,181,Pradeep Kumar,27,M,A4
458,182,Sudeep Desai,30,M,A1
459,182,Vinay Patil,23,M,A2
460,182,Puneeth Hegde,29,M,A3
461,182,Basavaraj Rao,27,M,A4
462,183,Kiran Yadav,24,M,A1
463,183,Suma Patil,35,F,A2
464,183,Pradeep Hiremath,23,M,A3
465,183,Arun Gowda,33,M,A4
466,184,Darshan Hiremath,31,M,A1
467,185,Mahesh Singh,31,M,A1
468,185,Suresh Kumar,30,M,A2
469,185,Vijay Kumar,32,M,A3
470,186,Suresh Kumar,47,M,A1
471,186,Puneeth Kulkarni,22,M,A2
472,186,Darshan Sharma,26,M,A3
473,186,Anil Yadav,52,M,A4
474,187,Basavaraj Hegde,34,M,A1
475,187,Anil Rao,32,M,A2
476,187,Karthik Bhat,34,T,A3
477,188,Sudeep Patil,31,M,A1
478,188,Puneeth Kulkarni,20,M,A2
479,189,Vijay Patil,23,M,A1
480,189,Abhishek Singh,30,M,A2
481,189,Vinay Naik,35,M,A3
482,189,Rakesh Shetty,43,M,A4
483,190,Kiran Yadav,65,M,A1
484,190,Suma Shetty,34,T,A2
485,190,Rakesh Kulkarni,33,M,A3
486,191,Vijay Patil,37,M,A1
487,191,Arun Singh,20,M,A2
488,192,Vijay Yadav,58,M,A1
489,193,Sahana Kumar,29,F,A1
490,193,Puneeth Hegde,61,M,A2
491,193,Mahesh Reddy,31,M,A3
492,194,Arun Reddy,22,M,A1
493,194,Manjunath Sharma,31,M,A2
494,195,Sudeep Bhat,45,M,A1
495,195,Suresh Gowda,45,M,A2
496,196,Divya Kumar,31,F,A1
497,197,Manjunath Kumar,36,M,A1
498,198,Nithin Yadav,27,M,A1
499,199,Shivakumar Singh,33,M,A1
500,199,Divya Shetty,48,F,A2
501,199,Manjunath Sharma,32,M,A3
502,200,Sunil Joshi,59,M,A1
503,200,Shivakumar Hiremath,50,M,A2
504,201,Darshan Kulkarni,23,M,A1
505,201,Prakash Sharma,30,M,A2
506,202,Shivakumar Kulkarni,28,M,A1
507,202,Nithin Sharma,54,M,A2
508,202,Shivakumar Sharma,25,M,A3
509,202,Vijay Hiremath,31,M,A4
510,203,Abhishek Naik,29,M,A1
511,203,Pooja Kulkarni,25,F,A2
512,203,Vijay Hiremath,59,M,A3
513,204,Vijay Reddy,26,M,A1
514,204,Shivakumar Hegde,29,M,A2
515,204,Vijay Shetty,52,M,A3
516,204,Anil Hiremath,57,M,A4
517,205,Manjunath Rao,26,M,A1
518,205,Rakesh Joshi,52,M,A2
519,205,Suma Patil,31,F,A3
520,205,Shivakumar Kulkarni,44,M,A4
521,206,Rakesh Sharma,33,M,A1
522,207,Suma Desai,22,F,A1
523,207,Darshan Naik,23,M,A2
524,207,Prakash Joshi,22,M,A3
525,208,Sunil Singh,21,M,A1
526,208,Karthik Hegde,35,M,A2
527,209,Nithin Joshi,27,M,A1
528,209,Ramya Singh,33,F,A2
529,210,Arun Hegde,20,M,A1
530,211,Basavaraj Bhat,61,M,A1
531,212,Anusha Gowda,53,F,A1
532,212,Suresh Singh,25,M,A2
533,212,Santosh Joshi,31,M,A3
534,212,Manjunath Yadav,47,M,A4
535,213,Sunil Rao,53,M,A1
536,213,Abhishek Desai,34,M,A2
537,214,Ramesh Hegde,48,M,A1
538,214,Sahana Patil,32,T,A2
539,214,Mahesh Bhat,53,M,A3
540,215,Sunil Reddy,24,M,A1
541,215,Arun Desai,36,T,A2
542,215,Sunil Hegde,25,M,A3
543,216,Vijay Patil,35,M,A1
544,216,Darshan Reddy,26,M,A2
545,217,Shivakumar Reddy,23,M,A1
546,218,Asha Bhat,21,T,A1
547,218,Ramesh Shetty,32,M,A2
548,218,Abhishek Hiremath,26,M,A3
549,219,Rashmi Desai,31,F,A1
550,219,Nithin Sharma,33,M,A2
551,219,Mahesh Rao,33,M,A3
552,219,Rakesh Naik,24,M,A4
553,220,Suresh Patil,33,M,A1
554,220,Vinay Joshi,22,M,A2
555,220,Shivakumar Singh,25,M,A3
556,220,Pradeep Kulkarni,34,M,A4
557,221,Meghana Kulkarni,31,F,A1
558,221,Geetha Kulkarni,24,F,A2
559,221,Ramesh Naik,22,M,A3
560,221,Sudeep Gowda,24,M,A4
561,222,Basavaraj Yadav,49,M,A1
562,222,Arun Kulkarni,32,M,A2
563,222,Santosh Sharma,21,M,A3
564,222,Kiran Shetty,33,M,A4
565,223,Nithin Yadav,61,M,A1
566,223,Vijay Rao,29,M,A2
567,223,Vijay Bhat,25,M,A3
568,223,Pradeep Sharma,26,M,A4
569,224,Sahana Reddy,46,F,A1
570,224,Shilpa Reddy,57,F,A2
571,224,Bhagya Patil,25,F,A3
572,225,Pradeep Desai,27,M,A1
573,225,Pradeep Naik,33,M,A2
574,226,Basavaraj Bhat,21,M,A1
575,226,Roopa Kulkarni,29,T,A2
576,226,Mahesh Gowda,51,M,A3
577,226,Nithin Singh,34,M,A4
578,227,Karthik Kulkarni,51,M,A1
579,228,Vinay Bhat,51,M,A1
580,228,Prakash Kumar,41,M,A2
581,229,Basavaraj Yadav,62,M,A1
582,229,Pradeep Rao,24,M,A2
583,229,Prakash Reddy,34,M,A3
584,229,Arun Desai,25,M,A4
585,230,Vijay Gowda,31,M,A1
586,230,Vijay Kulkarni,30,M,A2
587,230,Santosh Bhat,50,M,A3
588,231,Anil Reddy,22,M,A1
589,232,Manjunath Joshi,33,M,A1
590,233,Anil Bhat,22,M,A1
591,234,Kiran Joshi,23,M,A1
592,234,Santosh Naik,32,M,A2
593,234,Kiran Singh,22,M,A3
594,234,Abhishek Gowda,23,M,A4
595,235,Abhishek Yadav,53,M,A1
596,235,Rakesh Kulkarni,25,M,A2
597,235,Arun Sharma,29,M,A3
598,236,Arun Joshi,31,M,A1
599,236,Sangeetha Hegde,34,F,A2
600,236,Kiran Hegde,30,M,A3
601,236,Sunil Rao,54,M,A4
602,237,Basavaraj Shetty,34,M,A1
603,237,Nithin Desai,20,M,A2
604,237,Sudeep Singh,20,M,A3
605,237,Mahesh Kumar,29,M,A4
606,238,Suresh Bhat,27,M,A1
607,238,Sunil Kumar,19,M,A2
608,239,Nithin Kumar,20,M,A1
609,239,Pradeep Shetty,30,M,A2
610,239,Basavaraj Reddy,33,M,A3
611,239,Basavaraj Hegde,33,M,A4
612,240,Vinay Reddy,21,M,A1
613,240,Suresh Bhat,34,M,A2
614,240,Pradeep Shetty,21,M,A3
615,240,Nithin Hiremath,33,M,A4
616,241,Manjunath Singh,26,M,A1
617,241,Suresh Kumar,26,M,A2
618,241,Pradeep Sharma,46,M,A3
619,242,Kiran Kulkarni,20,M,A1
620,242,Darshan Patil,21,M,A2
621,243,Meghana Naik,58,F,A1
622,243,Santosh Kumar,30,M,A2
623,243,Nithin Rao,18,M,A3
624,243,Manjunath Reddy,34,M,A4
625,244,Puneeth Kumar,28,M,A1
626,244,Shivakumar Bhat,23,M,A2
627,245,Pradeep Naik,57,M,A1
628,245,Rekha Bhat,21,F,A2
629,245,Darshan Sharma,22,M,A3
630,245,Santosh Shetty,32,M,A4
631,246,Sudeep Kulkarni,32,M,A1
632,246,Roopa Joshi,24,F,A2
633,247,Vijay Hegde,20,M,A1
634,247,Basavaraj Shetty,22,M,A2
635,247,Arun Shetty,32,M,A3
636,247,Ramesh Kumar,30,M,A4
637,248,Darshan Hiremath,26,M,A1
638,249,Darshan Bhat,20,M,A1
639,249,Mahesh Hegde,33,M,A2
640,249,Arun Kulkarni,20,M,A3
641,249,Darshan Bhat,39,M,A4
642,250,Basavaraj Joshi,27,M,A1
643,250,Rekha Kumar,22,F,A2
644,250,Manjunath Rao,33,M,A3
645,250,Sunil Yadav,22,T,A4
646,251,Abhishek Hegde,49,M,A1
647,251,Suresh Kulkarni,34,M,A2
648,251,Anil Hiremath,25,M,A3
649,251,Santosh Yadav,25,M,A4
650,252,Sudeep Patil,22,M,A1
651,252,Rakesh Hiremath,32,M,A2
652,252,Manjunath Joshi,24,M,A3
653,253,Nithin Rao,20,M,A1
654,254,Roopa Naik,20,F,A1
655,254,Shivakumar Kumar,22,T,A2
656,254,Ramya Rao,23,F,A3
657,254,Basavaraj Kumar,32,M,A4
658,255,Suma Kulkarni,49,F,A1
659,255,Arun Rao,23,M,A2
660,255,Pooja Bhat,30,T,A3
661,256,Anil Kumar,26,M,A1
662,257,Abhishek Naik,32,M,A1
663,258,Abhishek Kulkarni,34,M,A1
664,258,Vijay Shetty,41,M,A2
665,259,Nithin Singh,29,M,A1
666,259,Suresh Hegde,35,M,A2
667,260,Kavya Hiremath,22,T,A1
668,260,Karthik Hiremath,28,M,A2
669,260,Sunil Desai,35,M,A3
670,260,Ramesh Hiremath,65,M,A4
671,261,Abhishek Rao,22,M,A1
672,261,Geetha Shetty,26,F,A2
673,261,Pradeep Joshi,32,M,A3
674,261,Suresh Reddy,31,M,A4
675,262,Mahesh Rao,30,M,A1
676,262,Karthik Singh,26,M,A2
677,262,Puneeth Kumar,33,M,A3
678,263,Kavya Reddy,20,F,A1
679,264,Nithin Bhat,23,M,A1
680,264,Abhishek Desai,35,M,A2
681,264,Manjunath Hegde,31,M,A3
682,265,Meghana Reddy,36,F,A1
683,265,Prakash Patil,22,M,A2
684,265,Arun Singh,34,M,A3
685,265,Arun Naik,25,M,A4
686,266,Santosh Shetty,32,M,A1
687,266,Nithin Yadav,32,M,A2
688,267,Mahesh Bhat,27,M,A1
689,267,Rakesh Hegde,29,M,A2
690,267,Rakesh Bhat,24,M,A3
691,267,Ramesh Hegde,23,M,A4
692,268,Anil Rao,53,M,A1
693,268,Vijay Desai,43,M,A2
694,269,Ramesh Kulkarni,25,M,A1
695,269,Vijay Kulkarni,31,M,A2
696,270,Vijay Rao,25,M,A1
697,270,Vinay Yadav,58,M,A2
698,271,Basavaraj Naik,35,M,A1
699,272,Prakash Sharma,23,M,A1
700,273,Basavaraj Rao,28,M,A1
701,274,Anil Singh,35,M,A1
702,275,Nithin Rao,22,M,A1
703,275,Darshan Kumar,28,M,A2
704,275,Sudeep Desai,25,M,A3
705,275,Pradeep Hiremath,27,M,A4
706,276,Sunil Gowda,27,M,A1
707,276,Karthik Rao,29,M,A2
708,276,Karthik Desai,36,M,A3
709,277,Ramesh Desai,33,M,A1
710,277,Rakesh Rao,31,M,A2
711,278,Anil Sharma,18,M,A1
712,279,Prakash Patil,25,M,A1
713,279,Sahana Naik,31,F,A2
714,279,Ramesh Yadav,25,M,A3
715,280,Sahana Patil,57,F,A1
716,280,Manjunath Singh,31,M,A2
717,281,Shruthi Bhat,34,F,A1
718,281,Anil Desai,25,M,A2
719,282,Swathi Reddy,35,F,A1
720,282,Kiran Hiremath,32,M,A2
721,283,Pradeep Sharma,35,M,A1
722,283,Santosh Bhat,29,M,A2
723,283,Sunil Naik,33,M,A3
724,283,Karthik Rao,24,M,A4
725,284,Rakesh Hegde,21,T,A1
726,284,Anil Reddy,28,M,A2
727,284,Abhishek Hegde,29,M,A3
728,285,Kiran Kulkarni,20,M,A1
729,285,Darshan Hegde,31,M,A2
730,286,Sudeep Bhat,26,M,A1
731,286,Arun Desai,46,M,A2
732,286,Pradeep Shetty,20,M,A3
733,287,Nithin Hiremath,28,M,A1
734,288,Abhishek Kulkarni,24,M,A1
735,289,Santosh Kulkarni,21,M,A1
736,289,Mahesh Naik,35,M,A2
737,289,Geetha Reddy,62,T,A3
738,290,Puneeth Rao,35,M,A1
739,290,Anil Gowda,25,M,A2
740,290,Sudeep Shetty,33,M,A3
741,290,Geetha Reddy,26,F,A4
742,291,Vijay Bhat,28,M,A1
743,291,Ramesh Reddy,23,M,A2
744,291,Darshan Gowda,19,M,A3
745,291,Mahesh Kulkarni,32,M,A4
746,292,Anil Kulkarni,23,M,A1
747,292,Mahesh Joshi,63,M,A2
748,292,Darshan Bhat,32,M,A3
749,292,Vijay Shetty,33,M,A4
750,293,Pradeep Naik,33,M,A1
751,293,Manjunath Desai,24,M,A2
752,294,Pradeep Naik,27,M,A1
753,294,Darshan Hiremath,62,M,A2
754,295,Darshan Kulkarni,30,M,A1
755,295,Manjunath Kulkarni,21,M,A2
756,296,Arun Shetty,47,M,A1
757,296,Nithin Hiremath,31,M,A2
758,296,Karthik Reddy,30,M,A3
759,296,Karthik Bhat,26,M,A4
760,297,Ramesh Patil,29,M,A1
761,298,Karthik Bhat,32,M,A1
762,298,Kavya Kulkarni,34,F,A2
763,298,Abhishek Kumar,59,M,A3
764,299,Nithin Naik,22,M,A1
765,300,Anil Rao,31,M,A1
766,300,Rakesh Joshi,34,M,A2
767,300,Darshan Reddy,49,M,A3
768,300,Geetha Yadav,61,F,A4
769,301,Arun Gowda,23,M,A1
770,302,Geetha Yadav,30,F,A1
771,302,Santosh Sharma,35,M,A2
772,303,Pradeep Sharma,26,M,A1
773,303,Suma Joshi,25,F,A2
774,303,Nithin Shetty,34,M,A3
775,303,Shivakumar Joshi,21,M,A4
776,304,Pradeep Desai,54,M,A1
777,304,Santosh Kumar,24,M,A2
778,304,Basavaraj Gowda,34,T,A3
779,304,Kiran Reddy,61,M,A4
780,305,Asha Gowda,31,T,A1
781,305,Divya Kulkarni,31,F,A2
782,306,Shivakumar Yadav,23,M,A1
783,306,Karthik Shetty,33,M,A2
784,307,Nithin Reddy,35,M,A1
785,307,Rakesh Yadav,59,M,A2
786,308,Santosh Hegde,33,M,A1
787,308,Nithin Hiremath,54,T,A2
788,308,Geetha Rao,30,F,A3
789,309,Ramesh Naik,24,M,A1
790,309,Asha Hiremath,24,T,A2
791,310,Basavaraj Reddy,23,M,A1
792,311,Sudeep Yadav,30,M,A1
793,312,Darshan Kumar,25,M,A1
794,313,Pradeep Hiremath,34,M,A1
795,313,Sunil Hiremath,29,M,A2
796,313,Vijay Yadav,45,M,A3
797,314,Kiran Yadav,40,M,A1
798,314,Mahesh Desai,30,M,A2
799,314,Manjunath Hegde,30,M,A3
800,315,Shivakumar Yadav,30,M,A1
801,316,Manjunath Kulkarni,20,M,A1
802,316,Nithin Patil,51,M,A2
803,316,Suresh Sharma,33,M,A3
804,317,Ramya Naik,26,T,A1
805,318,Abhishek Sharma,28,M,A1
806,318,Abhishek Shetty,29,M,A2
807,318,Abhishek Kumar,22,M,A3
808,318,Manjunath Kumar,32,M,A4
809,319,Darshan Naik,42,M,A1
810,319,Sahana Kumar,30,F,A2
811,320,Ramya Joshi,34,F,A1
812,321,Anil Kumar,28,M,A1
813,321,Pradeep Reddy,27,M,A2
814,321,Ramesh Patil,27,M,A3
815,321,Abhishek Hiremath,23,M,A4
816,322,Santosh Sharma,62,M,A1
817,323,Manjunath Desai,55,M,A1
818,323,Pradeep Desai,37,M,A2
819,323,Manjunath Kulkarni,51,M,A3
820,324,Basavaraj Gowda,33,M,A1
821,324,Darshan Desai,27,M,A2
822,324,Pradeep Desai,22,M,A3
823,324,Shilpa Joshi,61,F,A4
824,325,Mahesh Kulkarni,20,M,A1
825,325,Rakesh Bhat,29,M,A2
826,325,Anil Sharma,29,M,A3
827,325,Karthik Hiremath,47,M,A4
828,326,Sahana Bhat,63,F,A1
829,326,Nithin Yadav,22,T,A2
830,326,Mahesh Naik,58,M,A3
831,327,Basavaraj Singh,32,M,A1
832,327,Karthik Bhat,30,M,A2
833,327,Mahesh Singh,34,M,A3
834,328,Darshan Hiremath,34,M,A1
835,328,Asha Patil,28,F,A2
836,328,Kiran Reddy,54,M,A3
837,329,Manjunath Sharma,26,M,A1
838,329,Santosh Reddy,27,M,A2
839,330,Santosh Singh,57,M,A1
840,330,Manjunath Rao,27,M,A2
841,331,Karthik Singh,33,M,A1
842,331,Karthik Hiremath,29,M,A2
843,331,Shivakumar Singh,31,M,A3
844,332,Darshan Desai,30,M,A1
845,332,Rashmi Joshi,60,F,A2
846,332,Basavaraj Sharma,35,M,A3
847,332,Prakash Joshi,30,M,A4
848,333,Ramesh Shetty,31,M,A1
849,334,Sudeep Patil,18,M,A1
850,335,Darshan Shetty,32,M,A1
851,335,Darshan Kulkarni,35,M,A2
852,335,Kiran Gowda,29,M,A3
853,336,Meghana Joshi,21,F,A1
854,337,Pooja Sharma,35,F,A1
855,337,Vijay Naik,33,M,A2
856,337,Abhishek Gowda,19,M,A3
857,338,Karthik Desai,30,M,A1
858,338,Abhishek Shetty,27,M,A2
859,338,Arun Patil,18,M,A3
860,338,Ramesh Shetty,34,M,A4
861,339,Suresh Shetty,26,M,A1
862,339,Mahesh Naik,29,M,A2
863,339,Anil Naik,28,M,A3
864,339,Karthik Patil,33,M,A4
865,340,Vinay Hiremath,22,M,A1
866,340,Geetha Sharma,32,F,A2
867,340,Sudeep Hiremath,33,M,A3
868,340,Ramesh Desai,56,M,A4
869,341,Rekha Singh,28,F,A1
870,341,Abhishek Bhat,35,M,A2
871,341,Pooja Naik,36,F,A3
872,341,Santosh Joshi,28,M,A4
873,342,Santosh Hegde,46,M,A1
874,343,Puneeth Singh,21,M,A1
875,344,Anil Bhat,31,M,A1
876,344,Basavaraj Desai,29,M,A2
877,344,Ramesh Kulkarni,55,M,A3
878,344,Nithin Hiremath,35,M,A4
879,345,Prakash Patil,34,M,A1
880,345,Vinay Kulkarni,39,M,A2
881,345,Mahesh Naik,23,M,A3
882,345,Pradeep Desai,22,M,A4
883,346,Pradeep Yadav,24,M,A1
884,346,Sudeep Rao,18,M,A2
885,346,Arun Sharma,26,M,A3
886,347,Sangeetha Reddy,20,F,A1
887,347,Asha Yadav,33,F,A2
888,347,Darshan Rao,55,M,A3
889,348,Puneeth Bhat,26,M,A1
890,348,Santosh Hegde,29,M,A2
891,348,Vijay Singh,25,M,A3
892,348,Shilpa Naik,24,F,A4
893,349,Mahesh Kumar,33,M,A1
894,350,Shivakumar Shetty,38,M,A1
895,350,Karthik Hegde,21,M,A2
896,350,Abhishek Bhat,27,M,A3
897,351,Nithin Naik,35,M,A1
898,352,Puneeth Singh,60,M,A1
899,352,Darshan Sharma,49,M,A2
900,352,Manjunath Kulkarni,26,M,A3
901,353,Vinay Rao,23,M,A1
902,354,Mahesh Hegde,27,M,A1
903,354,Manjunath Reddy,35,M,A2
904,355,Sunil Shetty,33,M,A1
905,355,Manjunath Kulkarni,34,M,A2
906,355,Darshan Reddy,43,M,A3
907,355,Anil Hegde,20,M,A4
908,356,Vijay Shetty,52,M,A1
909,356,Bhagya Reddy,20,F,A2
910,356,Mahesh Sharma,29,M,A3
911,356,Suresh Reddy,26,M,A4
912,357,Pradeep Gowda,26,M,A1
913,358,Karthik Patil,49,M,A1
914,359,Shivakumar Joshi,31,M,A1
915,360,Manjunath Kulkarni,30,T,A1
916,360,Kiran Reddy,34,M,A2
917,361,Karthik Bhat,55,M,A1
918,361,Vinay Joshi,65,M,A2
919,362,Anil Reddy,32,M,A1
920,362,Vijay Desai,30,M,A2
921,362,Divya Rao,35,F,A3
922,362,Arun Singh,28,M,A4
923,363,Anil Hegde,31,M,A1
924,363,Manjunath Joshi,28,M,A2
925,363,Sunil Joshi,20,M,A3
926,364,Swathi Kumar,20,F,A1
927,365,Rakesh Patil,26,M,A1
928,365,Basavaraj Gowda,31,M,A2
929,366,Manjunath Rao,31,M,A1
930,366,Abhishek Kulkarni,59,M,A2
931,367,Sunil Kumar,29,M,A1
932,367,Suresh Sharma,31,M,A2
933,367,Rakesh Rao,32,M,A3
934,368,Sunil Kumar,21,M,A1
935,368,Basavaraj Rao,34,M,A2
936,368,Nithin Patil,23,M,A3
937,369,Vijay Hiremath,27,M,A1
938,369,Sahana Reddy,28,F,A2
939,369,Manjunath Rao,29,M,A3
940,370,Suresh Rao,26,M,A1
941,370,Darshan Desai,25,M,A2
942,371,Shivakumar Gowda,25,M,A1
943,371,Kiran Gowda,32,M,A2
944,371,Darshan Sharma,26,M,A3
945,371,Nithin Rao,29,M,A4
946,372,Kiran Bhat,32,M,A1
947,372,Basavaraj Hiremath,21,M,A2
948,372,Basavaraj Reddy,34,M,A3
949,372,Kiran Desai,25,M,A4
950,373,Vijay Singh,31,M,A1
951,373,Anil Gowda,25,M,A2
952,373,Rakesh Hegde,21,M,A3
953,373,Ramesh Hiremath,22,M,A4
954,374,Kiran Kulkarni,20,M,A1
955,374,Basavaraj Shetty,45,M,A2
956,374,Vinay Joshi,57,M,A3
957,374,Anusha Patil,35,F,A4
958,375,Sunil Gowda,20,M,A1
959,375,Sunil Joshi,30,M,A2
960,375,Kiran Naik,29,M,A3
961,375,Rakesh Yadav,30,M,A4
962,376,Prakash Desai,30,M,A1
963,376,Darshan Rao,33,M,A2
964,376,Anil Sharma,42,M,A3
965,377,Shivakumar Hegde,32,M,A1
966,377,Rakesh Kulkarni,46,M,A2
967,377,Geetha Kulkarni,30,F,A3
968,378,Manjunath Hegde,25,M,A1
969,379,Rakesh Naik,47,M,A1
970,379,Santosh Hegde,28,M,A2
971,379,Suresh Gowda,61,M,A3
972,379,Meghana Hiremath,33,F,A4
973,380,Asha Yadav,24,F,A1
974,380,Vinay Reddy,41,M,A2
975,380,Abhishek Sharma,23,M,A3
976,381,Darshan Kulkarni,31,M,A1
977,381,Anil Rao,29,M,A2
978,381,Anil Bhat,62,M,A3
979,382,Prakash Hiremath,25,M,A1
980,382,Vinay Hegde,32,M,A2
981,383,Rakesh Gowda,51,M,A1
982,384,Puneeth Naik,34,M,A1
983,384,Arun Joshi,26,T,A2
984,385,Sudeep Sharma,20,M,A1
985,385,Shilpa Singh,30,F,A2
986,385,Rakesh Gowda,33,M,A3
987,385,Puneeth Hegde,29,M,A4
988,386,Karthik Singh,25,M,A1
989,387,Shivakumar Bhat,26,M,A1
990,387,Puneeth Rao,35,M,A2
991,387,Sunil Naik,48,M,A3
992,388,Rakesh Joshi,26,M,A1
993,388,Anil Desai,33,M,A2
994,388,Arun Kumar,57,M,A3
995,388,Shilpa Shetty,30,F,A4
996,389,Vijay Bhat,22,M,A1
997,389,Pradeep Bhat,55,M,A2
998,389,Suresh Singh,28,M,A3
999,390,Rashmi Reddy,33,F,A1
1000,390,Ramesh Patil,50,M,A2
1001,390,Ramesh Hegde,49,M,A3
1002,391,Pradeep Joshi,24,M,A1
1003,391,Basavaraj Hegde,33,M,A2
1004,392,Shivakumar Hegde,26,M,A1
1005,392,Mahesh Bhat,24,M,A2
1006,393,Puneeth Yadav,32,M,A1
1007,393,Mahesh Gowda,34,M,A2
1008,394,Puneeth Reddy,26,M,A1
1009,394,Santosh Desai,38,M,A2
1010,394,Suresh Desai,23,M,A3
1011,394,Nithin Yadav,23,M,A4
1012,395,Puneeth Gowda,24,M,A1
1013,395,Ramesh Patil,26,M,A2
1014,395,Mahesh Yadav,44,M,A3
1015,396,Basavaraj Desai,34,M,A1
1016,397,Pradeep Singh,20,M,A1
1017,398,Anil Reddy,28,M,A1
1018,399,Pradeep Desai,21,M,A1
1019,399,Basavaraj Patil,29,M,A2
1020,399,Ramesh Reddy,26,M,A3
1021,400,Santosh Joshi,23,M,A1
1022,400,Prakash Hegde,25,M,A2
1023,400,Vijay Singh,30,M,A3
1024,400,Mahesh Yadav,24,M,A4
1025,401,Sahana Rao,26,F,A1
1026,401,Manjunath Kumar,40,M,A2
1027,401,Vinay Patil,41,M,A3
1028,401,Prakash Rao,23,M,A4
1029,402,Sudeep Shetty,33,M,A1
1030,402,Puneeth Naik,25,M,A2
1031,402,Sudeep Naik,22,M,A3
1032,403,Kiran Gowda,29,M,A1
1033,403,Santosh Sharma,34,M,A2
1034,403,Santosh Singh,30,M,A3
1035,403,Kavya Hiremath,34,F,A4
1036,404,Vijay Yadav,23,M,A1
1037,404,Sunil Joshi,30,M,A2
1038,404,Mahesh Shetty,35,M,A3
1039,405,Karthik Reddy,27,M,A1
1040,406,Pradeep Desai,38,M,A1
1041,406,Shruthi Singh,34,F,A2
1042,407,Puneeth Sharma,39,M,A1
1043,407,Abhishek Hegde,24,M,A2
1044,407,Nithin Hegde,25,M,A3
1045,408,Nithin Shetty,22,M,A1
1046,408,Geetha Joshi,30,F,A2
1047,408,Nithin Reddy,65,M,A3
1048,409,Darshan Gowda,20,M,A1
1049,409,Rakesh Yadav,26,M,A2
1050,410,Sangeetha Desai,24,F,A1
1051,410,Abhishek Bhat,35,M,A2
1052,410,Santosh Naik,63,M,A3
1053,411,Sunil Joshi,64,M,A1
1054,412,Kiran Naik,33,M,A1
1055,412,Shivakumar Hegde,57,M,A2
1056,412,Vinay Reddy,22,M,A3
1057,413,Karthik Kulkarni,33,M,A1
1058,413,Puneeth Joshi,27,M,A2
1059,413,Suresh Hegde,23,M,A3
1060,413,Santosh Patil,21,M,A4
1061,414,Shivakumar Bhat,25,M,A1
1062,414,Puneeth Bhat,46,M,A2
1063,415,Santosh Hegde,60,M,A1
1064,415,Rakesh Reddy,22,M,A2
1065,415,Abhishek Sharma,32,M,A3
1066,415,Vijay Reddy,23,M,A4
1067,416,Anil Sharma,36,M,A1
1068,416,Prakash Patil,22,M,A2
1069,416,Vinay Rao,21,M,A3
1070,417,Manjunath Patil,31,M,A1
1071,417,Anil Gowda,60,M,A2
1072,417,Puneeth Hiremath,41,M,A3
1073,417,Darshan Bhat,28,M,A4
1074,418,Shivakumar Naik,23,M,A1
1075,419,Karthik Reddy,26,M,A1
1076,419,Vijay Kumar,21,M,A2
1077,419,Abhishek Patil,29,M,A3
1078,420,Sudeep Kumar,20,M,A1
1079,421,Pradeep Hiremath,24,M,A1
1080,421,Prakash Kulkarni,24,M,A2
1081,421,Karthik Shetty,20,M,A3
1082,421,Kiran Desai,23,M,A4
1083,422,Mahesh Singh,24,M,A1
1084,422,Anusha Bhat,25,F,A2
1085,423,Rakesh Singh,47,M,A1
1086,423,Nithin Bhat,31,M,A2
1087,423,Vinay Kumar,64,M,A3
1088,423,Rakesh Yadav,29,M,A4
1089,424,Puneeth Hiremath,45,M,A1
1090,424,Sudeep Hiremath,25,M,A2
1091,425,Suresh Gowda,21,M,A1
1092,426,Arun Rao,27,M,A1
1093,426,Santosh Yadav,35,M,A2
1094,427,Vijay Desai,23,M,A1
1095,427,Darshan Kulkarni,24,M,A2
1096,428,Prakash Joshi,19,M,A1
1097,428,Kavya Naik,34,F,A2
1098,429,Vijay Hiremath,28,M,A1
1099,430,Vinay Naik,22,M,A1
1100,431,Ramya Shetty,23,F,A1
1101,431,Kiran Hiremath,27,M,A2
1102,432,Vinay Patil,20,M,A1
1103,432,Prakash Bhat,54,T,A2
1104,433,Anil Kumar,31,M,A1
1105,433,Basavaraj Joshi,25,M,A2
1106,433,Mahesh Patil,33,M,A3
1107,434,Kiran Singh,35,M,A1
1108,435,Darshan Bhat,42,M,A1
1109,435,Darshan Hegde,24,M,A2
1110,435,Shivakumar Rao,25,M,A3
1111,435,Vijay Bhat,26,M,A4
1112,436,Ramya Sharma,21,F,A1
1113,436,Kiran Sharma,24,M,A2
1114,436,Divya Yadav,29,F,A3
1115,436,Anil Yadav,24,M,A4
1116,437,Sudeep Bhat,58,M,A1
1117,437,Anusha Naik,35,F,A2
1118,437,Karthik Hiremath,57,M,A3
1119,438,Manjunath Hegde,35,M,A1
1120,439,Manjunath Kulkarni,24,M,A1
1121,439,Basavaraj Yadav,34,M,A2
1122,439,Divya Hiremath,34,T,A3
1123,440,Nithin Rao,21,M,A1
1124,441,Vijay Hiremath,33,M,A1
1125,442,Rashmi Hegde,32,F,A1
1126,442,Puneeth Yadav,24,M,A2
1127,443,Basavaraj Kulkarni,31,M,A1
1128,443,Sudeep Joshi,30,M,A2
1129,443,Basavaraj Kulkarni,34,M,A3
1130,443,Prakash Hiremath,23,M,A4
1131,444,Basavaraj Naik,28,M,A1
1132,444,Manjunath Kumar,39,M,A2
1133,444,Geetha Hegde,32,F,A3
1134,445,Shilpa Patil,26,F,A1
1135,445,Mahesh Shetty,20,M,A2
1136,445,Karthik Kulkarni,34,M,A3
1137,445,Divya Reddy,65,F,A4
1138,446,Manjunath Patil,28,M,A1
1139,446,Sudeep Joshi,28,M,A2
1140,446,Rakesh Gowda,20,M,A3
1141,446,Pradeep Sharma,63,M,A4
1142,447,Anil Bhat,49,M,A1
1143,447,Pradeep Shetty,24,M,A2
1144,447,Rakesh Singh,61,M,A3
1145,448,Pradeep Reddy,52,M,A1
1146,448,Manjunath Joshi,60,M,A2
1147,449,Darshan Kumar,50,M,A1
1148,450,Sangeetha Reddy,22,F,A1
1149,450,Shivakumar Shetty,34,M,A2
1150,451,Vijay Patil,21,M,A1
1151,451,Sunil Sharma,42,M,A2
1152,451,Pradeep Desai,61,M,A3
1153,452,Suresh Hegde,34,T,A1
1154,452,Manjunath Bhat,20,M,A2
1155,452,Prakash Rao,32,M,A3
1156,453,Basavaraj Rao,20,M,A1
1157,453,Shivakumar Sharma,34,M,A2
1158,453,Shilpa Reddy,24,F,A3
1159,453,Shruthi Singh,33,F,A4
1160,454,Roopa Sharma,27,F,A1
1161,455,Mahesh Yadav,21,T,A1
1162,455,Darshan Hiremath,21,M,A2
1163,455,Prakash Joshi,20,M,A3
1164,456,Prakash Bhat,22,M,A1
1165,457,Shivakumar Desai,27,M,A1
1166,457,Santosh Yadav,25,M,A2
1167,457,Vijay Shetty,20,M,A3
1168,458,Bhagya Bhat,22,F,A1
1169,458,Geetha Shetty,28,T,A2
1170,458,Sahana Naik,30,F,A3
1171,458,Mahesh Kulkarni,30,M,A4
1172,459,Kiran Rao,49,M,A1
1173,459,Sunil Singh,24,M,A2
1174,460,Vijay Reddy,32,M,A1
1175,460,Karthik Desai,21,M,A2
1176,460,Karthik Joshi,23,M,A3
1177,461,Kiran Naik,32,M,A1
1178,461,Puneeth Shetty,28,M,A2
1179,462,Suresh Yadav,46,M,A1
1180,462,Geetha Gowda,28,F,A2
1181,462,Pradeep Hegde,35,M,A3
1182,462,Rakesh Kumar,22,M,A4
1183,463,Pradeep Singh,23,M,A1
1184,463,Sunil Desai,34,M,A2
1185,463,Vinay Kumar,42,M,A3
1186,464,Suresh Naik,57,M,A1
1187,464,Puneeth Kulkarni,33,M,A2
1188,465,Puneeth Bhat,25,M,A1
1189,465,Puneeth Joshi,20,M,A2
1190,465,Geetha Bhat,35,F,A3
1191,465,Santosh Desai,28,M,A4
1192,466,Prakash Singh,51,M,A1
1193,466,Nithin Joshi,33,M,A2
1194,466,Rashmi Patil,31,F,A3
1195,466,Pradeep Hiremath,31,M,A4
1196,467,Abhishek Bhat,27,M,A1
1197,467,Nithin Singh,41,M,A2
1198,468,Prakash Sharma,35,M,A1
1199,468,Anil Rao,23,M,A2
1200,468,Sunil Patil,26,M,A3
1201,468,Rakesh Hiremath,34,M,A4
1202,469,Nithin Hegde,34,M,A1
1203,470,Sudeep Gowda,28,M,A1
1204,470,Vijay Shetty,25,M,A2
1205,470,Suresh Singh,39,M,A3
1206,470,Swathi Joshi,30,T,A4
1207,471,Sunil Reddy,53,M,A1
1208,471,Abhishek Singh,24,M,A2
1209,471,Pradeep Hiremath,30,M,A3
1210,471,Santosh Sharma,60,M,A4
1211,472,Vijay Hiremath,32,M,A1
1212,472,Abhishek Rao,30,M,A2
1213,472,Shilpa Shetty,20,F,A3
1214,473,Shivakumar Desai,22,M,A1
1215,473,Sangeetha Reddy,22,F,A2
1216,473,Sudeep Rao,49,M,A3
1217,474,Karthik Sharma,29,M,A1
1218,474,Ramya Sharma,40,F,A2
1219,475,Pradeep Yadav,29,M,A1
1220,475,Vijay Patil,32,M,A2
1221,475,Ramesh Joshi,35,M,A3
1222,476,Kiran Bhat,24,M,A1
1223,476,Sunil Kumar,44,M,A2
1224,476,Mahesh Hegde,41,M,A3
1225,477,Kavya Singh,55,F,A1
1226,477,Rakesh Patil,20,M,A2
1227,478,Abhishek Patil,34,M,A1
1228,478,Ramesh Shetty,35,M,A2
1229,478,Suma Gowda,29,F,A3
1230,479,Darshan Joshi,29,M,A1
1231,479,Pradeep Kumar,41,M,A2
1232,480,Sunil Rao,34,M,A1
1233,481,Pooja Shetty,30,F,A1
1234,481,Arun Kumar,31,M,A2
1235,481,Nithin Hiremath,34,M,A3
1236,482,Ramesh Patil,20,M,A1
1237,482,Shivakumar Desai,33,M,A2
1238,482,Kiran Singh,23,M,A3
1239,482,Karthik Bhat,30,M,A4
1240,483,Pradeep Shetty,41,M,A1
1241,483,Anil Yadav,29,M,A2
1242,483,Darshan Reddy,23,M,A3
1243,483,Kiran Reddy,26,M,A4
1244,484,Ramesh Bhat,20,M,A1
1245,484,Vijay Desai,23,M,A2
1246,484,Arun Naik,25,M,A3
1247,484,Shilpa Gowda,24,F,A4
1248,485,Sudeep Hiremath,29,M,A1
1249,485,Vinay Yadav,36,M,A2
1250,485,Karthik Yadav,35,M,A3
1251,485,Shivakumar Hiremath,24,M,A4
1252,486,Karthik Gowda,23,M,A1
1253,486,Karthik Hegde,24,M,A2
1254,486,Karthik Desai,33,M,A3
1255,486,Sunil Singh,24,M,A4
1256,487,Ramesh Singh,26,M,A1
1257,487,Rashmi Kulkarni,33,F,A2
1258,487,Prakash Shetty,31,M,A3
1259,487,Sudeep Joshi,42,M,A4
1260,488,Sunil Kulkarni,19,M,A1
1261,488,Shilpa Naik,34,F,A2
1262,488,Shivakumar Rao,20,M,A3
1263,489,Vinay Kumar,31,M,A1
1264,489,Sudeep Naik,30,M,A2
1265,489,Arun Hegde,33,M,A3
1266,489,Suresh Reddy,24,M,A4
1267,490,Manjunath Yadav,28,M,A1
1268,490,Divya Shetty,27,F,A2
1269,491,Arun Kulkarni,25,M,A1
1270,491,Rakesh Rao,23,M,A2
1271,491,Shivakumar Joshi,25,M,A3
1272,492,Sudeep Desai,29,M,A1
1273,492,Suresh Rao,20,M,A2
1274,493,Abhishek Rao,30,M,A1
1275,494,Suresh Reddy,26,M,A1
1276,494,Arun Reddy,32,M,A2
1277,494,Darshan Patil,27,M,A3
1278,495,Puneeth Patil,26,M,A1
1279,495,Basavaraj Shetty,34,M,A2
1280,495,Arun Shetty,38,M,A3
1281,496,Karthik Singh,52,M,A1
1282,497,Prakash Patil,35,M,A1
1283,497,Manjunath Patil,20,M,A2
1284,498,Vinay Hiremath,53,M,A1
1285,499,Arun Gowda,28,M,A1
1286,499,Arun Sharma,27,M,A2
1287,499,Sudeep Shetty,27,M,A3
1288,500,Pradeep Bhat,33,M,A1
1289,500,Sunil Shetty,21,M,A2
1290,500,Basavaraj Hiremath,31,M,A3
1291,500,Kavya Rao,27,F,A4
1292,501,Darshan Singh,21,M,A1
1293,501,Anil Patil,36,M,A2
1294,502,Abhishek Bhat,23,M,A1
1295,502,Prakash Singh,25,M,A2
1296,502,Sudeep Naik,26,M,A3
1297,503,Suma Gowda,25,F,A1
1298,503,Manjunath Reddy,33,M,A2
1299,503,Santosh Gowda,32,M,A3
1300,503,Vijay Joshi,56,M,A4
1301,504,Santosh Shetty,51,M,A1
1302,504,Karthik Kulkarni,32,M,A2
1303,505,Ramesh Desai,30,M,A1
1304,505,Suma Yadav,65,F,A2
1305,505,Karthik Bhat,20,M,A3
1306,506,Sudeep Joshi,40,M,A1
1307,506,Arun Rao,23,M,A2
1308,507,Nithin Hegde,35,T,A1
1309,508,Rakesh Joshi,25,M,A1
1310,508,Vinay Yadav,54,M,A2
1311,509,Shilpa Rao,32,F,A1
1312,509,Pradeep Hiremath,21,M,A2
1313,510,Mahesh Naik,51,M,A1
1314,510,Shruthi Kulkarni,40,F,A2
1315,511,Arun Hiremath,31,M,A1
1316,511,Sudeep Gowda,33,M,A2
1317,512,Vinay Kulkarni,35,M,A1
1318,512,Manjunath Rao,27,M,A2
1319,512,Rakesh Desai,28,M,A3
1320,513,Kiran Patil,25,M,A1
1321,514,Darshan Bhat,22,M,A1
1322,514,Basavaraj Sharma,21,M,A2
1323,514,Santosh Shetty,34,M,A3
1324,514,Nithin Shetty,32,M,A4
1325,515,Sudeep Singh,24,M,A1
1326,515,Prakash Hegde,35,M,A2
1327,516,Vijay Singh,28,T,A1
1328,516,Arun Reddy,47,M,A2
1329,516,Prakash Rao,22,M,A3
1330,516,Karthik Yadav,32,M,A4
1331,517,Vinay Singh,19,M,A1
1332,517,Arun Yadav,23,M,A2
1333,517,Nithin Sharma,32,M,A3
1334,518,Karthik Joshi,24,M,A1
1335,518,Puneeth Shetty,26,M,A2
1336,518,Rakesh Patil,28,M,A3
1337,519,Anusha Yadav,56,F,A1
1338,519,Anil Bhat,30,M,A2
1339,519,Arun Shetty,29,M,A3
1340,520,Shivakumar Rao,34,M,A1
1341,520,Santosh Shetty,60,M,A2
1342,520,Arun Sharma,24,M,A3
1343,520,Pradeep Sharma,27,M,A4
1344,521,Basavaraj Naik,28,M,A1
1345,522,Arun Rao,39,M,A1
1346,523,Abhishek Kumar,23,M,A1
1347,523,Suresh Hegde,30,M,A2
1348,523,Ramya Hegde,25,F,A3
1349,524,Bhagya Hegde,30,F,A1
1350,524,Anil Joshi,26,M,A2
1351,524,Shivakumar Shetty,25,M,A3
1352,525,Sudeep Rao,26,M,A1
1353,525,Prakash Reddy,33,M,A2
1354,525,Manjunath Joshi,27,M,A3
1355,526,Prakash Desai,24,M,A1
1356,526,Pradeep Yadav,30,M,A2
1357,526,Pradeep Singh,28,M,A3
1358,527,Santosh Reddy,62,M,A1
1359,527,Darshan Gowda,20,M,A2
1360,527,Basavaraj Naik,27,M,A3
1361,528,Basavaraj Yadav,25,M,A1
1362,528,Anil Hiremath,35,M,A2
1363,528,Anusha Yadav,34,F,A3
1364,529,Basavaraj Gowda,22,M,A1
1365,530,Vijay Hiremath,22,M,A1
1366,530,Puneeth Desai,30,M,A2
1367,530,Suma Joshi,32,T,A3
1368,530,Ramesh Hegde,22,M,A4
1369,531,Puneeth Gowda,25,M,A1
1370,531,Divya Yadav,24,F,A2
1371,532,Anusha Rao,36,F,A1
1372,532,Kiran Joshi,54,M,A2
1373,532,Santosh Reddy,34,M,A3
1374,532,Vinay Singh,25,M,A4
1375,533,Shivakumar Reddy,31,M,A1
1376,533,Ramesh Kumar,21,M,A2
1377,534,Ramesh Patil,28,M,A1
1378,534,Nithin Shetty,54,M,A2
1379,535,Basavaraj Kumar,26,M,A1
1380,536,Darshan Reddy,23,M,A1
1381,536,Asha Yadav,24,F,A2
1382,536,Shivakumar Shetty,32,M,A3
1383,536,Puneeth Patil,21,M,A4
1384,537,Shivakumar Kulkarni,24,M,A1
1385,538,Sangeetha Bhat,29,F,A1
1386,538,Vinay Kumar,41,M,A2
1387,539,Pradeep Desai,31,M,A1
1388,539,Darshan Kumar,34,M,A2
1389,539,Rashmi Gowda,35,F,A3
1390,539,Mahesh Rao,35,M,A4
1391,540,Puneeth Gowda,29,M,A1
1392,541,Mahesh Desai,25,M,A1
1393,541,Karthik Bhat,34,M,A2
1394,541,Ramesh Patil,50,M,A3
1395,542,Manjunath Reddy,60,M,A1
1396,542,Vinay Gowda,24,M,A2
1397,543,Meghana Kulkarni,32,F,A1
1398,543,Manjunath Gowda,25,M,A2
1399,543,Roopa Singh,33,F,A3
1400,544,Vijay Gowda,28,M,A1
1401,545,Basavaraj Joshi,29,M,A1
1402,546,Santosh Sharma,43,M,A1
1403,547,Kiran Yadav,29,M,A1
1404,547,Asha Gowda,28,F,A2
1405,547,Shivakumar Bhat,34,M,A3
1406,548,Bhagya Shetty,34,F,A1
1407,549,Darshan Rao,46,M,A1
1408,549,Sahana Naik,34,F,A2
1409,549,Manjunath Rao,20,M,A3
1410,549,Vijay Hegde,22,M,A4
1411,550,Puneeth Yadav,24,M,A1
1412,550,Vinay Sharma,21,M,A2
1413,550,Abhishek Reddy,22,M,A3
1414,550,Mahesh Yadav,27,M,A4
1415,551,Santosh Yadav,36,M,A1
1416,551,Arun Naik,57,M,A2
1417,552,Manjunath Naik,32,M,A1
1418,552,Santosh Patil,26,M,A2
1419,552,Darshan Singh,22,M,A3
1420,552,Suresh Shetty,26,M,A4
1421,553,Pradeep Gowda,27,M,A1
1422,554,Pradeep Hegde,26,M,A1
1423,554,Vinay Yadav,22,M,A2
1424,555,Prakash Reddy,38,M,A1
1425,555,Geetha Joshi,27,F,A2
1426,555,Santosh Singh,32,M,A3
1427,556,Suresh Yadav,21,M,A1
1428,557,Nithin Sharma,20,M,A1
1429,557,Anil Bhat,28,M,A2
1430,557,Nithin Hiremath,28,M,A3
1431,558,Anil Hegde,30,M,A1
1432,559,Ramesh Gowda,33,M,A1
1433,559,Puneeth Bhat,34,M,A2
1434,559,Meghana Kulkarni,30,F,A3
1435,560,Suresh Rao,31,M,A1
1436,560,Manjunath Joshi,33,M,A2
1437,560,Suma Shetty,23,F,A3
1438,560,Prakash Joshi,35,M,A4
1439,561,Abhishek Hegde,41,M,A1
1440,561,Arun Patil,33,T,A2
1441,561,Anil Singh,24,M,A3
1442,562,Suresh Singh,32,M,A1
1443,562,Anil Rao,20,M,A2
1444,562,Arun Hiremath,22,M,A3
1445,562,Manjunath Patil,22,M,A4
1446,563,Shilpa Shetty,43,F,A1
1447,564,Santosh Kumar,23,M,A1
1448,564,Nithin Bhat,30,M,A2
1449,564,Sangeetha Naik,23,F,A3
1450,565,Darshan Patil,30,M,A1
1451,565,Vijay Reddy,34,M,A2
1452,565,Abhishek Patil,64,M,A3
1453,565,Nithin Joshi,24,M,A4
1454,566,Ramya Kumar,51,F,A1
1455,566,Bhagya Kumar,23,F,A2
1456,566,Puneeth Naik,20,M,A3
1457,566,Pradeep Hiremath,25,M,A4
1458,567,Basavaraj Shetty,21,M,A1
1459,567,Arun Bhat,29,M,A2
1460,567,Basavaraj Reddy,26,T,A3
1461,568,Manjunath Hiremath,37,M,A1
1462,568,Abhishek Kulkarni,34,M,A2
1463,568,Santosh Joshi,48,M,A3
1464,568,Mahesh Kumar,26,M,A4
1465,569,Manjunath Desai,45,M,A1
1466,569,Suresh Singh,19,M,A2
1467,569,Manjunath Shetty,31,M,A3
1468,569,Sahana Rao,29,F,A4
1469,570,Vijay Singh,22,M,A1
1470,570,Anil Hiremath,22,M,A2
1471,570,Basavaraj Bhat,32,M,A3
1472,571,Sunil Desai,24,M,A1
1473,571,Shivakumar Kulkarni,21,M,A2
1474,571,Darshan Gowda,27,M,A3
1475,571,Meghana Gowda,19,F,A4
1476,572,Prakash Rao,28,M,A1
1477,573,Shivakumar Shetty,33,M,A1
1478,573,Roopa Naik,46,F,A2
1479,573,Sudeep Patil,22,M,A3
1480,573,Shivakumar Gowda,35,M,A4
1481,574,Darshan Joshi,35,M,A1
1482,574,Suresh Bhat,30,M,A2
1483,575,Anil Kumar,64,M,A1
1484,575,Abhishek Hegde,27,M,A2
1485,576,Santosh Hiremath,52,T,A1
1486,576,Rakesh Singh,63,M,A2
1487,577,Ramesh Sharma,29,M,A1
1488,577,Santosh Reddy,24,M,A2
1489,577,Anusha Hiremath,20,T,A3
1490,578,Abhishek Hegde,35,M,A1
1491,578,Puneeth Gowda,60,M,A2
1492,578,Kiran Desai,21,M,A3
1493,578,Anusha Rao,29,F,A4
1494,579,Sudeep Bhat,21,M,A1
1495,579,Vinay Desai,27,M,A2
1496,579,Ramesh Gowda,36,M,A3
1497,579,Anil Gowda,23,M,A4
1498,580,Karthik Naik,39,M,A1
1499,581,Bhagya Patil,32,F,A1
1500,581,Ramesh Naik,50,M,A2
1501,581,Sudeep Kumar,29,M,A3
1502,581,Mahesh Naik,32,M,A4
1503,582,Puneeth Bhat,27,M,A1
1504,582,Pooja Gowda,20,F,A2
1505,582,Pradeep Patil,20,M,A3
1506,583,Puneeth Shetty,33,M,A1
1507,583,Abhishek Naik,25,M,A2
1508,583,Rashmi Singh,25,F,A3
1509,583,Rakesh Gowda,24,M,A4
1510,584,Shilpa Rao,23,F,A1
1511,584,Shruthi Desai,33,F,A2
1512,585,Vijay Rao,24,M,A1
1513,585,Ramesh Hegde,48,M,A2
1514,585,Santosh Kumar,32,M,A3
1515,586,Basavaraj Naik,24,M,A1
1516,586,Sunil Sharma,59,M,A2
1517,587,Ramesh Joshi,62,M,A1
1518,587,Rashmi Singh,24,F,A2
1519,588,Santosh Naik,22,M,A1
1520,588,Santosh Shetty,22,M,A2
1521,588,Santosh Patil,28,M,A3
1522,589,Asha Patil,32,F,A1
1523,589,Prakash Hiremath,21,M,A2
1524,589,Sunil Kulkarni,34,M,A3
1525,589,Sudeep Kulkarni,26,M,A4
1526,590,Sangeetha Hegde,24,F,A1
1527,590,Prakash Patil,35,M,A2
1528,590,Shivakumar Reddy,44,M,A3
1529,590,Anil Shetty,32,M,A4
1530,591,Suresh Desai,51,M,A1
1531,592,Mahesh Sharma,35,M,A1
1532,592,Sahana Hiremath,22,F,A2
1533,593,Geetha Hiremath,34,F,A1
1534,593,Anusha Gowda,28,F,A2
1535,594,Suma Reddy,30,F,A1
1536,594,Ramesh Singh,27,M,A2
1537,595,Shivakumar Joshi,29,M,A1
1538,595,Asha Joshi,35,F,A2
1539,595,Basavaraj Rao,61,M,A3
1540,596,Kiran Yadav,34,M,A1
1541,596,Ramesh Desai,27,M,A2
1542,597,Ramesh Patil,24,M,A1
1543,597,Darshan Shetty,30,M,A2
1544,597,Sudeep Reddy,29,M,A3
1545,598,Darshan Hiremath,20,M,A1
1546,598,Basavaraj Sharma,40,M,A2
1547,599,Puneeth Gowda,35,M,A1
1548,599,Abhishek Desai,27,M,A2
1549,600,Ramesh Reddy,23,M,A1
1550,600,Basavaraj Naik,53,M,A2
1551,601,Prakash Gowda,29,M,A1
1552,601,Arun Bhat,60,M,A2
1553,602,Vijay Joshi,27,M,A1
1554,603,Abhishek Joshi,27,M,A1
1555,603,Puneeth Hiremath,29,M,A2
1556,604,Shivakumar Hegde,28,M,A1
1557,605,Puneeth Patil,20,M,A1
1558,605,Puneeth Yadav,60,M,A2
1559,605,Nithin Joshi,48,M,A3
1560,605,Darshan Shetty,22,M,A4
1561,606,Vijay Sharma,25,M,A1
1562,606,Shivakumar Gowda,30,M,A2
1563,606,Bhagya Sharma,33,F,A3
1564,606,Sudeep Kulkarni,22,M,A4
1565,607,Manjunath Bhat,34,M,A1
1566,607,Shivakumar Yadav,29,M,A2
1567,607,Anil Shetty,26,M,A3
1568,608,Santosh Rao,46,M,A1
1569,608,Roopa Bhat,32,F,A2
1570,608,Mahesh Singh,29,M,A3
1571,608,Prakash Rao,26,M,A4
1572,609,Suresh Kulkarni,32,M,A1
1573,609,Abhishek Naik,34,M,A2
1574,610,Sudeep Joshi,25,M,A1
1575,610,Vinay Singh,25,M,A2
1576,610,Ramesh Sharma,31,M,A3
1577,610,Pradeep Desai,24,M,A4
1578,611,Ramesh Gowda,31,M,A1
1579,611,Sudeep Singh,32,M,A2
1580,612,Nithin Hiremath,22,M,A1
1581,612,Mahesh Patil,36,M,A2
1582,612,Pradeep Rao,65,M,A3
1583,613,Vinay Yadav,32,M,A1
1584,614,Sudeep Hegde,27,M,A1
1585,614,Mahesh Patil,28,M,A2
1586,614,Rakesh Hegde,28,M,A3
1587,615,Sudeep Gowda,27,M,A1
1588,615,Rakesh Shetty,25,M,A2
1589,615,Rakesh Desai,18,M,A3
1590,615,Vijay Desai,38,M,A4
1591,616,Manjunath Kumar,24,M,A1
1592,616,Rakesh Shetty,55,M,A2
1593,616,Manjunath Shetty,25,M,A3
1594,617,Meghana Sharma,28,F,A1
1595,617,Santosh Rao,21,M,A2
1596,617,Abhishek Singh,35,M,A3
1597,617,Suresh Rao,21,M,A4
1598,618,Prakash Singh,20,M,A1
1599,619,Basavaraj Naik,31,M,A1
1600,619,Bhagya Joshi,25,T,A2
1601,619,Karthik Sharma,25,M,A3
1602,619,Nithin Joshi,34,M,A4
1603,620,Sudeep Gowda,26,M,A1
1604,620,Anil Singh,19,M,A2
1605,620,Vijay Hegde,34,M,A3
1606,620,Vinay Sharma,34,M,A4
1607,621,Puneeth Hegde,28,M,A1
1608,621,Meghana Hegde,28,F,A2
1609,621,Manjunath Yadav,32,M,A3
1610,621,Santosh Bhat,31,M,A4
1611,622,Kavya Yadav,30,F,A1
1612,622,Manjunath Hegde,26,M,A2
1613,622,Arun Patil,27,M,A3
1614,623,Vinay Reddy,28,M,A1
1615,623,Anil Kulkarni,61,M,A2
1616,623,Prakash Hiremath,30,M,A3
1617,623,Meghana Singh,35,F,A4
1618,624,Pradeep Bhat,25,M,A1
1619,624,Pradeep Bhat,26,M,A2
1620,624,Suresh Patil,28,M,A3
1621,625,Abhishek Yadav,20,M,A1
1622,626,Mahesh Rao,57,M,A1
1623,626,Santosh Patil,32,M,A2
1624,627,Geetha Rao,23,F,A1
1625,628,Shivakumar Naik,25,M,A1
1626,628,Suresh Sharma,20,M,A2
1627,629,Darshan Singh,33,M,A1
1628,629,Shilpa Desai,44,F,A2
1629,629,Abhishek Kulkarni,35,M,A3
1630,630,Karthik Bhat,26,M,A1
1631,630,Vinay Rao,27,M,A2
1632,631,Sunil Desai,29,M,A1
1633,631,Prakash Kumar,50,M,A2
1634,631,Rakesh Naik,34,M,A3
1635,631,Sudeep Hiremath,52,M,A4
1636,632,Ramesh Gowda,29,M,A1
1637,632,Mahesh Reddy,18,M,A2
1638,632,Arun Kumar,20,M,A3
1639,632,Arun Naik,35,M,A4
1640,633,Nithin Reddy,31,M,A1
1641,633,Mahesh Hiremath,28,M,A2
1642,633,Rakesh Kulkarni,21,M,A3
1643,634,Ramesh Hiremath,30,M,A1
1644,634,Nithin Desai,21,M,A2
1645,634,Darshan Reddy,31,M,A3
1646,635,Kiran Desai,33,M,A1
1647,635,Abhishek Naik,35,M,A2
1648,635,Rekha Hegde,31,F,A3
1649,636,Darshan Singh,33,M,A1
1650,636,Arun Naik,30,M,A2
1651,636,Kiran Rao,29,M,A3
1652,636,Darshan Hegde,23,M,A4
1653,637,Rekha Reddy,47,F,A1
1654,637,Vinay Singh,29,M,A2
1655,638,Puneeth Shetty,25,M,A1
1656,639,Vijay Patil,23,M,A1
1657,639,Sudeep Kulkarni,32,M,A2
1658,640,Vinay Gowda,23,M,A1
1659,640,Kiran Sharma,20,M,A2
1660,640,Shivakumar Hegde,22,M,A3
1661,641,Prakash Reddy,21,M,A1
1662,641,Vinay Singh,56,M,A2
1663,641,Basavaraj Shetty,37,M,A3
1664,642,Basavaraj Gowda,30,M,A1
1665,643,Vinay Patil,24,M,A1
1666,643,Pradeep Kumar,31,M,A2
1667,644,Vinay Shetty,24,M,A1
1668,645,Sudeep Hiremath,30,M,A1
1669,645,Prakash Sharma,32,M,A2
1670,646,Ramesh Gowda,30,M,A1
1671,646,Ramya Shetty,29,T,A2
1672,647,Kavya Bhat,33,F,A1
1673,647,Manjunath Rao,33,M,A2
1674,647,Pradeep Gowda,27,M,A3
1675,648,Anil Yadav,20,M,A1
1676,648,Kavya Kumar,20,F,A2
1677,648,Manjunath Joshi,33,T,A3
1678,649,Manjunath Yadav,21,M,A1
1679,649,Shivakumar Gowda,25,M,A2
1680,650,Shilpa Reddy,35,F,A1
1681,650,Ramesh Kumar,26,M,A2
1682,650,Suresh Sharma,35,M,A3
1683,650,Prakash Naik,31,M,A4
1684,651,Puneeth Patil,22,M,A1
1685,651,Abhishek Shetty,31,M,A2
1686,652,Santosh Kulkarni,24,M,A1
1687,653,Sudeep Rao,22,M,A1
1688,653,Darshan Rao,28,M,A2
1689,653,Shivakumar Kumar,23,M,A3
1690,654,Arun Hiremath,25,M,A1
1691,654,Kavya Patil,27,F,A2
1692,655,Vinay Gowda,34,M,A1
1693,656,Vinay Patil,48,M,A1
1694,657,Darshan Sharma,47,T,A1
1695,657,Ramesh Bhat,37,M,A2
1696,658,Vijay Rao,20,M,A1
1697,658,Basavaraj Desai,27,M,A2
1698,658,Suresh Singh,29,M,A3
1699,659,Santosh Yadav,33,M,A1
1700,659,Sahana Yadav,34,F,A2
1701,659,Manjunath Joshi,28,M,A3
1702,659,Sunil Rao,29,M,A4
1703,660,Ramesh Hiremath,26,M,A1
1704,660,Rashmi Kumar,32,F,A2
1705,661,Vijay Bhat,40,M,A1
1706,662,Prakash Shetty,23,M,A1
1707,663,Nithin Gowda,30,M,A1
1708,663,Puneeth Yadav,28,T,A2
1709,663,Manjunath Joshi,27,M,A3
1710,663,Anusha Singh,23,F,A4
1711,664,Pradeep Yadav,30,M,A1
1712,664,Santosh Joshi,28,M,A2
1713,665,Santosh Kulkarni,27,M,A1
1714,665,Ramesh Desai,22,M,A2
1715,666,Darshan Hegde,23,M,A1
1716,667,Sunil Rao,52,M,A1
1717,667,Darshan Singh,22,M,A2
1718,667,Puneeth Kumar,26,M,A3
1719,667,Ramya Shetty,24,T,A4
1720,668,Anil Rao,46,M,A1
1721,668,Basavaraj Kulkarni,20,M,A2
1722,668,Abhishek Gowda,26,M,A3
1723,669,Mahesh Hiremath,26,M,A1
1724,669,Santosh Singh,44,M,A2
1725,669,Sunil Kulkarni,22,M,A3
1726,669,Basavaraj Kumar,21,M,A4
1727,670,Geetha Bhat,27,F,A1
1728,670,Pradeep Joshi,31,M,A2
1729,670,Puneeth Gowda,60,M,A3
1730,671,Ramya Shetty,28,F,A1
1731,671,Manjunath Hiremath,20,M,A2
1732,671,Karthik Patil,25,M,A3
1733,672,Basavaraj Hiremath,21,M,A1
1734,672,Sudeep Reddy,21,M,A2
1735,673,Karthik Singh,53,M,A1
1736,674,Shilpa Shetty,34,F,A1
1737,674,Puneeth Reddy,25,M,A2
1738,674,Rakesh Gowda,34,M,A3
1739,675,Sudeep Sharma,27,M,A1
1740,675,Bhagya Reddy,18,F,A2
1741,675,Manjunath Desai,47,M,A3
1742,675,Manjunath Rao,29,M,A4
1743,676,Shivakumar Hiremath,34,M,A1
1744,677,Pradeep Kulkarni,42,M,A1
1745,678,Rashmi Kulkarni,29,F,A1
1746,679,Abhishek Hegde,22,M,A1
1747,679,Karthik Joshi,44,M,A2
1748,679,Rekha Yadav,25,T,A3
1749,680,Sunil Bhat,21,M,A1
1750,680,Rakesh Rao,32,M,A2
1751,680,Mahesh Bhat,21,M,A3
1752,680,Mahesh Joshi,34,M,A4
1753,681,Roopa Gowda,46,T,A1
1754,681,Anil Hegde,60,M,A2
1755,681,Vinay Rao,32,M,A3
1756,681,Darshan Singh,29,M,A4
1757,682,Divya Hegde,32,F,A1
1758,682,Mahesh Bhat,33,M,A2
1759,682,Santosh Patil,20,M,A3
1760,682,Prakash Hiremath,27,M,A4
1761,683,Suresh Hegde,34,M,A1
1762,683,Manjunath Hegde,30,M,A2
1763,684,Sudeep Hiremath,26,M,A1
1764,684,Ramesh Rao,24,M,A2
1765,684,Suresh Singh,59,M,A3
1766,685,Mahesh Rao,45,M,A1
1767,685,Vinay Rao,25,M,A2
1768,685,Asha Gowda,28,T,A3
1769,685,Vijay Shetty,20,M,A4
1770,686,Rekha Kumar,33,F,A1
1771,686,Sunil Hiremath,23,M,A2
1772,686,Vinay Joshi,45,M,A3
1773,687,Santosh Hegde,27,M,A1
1774,687,Rakesh Rao,49,M,A2
1775,688,Rakesh Hiremath,25,M,A1
1776,688,Basavaraj Kulkarni,26,M,A2
1777,689,Mahesh Kulkarni,33,M,A1
1778,690,Anusha Hegde,21,F,A1
1779,691,Puneeth Yadav,20,M,A1
1780,691,Arun Naik,28,M,A2
1781,691,Vinay Patil,30,M,A3
1782,692,Sudeep Bhat,34,T,A1
1783,692,Vijay Desai,32,M,A2
1784,692,Sunil Sharma,32,M,A3
1785,692,Darshan Gowda,45,M,A4
1786,693,Karthik Shetty,27,M,A1
1787,693,Kiran Reddy,24,M,A2
1788,694,Santosh Bhat,28,M,A1
1789,694,Suresh Naik,34,M,A2
1790,694,Arun Reddy,20,M,A3
1791,694,Vijay Patil,32,M,A4
1792,695,Prakash Desai,51,M,A1
1793,696,Sunil Naik,24,M,A1
1794,696,Shivakumar Rao,26,M,A2
1795,697,Vinay Joshi,59,M,A1
1796,697,Sudeep Joshi,60,M,A2
1797,697,Sunil Shetty,25,M,A3
1798,697,Santosh Yadav,34,M,A4
1799,698,Manjunath Naik,21,M,A1
1800,698,Abhishek Naik,26,M,A2
1801,698,Puneeth Kulkarni,23,M,A3
1802,698,Nithin Gowda,33,M,A4
1803,699,Pradeep Bhat,26,M,A1
1804,699,Mahesh Gowda,30,M,A2
1805,699,Sunil Yadav,33,M,A3
1806,699,Shilpa Kumar,30,F,A4
1807,700,Puneeth Singh,32,M,A1
1808,701,Karthik Yadav,32,M,A1
1809,701,Santosh Kumar,25,M,A2
1810,701,Arun Naik,28,M,A3
1811,701,Vijay Rao,31,M,A4
1812,702,Sunil Singh,33,M,A1
1813,702,Basavaraj Gowda,18,M,A2
1814,703,Anil Sharma,58,M,A1
1815,704,Roopa Yadav,33,F,A1
1816,704,Nithin Naik,22,M,A2
1817,704,Suresh Desai,65,M,A3
1818,704,Ramesh Bhat,25,M,A4
1819,705,Manjunath Hiremath,34,M,A1
1820,705,Nithin Sharma,25,M,A2
1821,705,Puneeth Yadav,35,M,A3
1822,705,Suresh Gowda,46,M,A4
1823,706,Kiran Hegde,60,M,A1
1824,706,Darshan Reddy,21,M,A2
1825,706,Suma Shetty,32,F,A3
1826,706,Pradeep Hiremath,21,M,A4
1827,707,Kiran Kumar,32,M,A1
1828,707,Manjunath Yadav,37,M,A2
1829,707,Vinay Kulkarni,26,M,A3
1830,707,Shivakumar Naik,23,M,A4
1831,708,Santosh Rao,35,M,A1
1832,708,Swathi Naik,62,F,A2
1833,708,Pooja Singh,25,F,A3
1834,708,Manjunath Hiremath,28,M,A4
1835,709,Ramesh Bhat,29,M,A1
1836,709,Divya Gowda,21,F,A2
1837,709,Pooja Singh,24,F,A3
1838,709,Pradeep Rao,29,M,A4
1839,710,Vinay Reddy,42,M,A1
1840,711,Basavaraj Rao,44,M,A1
1841,711,Swathi Joshi,30,F,A2
1842,712,Arun Joshi,32,M,A1
1843,712,Kavya Naik,34,F,A2
1844,712,Ramesh Reddy,25,M,A3
1845,712,Anil Patil,27,M,A4
1846,713,Mahesh Joshi,43,M,A1
1847,713,Sunil Naik,32,T,A2
1848,713,Santosh Yadav,22,M,A3
1849,713,Vinay Sharma,60,M,A4
1850,714,Darshan Naik,52,M,A1
1851,714,Suma Rao,31,F,A2
1852,715,Anil Reddy,25,M,A1
1853,715,Swathi Naik,26,F,A2
1854,715,Santosh Shetty,24,M,A3
1855,716,Vinay Shetty,23,M,A1
1856,717,Basavaraj Hegde,42,M,A1
1857,718,Karthik Joshi,32,M,A1
1858,718,Bhagya Patil,31,F,A2
1859,718,Manjunath Shetty,31,M,A3
1860,718,Asha Yadav,33,F,A4
1861,719,Ramesh Sharma,26,M,A1
1862,719,Mahesh Patil,22,M,A2
1863,719,Puneeth Patil,30,M,A3
1864,720,Bhagya Patil,22,F,A1
1865,720,Darshan Naik,22,M,A2
1866,720,Meghana Yadav,22,F,A3
1867,720,Arun Desai,27,M,A4
1868,721,Nithin Desai,23,M,A1
1869,721,Vijay Sharma,29,M,A2
1870,721,Suresh Singh,52,M,A3
1871,722,Puneeth Patil,31,M,A1
1872,722,Nithin Joshi,20,M,A2
1873,723,Sunil Gowda,21,M,A1
1874,723,Vijay Patil,35,M,A2
1875,724,Rashmi Hiremath,23,F,A1
1876,725,Puneeth Bhat,27,M,A1
1877,725,Manjunath Sharma,28,M,A2
1878,725,Vijay Patil,61,M,A3
1879,725,Basavaraj Kumar,22,M,A4
1880,726,Manjunath Bhat,22,M,A1
1881,726,Darshan Desai,34,M,A2
1882,726,Sangeetha Reddy,23,F,A3
1883,726,Ramesh Hiremath,32,M,A4
1884,727,Pradeep Hegde,30,M,A1
1885,728,Arun Yadav,34,M,A1
1886,728,Vijay Kulkarni,28,M,A2
1887,728,Meghana Bhat,29,T,A3
1888,728,Rekha Kulkarni,32,F,A4
1889,729,Ramesh Hegde,32,M,A1
1890,729,Manjunath Reddy,28,T,A2
1891,730,Darshan Kumar,22,M,A1
1892,730,Suresh Desai,61,M,A2
1893,730,Puneeth Naik,32,M,A3
1894,730,Suresh Yadav,23,M,A4
1895,731,Sunil Desai,30,M,A1
1896,731,Anusha Patil,34,T,A2
1897,731,Pooja Hiremath,29,F,A3
1898,732,Vijay Shetty,27,M,A1
1899,732,Karthik Rao,31,M,A2
1900,733,Darshan Hegde,25,M,A1
1901,734,Abhishek Rao,23,M,A1
1902,734,Darshan Yadav,27,T,A2
1903,734,Sunil Kulkarni,29,M,A3
1904,735,Sangeetha Yadav,22,F,A1
1905,735,Shilpa Gowda,32,F,A2
1906,735,Pradeep Bhat,33,T,A3
1907,735,Darshan Bhat,34,M,A4
1908,736,Nithin Patil,30,M,A1
1909,736,Anil Bhat,22,M,A2
1910,737,Sudeep Hiremath,21,M,A1
1911,737,Prakash Desai,32,M,A2
1912,738,Suresh Joshi,33,M,A1
1913,738,Kiran Hegde,29,M,A2
1914,738,Sudeep Bhat,45,M,A3
1915,739,Kiran Naik,20,M,A1
1916,739,Rakesh Yadav,28,M,A2
1917,739,Vinay Kulkarni,37,M,A3
1918,740,Rakesh Sharma,29,M,A1
1919,740,Nithin Shetty,30,M,A2
1920,741,Asha Bhat,23,F,A1
1921,741,Vinay Bhat,32,M,A2
1922,742,Vijay Desai,25,M,A1
1923,742,Manjunath Gowda,34,M,A2
1924,742,Pradeep Bhat,21,M,A3
1925,743,Sudeep Kumar,33,M,A1
1926,744,Santosh Kulkarni,35,M,A1
1927,744,Basavaraj Yadav,21,M,A2
1928,745,Darshan Joshi,31,M,A1
1929,745,Manjunath Kulkarni,21,M,A2
1930,745,Nithin Sharma,20,M,A3
1931,745,Basavaraj Naik,20,M,A4
1932,746,Manjunath Singh,29,M,A1
1933,746,Vinay Singh,35,M,A2
1934,746,Mahesh Desai,25,M,A3
1935,747,Shruthi Desai,42,F,A1
1936,747,Puneeth Singh,35,M,A2
1937,748,Anil Bhat,41,M,A1
1938,749,Anusha Sharma,21,F,A1
1939,750,Meghana Hegde,22,T,A1
1940,750,Vijay Hegde,22,M,A2
1941,750,Bhagya Patil,65,F,A3
1942,751,Pooja Rao,26,T,A1
1943,751,Rakesh Yadav,20,M,A2
1944,751,Meghana Hiremath,27,F,A3
1945,752,Manjunath Sharma,32,M,A1
1946,753,Pradeep Kulkarni,34,M,A1
1947,753,Kiran Patil,30,M,A2
1948,753,Prakash Naik,30,M,A3
1949,754,Prakash Sharma,27,M,A1
1950,755,Kiran Hiremath,52,M,A1
1951,755,Vinay Singh,46,M,A2
1952,755,Darshan Naik,29,M,A3
1953,755,Mahesh Yadav,28,M,A4
1954,756,Prakash Kumar,40,M,A1
1955,756,Rakesh Rao,24,M,A2
1956,756,Prakash Hiremath,65,M,A3
1957,757,Suresh Desai,28,M,A1
1958,757,Nithin Gowda,31,M,A2
1959,757,Vijay Joshi,23,M,A3
1960,757,Mahesh Kulkarni,35,M,A4
1961,758,Anil Joshi,32,M,A1
1962,758,Vinay Joshi,31,M,A2
1963,758,Anil Gowda,26,M,A3
1964,759,Karthik Hiremath,44,M,A1
1965,759,Darshan Hegde,33,M,A2
1966,760,Meghana Desai,20,F,A1
1967,760,Pooja Hegde,29,F,A2
1968,760,Sunil Kulkarni,25,M,A3
1969,760,Mahesh Shetty,32,M,A4
1970,761,Santosh Hegde,25,M,A1
1971,761,Rakesh Hiremath,34,M,A2
1972,761,Ramesh Gowda,30,M,A3
1973,762,Arun Naik,29,M,A1
1974,762,Abhishek Shetty,31,M,A2
1975,762,Suresh Desai,29,M,A3
1976,762,Mahesh Shetty,34,M,A4
1977,763,Arun Sharma,23,M,A1
1978,763,Kiran Shetty,34,M,A2
1979,763,Pradeep Rao,20,M,A3
1980,764,Vinay Kumar,22,M,A1
1981,765,Anil Reddy,24,M,A1
1982,765,Suma Naik,21,T,A2
1983,765,Suresh Joshi,24,M,A3
1984,766,Vinay Bhat,25,M,A1
1985,767,Abhishek Reddy,25,M,A1
1986,767,Karthik Kumar,28,M,A2
1987,768,Pradeep Kumar,21,M,A1
1988,768,Mahesh Naik,34,M,A2
1989,769,Ramya Desai,58,F,A1
1990,769,Pradeep Yadav,28,M,A2
1991,769,Rakesh Naik,31,T,A3
1992,770,Pradeep Bhat,54,M,A1
1993,770,Abhishek Bhat,32,M,A2
1994,771,Pradeep Naik,20,M,A1
1995,771,Arun Bhat,35,M,A2
1996,771,Santosh Shetty,31,M,A3
1997,771,Prakash Shetty,26,M,A4
1998,772,Sudeep Reddy,23,M,A1
1999,772,Sudeep Kulkarni,46,M,A2
2000,773,Vinay Kulkarni,32,M,A1
2001,774,Shilpa Rao,20,F,A1
2002,775,Vijay Yadav,60,M,A1
2003,775,Swathi Reddy,28,F,A2
2004,776,Meghana Shetty,21,T,A1
2005,777,Sangeetha Kulkarni,24,F,A1
2006,777,Sudeep Shetty,35,M,A2
2007,778,Darshan Kulkarni,60,M,A1
2008,778,Prakash Shetty,23,M,A2
2009,778,Basavaraj Kulkarni,35,M,A3
2010,779,Kiran Naik,23,T,A1
2011,780,Kiran Rao,29,M,A1
2012,780,Anil Shetty,31,M,A2
2013,780,Suresh Singh,28,M,A3
2014,780,Roopa Yadav,29,F,A4
2015,781,Darshan Desai,20,M,A1
2016,782,Prakash Singh,24,M,A1
2017,782,Basavaraj Yadav,21,M,A2
2018,783,Vijay Hegde,51,M,A1
2019,783,Meghana Kulkarni,28,T,A2
2020,784,Kiran Kumar,34,M,A1
2021,784,Basavaraj Bhat,18,M,A2
2022,785,Anil Hegde,22,M,A1
2023,786,Vijay Gowda,27,M,A1
2024,787,Kiran Desai,41,M,A1
2025,788,Abhishek Naik,28,M,A1
2026,789,Prakash Joshi,32,M,A1
2027,789,Santosh Hiremath,29,M,A2
2028,790,Sunil Shetty,24,M,A1
2029,790,Kiran Naik,43,M,A2
2030,790,Kiran Hegde,20,M,A3
2031,791,Pooja Hegde,24,F,A1
2032,791,Sunil Gowda,26,M,A2
2033,791,Santosh Shetty,23,M,A3
2034,792,Sudeep Sharma,18,M,A1
2035,792,Shruthi Patil,25,T,A2
2036,793,Abhishek Kumar,27,M,A1
2037,794,Mahesh Kulkarni,34,M,A1
2038,794,Darshan Naik,31,M,A2
2039,794,Sunil Naik,32,T,A3
2040,794,Arun Shetty,32,M,A4
2041,795,Pradeep Hegde,25,M,A1
2042,795,Pradeep Shetty,25,M,A2
2043,795,Basavaraj Hegde,21,M,A3
2044,795,Santosh Patil,27,M,A4
2045,796,Vijay Reddy,24,M,A1
2046,796,Basavaraj Kulkarni,31,M,A2
2047,797,Darshan Joshi,32,M,A1
2048,797,Vijay Joshi,26,M,A2
2049,798,Abhishek Desai,24,M,A1
2050,798,Basavaraj Desai,27,T,A2
2051,798,Shivakumar Hiremath,32,M,A3
2052,798,Prakash Singh,33,T,A4
2053,799,Karthik Hiremath,48,M,A1
2054,799,Rashmi Hegde,30,T,A2
2055,799,Shivakumar Patil,26,M,A3
2056,800,Shivakumar Desai,29,M,A1
2057,800,Vijay Singh,20,M,A2
2058,801,Shivakumar Bhat,30,M,A1
2059,801,Darshan Patil,62,M,A2
2060,802,Prakash Kulkarni,28,M,A1
2061,803,Arun Hiremath,22,M,A1
2062,804,Suresh Kumar,20,M,A1
2063,804,Rekha Hiremath,31,F,A2
2064,805,Basavaraj Reddy,26,M,A1
2065,805,Mahesh Patil,20,M,A2
2066,806,Kavya Bhat,60,F,A1
2067,807,Pradeep Reddy,35,M,A1
2068,807,Mahesh Kumar,25,M,A2
2069,807,Ramesh Hegde,39,M,A3
2070,807,Mahesh Kumar,22,M,A4
2071,808,Shivakumar Hegde,28,M,A1
2072,808,Vijay Kumar,26,M,A2
2073,808,Prakash Rao,23,M,A3
2074,808,Rakesh Rao,32,M,A4
2075,809,Nithin Bhat,30,M,A1
2076,809,Manjunath Sharma,20,M,A2
2077,810,Rakesh Shetty,21,M,A1
2078,811,Rakesh Sharma,33,M,A1
2079,811,Vinay Sharma,31,M,A2
2080,811,Nithin Hiremath,44,M,A3
2081,811,Shivakumar Hiremath,27,M,A4
2082,812,Rakesh Kumar,29,M,A1
2083,812,Suresh Joshi,20,M,A2
2084,812,Anil Sharma,33,M,A3
2085,812,Vijay Reddy,30,M,A4
2086,813,Shivakumar Joshi,39,M,A1
2087,813,Divya Naik,26,F,A2
2088,813,Ramya Reddy,32,F,A3
2089,814,Darshan Kulkarni,30,M,A1
2090,814,Ramya Sharma,29,F,A2
2091,814,Roopa Kulkarni,28,F,A3
2092,814,Shivakumar Bhat,32,M,A4
2093,815,Geetha Kumar,23,F,A1
2094,815,Ramesh Patil,27,M,A2
2095,815,Karthik Gowda,37,M,A3
2096,815,Ramesh Rao,27,M,A4
2097,816,Pradeep Hiremath,20,M,A1
2098,816,Darshan Bhat,33,M,A2
2099,816,Vinay Kulkarni,62,M,A3
2100,816,Manjunath Desai,32,M,A4
2101,817,Rakesh Kulkarni,24,M,A1
2102,817,Santosh Bhat,27,T,A2
2103,817,Mahesh Gowda,24,M,A3
2104,817,Vijay Reddy,35,M,A4
2105,818,Pradeep Yadav,20,M,A1
2106,818,Rakesh Hiremath,32,M,A2
2107,819,Vijay Hiremath,26,M,A1
2108,819,Arun Gowda,22,M,A2
2109,819,Rekha Reddy,24,F,A3
2110,819,Kiran Sharma,26,M,A4
2111,820,Basavaraj Rao,34,M,A1
2112,820,Roopa Singh,58,F,A2
2113,821,Basavaraj Patil,25,M,A1
2114,822,Vijay Rao,32,M,A1
2115,822,Nithin Yadav,34,M,A2
2116,823,Arun Sharma,41,M,A1
2117,823,Mahesh Naik,22,M,A2
2118,823,Arun Yadav,26,M,A3
2119,823,Sahana Kumar,53,F,A4
2120,824,Basavaraj Yadav,57,M,A1
2121,824,Basavaraj Joshi,33,M,A2
2122,824,Arun Patil,29,M,A3
2123,825,Rakesh Naik,49,M,A1
2124,825,Vinay Hegde,31,M,A2
2125,826,Suresh Bhat,56,M,A1
2126,827,Sunil Rao,25,M,A1
2127,827,Darshan Yadav,42,M,A2
2128,828,Suresh Joshi,33,M,A1
2129,828,Basavaraj Shetty,30,M,A2
2130,828,Anil Desai,38,M,A3
2131,829,Puneeth Yadav,23,M,A1
2132,829,Prakash Joshi,34,M,A2
2133,829,Santosh Patil,27,M,A3
2134,830,Ramesh Kulkarni,30,M,A1
2135,831,Mahesh Naik,31,M,A1
2136,831,Arun Rao,33,M,A2
2137,831,Vijay Desai,46,M,A3
2138,832,Ramesh Rao,35,M,A1
2139,832,Karthik Hegde,24,M,A2
2140,833,Puneeth Reddy,27,M,A1
2141,833,Sangeetha Singh,34,F,A2
2142,833,Manjunath Desai,34,M,A3
2143,833,Anil Desai,65,M,A4
2144,834,Anil Desai,28,M,A1
2145,835,Prakash Reddy,27,M,A1
2146,835,Rakesh Rao,30,M,A2
2147,836,Mahesh Naik,26,M,A1
2148,836,Shivakumar Hiremath,33,M,A2
2149,837,Prakash Kulkarni,33,M,A1
2150,837,Manjunath Desai,28,M,A2
2151,837,Ramesh Sharma,47,M,A3
2152,837,Arun Desai,19,M,A4
2153,838,Kiran Hiremath,56,M,A1
2154,838,Suresh Naik,23,M,A2
2155,838,Prakash Yadav,45,M,A3
2156,838,Karthik Bhat,42,M,A4
2157,839,Nithin Rao,26,M,A1
2158,839,Shivakumar Reddy,34,M,A2
2159,839,Anil Rao,23,M,A3
2160,840,Pooja Sharma,31,T,A1
2161,840,Abhishek Gowda,27,M,A2
2162,840,Basavaraj Naik,27,M,A3
2163,841,Sunil Sharma,26,M,A1
2164,841,Manjunath Kulkarni,34,M,A2
2165,841,Nithin Patil,48,M,A3
2166,841,Santosh Joshi,48,M,A4
2167,842,Santosh Reddy,18,M,A1
2168,842,Basavaraj Hegde,27,M,A2
2169,842,Karthik Rao,31,M,A3
2170,843,Kiran Patil,26,T,A1
2171,844,Abhishek Sharma,31,M,A1
2172,844,Kiran Naik,33,M,A2
2173,844,Abhishek Reddy,28,M,A3
2174,845,Ramesh Reddy,32,M,A1
2175,845,Mahesh Joshi,26,M,A2
2176,846,Rakesh Bhat,21,M,A1
2177,846,Santosh Rao,47,M,A2
2178,846,Sudeep Hegde,22,M,A3
2179,847,Mahesh Kulkarni,25,T,A1
2180,847,Sunil Reddy,27,M,A2
2181,848,Sunil Rao,28,M,A1
2182,849,Shivakumar Shetty,44,M,A1
2183,850,Santosh Patil,25,M,A1
2184,850,Suresh Gowda,30,M,A2
2185,850,Puneeth Rao,25,M,A3
2186,851,Suresh Kumar,20,M,A1
2187,852,Sahana Hiremath,28,F,A1
2188,852,Mahesh Kulkarni,27,M,A2
2189,852,Santosh Bhat,30,M,A3
2190,852,Sudeep Hiremath,22,M,A4
2191,853,Santosh Yadav,26,M,A1
2192,853,Vijay Hiremath,28,M,A2
2193,854,Nithin Hiremath,33,M,A1
2194,854,Santosh Joshi,33,M,A2
2195,854,Basavaraj Gowda,45,M,A3
2196,855,Nithin Sharma,28,M,A1
2197,855,Puneeth Kumar,26,M,A2
2198,855,Basavaraj Yadav,30,M,A3
2199,855,Arun Sharma,29,M,A4
2200,856,Arun Rao,46,M,A1
2201,856,Rashmi Hegde,27,F,A2
2202,856,Meghana Yadav,42,F,A3
2203,856,Suresh Yadav,33,M,A4
2204,857,Santosh Kumar,29,M,A1
2205,857,Mahesh Bhat,63,M,A2
2206,857,Nithin Sharma,26,M,A3
2207,857,Ramesh Kumar,31,M,A4
2208,858,Shivakumar Yadav,21,M,A1
2209,858,Karthik Singh,31,M,A2
2210,859,Vijay Desai,29,M,A1
2211,859,Sahana Hegde,31,F,A2
2212,859,Rakesh Joshi,19,M,A3
2213,859,Vijay Hiremath,35,M,A4
2214,860,Basavaraj Kumar,21,M,A1
2215,860,Ramesh Joshi,44,M,A2
2216,860,Prakash Bhat,29,M,A3
2217,861,Karthik Yadav,34,M,A1
2218,861,Abhishek Kulkarni,31,M,A2
2219,861,Santosh Hiremath,23,M,A3
2220,861,Kiran Kumar,46,M,A4
2221,862,Geetha Bhat,19,F,A1
2222,862,Mahesh Hiremath,31,M,A2
2223,862,Pradeep Hegde,32,M,A3
2224,862,Puneeth Naik,20,M,A4
2225,863,Nithin Patil,29,M,A1
2226,863,Arun Shetty,30,M,A2
2227,864,Sudeep Singh,26,M,A1
2228,865,Vijay Hiremath,59,M,A1
2229,865,Pradeep Hegde,22,M,A2
2230,866,Karthik Hiremath,25,M,A1
2231,866,Karthik Naik,22,M,A2
2232,866,Ramesh Patil,52,M,A3
2233,866,Nithin Kumar,25,M,A4
2234,867,Nithin Shetty,22,M,A1
2235,868,Shivakumar Hegde,33,M,A1
2236,868,Abhishek Kulkarni,29,M,A2
2237,868,Puneeth Reddy,28,M,A3
2238,868,Anil Shetty,64,M,A4
2239,869,Karthik Hiremath,33,M,A1
2240,869,Rashmi Shetty,35,F,A2
2241,870,Sudeep Hiremath,23,M,A1
2242,871,Basavaraj Singh,35,M,A1
2243,871,Darshan Joshi,53,M,A2
2244,872,Puneeth Rao,33,M,A1
2245,872,Vijay Joshi,32,M,A2
2246,872,Kiran Patil,19,M,A3
2247,872,Prakash Hegde,28,M,A4
2248,873,Asha Hiremath,27,F,A1
2249,873,Ramesh Yadav,24,M,A2
2250,873,Suresh Reddy,30,M,A3
2251,873,Sunil Sharma,35,M,A4
2252,874,Ramesh Desai,34,M,A1
2253,875,Nithin Sharma,28,M,A1
2254,875,Nithin Yadav,39,M,A2
2255,875,Vinay Rao,25,M,A3
2256,876,Sahana Hegde,29,F,A1
2257,876,Vijay Yadav,20,M,A2
2258,877,Santosh Rao,62,M,A1
2259,877,Rakesh Joshi,22,M,A2
2260,877,Prakash Hiremath,25,M,A3
2261,878,Nithin Singh,33,M,A1
2262,878,Ramesh Kumar,25,M,A2
2263,878,Sudeep Patil,30,M,A3
2264,878,Darshan Rao,27,M,A4
2265,879,Sunil Yadav,21,M,A1
2266,880,Abhishek Singh,41,M,A1
2267,881,Sudeep Hiremath,37,M,A1
2268,881,Santosh Bhat,40,M,A2
2269,881,Shivakumar Bhat,41,M,A3
2270,881,Suresh Desai,64,M,A4
2271,882,Suresh Reddy,22,M,A1
2272,883,Puneeth Naik,30,M,A1
2273,883,Rakesh Singh,32,M,A2
2274,883,Ramesh Sharma,30,M,A3
2275,883,Basavaraj Kumar,29,M,A4
2276,884,Sunil Patil,27,M,A1
2277,884,Sudeep Desai,34,M,A2
2278,885,Shivakumar Shetty,60,M,A1
2279,885,Darshan Rao,31,M,A2
2280,885,Nithin Joshi,30,M,A3
2281,886,Manjunath Desai,29,M,A1
2282,886,Prakash Reddy,32,M,A2
2283,886,Prakash Joshi,23,M,A3
2284,887,Sudeep Singh,24,M,A1
2285,887,Rakesh Reddy,35,M,A2
2286,887,Abhishek Kulkarni,31,M,A3
2287,888,Ramesh Reddy,21,M,A1
2288,888,Basavaraj Joshi,35,M,A2
2289,888,Puneeth Hegde,23,M,A3
2290,889,Mahesh Yadav,21,M,A1
2291,889,Arun Kumar,22,M,A2
2292,890,Vijay Kulkarni,32,M,A1
2293,890,Anusha Hegde,33,F,A2
2294,890,Suresh Joshi,20,M,A3
2295,890,Shivakumar Gowda,34,M,A4
2296,891,Sahana Hiremath,23,F,A1
2297,891,Darshan Kumar,28,M,A2
2298,892,Geetha Hegde,28,F,A1
2299,892,Mahesh Kumar,30,M,A2
2300,892,Shilpa Reddy,62,F,A3
2301,893,Meghana Shetty,24,F,A1
2302,894,Arun Kumar,18,M,A1
2303,895,Santosh Desai,33,M,A1
2304,895,Suresh Yadav,23,M,A2
2305,896,Pradeep Singh,22,M,A1
2306,896,Shivakumar Naik,20,M,A2
2307,896,Kavya Sharma,27,F,A3
2308,897,Sunil Rao,30,M,A1
2309,897,Abhishek Hiremath,39,M,A2
2310,897,Manjunath Bhat,33,M,A3
2311,897,Shruthi Singh,28,F,A4
2312,898,Vinay Kumar,63,M,A1
2313,898,Puneeth Shetty,22,M,A2
2314,898,Sudeep Shetty,31,M,A3
2315,899,Nithin Gowda,32,M,A1
2316,899,Basavaraj Hegde,34,M,A2
2317,899,Arun Singh,43,M,A3
2318,900,Abhishek Patil,25,M,A1
2319,901,Pradeep Reddy,31,T,A1
2320,901,Rekha Rao,34,F,A2
2321,901,Mahesh Kulkarni,44,M,A3
2322,902,Kiran Singh,34,M,A1
2323,902,Vinay Kumar,30,M,A2
2324,902,Ramesh Kumar,28,T,A3
2325,903,Basavaraj Kumar,33,M,A1
2326,903,Rakesh Rao,46,M,A2
2327,903,Ramesh Singh,40,M,A3
2328,903,Pradeep Rao,21,M,A4
2329,904,Manjunath Hiremath,28,M,A1
2330,904,Manjunath Hiremath,24,M,A2
2331,904,Nithin Hegde,56,M,A3
2332,905,Karthik Reddy,58,M,A1
2333,905,Manjunath Joshi,31,M,A2
2334,905,Sahana Gowda,34,F,A3
2335,905,Sunil Desai,20,T,A4
2336,906,Sangeetha Hiremath,31,F,A1
2337,906,Shivakumar Bhat,35,M,A2
2338,906,Puneeth Sharma,22,M,A3
2339,906,Anil Desai,29,M,A4
2340,907,Darshan Gowda,25,M,A1
2341,907,Manjunath Shetty,49,M,A2
2342,907,Sunil Shetty,35,M,A3
2343,907,Suresh Patil,35,M,A4
2344,908,Ramesh Sharma,30,M,A1
2345,909,Sunil Hegde,24,M,A1
2346,909,Suresh Joshi,52,M,A2
2347,909,Santosh Singh,31,M,A3
2348,909,Pradeep Sharma,35,M,A4
2349,910,Prakash Rao,23,M,A1
2350,910,Roopa Hegde,22,F,A2
2351,911,Abhishek Yadav,24,M,A1
2352,911,Arun Naik,25,M,A2
2353,911,Vijay Singh,33,M,A3
2354,912,Anil Naik,61,M,A1
2355,913,Mahesh Sharma,33,M,A1
2356,914,Ramesh Shetty,35,M,A1
2357,914,Ramesh Reddy,24,M,A2
2358,915,Santosh Naik,30,M,A1
2359,916,Puneeth Rao,25,M,A1
2360,916,Abhishek Hiremath,21,M,A2
2361,917,Anil Rao,23,M,A1
2362,917,Darshan Patil,46,M,A2
2363,917,Sunil Naik,29,M,A3
2364,918,Abhishek Hegde,27,M,A1
2365,918,Karthik Naik,35,M,A2
2366,919,Sunil Gowda,31,M,A1
2367,919,Puneeth Patil,31,M,A2
2368,920,Vinay Joshi,21,M,A1
2369,920,Basavaraj Kulkarni,43,M,A2
2370,920,Santosh Rao,31,M,A3
2371,921,Abhishek Kulkarni,28,M,A1
2372,921,Bhagya Sharma,35,T,A2
2373,921,Vijay Reddy,43,M,A3
2374,922,Manjunath Reddy,27,T,A1
2375,922,Sangeetha Patil,21,F,A2
2376,923,Karthik Patil,29,M,A1
2377,924,Prakash Sharma,64,M,A1
2378,924,Shivakumar Desai,56,M,A2
2379,925,Vijay Bhat,28,M,A1
2380,925,Arun Reddy,29,M,A2
2381,925,Rakesh Kumar,29,M,A3
2382,925,Karthik Shetty,63,M,A4
2383,926,Anil Kumar,22,M,A1
2384,926,Vinay Patil,42,M,A2
2385,926,Rakesh Desai,30,M,A3
2386,927,Karthik Kulkarni,49,M,A1
2387,927,Mahesh Yadav,26,M,A2
2388,928,Pradeep Reddy,35,M,A1
2389,928,Karthik Bhat,21,M,A2
2390,928,Anil Hegde,21,M,A3
2391,928,Ramesh Patil,26,M,A4
2392,929,Santosh Kulkarni,27,M,A1
2393,930,Santosh Sharma,31,M,A1
2394,930,Nithin Rao,24,M,A2
2395,930,Nithin Patil,24,M,A3
2396,930,Anil Patil,34,M,A4
2397,931,Karthik Rao,24,M,A1
2398,931,Sunil Sharma,21,M,A2
2399,931,Sudeep Yadav,24,M,A3
2400,931,Arun Kulkarni,24,M,A4
2401,932,Suresh Reddy,20,M,A1
2402,933,Santosh Bhat,42,M,A1
2403,934,Sangeetha Shetty,27,F,A1
2404,935,Sunil Patil,42,M,A1
2405,935,Prakash Singh,22,M,A2
2406,935,Bhagya Patil,20,F,A3
2407,936,Vijay Kumar,20,M,A1
2408,936,Swathi Joshi,34,F,A2
2409,936,Nithin Hiremath,33,M,A3
2410,937,Manjunath Naik,34,M,A1
2411,937,Bhagya Patil,32,F,A2
2412,937,Ramesh Shetty,32,M,A3
2413,938,Roopa Kulkarni,30,F,A1
2414,938,Manjunath Patil,47,M,A2
2415,938,Suresh Singh,27,M,A3
2416,938,Anil Kumar,20,M,A4
2417,939,Shruthi Hegde,45,T,A1
2418,939,Abhishek Kulkarni,33,M,A2
2419,939,Roopa Rao,23,F,A3
2420,940,Nithin Reddy,57,M,A1
2421,940,Abhishek Reddy,31,M,A2
2422,940,Suma Bhat,35,F,A3
2423,940,Sudeep Desai,42,M,A4
2424,941,Meghana Hiremath,21,F,A1
2425,941,Arun Reddy,27,M,A2
2426,942,Vinay Singh,29,M,A1
2427,942,Kiran Desai,27,M,A2
2428,942,Shivakumar Bhat,23,M,A3
2429,943,Karthik Patil,30,M,A1
2430,944,Shivakumar Hiremath,26,M,A1
2431,944,Ramesh Joshi,23,M,A2
2432,944,Asha Naik,33,F,A3
2433,944,Sangeetha Yadav,24,F,A4
2434,945,Basavaraj Naik,27,M,A1
2435,945,Karthik Yadav,33,M,A2
2436,945,Basavaraj Shetty,34,M,A3
2437,946,Santosh Naik,28,M,A1
2438,946,Kiran Rao,38,M,A2
2439,946,Sunil Joshi,28,M,A3
2440,946,Basavaraj Yadav,64,M,A4
2441,947,Ramya Sharma,21,F,A1
2442,948,Nithin Hiremath,31,M,A1
2443,948,Anil Shetty,20,M,A2
2444,949,Sangeetha Desai,24,F,A1
2445,949,Shivakumar Shetty,35,M,A2
2446,949,Anusha Gowda,33,T,A3
2447,950,Manjunath Patil,27,M,A1
2448,950,Rashmi Rao,24,F,A2
2449,951,Rakesh Gowda,24,M,A1
2450,951,Shivakumar Shetty,25,M,A2
2451,951,Sudeep Hiremath,25,M,A3
2452,951,Mahesh Hegde,20,M,A4
2453,952,Ramesh Gowda,20,M,A1
2454,952,Abhishek Hegde,27,M,A2
2455,953,Arun Gowda,25,M,A1
2456,953,Abhishek Reddy,33,M,A2
2457,953,Vijay Kulkarni,26,M,A3
2458,953,Sunil Joshi,20,M,A4
2459,954,Vinay Yadav,28,M,A1
2460,955,Arun Patil,26,M,A1
2461,955,Basavaraj Kulkarni,28,M,A2
2462,956,Arun Rao,27,M,A1
2463,956,Arun Gowda,19,M,A2
2464,956,Bhagya Gowda,55,F,A3
2465,956,Pradeep Shetty,37,M,A4
2466,957,Santosh Shetty,26,M,A1
2467,957,Suma Naik,29,T,A2
2468,957,Darshan Singh,38,M,A3
2469,957,Suresh Hiremath,31,M,A4
2470,958,Vinay Naik,35,M,A1
2471,959,Roopa Bhat,32,F,A1
2472,959,Sunil Naik,47,M,A2
2473,959,Vinay Gowda,35,M,A3
2474,959,Santosh Kulkarni,38,M,A4
2475,960,Rakesh Desai,24,M,A1
2476,960,Sunil Naik,26,M,A2
2477,960,Basavaraj Patil,33,M,A3
2478,961,Anil Patil,26,M,A1
2479,961,Shivakumar Reddy,47,M,A2
2480,961,Shivakumar Kumar,20,M,A3
2481,962,Geetha Hegde,34,F,A1
2482,963,Anusha Joshi,22,F,A1
2483,964,Suresh Kumar,29,M,A1
2484,965,Darshan Rao,52,M,A1
2485,966,Manjunath Sharma,29,M,A1
2486,966,Basavaraj Bhat,26,M,A2
2487,966,Sunil Yadav,25,M,A3
2488,966,Nithin Hiremath,27,M,A4
2489,967,Asha Gowda,22,F,A1
2490,968,Basavaraj Kumar,27,M,A1
2491,968,Suresh Rao,32,M,A2
2492,968,Karthik Gowda,32,M,A3
2493,968,Kavya Reddy,29,F,A4
2494,969,Rakesh Patil,30,M,A1
2495,969,Rakesh Rao,27,M,A2
2496,969,Puneeth Gowda,28,M,A3
2497,969,Ramesh Kulkarni,33,M,A4
2498,970,Kiran Rao,26,M,A1
2499,970,Sunil Sharma,28,M,A2
2500,971,Santosh Singh,27,M,A1
2501,971,Prakash Patil,26,M,A2
2502,972,Geetha Hiremath,35,F,A1
2503,973,Santosh Joshi,34,M,A1
2504,974,Basavaraj Reddy,21,M,A1
2505,974,Anil Naik,31,M,A2
2506,974,Rakesh Bhat,29,M,A3
2507,975,Nithin Shetty,30,M,A1
2508,975,Puneeth Gowda,34,M,A2
2509,975,Vinay Sharma,27,M,A3
2510,976,Asha Kulkarni,25,F,A1
2511,976,Shivakumar Joshi,25,M,A2
2512,976,Anil Reddy,26,M,A3
2513,976,Shivakumar Desai,26,M,A4
2514,977,Shivakumar Hiremath,18,M,A1
2515,977,Vijay Shetty,47,M,A2
2516,977,Mahesh Kulkarni,32,M,A3
2517,977,Sunil Patil,26,M,A4
2518,978,Kiran Bhat,65,M,A1
2519,978,Karthik Shetty,21,M,A2
2520,979,Arun Gowda,20,M,A1
2521,979,Pradeep Joshi,35,M,A2
2522,980,Anil Rao,34,M,A1
2523,980,Arun Joshi,25,M,A2
2524,980,Rakesh Rao,21,M,A3
2525,981,Rakesh Kulkarni,33,M,A1
2526,981,Santosh Bhat,55,M,A2
2527,981,Rashmi Gowda,33,T,A3
2528,982,Prakash Kulkarni,48,M,A1
2529,983,Shilpa Hiremath,24,F,A1
2530,984,Sudeep Shetty,24,M,A1
2531,984,Arun Gowda,25,M,A2
2532,984,Ramesh Hiremath,30,M,A3
2533,984,Santosh Hegde,32,M,A4
2534,985,Sahana Hiremath,21,F,A1
2535,985,Santosh Joshi,29,M,A2
2536,985,Puneeth Kulkarni,21,M,A3
2537,986,Nithin Yadav,26,M,A1
2538,987,Prakash Reddy,26,M,A1
2539,987,Sunil Singh,65,M,A2
2540,988,Sudeep Bhat,46,M,A1
2541,988,Ramesh Patil,26,M,A2
2542,989,Darshan Hegde,29,M,A1
2543,989,Shivakumar Naik,46,M,A2
2544,989,Suresh Kulkarni,33,T,A3
2545,990,Sahana Joshi,45,F,A1
2546,991,Puneeth Naik,28,M,A1
2547,992,Abhishek Gowda,27,M,A1
2548,992,Suresh Hiremath,27,M,A2
2549,993,Sudeep Kumar,26,M,A1
2550,994,Vinay Desai,19,M,A1
2551,994,Basavaraj Naik,32,M,A2
2552,994,Suresh Singh,31,M,A3
2553,994,Rekha Shetty,31,F,A4
2554,995,Basavaraj Hegde,22,M,A1
2555,995,Suresh Kulkarni,41,M,A2
2556,996,Darshan Kulkarni,30,M,A1
2557,997,Mahesh Sharma,21,M,A1
2558,997,Vijay Joshi,27,M,A2
2559,997,Pradeep Gowda,22,M,A3
2560,998,Pradeep Rao,45,M,A1
2561,998,Vijay Naik,24,M,A2
2562,999,Anil Patil,21,M,A1
2563,999,Suresh Hiremath,29,M,A2
2564,1000,Pradeep Hiremath,29,M,A1
2565,1001,Pooja Joshi,48,F,A1
2566,1001,Vijay Singh,24,M,A2
2567,1001,Asha Bhat,32,F,A3
2568,1002,Pradeep Hiremath,19,M,A1
2569,1002,Pradeep Rao,29,M,A2
2570,1002,Santosh Hiremath,27,M,A3
2571,1002,Abhishek Kumar,21,M,A4
2572,1003,Sudeep Naik,29,M,A1
2573,1003,Nithin Hegde,49,M,A2
2574,1003,Bhagya Kumar,25,F,A3
2575,1004,Kiran Joshi,23,M,A1
2576,1004,Vinay Yadav,31,M,A2
2577,1005,Pradeep Joshi,29,M,A1
2578,1006,Puneeth Singh,21,M,A1
2579,1007,Anil Kumar,22,M,A1
2580,1007,Karthik Reddy,20,M,A2
2581,1007,Pooja Shetty,25,F,A3
2582,1008,Anusha Sharma,28,F,A1
2583,1008,Shivakumar Joshi,30,M,A2
2584,1008,Vinay Desai,33,M,A3
2585,1009,Geetha Sharma,61,F,A1
2586,1009,Rakesh Kumar,27,M,A2
2587,1010,Sunil Gowda,28,M,A1
2588,1010,Vijay Singh,33,M,A2
2589,1011,Pradeep Hegde,22,M,A1
2590,1011,Vijay Desai,26,M,A2
2591,1011,Manjunath Gowda,22,M,A3
2592,1012,Shivakumar Patil,34,M,A1
2593,1012,Pradeep Gowda,27,M,A2
2594,1012,Shivakumar Kulkarni,30,M,A3
2595,1012,Anusha Patil,54,F,A4
2596,1013,Vijay Desai,60,M,A1
2597,1013,Abhishek Kumar,24,T,A2
2598,1013,Sunil Singh,48,M,A3
2599,1013,Prakash Bhat,64,M,A4
2600,1014,Pradeep Reddy,32,M,A1
2601,1014,Basavaraj Shetty,55,M,A2
2602,1014,Vinay Singh,29,M,A3
2603,1014,Vijay Kumar,60,M,A4
2604,1015,Ramya Shetty,64,F,A1
2605,1015,Arun Rao,43,M,A2
2606,1016,Shivakumar Bhat,63,M,A1
2607,1017,Prakash Yadav,63,M,A1
2608,1017,Vinay Naik,35,M,A2
2609,1018,Pradeep Sharma,28,M,A1
2610,1018,Puneeth Reddy,28,M,A2
2611,1018,Manjunath Patil,30,M,A3
2612,1019,Sunil Desai,31,M,A1
2613,1019,Manjunath Patil,47,M,A2
2614,1020,Vijay Gowda,31,M,A1
2615,1020,Geetha Yadav,26,F,A2
2616,1021,Abhishek Singh,27,M,A1
2617,1021,Kiran Kumar,27,M,A2
2618,1022,Sudeep Kumar,26,M,A1
2619,1022,Arun Kumar,31,M,A2
2620,1023,Nithin Gowda,59,M,A1
2621,1023,Mahesh Kulkarni,24,M,A2
2622,1023,Arun Naik,25,M,A3
2623,1023,Sudeep Bhat,34,M,A4
2624,1024,Abhishek Singh,34,M,A1
2625,1024,Prakash Kumar,22,M,A2
2626,1025,Anil Sharma,22,M,A1
2627,1026,Darshan Reddy,32,M,A1
2628,1026,Anil Kumar,33,M,A2
2629,1027,Mahesh Yadav,59,M,A1
2630,1027,Ramesh Sharma,21,M,A2
2631,1027,Shruthi Bhat,47,F,A3
2632,1028,Anil Singh,26,M,A1
2633,1028,Shivakumar Hiremath,23,M,A2
2634,1029,Basavaraj Joshi,33,M,A1
2635,1029,Santosh Gowda,35,M,A2
2636,1029,Shivakumar Desai,23,M,A3
2637,1029,Pradeep Joshi,30,M,A4
2638,1030,Mahesh Shetty,34,M,A1
2639,1031,Ramesh Bhat,32,M,A1
2640,1032,Abhishek Singh,21,M,A1
2641,1033,Sunil Singh,23,M,A1
2642,1033,Suma Shetty,23,F,A2
2643,1034,Sudeep Desai,33,M,A1
2644,1034,Manjunath Reddy,50,M,A2
2645,1034,Manjunath Rao,35,M,A3
2646,1035,Mahesh Patil,22,M,A1
2647,1036,Vijay Gowda,29,M,A1
2648,1036,Sudeep Rao,53,M,A2
2649,1036,Roopa Gowda,23,F,A3
2650,1036,Vinay Naik,24,M,A4
2651,1037,Vijay Sharma,31,M,A1
2652,1037,Sunil Gowda,23,M,A2
2653,1038,Suresh Yadav,22,M,A1
2654,1038,Pradeep Patil,22,M,A2
2655,1038,Rashmi Naik,57,F,A3
2656,1038,Divya Patil,31,F,A4
2657,1039,Basavaraj Reddy,32,M,A1
2658,1040,Ramesh Shetty,35,M,A1
2659,1040,Arun Naik,30,M,A2
2660,1040,Mahesh Gowda,18,M,A3
2661,1041,Shivakumar Gowda,31,M,A1
2662,1042,Anil Sharma,32,M,A1
2663,1042,Pooja Hegde,20,T,A2
2664,1043,Prakash Bhat,32,M,A1
2665,1044,Darshan Joshi,26,M,A1
2666,1045,Basavaraj Desai,32,M,A1
2667,1046,Swathi Joshi,32,F,A1
2668,1047,Karthik Yadav,27,M,A1
2669,1048,Pradeep Desai,51,M,A1
2670,1048,Pradeep Kumar,31,M,A2
2671,1049,Prakash Rao,30,M,A1
2672,1050,Suresh Naik,27,M,A1
2673,1050,Nithin Hiremath,52,M,A2
2674,1051,Nithin Desai,23,M,A1
2675,1052,Nithin Shetty,31,M,A1
2676,1053,Santosh Sharma,23,M,A1
2677,1053,Abhishek Naik,55,M,A2
2678,1054,Basavaraj Shetty,51,M,A1
2679,1054,Vijay Hiremath,24,M,A2
2680,1054,Darshan Sharma,26,M,A3
2681,1055,Asha Gowda,26,F,A1
2682,1055,Roopa Kumar,53,T,A2
2683,1055,Vijay Joshi,20,M,A3
2684,1056,Darshan Reddy,29,M,A1
2685,1056,Darshan Reddy,26,M,A2
2686,1057,Nithin Hiremath,32,M,A1
2687,1057,Mahesh Naik,26,M,A2
2688,1058,Manjunath Hiremath,47,M,A1
2689,1058,Manjunath Kulkarni,27,M,A2
2690,1059,Vinay Kumar,31,M,A1
2691,1059,Nithin Hegde,25,M,A2
2692,1060,Arun Gowda,59,M,A1
2693,1061,Manjunath Kulkarni,26,M,A1
2694,1062,Manjunath Kulkarni,60,M,A1
2695,1062,Sangeetha Sharma,20,F,A2
2696,1062,Vinay Hiremath,27,M,A3
2697,1063,Puneeth Joshi,57,M,A1
2698,1063,Basavaraj Desai,34,M,A2
2699,1063,Vijay Singh,23,M,A3
2700,1063,Santosh Reddy,47,M,A4
2701,1064,Vinay Kulkarni,62,M,A1
2702,1064,Rashmi Joshi,35,T,A2
2703,1064,Darshan Sharma,35,M,A3
2704,1064,Roopa Hiremath,34,F,A4
2705,1065,Manjunath Joshi,32,M,A1
2706,1065,Santosh Joshi,20,M,A2
2707,1065,Mahesh Joshi,21,M,A3
2708,1065,Manjunath Desai,26,M,A4
2709,1066,Ramesh Joshi,19,M,A1
2710,1066,Ramesh Joshi,20,M,A2
2711,1066,Puneeth Joshi,38,M,A3
2712,1066,Darshan Yadav,27,M,A4
2713,1067,Darshan Patil,54,M,A1
2714,1067,Ramesh Shetty,35,M,A2
2715,1067,Arun Reddy,30,M,A3
2716,1067,Prakash Joshi,34,M,A4
2717,1068,Vinay Kumar,19,M,A1
2718,1068,Ramya Yadav,34,F,A2
2719,1068,Suma Naik,21,T,A3
2720,1069,Prakash Kulkarni,24,M,A1
2721,1069,Anusha Sharma,34,F,A2
2722,1069,Kiran Hiremath,27,M,A3
2723,1070,Sudeep Gowda,31,M,A1
2724,1070,Kiran Kulkarni,20,M,A2
2725,1070,Rashmi Sharma,21,F,A3
2726,1070,Rakesh Naik,42,M,A4
2727,1071,Manjunath Kumar,58,M,A1
2728,1071,Mahesh Yadav,30,M,A2
2729,1071,Ramesh Reddy,28,M,A3
2730,1072,Nithin Hiremath,35,M,A1
2731,1072,Abhishek Desai,43,M,A2
2732,1073,Mahesh Kumar,30,M,A1
2733,1073,Kiran Yadav,65,M,A2
2734,1074,Abhishek Patil,40,M,A1
2735,1075,Puneeth Sharma,26,M,A1
2736,1076,Shilpa Yadav,57,F,A1
2737,1077,Anil Patil,30,M,A1
2738,1077,Kiran Hiremath,26,M,A2
2739,1078,Swathi Desai,25,F,A1
2740,1078,Shilpa Bhat,34,F,A2
2741,1078,Vinay Naik,35,M,A3
2742,1078,Ramesh Kulkarni,41,M,A4
2743,1079,Sunil Gowda,23,M,A1
2744,1079,Rashmi Sharma,35,F,A2
2745,1080,Santosh Hegde,41,M,A1
2746,1080,Karthik Yadav,60,M,A2
2747,1081,Vinay Shetty,33,M,A1
2748,1081,Sudeep Shetty,31,M,A2
2749,1081,Arun Hegde,23,M,A3
2750,1082,Puneeth Hiremath,21,M,A1
2751,1082,Shivakumar Naik,54,M,A2
2752,1082,Ramesh Rao,60,M,A3
2753,1083,Manjunath Naik,22,M,A1
2754,1083,Nithin Yadav,28,M,A2
2755,1083,Anil Joshi,34,M,A3
2756,1084,Swathi Rao,34,F,A1
2757,1084,Sunil Hiremath,31,M,A2
2758,1084,Kiran Naik,30,M,A3
2759,1084,Anil Bhat,28,M,A4
2760,1085,Prakash Shetty,25,M,A1
2761,1085,Darshan Bhat,24,M,A2
2762,1085,Darshan Rao,32,M,A3
2763,1085,Arun Joshi,32,M,A4
2764,1086,Nithin Gowda,31,M,A1
2765,1086,Darshan Hiremath,35,M,A2
2766,1086,Sunil Joshi,33,M,A3
2767,1087,Pradeep Singh,23,M,A1
2768,1087,Abhishek Hegde,22,M,A2
2769,1088,Sudeep Rao,60,M,A1
2770,1088,Sunil Bhat,23,M,A2
2771,1088,Shivakumar Hiremath,24,M,A3
2772,1088,Prakash Shetty,49,M,A4
2773,1089,Kiran Bhat,25,M,A1
2774,1089,Karthik Reddy,31,M,A2
2775,1089,Nithin Patil,20,T,A3
2776,1089,Mahesh Reddy,33,M,A4
2777,1090,Vijay Bhat,27,T,A1
2778,1090,Anil Naik,29,M,A2
2779,1090,Nithin Patil,26,M,A3
2780,1090,Roopa Hegde,33,F,A4
2781,1091,Ramesh Bhat,30,M,A1
2782,1091,Mahesh Yadav,21,M,A2
2783,1091,Rakesh Shetty,29,M,A3
2784,1091,Nithin Singh,56,M,A4
2785,1092,Vinay Hegde,44,M,A1
2786,1092,Rakesh Kulkarni,23,M,A2
2787,1092,Darshan Joshi,28,M,A3
2788,1093,Santosh Naik,32,M,A1
2789,1094,Sunil Naik,34,M,A1
2790,1094,Karthik Singh,28,M,A2
2791,1094,Puneeth Hegde,57,M,A3
2792,1095,Mahesh Patil,23,M,A1
2793,1096,Basavaraj Sharma,28,M,A1
2794,1096,Mahesh Kulkarni,40,M,A2
2795,1097,Manjunath Sharma,30,M,A1
2796,1098,Santosh Naik,20,M,A1
2797,1099,Darshan Hiremath,23,M,A1
2798,1100,Darshan Patil,23,M,A1
2799,1101,Pradeep Singh,64,M,A1
2800,1102,Nithin Sharma,29,M,A1
2801,1102,Suresh Kumar,32,M,A2
2802,1102,Vinay Reddy,35,M,A3
2803,1103,Arun Sharma,21,M,A1
2804,1103,Darshan Sharma,27,M,A2
2805,1104,Vinay Kumar,31,M,A1
2806,1105,Anusha Joshi,34,F,A1
2807,1105,Basavaraj Patil,35,M,A2
2808,1105,Vijay Shetty,26,M,A3
2809,1105,Anil Kumar,30,M,A4
2810,1106,Prakash Patil,30,M,A1
2811,1106,Mahesh Singh,33,M,A2
2812,1106,Sudeep Kumar,33,M,A3
2813,1106,Asha Gowda,52,F,A4
2814,1107,Vinay Sharma,26,M,A1
2815,1107,Darshan Reddy,18,M,A2
2816,1108,Basavaraj Kumar,22,T,A1
2817,1108,Vijay Patil,37,M,A2
2818,1109,Sunil Hiremath,25,M,A1
2819,1110,Ramesh Hegde,34,M,A1
2820,1110,Shivakumar Patil,27,M,A2
2821,1111,Sangeetha Yadav,22,F,A1
2822,1111,Sangeetha Joshi,26,F,A2
2823,1111,Mahesh Gowda,30,M,A3
2824,1111,Suresh Hegde,62,M,A4
2825,1112,Karthik Reddy,25,M,A1
2826,1112,Swathi Reddy,29,F,A2
2827,1113,Santosh Joshi,63,M,A1
2828,1113,Manjunath Reddy,21,M,A2
2829,1114,Arun Shetty,24,M,A1
2830,1114,Shilpa Naik,34,F,A2
2831,1114,Santosh Reddy,37,M,A3
2832,1114,Vinay Reddy,38,M,A4
2833,1115,Arun Rao,33,M,A1
2834,1115,Manjunath Bhat,28,M,A2
2835,1116,Manjunath Kulkarni,57,M,A1
2836,1117,Rakesh Desai,26,M,A1
2837,1118,Pradeep Naik,30,M,A1
2838,1118,Shivakumar Reddy,28,M,A2
2839,1119,Suresh Yadav,25,M,A1
2840,1119,Kiran Naik,34,M,A2
2841,1119,Vijay Gowda,31,M,A3
2842,1120,Pradeep Bhat,33,M,A1
2843,1120,Kiran Desai,28,M,A2
2844,1120,Sunil Rao,31,M,A3
2845,1121,Shivakumar Naik,45,M,A1
2846,1121,Santosh Gowda,39,M,A2
2847,1121,Vijay Naik,24,M,A3
2848,1121,Pradeep Sharma,47,M,A4
2849,1122,Prakash Naik,29,M,A1
2850,1122,Kiran Bhat,25,M,A2
2851,1122,Kiran Yadav,35,M,A3
2852,1122,Suresh Kulkarni,26,M,A4
2853,1123,Sunil Gowda,23,M,A1
2854,1123,Pradeep Kulkarni,31,M,A2
2855,1123,Ramesh Bhat,24,M,A3
2856,1124,Vinay Sharma,18,M,A1
2857,1124,Manjunath Joshi,29,M,A2
2858,1125,Rakesh Kulkarni,35,M,A1
2859,1125,Sunil Naik,31,T,A2
2860,1126,Suresh Bhat,56,M,A1
2861,1126,Vinay Naik,25,M,A2
2862,1127,Suresh Singh,32,M,A1
2863,1127,Shivakumar Gowda,32,M,A2
2864,1127,Ramesh Naik,23,M,A3
2865,1127,Kiran Hegde,23,M,A4
2866,1128,Shruthi Bhat,65,F,A1
2867,1128,Mahesh Kumar,28,M,A2
2868,1128,Mahesh Desai,31,M,A3
2869,1129,Shivakumar Gowda,19,M,A1
2870,1130,Pradeep Bhat,37,M,A1
2871,1130,Kavya Joshi,33,F,A2
2872,1130,Manjunath Reddy,34,M,A3
2873,1130,Puneeth Hegde,21,M,A4
2874,1131,Karthik Singh,24,M,A1
2875,1131,Puneeth Kulkarni,29,M,A2
2876,1131,Shivakumar Kumar,33,M,A3
2877,1132,Manjunath Naik,34,M,A1
2878,1133,Sunil Reddy,23,M,A1
2879,1133,Shruthi Bhat,20,F,A2
2880,1134,Sudeep Joshi,30,M,A1
2881,1134,Pradeep Reddy,38,M,A2
2882,1135,Santosh Kulkarni,29,M,A1
2883,1136,Manjunath Sharma,35,M,A1
2884,1136,Vinay Singh,41,M,A2
2885,1137,Anil Yadav,21,M,A1
2886,1137,Vinay Bhat,33,M,A2
2887,1137,Rakesh Desai,31,M,A3
2888,1138,Mahesh Kumar,21,M,A1
2889,1138,Vinay Naik,28,M,A2
2890,1139,Shivakumar Kulkarni,28,M,A1
2891,1139,Asha Desai,27,F,A2
2892,1139,Vijay Joshi,28,M,A3
2893,1140,Abhishek Bhat,61,M,A1
2894,1140,Sudeep Kumar,24,M,A2
2895,1141,Suresh Reddy,40,M,A1
2896,1141,Vinay Sharma,34,M,A2
2897,1142,Sunil Kumar,32,M,A1
2898,1142,Anusha Kumar,26,T,A2
2899,1143,Sangeetha Kumar,22,F,A1
2900,1143,Abhishek Reddy,40,M,A2
2901,1143,Arun Kumar,34,M,A3
2902,1143,Vinay Desai,26,M,A4
2903,1144,Puneeth Singh,31,M,A1
2904,1144,Manjunath Bhat,20,M,A2
2905,1144,Divya Kulkarni,30,F,A3
2906,1145,Kiran Singh,25,M,A1
2907,1146,Sunil Reddy,19,M,A1
2908,1146,Arun Yadav,31,M,A2
2909,1146,Kiran Hegde,30,M,A3
2910,1146,Kiran Reddy,21,M,A4
2911,1147,Ramesh Kulkarni,32,M,A1
2912,1148,Bhagya Yadav,31,F,A1
2913,1149,Suresh Rao,26,M,A1
2914,1149,Sunil Desai,24,M,A2
2915,1149,Abhishek Singh,28,M,A3
2916,1150,Abhishek Rao,26,M,A1
2917,1151,Abhishek Bhat,29,M,A1
2918,1151,Manjunath Gowda,20,M,A2
2919,1151,Vijay Kumar,21,M,A3
2920,1152,Vijay Patil,20,M,A1
2921,1152,Shilpa Joshi,33,F,A2
2922,1152,Ramesh Joshi,23,M,A3
2923,1152,Anil Kulkarni,34,M,A4
2924,1153,Manjunath Hegde,31,M,A1
2925,1153,Karthik Bhat,35,M,A2
2926,1153,Vijay Desai,58,M,A3
2927,1153,Santosh Sharma,26,M,A4
2928,1154,Mahesh Yadav,35,M,A1
2929,1154,Shivakumar Joshi,34,M,A2
2930,1154,Manjunath Kulkarni,27,M,A3
2931,1155,Arun Desai,30,M,A1
2932,1155,Pradeep Kulkarni,30,M,A2
2933,1155,Mahesh Patil,35,M,A3
2934,1156,Vijay Bhat,33,M,A1
2935,1156,Puneeth Shetty,21,M,A2
2936,1156,Sudeep Naik,20,M,A3
2937,1157,Darshan Kulkarni,32,M,A1
2938,1157,Sudeep Yadav,28,M,A2
2939,1157,Prakash Kumar,34,M,A3
2940,1158,Pradeep Joshi,24,M,A1
2941,1158,Ramesh Reddy,23,M,A2
2942,1158,Suma Bhat,33,F,A3
2943,1159,Rashmi Sharma,56,F,A1
2944,1160,Roopa Shetty,28,F,A1
2945,1160,Nithin Rao,64,M,A2
2946,1161,Nithin Bhat,22,M,A1
2947,1161,Ramesh Sharma,29,M,A2
2948,1162,Santosh Kumar,33,M,A1
2949,1162,Vinay Singh,28,M,A2
2950,1162,Sudeep Shetty,20,M,A3
2951,1162,Arun Rao,30,M,A4
2952,1163,Shivakumar Naik,24,M,A1
2953,1163,Ramesh Bhat,40,M,A2
2954,1163,Sudeep Joshi,32,M,A3
2955,1163,Pradeep Rao,30,M,A4
2956,1164,Kiran Singh,22,M,A1
2957,1164,Suresh Shetty,25,M,A2
2958,1165,Sunil Kulkarni,25,M,A1
2959,1165,Pradeep Shetty,25,M,A2
2960,1165,Manjunath Patil,24,T,A3
2961,1165,Asha Hiremath,33,F,A4
2962,1166,Vinay Patil,60,M,A1
2963,1166,Darshan Hegde,33,M,A2
2964,1166,Rakesh Hegde,31,M,A3
2965,1167,Sudeep Hegde,30,M,A1
2966,1167,Suresh Desai,35,M,A2
2967,1167,Mahesh Desai,44,M,A3
2968,1168,Vinay Rao,24,M,A1
2969,1168,Kiran Desai,31,M,A2
2970,1168,Basavaraj Bhat,32,M,A3
2971,1169,Karthik Gowda,26,M,A1
2972,1169,Anil Kumar,25,M,A2
2973,1170,Sudeep Kulkarni,43,M,A1
2974,1171,Manjunath Kulkarni,33,M,A1
2975,1171,Roopa Gowda,30,F,A2
2976,1172,Shivakumar Joshi,26,M,A1
2977,1172,Sunil Joshi,45,M,A2
2978,1173,Prakash Sharma,57,M,A1
2979,1173,Sunil Joshi,33,M,A2
2980,1173,Basavaraj Desai,33,M,A3
2981,1173,Suresh Naik,28,M,A4
2982,1174,Darshan Kumar,35,M,A1
2983,1174,Basavaraj Gowda,25,M,A2
2984,1174,Suresh Hiremath,31,M,A3
2985,1175,Shivakumar Kumar,29,M,A1
2986,1175,Puneeth Shetty,21,M,A2
2987,1176,Vinay Gowda,20,M,A1
2988,1176,Basavaraj Shetty,42,M,A2
2989,1176,Sudeep Rao,37,M,A3
2990,1176,Sudeep Sharma,22,M,A4
2991,1177,Ramesh Joshi,27,M,A1
2992,1177,Prakash Gowda,52,M,A2
2993,1178,Basavaraj Patil,23,M,A1
2994,1178,Rakesh Desai,28,M,A2
2995,1178,Divya Rao,49,F,A3
2996,1178,Suresh Hiremath,23,M,A4
2997,1179,Sunil Rao,27,M,A1
2998,1179,Ramesh Kulkarni,30,M,A2
2999,1179,Rekha Gowda,26,F,A3
3000,1180,Anil Yadav,46,M,A1
3001,1180,Prakash Joshi,35,M,A2
3002,1180,Basavaraj Naik,59,M,A3
3003,1181,Rakesh Naik,26,M,A1
3004,1181,Karthik Naik,31,M,A2
3005,1182,Ramesh Desai,29,M,A1
3006,1183,Sunil Desai,46,M,A1
3007,1184,Shilpa Joshi,39,F,A1
3008,1185,Asha Patil,24,F,A1
3009,1185,Sunil Desai,37,M,A2
3010,1185,Asha Singh,30,F,A3
3011,1186,Prakash Sharma,34,M,A1
3012,1186,Sudeep Kumar,30,M,A2
3013,1186,Shruthi Rao,34,F,A3
3014,1186,Abhishek Hiremath,26,M,A4
3015,1187,Shivakumar Singh,24,M,A1
3016,1188,Darshan Shetty,26,M,A1
3017,1189,Karthik Kulkarni,29,M,A1
3018,1189,Karthik Singh,28,M,A2
3019,1189,Vijay Kulkarni,22,M,A3
3020,1190,Vinay Singh,34,M,A1
3021,1190,Basavaraj Sharma,23,M,A2
3022,1190,Kavya Singh,23,F,A3
3023,1191,Suresh Gowda,23,M,A1
3024,1191,Anil Naik,52,M,A2
3025,1192,Anil Reddy,27,M,A1
3026,1192,Prakash Sharma,21,M,A2
3027,1192,Suresh Joshi,31,M,A3
3028,1192,Puneeth Hegde,26,M,A4
3029,1193,Nithin Shetty,29,M,A1
3030,1194,Suresh Kulkarni,28,M,A1
3031,1194,Basavaraj Sharma,35,M,A2
3032,1195,Santosh Joshi,30,M,A1
3033,1195,Sudeep Sharma,56,M,A2
3034,1195,Manjunath Hegde,35,M,A3
3035,1196,Manjunath Bhat,33,M,A1
3036,1196,Suma Gowda,44,F,A2
3037,1197,Anil Bhat,24,M,A1
3038,1197,Anil Reddy,24,M,A2
3039,1198,Sangeetha Patil,64,F,A1
3040,1198,Roopa Hegde,27,F,A2
3041,1198,Bhagya Desai,65,F,A3
3042,1198,Puneeth Hegde,65,M,A4
3043,1199,Vinay Patil,27,M,A1
3044,1199,Ramesh Singh,28,M,A2
3045,1199,Suresh Bhat,33,M,A3
3046,1199,Kiran Naik,52,M,A4
3047,1200,Manjunath Hiremath,31,M,A1
3048,1200,Suresh Sharma,26,M,A2
3049,1200,Basavaraj Hiremath,56,M,A3
3050,1201,Anil Shetty,29,M,A1
3051,1202,Ramesh Rao,22,M,A1
3052,1202,Pradeep Sharma,64,M,A2
3053,1203,Santosh Hegde,62,M,A1
3054,1203,Karthik Reddy,26,M,A2
3055,1203,Kiran Desai,21,M,A3
3056,1204,Manjunath Kulkarni,32,M,A1
3057,1204,Nithin Singh,23,M,A2
3058,1204,Santosh Kulkarni,48,T,A3
3059,1205,Puneeth Desai,21,M,A1
3060,1205,Mahesh Kumar,23,M,A2
3061,1205,Arun Joshi,22,M,A3
3062,1205,Rekha Desai,42,F,A4
3063,1206,Suresh Sharma,56,M,A1
3064,1206,Karthik Kulkarni,21,M,A2
3065,1206,Abhishek Yadav,30,M,A3
3066,1207,Sunil Yadav,27,M,A1
3067,1208,Puneeth Sharma,25,M,A1
3068,1208,Shivakumar Kumar,53,M,A2
3069,1208,Prakash Hegde,40,M,A3
3070,1209,Mahesh Hegde,33,M,A1
3071,1209,Anusha Kumar,33,F,A2
3072,1209,Sunil Desai,50,M,A3
3073,1209,Nithin Shetty,22,M,A4
3074,1210,Prakash Yadav,23,M,A1
3075,1210,Kavya Desai,21,F,A2
3076,1210,Vinay Rao,31,M,A3
3077,1211,Nithin Gowda,24,M,A1
3078,1211,Sudeep Desai,26,M,A2
3079,1211,Rakesh Desai,29,M,A3
3080,1212,Darshan Kulkarni,29,M,A1
3081,1212,Nithin Kumar,38,M,A2
3082,1213,Shivakumar Yadav,61,M,A1
3083,1213,Prakash Yadav,60,M,A2
3084,1214,Sudeep Hiremath,32,M,A1
3085,1214,Santosh Kulkarni,22,M,A2
3086,1214,Kiran Joshi,26,M,A3
3087,1214,Santosh Patil,60,M,A4
3088,1215,Arun Patil,22,M,A1
3089,1216,Shruthi Shetty,28,F,A1
3090,1216,Pradeep Joshi,27,M,A2
3091,1217,Sunil Kulkarni,28,M,A1
3092,1217,Vijay Yadav,22,M,A2
3093,1218,Anil Shetty,34,M,A1
3094,1219,Manjunath Bhat,27,M,A1
3095,1220,Pooja Desai,20,T,A1
3096,1220,Basavaraj Gowda,30,M,A2
3097,1220,Sudeep Yadav,21,M,A3
3098,1221,Puneeth Hegde,23,M,A1
3099,1221,Puneeth Yadav,44,M,A2
3100,1221,Vijay Patil,30,M,A3
3101,1221,Suresh Kulkarni,30,M,A4
3102,1222,Vinay Naik,58,M,A1
3103,1222,Sunil Reddy,30,M,A2
3104,1222,Suresh Naik,26,M,A3
3105,1223,Anil Gowda,25,M,A1
3106,1224,Kiran Shetty,37,M,A1
3107,1224,Mahesh Bhat,20,M,A2
3108,1225,Abhishek Rao,48,M,A1
3109,1226,Rakesh Hiremath,49,M,A1
3110,1226,Shivakumar Bhat,32,M,A2
3111,1226,Rakesh Hegde,35,M,A3
3112,1226,Puneeth Naik,20,M,A4
3113,1227,Kiran Hegde,47,M,A1
3114,1227,Rekha Yadav,28,F,A2
3115,1227,Anil Hegde,31,M,A3
3116,1227,Anil Kulkarni,24,M,A4
3117,1228,Anil Yadav,21,M,A1
3118,1228,Pradeep Gowda,52,M,A2
3119,1228,Suresh Naik,30,M,A3
3120,1229,Rakesh Patil,30,M,A1
3121,1229,Meghana Bhat,20,F,A2
3122,1229,Puneeth Joshi,65,M,A3
3123,1230,Pradeep Rao,31,M,A1
3124,1230,Shivakumar Desai,28,M,A2
3125,1230,Puneeth Yadav,26,M,A3
3126,1230,Darshan Rao,35,M,A4
3127,1231,Karthik Desai,31,M,A1
3128,1231,Santosh Rao,27,M,A2
3129,1232,Shivakumar Kulkarni,18,M,A1
3130,1232,Arun Hiremath,23,M,A2
3131,1233,Prakash Rao,25,M,A1
3132,1233,Puneeth Kulkarni,26,M,A2
3133,1233,Sudeep Naik,29,M,A3
3134,1233,Puneeth Hiremath,27,M,A4
3135,1234,Nithin Yadav,32,M,A1
3136,1235,Basavaraj Gowda,33,M,A1
3137,1235,Pradeep Patil,21,M,A2
3138,1235,Manjunath Kulkarni,20,M,A3
3139,1236,Abhishek Bhat,45,M,A1
3140,1236,Swathi Bhat,51,F,A2
3141,1236,Sunil Gowda,22,M,A3
3142,1237,Rakesh Hegde,22,M,A1
3143,1238,Ramesh Desai,34,M,A1
3144,1239,Abhishek Patil,25,M,A1
3145,1240,Vinay Joshi,31,M,A1
3146,1240,Abhishek Gowda,28,M,A2
3147,1240,Pradeep Naik,55,M,A3
3148,1241,Anil Joshi,27,M,A1
3149,1242,Nithin Hiremath,46,M,A1
3150,1242,Ramesh Kulkarni,48,M,A2
3151,1242,Arun Reddy,26,M,A3
3152,1243,Kiran Sharma,41,M,A1
3153,1244,Suresh Singh,28,M,A1
3154,1244,Abhishek Hegde,32,M,A2
3155,1244,Prakash Naik,32,M,A3
3156,1244,Santosh Joshi,65,M,A4
3157,1245,Anil Singh,35,M,A1
3158,1245,Basavaraj Singh,20,M,A2
3159,1245,Santosh Patil,33,M,A3
3160,1246,Geetha Joshi,31,F,A1
3161,1246,Bhagya Reddy,51,F,A2
3162,1246,Karthik Sharma,38,M,A3
3163,1247,Vinay Reddy,34,M,A1
3164,1248,Rashmi Hiremath,35,F,A1
3165,1248,Suresh Bhat,55,M,A2
3166,1248,Vijay Desai,28,M,A3
3167,1248,Pooja Hiremath,29,F,A4
3168,1249,Karthik Hegde,32,M,A1
3169,1249,Karthik Yadav,34,M,A2
3170,1250,Ramesh Singh,56,M,A1
3171,1251,Darshan Desai,35,M,A1
3172,1251,Pradeep Hegde,46,M,A2
3173,1251,Rakesh Naik,48,M,A3
3174,1251,Sangeetha Kumar,65,F,A4
3175,1252,Kavya Patil,26,F,A1
3176,1252,Nithin Sharma,24,M,A2
3177,1253,Puneeth Gowda,26,M,A1
3178,1253,Vijay Yadav,24,M,A2
3179,1253,Rakesh Patil,31,M,A3
3180,1254,Rakesh Rao,20,M,A1
3181,1254,Manjunath Hiremath,23,M,A2
3182,1254,Mahesh Patil,25,M,A3
3183,1254,Sunil Gowda,48,M,A4
3184,1255,Basavaraj Gowda,25,M,A1
3185,1255,Basavaraj Reddy,33,M,A2
3186,1255,Kiran Naik,50,M,A3
3187,1255,Asha Gowda,22,F,A4
3188,1256,Basavaraj Hiremath,30,M,A1
3189,1256,Karthik Hegde,34,M,A2
3190,1256,Nithin Joshi,48,M,A3
3191,1256,Vijay Gowda,25,M,A4
3192,1257,Pradeep Hiremath,24,M,A1
3193,1257,Mahesh Shetty,35,M,A2
3194,1257,Asha Desai,26,F,A3
3195,1257,Vinay Hegde,25,M,A4
3196,1258,Sunil Hiremath,24,M,A1
3197,1258,Pradeep Hegde,24,M,A2
3198,1258,Sunil Singh,23,M,A3
3199,1259,Santosh Joshi,29,M,A1
3200,1259,Basavaraj Reddy,43,M,A2
3201,1259,Santosh Naik,20,M,A3
3202,1260,Rakesh Hegde,51,T,A1
3203,1261,Shivakumar Desai,26,M,A1
3204,1261,Rakesh Joshi,28,M,A2
3205,1262,Sahana Reddy,29,F,A1
3206,1262,Ramesh Kulkarni,32,M,A2
3207,1262,Sunil Desai,32,M,A3
3208,1262,Vinay Hegde,24,M,A4
3209,1263,Vinay Desai,41,M,A1
3210,1263,Nithin Reddy,20,M,A2
3211,1263,Divya Naik,21,F,A3
3212,1263,Basavaraj Joshi,61,M,A4
3213,1264,Puneeth Sharma,28,M,A1
3214,1264,Santosh Desai,58,M,A2
3215,1264,Ramesh Rao,26,M,A3
3216,1264,Rakesh Sharma,20,M,A4
3217,1265,Manjunath Kumar,27,M,A1
3218,1265,Prakash Yadav,65,M,A2
3219,1265,Vinay Patil,45,M,A3
3220,1266,Rakesh Sharma,57,M,A1
3221,1267,Rakesh Hegde,23,M,A1
3222,1267,Mahesh Rao,29,M,A2
3223,1268,Santosh Kulkarni,35,M,A1
3224,1268,Abhishek Rao,27,M,A2
3225,1269,Divya Shetty,33,T,A1
3226,1269,Suresh Naik,38,M,A2
3227,1269,Basavaraj Hegde,55,M,A3
3228,1270,Sudeep Sharma,33,M,A1
3229,1271,Arun Bhat,26,M,A1
3230,1271,Prakash Reddy,27,M,A2
3231,1271,Manjunath Reddy,29,M,A3
3232,1271,Pradeep Patil,30,M,A4
3233,1272,Shivakumar Gowda,20,M,A1
3234,1272,Pradeep Joshi,30,M,A2
3235,1272,Vijay Rao,25,M,A3
3236,1272,Basavaraj Kulkarni,64,M,A4
3237,1273,Abhishek Hegde,33,M,A1
3238,1273,Shivakumar Sharma,26,M,A2
3239,1274,Vijay Shetty,25,M,A1
3240,1275,Nithin Yadav,27,M,A1
3241,1275,Sudeep Bhat,26,M,A2
3242,1276,Basavaraj Kulkarni,42,M,A1
3243,1276,Shivakumar Shetty,32,M,A2
3244,1276,Basavaraj Kumar,27,M,A3
3245,1276,Puneeth Singh,29,M,A4
3246,1277,Ramesh Desai,32,M,A1
3247,1277,Rakesh Patil,50,M,A2
3248,1278,Basavaraj Rao,56,M,A1
3249,1278,Nithin Singh,21,M,A2
3250,1278,Vinay Patil,25,M,A3
3251,1278,Geetha Reddy,25,F,A4
3252,1279,Prakash Rao,21,M,A1
3253,1279,Arun Kulkarni,35,M,A2
3254,1279,Santosh Shetty,25,M,A3
3255,1279,Suresh Desai,23,M,A4
3256,1280,Darshan Bhat,25,M,A1
3257,1280,Abhishek Desai,52,M,A2
3258,1280,Vijay Reddy,26,M,A3
3259,1280,Suma Kulkarni,25,F,A4
3260,1281,Nithin Kulkarni,40,M,A1
3261,1282,Sunil Joshi,22,M,A1
3262,1282,Arun Yadav,32,M,A2
3263,1282,Kiran Naik,32,M,A3
3264,1282,Sunil Yadav,30,M,A4
3265,1283,Meghana Naik,30,F,A1
3266,1283,Shilpa Kulkarni,20,F,A2
3267,1283,Pradeep Gowda,33,M,A3
3268,1284,Suresh Singh,49,M,A1
3269,1284,Pradeep Desai,34,M,A2
3270,1284,Prakash Singh,50,M,A3
3271,1285,Kiran Sharma,35,M,A1
3272,1285,Basavaraj Rao,27,M,A2
3273,1286,Abhishek Hiremath,31,M,A1
3274,1286,Vinay Shetty,28,M,A2
3275,1286,Pradeep Bhat,65,M,A3
3276,1287,Bhagya Gowda,25,F,A1
3277,1287,Karthik Hiremath,51,M,A2
3278,1287,Basavaraj Hegde,24,M,A3
3279,1287,Sudeep Singh,45,M,A4
3280,1288,Kiran Gowda,21,M,A1
3281,1288,Mahesh Patil,24,M,A2
3282,1288,Santosh Gowda,20,M,A3
3283,1288,Puneeth Bhat,24,M,A4
3284,1289,Rakesh Rao,30,M,A1
3285,1289,Vinay Singh,29,M,A2
3286,1289,Puneeth Gowda,35,M,A3
3287,1290,Pradeep Singh,24,M,A1
3288,1290,Arun Naik,20,M,A2
3289,1291,Abhishek Gowda,45,M,A1
3290,1292,Vijay Desai,40,M,A1
3291,1292,Abhishek Hegde,20,M,A2
3292,1292,Basavaraj Singh,24,M,A3
3293,1292,Ramesh Rao,22,M,A4
3294,1293,Ramesh Gowda,23,M,A1
3295,1293,Asha Reddy,22,F,A2
3296,1293,Rakesh Kulkarni,23,M,A3
3297,1294,Ramesh Gowda,27,M,A1
3298,1294,Ramesh Patil,29,M,A2
3299,1294,Basavaraj Bhat,35,M,A3
3300,1295,Basavaraj Patil,32,M,A1
3301,1295,Arun Kumar,35,M,A2
3302,1295,Mahesh Hegde,65,M,A3
3303,1296,Suma Hiremath,60,F,A1
3304,1296,Ramesh Joshi,20,M,A2
3305,1296,Suma Yadav,25,T,A3
3306,1297,Basavaraj Kulkarni,23,M,A1
3307,1298,Puneeth Rao,55,M,A1
3308,1298,Basavaraj Kulkarni,31,M,A2
3309,1298,Vinay Singh,27,M,A3
3310,1298,Kiran Sharma,33,M,A4
3311,1299,Sunil Reddy,33,M,A1
3312,1299,Sahana Bhat,33,F,A2
3313,1299,Mahesh Joshi,23,M,A3
3314,1299,Asha Patil,35,F,A4
3315,1300,Shivakumar Reddy,28,M,A1
3316,1301,Sudeep Joshi,62,M,A1
3317,1301,Manjunath Desai,24,M,A2
3318,1301,Darshan Sharma,31,M,A3
3319,1301,Basavaraj Patil,28,M,A4
3320,1302,Darshan Yadav,34,M,A1
3321,1302,Anil Yadav,39,M,A2
3322,1302,Karthik Kulkarni,52,M,A3
3323,1302,Rakesh Kulkarni,24,M,A4
3324,1303,Suresh Hiremath,26,M,A1
3325,1303,Santosh Gowda,29,M,A2
3326,1304,Manjunath Rao,24,M,A1
3327,1305,Rakesh Desai,27,M,A1
3328,1306,Darshan Hegde,24,M,A1
3329,1306,Shilpa Naik,33,F,A2
3330,1306,Anil Patil,35,M,A3
3331,1306,Meghana Gowda,22,F,A4
3332,1307,Nithin Rao,21,M,A1
3333,1307,Sudeep Patil,34,M,A2
3334,1308,Nithin Rao,21,M,A1
3335,1308,Basavaraj Kulkarni,30,M,A2
3336,1308,Prakash Rao,25,M,A3
3337,1309,Shivakumar Naik,29,M,A1
3338,1310,Pradeep Kumar,27,M,A1
3339,1310,Basavaraj Desai,28,M,A2
3340,1311,Anusha Desai,63,F,A1
3341,1311,Sudeep Naik,31,M,A2
3342,1312,Nithin Hiremath,32,M,A1
3343,1312,Anil Patil,27,M,A2
3344,1312,Vijay Shetty,23,M,A3
3345,1312,Kiran Singh,34,M,A4
3346,1313,Abhishek Desai,33,M,A1
3347,1313,Mahesh Shetty,33,M,A2
3348,1313,Karthik Naik,20,M,A3
3349,1313,Prakash Hiremath,23,M,A4
3350,1314,Anil Patil,22,M,A1
3351,1314,Darshan Sharma,57,M,A2
3352,1314,Vijay Desai,23,M,A3
3353,1314,Prakash Reddy,27,M,A4
3354,1315,Prakash Kulkarni,37,M,A1
3355,1316,Kavya Desai,20,F,A1
3356,1316,Karthik Shetty,43,M,A2
3357,1316,Manjunath Hiremath,21,M,A3
3358,1317,Pradeep Joshi,22,M,A1
3359,1317,Basavaraj Hegde,24,M,A2
3360,1317,Rakesh Bhat,22,M,A3
3361,1318,Nithin Yadav,24,M,A1
3362,1318,Kavya Yadav,36,F,A2
3363,1318,Suresh Yadav,34,M,A3
3364,1318,Santosh Desai,30,M,A4
3365,1319,Meghana Reddy,59,F,A1
3366,1320,Kiran Joshi,35,M,A1
3367,1321,Anusha Shetty,35,F,A1
3368,1321,Sunil Gowda,31,M,A2
3369,1321,Karthik Hegde,34,M,A3
3370,1322,Santosh Rao,33,M,A1
3371,1323,Darshan Bhat,28,M,A1
3372,1323,Ramya Hegde,35,F,A2
3373,1323,Sudeep Desai,45,M,A3
3374,1323,Rakesh Reddy,34,M,A4
3375,1324,Ramya Reddy,29,F,A1
3376,1324,Sunil Rao,27,M,A2
3377,1325,Shruthi Desai,35,F,A1
3378,1325,Santosh Naik,25,M,A2
3379,1326,Karthik Shetty,26,M,A1
3380,1326,Kiran Kumar,21,M,A2
3381,1327,Puneeth Naik,20,M,A1
3382,1327,Prakash Hegde,48,M,A2
3383,1328,Prakash Kumar,25,M,A1
3384,1328,Shilpa Yadav,65,F,A2
3385,1328,Basavaraj Patil,26,M,A3
3386,1329,Basavaraj Singh,32,M,A1
3387,1329,Sudeep Singh,28,M,A2
3388,1330,Manjunath Rao,27,M,A1
3389,1331,Manjunath Hiremath,35,M,A1
3390,1331,Geetha Kumar,32,F,A2
3391,1332,Suresh Gowda,22,M,A1
3392,1332,Sudeep Joshi,27,M,A2
3393,1333,Nithin Rao,46,M,A1
3394,1334,Shilpa Bhat,34,F,A1
3395,1334,Kavya Desai,20,F,A2
3396,1334,Kiran Gowda,52,M,A3
3397,1334,Pradeep Joshi,33,M,A4
3398,1335,Ramesh Naik,20,M,A1
3399,1335,Basavaraj Sharma,56,M,A2
3400,1335,Ramesh Gowda,28,M,A3
3401,1336,Pradeep Joshi,34,M,A1
3402,1336,Sudeep Kulkarni,52,M,A2
3403,1336,Mahesh Yadav,24,M,A3
3404,1337,Geetha Desai,31,F,A1
3405,1338,Suresh Sharma,33,M,A1
3406,1339,Prakash Joshi,35,M,A1
3407,1339,Mahesh Rao,29,M,A2
3408,1339,Abhishek Rao,22,M,A3
3409,1340,Vinay Shetty,35,M,A1
3410,1340,Prakash Kulkarni,20,M,A2
3411,1340,Kiran Joshi,33,M,A3
3412,1340,Darshan Kulkarni,35,M,A4
3413,1341,Pradeep Bhat,54,M,A1
3414,1342,Basavaraj Kumar,33,M,A1
3415,1342,Manjunath Desai,34,M,A2
3416,1342,Basavaraj Desai,45,M,A3
3417,1343,Suresh Desai,29,M,A1
3418,1343,Basavaraj Hegde,30,M,A2
3419,1343,Basavaraj Kumar,28,M,A3
3420,1344,Divya Gowda,25,F,A1
3421,1345,Suma Hiremath,33,F,A1
3422,1345,Arun Gowda,29,M,A2
3423,1345,Anil Joshi,29,M,A3
3424,1346,Pradeep Kulkarni,22,M,A1
3425,1346,Shivakumar Yadav,20,M,A2
3426,1346,Puneeth Hegde,31,M,A3
3427,1347,Ramesh Gowda,26,M,A1
3428,1347,Anil Gowda,35,M,A2
3429,1348,Vinay Kulkarni,28,M,A1
3430,1349,Suresh Bhat,26,M,A1
3431,1349,Ramesh Desai,32,M,A2
3432,1349,Basavaraj Joshi,29,M,A3
3433,1350,Vijay Naik,30,M,A1
3434,1350,Puneeth Singh,24,M,A2
3435,1350,Rakesh Kumar,43,M,A3
3436,1351,Abhishek Singh,34,M,A1
3437,1351,Abhishek Joshi,23,M,A2
3438,1351,Suma Singh,35,F,A3
3439,1352,Prakash Patil,29,M,A1
3440,1352,Nithin Bhat,28,M,A2
3441,1352,Karthik Shetty,28,M,A3
3442,1353,Mahesh Hegde,26,M,A1
3443,1354,Rakesh Desai,20,M,A1
3444,1354,Manjunath Rao,63,T,A2
3445,1354,Divya Kumar,27,T,A3
3446,1354,Basavaraj Patil,20,M,A4
3447,1355,Kiran Joshi,55,M,A1
3448,1355,Puneeth Hegde,35,M,A2
3449,1355,Ramesh Joshi,23,M,A3
3450,1355,Manjunath Patil,39,M,A4
3451,1356,Nithin Kumar,62,M,A1
3452,1357,Kavya Hiremath,28,F,A1
3453,1357,Pradeep Reddy,49,M,A2
3454,1358,Shivakumar Hegde,35,M,A1
3455,1359,Sunil Bhat,49,M,A1
3456,1359,Arun Patil,21,M,A2
3457,1359,Abhishek Singh,33,M,A3
3458,1360,Shruthi Singh,60,F,A1
3459,1361,Rakesh Shetty,20,M,A1
3460,1362,Vijay Sharma,45,M,A1
3461,1363,Puneeth Desai,27,M,A1
3462,1364,Basavaraj Hiremath,20,M,A1
3463,1364,Puneeth Hegde,26,M,A2
3464,1364,Karthik Gowda,52,M,A3
3465,1365,Mahesh Hegde,23,M,A1
3466,1365,Nithin Shetty,33,M,A2
3467,1366,Ramesh Bhat,28,M,A1
3468,1366,Manjunath Hiremath,20,M,A2
3469,1366,Rakesh Kumar,59,M,A3
3470,1366,Karthik Kumar,29,M,A4
3471,1367,Sunil Yadav,30,M,A1
3472,1367,Manjunath Sharma,42,M,A2
3473,1368,Manjunath Rao,45,M,A1
3474,1368,Sudeep Gowda,21,M,A2
3475,1369,Nithin Rao,30,M,A1
3476,1369,Mahesh Hegde,20,M,A2
3477,1369,Arun Desai,31,M,A3
3478,1370,Shruthi Gowda,25,T,A1
3479,1370,Shilpa Joshi,20,F,A2
3480,1370,Anil Reddy,20,M,A3
3481,1370,Ramesh Joshi,41,M,A4
3482,1371,Swathi Singh,34,F,A1
3483,1371,Vinay Bhat,25,M,A2
3484,1371,Nithin Patil,26,M,A3
3485,1371,Suresh Bhat,23,M,A4
3486,1372,Anil Kumar,26,M,A1
3487,1372,Sudeep Shetty,30,M,A2
3488,1373,Abhishek Patil,20,M,A1
3489,1373,Sudeep Naik,62,M,A2
3490,1373,Abhishek Reddy,32,M,A3
3491,1373,Darshan Naik,51,M,A4
3492,1374,Kiran Sharma,56,M,A1
3493,1374,Pradeep Gowda,35,M,A2
3494,1374,Arun Bhat,21,M,A3
3495,1374,Santosh Rao,35,M,A4
3496,1375,Pradeep Hiremath,32,M,A1
3497,1375,Sahana Shetty,28,F,A2
3498,1376,Shivakumar Singh,46,M,A1
3499,1376,Prakash Joshi,30,M,A2
3500,1377,Suma Patil,35,T,A1
3501,1377,Sudeep Joshi,30,M,A2
3502,1377,Asha Bhat,25,F,A3
3503,1378,Vinay Sharma,29,M,A1
3504,1378,Vijay Gowda,31,M,A2
3505,1378,Basavaraj Hegde,33,M,A3
3506,1379,Karthik Sharma,32,M,A1
3507,1380,Ramesh Desai,35,M,A1
3508,1380,Prakash Kulkarni,46,M,A2
3509,1381,Nithin Singh,25,M,A1
3510,1381,Rakesh Rao,33,M,A2
3511,1381,Pradeep Gowda,28,M,A3
3512,1382,Sudeep Hiremath,31,M,A1
3513,1382,Basavaraj Yadav,33,M,A2
3514,1383,Basavaraj Desai,32,M,A1
3515,1383,Darshan Yadav,29,M,A2
3516,1384,Abhishek Patil,35,M,A1
3517,1384,Geetha Bhat,35,F,A2
3518,1384,Ramya Gowda,38,F,A3
3519,1385,Karthik Yadav,41,M,A1
3520,1385,Shilpa Patil,21,F,A2
3521,1385,Nithin Shetty,49,M,A3
3522,1385,Sunil Gowda,31,M,A4
3523,1386,Shivakumar Yadav,33,M,A1
3524,1386,Kavya Hegde,36,F,A2
3525,1386,Sunil Shetty,33,M,A3
3526,1387,Puneeth Patil,22,M,A1
3527,1387,Ramya Rao,21,F,A2
3528,1387,Sunil Naik,27,M,A3
3529,1387,Sahana Sharma,28,T,A4
3530,1388,Asha Bhat,32,F,A1
3531,1388,Meghana Bhat,65,F,A2
3532,1388,Anil Reddy,20,M,A3
3533,1389,Darshan Reddy,24,M,A1
3534,1389,Santosh Sharma,21,M,A2
3535,1390,Prakash Joshi,31,M,A1
3536,1391,Abhishek Hegde,29,M,A1
3537,1391,Bhagya Joshi,57,F,A2
3538,1391,Sunil Naik,23,M,A3
3539,1391,Karthik Bhat,22,M,A4
3540,1392,Basavaraj Hiremath,42,M,A1
3541,1392,Nithin Rao,63,M,A2
3542,1392,Sudeep Bhat,34,M,A3
3543,1393,Vijay Hegde,26,M,A1
3544,1393,Sudeep Hiremath,23,M,A2
3545,1393,Sunil Joshi,27,M,A3
3546,1393,Asha Bhat,32,F,A4
3547,1394,Asha Sharma,41,F,A1
3548,1394,Sudeep Kumar,34,M,A2
3549,1394,Suresh Kumar,35,M,A3
3550,1395,Santosh Desai,51,M,A1
3551,1395,Rakesh Patil,40,M,A2
3552,1395,Kiran Naik,21,M,A3
3553,1395,Sudeep Reddy,20,M,A4
3554,1396,Mahesh Rao,26,M,A1
3555,1396,Shivakumar Gowda,34,M,A2
3556,1396,Anil Kulkarni,28,M,A3
3557,1396,Vinay Hiremath,30,M,A4
3558,1397,Rakesh Patil,23,M,A1
3559,1397,Suresh Reddy,30,M,A2
3560,1397,Rakesh Bhat,48,M,A3
3561,1397,Sunil Desai,22,M,A4
3562,1398,Pradeep Hiremath,34,M,A1
3563,1398,Vinay Sharma,29,M,A2
3564,1398,Manjunath Yadav,20,M,A3
3565,1398,Darshan Naik,29,M,A4
3566,1399,Vijay Shetty,33,M,A1
3567,1399,Vinay Hiremath,21,M,A2
3568,1399,Kavya Yadav,32,F,A3
3569,1400,Santosh Hiremath,34,M,A1
3570,1400,Suresh Bhat,27,M,A2
3571,1400,Kiran Yadav,66,M,A3
3572,1401,Puneeth Singh,50,M,A1
3573,1401,Manjunath Patil,34,M,A2
3574,1401,Vijay Hegde,31,M,A3
3575,1401,Pradeep Hegde,30,M,A4
3576,1402,Ramya Kulkarni,43,F,A1
3577,1403,Arun Shetty,25,M,A1
3578,1403,Suresh Desai,22,M,A2
3579,1403,Vinay Gowda,34,M,A3
3580,1403,Anil Kulkarni,21,M,A4
3581,1404,Pradeep Patil,22,M,A1
3582,1405,Vijay Patil,20,M,A1
3583,1405,Mahesh Bhat,20,M,A2
3584,1406,Prakash Yadav,31,M,A1
3585,1407,Nithin Naik,24,M,A1
3586,1408,Mahesh Desai,28,M,A1
3587,1408,Suresh Naik,20,M,A2
3588,1409,Mahesh Desai,33,M,A1
3589,1409,Meghana Desai,26,F,A2
3590,1410,Manjunath Sharma,27,M,A1
3591,1410,Sunil Hegde,64,M,A2
3592,1410,Santosh Rao,29,T,A3
3593,1411,Asha Gowda,28,F,A1
3594,1411,Prakash Singh,42,M,A2
3595,1412,Kavya Gowda,31,T,A1
3596,1413,Arun Yadav,35,M,A1
3597,1413,Meghana Sharma,20,T,A2
3598,1413,Kiran Naik,22,M,A3
3599,1413,Basavaraj Naik,57,M,A4
3600,1414,Arun Kumar,44,M,A1
3601,1414,Darshan Hiremath,21,M,A2
3602,1415,Darshan Shetty,32,M,A1
3603,1415,Ramesh Naik,22,M,A2
3604,1416,Basavaraj Yadav,38,M,A1
3605,1417,Sudeep Hiremath,33,M,A1
3606,1417,Kiran Kulkarni,28,M,A2
3607,1417,Darshan Reddy,29,M,A3
3608,1418,Abhishek Patil,48,M,A1
3609,1418,Nithin Joshi,23,M,A2
3610,1419,Vijay Kumar,20,M,A1
3611,1419,Darshan Shetty,23,M,A2
3612,1419,Anil Rao,26,M,A3
3613,1419,Arun Shetty,52,M,A4
3614,1420,Nithin Joshi,47,M,A1
3615,1421,Ramya Bhat,20,F,A1
3616,1422,Prakash Joshi,31,M,A1
3617,1422,Abhishek Hiremath,34,M,A2
3618,1422,Ramya Patil,29,F,A3
3619,1423,Suresh Kulkarni,54,T,A1
3620,1423,Meghana Naik,31,F,A2
3621,1423,Kiran Reddy,24,M,A3
3622,1423,Pradeep Rao,28,M,A4
3623,1424,Nithin Naik,31,M,A1
3624,1424,Santosh Reddy,20,M,A2
3625,1425,Roopa Desai,29,F,A1
3626,1425,Basavaraj Rao,23,M,A2
3627,1425,Shruthi Bhat,20,F,A3
3628,1426,Vinay Rao,34,M,A1
3629,1426,Manjunath Joshi,32,M,A2
3630,1426,Shivakumar Kulkarni,64,M,A3
3631,1426,Pradeep Sharma,28,M,A4
3632,1427,Abhishek Kulkarni,29,M,A1
3633,1427,Darshan Sharma,34,M,A2
3634,1428,Kiran Yadav,34,M,A1
3635,1428,Darshan Joshi,22,M,A2
3636,1428,Manjunath Rao,21,M,A3
3637,1429,Rakesh Yadav,25,M,A1
3638,1430,Santosh Hiremath,23,M,A1
3639,1430,Ramesh Naik,22,M,A2
3640,1430,Basavaraj Desai,23,M,A3
3641,1430,Nithin Kulkarni,33,M,A4
3642,1431,Ramya Yadav,24,F,A1
3643,1431,Karthik Joshi,24,M,A2
3644,1432,Sudeep Patil,39,M,A1
3645,1433,Manjunath Reddy,58,M,A1
3646,1433,Vinay Bhat,22,M,A2
3647,1434,Pradeep Sharma,29,M,A1
3648,1434,Basavaraj Hegde,41,M,A2
3649,1434,Kiran Singh,32,M,A3
3650,1435,Pooja Patil,32,F,A1
3651,1436,Basavaraj Shetty,35,M,A1
3652,1437,Sudeep Shetty,28,M,A1
3653,1437,Mahesh Sharma,45,M,A2
3654,1437,Karthik Shetty,29,M,A3
3655,1437,Ramya Gowda,28,F,A4
3656,1438,Abhishek Sharma,20,M,A1
3657,1438,Ramesh Naik,22,M,A2
3658,1438,Abhishek Kumar,29,M,A3
3659,1439,Sunil Hiremath,34,M,A1
3660,1439,Sudeep Shetty,26,M,A2
3661,1440,Vijay Kumar,33,M,A1
3662,1440,Abhishek Sharma,25,M,A2
3663,1440,Arun Reddy,31,M,A3
3664,1440,Vinay Rao,27,M,A4
3665,1441,Prakash Singh,24,M,A1
3666,1441,Manjunath Sharma,28,M,A2
3667,1441,Kiran Gowda,22,M,A3
3668,1442,Rakesh Reddy,31,M,A1
3669,1442,Pradeep Bhat,25,M,A2
3670,1443,Nithin Sharma,22,M,A1
3671,1443,Vijay Patil,35,M,A2
3672,1444,Abhishek Bhat,47,M,A1
3673,1444,Pradeep Kumar,30,M,A2
3674,1444,Pradeep Patil,35,M,A3
3675,1444,Vinay Joshi,33,M,A4
3676,1445,Prakash Desai,28,M,A1
3677,1445,Pradeep Shetty,26,M,A2
3678,1445,Vinay Rao,32,M,A3
3679,1445,Sunil Hegde,31,M,A4
3680,1446,Pradeep Kumar,55,M,A1
3681,1447,Vinay Singh,18,M,A1
3682,1447,Prakash Kumar,26,M,A2
3683,1447,Santosh Kulkarni,35,M,A3
3684,1447,Puneeth Desai,22,M,A4
3685,1448,Sangeetha Sharma,29,F,A1
3686,1448,Manjunath Gowda,42,M,A2
3687,1448,Shivakumar Shetty,26,M,A3
3688,1448,Nithin Gowda,28,M,A4
3689,1449,Mahesh Joshi,20,M,A1
3690,1449,Puneeth Yadav,26,M,A2
3691,1449,Puneeth Kulkarni,33,M,A3
3692,1450,Vinay Naik,57,M,A1
3693,1450,Basavaraj Kumar,56,M,A2
3694,1451,Arun Sharma,27,M,A1
3695,1451,Pradeep Desai,26,M,A2
3696,1451,Shivakumar Desai,21,M,A3
3697,1452,Sudeep Singh,33,M,A1
3698,1452,Rakesh Reddy,19,M,A2
3699,1452,Sunil Gowda,52,M,A3
3700,1453,Vinay Hiremath,20,M,A1
3701,1453,Pradeep Naik,22,M,A2
3702,1453,Arun Naik,21,M,A3
3703,1453,Rekha Patil,29,F,A4
3704,1454,Puneeth Sharma,21,M,A1
3705,1454,Bhagya Naik,28,T,A2
3706,1454,Rakesh Rao,19,M,A3
3707,1455,Meghana Desai,26,F,A1
3708,1455,Sudeep Rao,43,M,A2
3709,1455,Santosh Sharma,29,M,A3
3710,1455,Abhishek Shetty,48,M,A4
3711,1456,Manjunath Kumar,33,M,A1
3712,1456,Santosh Yadav,28,M,A2
3713,1457,Kavya Shetty,51,F,A1
3714,1457,Sahana Rao,20,F,A2
3715,1457,Manjunath Desai,32,M,A3
3716,1457,Mahesh Hiremath,33,M,A4
3717,1458,Puneeth Rao,26,T,A1
3718,1458,Kiran Yadav,57,M,A2
3719,1458,Suresh Joshi,30,M,A3
3720,1458,Pooja Yadav,63,F,A4
3721,1459,Roopa Kulkarni,22,F,A1
3722,1459,Ramesh Naik,52,M,A2
3723,1459,Anusha Rao,29,T,A3
3724,1459,Santosh Rao,50,M,A4
3725,1460,Prakash Kulkarni,47,M,A1
3726,1461,Ramesh Hiremath,33,M,A1
3727,1461,Mahesh Singh,34,M,A2
3728,1461,Manjunath Naik,28,M,A3
3729,1461,Santosh Joshi,24,M,A4
3730,1462,Sunil Kumar,65,M,A1
3731,1463,Santosh Naik,29,M,A1
3732,1463,Shivakumar Desai,31,M,A2
3733,1464,Vinay Kulkarni,20,M,A1
3734,1464,Kiran Yadav,30,M,A2
3735,1464,Rakesh Gowda,28,M,A3
3736,1464,Sahana Singh,34,F,A4
3737,1465,Nithin Joshi,34,M,A1
3738,1465,Santosh Rao,29,M,A2
3739,1465,Sunil Gowda,27,M,A3
3740,1466,Pooja Hiremath,33,F,A1
3741,1466,Manjunath Sharma,27,M,A2
3742,1466,Pradeep Desai,20,M,A3
3743,1467,Manjunath Kulkarni,27,M,A1
3744,1467,Sudeep Bhat,37,M,A2
3745,1468,Karthik Patil,25,M,A1
3746,1468,Shivakumar Joshi,21,M,A2
3747,1469,Sangeetha Joshi,56,F,A1
3748,1469,Manjunath Kumar,48,M,A2
3749,1469,Nithin Hegde,21,M,A3
3750,1469,Sudeep Kumar,26,M,A4
3751,1470,Santosh Yadav,63,M,A1
3752,1470,Prakash Bhat,23,M,A2
3753,1470,Basavaraj Kumar,31,M,A3
3754,1471,Anil Kulkarni,32,M,A1
3755,1471,Anusha Sharma,23,T,A2
3756,1472,Pradeep Sharma,34,M,A1
3757,1472,Manjunath Hiremath,33,M,A2
3758,1473,Nithin Sharma,32,M,A1
3759,1473,Suresh Hiremath,32,M,A2
3760,1473,Shivakumar Naik,20,M,A3
3761,1474,Anusha Bhat,29,F,A1
3762,1475,Shivakumar Gowda,22,M,A1
3763,1475,Pradeep Hiremath,26,M,A2
3764,1475,Nithin Bhat,30,M,A3
3765,1476,Darshan Reddy,49,M,A1
3766,1477,Prakash Bhat,34,M,A1
3767,1478,Prakash Joshi,47,T,A1
3768,1479,Mahesh Bhat,29,M,A1
3769,1479,Manjunath Hegde,20,M,A2
3770,1479,Swathi Hegde,20,F,A3
3771,1480,Puneeth Bhat,41,M,A1
3772,1480,Arun Reddy,20,M,A2
3773,1481,Prakash Naik,38,M,A1
3774,1482,Sunil Gowda,18,M,A1
3775,1482,Arun Rao,21,M,A2
3776,1482,Karthik Hiremath,29,M,A3
3777,1483,Puneeth Naik,32,M,A1
3778,1483,Pradeep Patil,53,M,A2
3779,1483,Vijay Shetty,53,M,A3
3780,1483,Karthik Gowda,27,M,A4
3781,1484,Arun Shetty,45,M,A1
3782,1485,Puneeth Kulkarni,27,M,A1
3783,1485,Kiran Naik,25,M,A2
3784,1485,Arun Sharma,28,M,A3
3785,1485,Suresh Patil,27,M,A4
3786,1486,Santosh Reddy,23,M,A1
3787,1486,Kiran Sharma,20,M,A2
3788,1486,Pradeep Shetty,21,M,A3
3789,1486,Rekha Shetty,30,F,A4
3790,1487,Ramesh Rao,32,M,A1
3791,1487,Manjunath Sharma,20,M,A2
3792,1487,Shivakumar Gowda,20,M,A3
3793,1487,Rekha Kumar,60,F,A4
3794,1488,Sudeep Joshi,61,M,A1
3795,1489,Darshan Kulkarni,33,M,A1
3796,1490,Ramesh Kumar,24,M,A1
3797,1490,Santosh Reddy,61,M,A2
3798,1490,Pradeep Naik,34,M,A3
3799,1490,Suresh Gowda,26,M,A4
3800,1491,Nithin Desai,41,M,A1
3801,1491,Kiran Yadav,32,M,A2
3802,1492,Abhishek Naik,31,M,A1
3803,1492,Basavaraj Kulkarni,20,M,A2
3804,1492,Anil Desai,32,M,A3
3805,1493,Sudeep Singh,41,M,A1
3806,1494,Nithin Singh,34,M,A1
3807,1495,Pradeep Kulkarni,42,T,A1
3808,1495,Vinay Kumar,44,M,A2
3809,1495,Suresh Sharma,42,M,A3
3810,1496,Suresh Bhat,19,M,A1
3811,1497,Shilpa Rao,22,F,A1
3812,1497,Abhishek Singh,24,M,A2
3813,1497,Abhishek Desai,29,M,A3
3814,1498,Mahesh Hegde,22,M,A1
3815,1499,Ramesh Bhat,34,M,A1
3816,1499,Kavya Bhat,22,F,A2
3817,1499,Basavaraj Sharma,29,M,A3
3818,1499,Shivakumar Yadav,32,M,A4
3819,1500,Darshan Reddy,22,M,A1
3820,1500,Abhishek Desai,24,M,A2
3821,1500,Shivakumar Hiremath,41,M,A3
3822,1500,Shivakumar Kulkarni,25,M,A4
3823,1501,Mahesh Bhat,25,M,A1
3824,1501,Vijay Patil,44,M,A2
3825,1502,Mahesh Desai,26,M,A1
3826,1502,Prakash Gowda,24,M,A2
3827,1502,Vinay Kulkarni,28,M,A3
3828,1502,Shruthi Reddy,30,F,A4
3829,1503,Vinay Sharma,65,M,A1
3830,1503,Sudeep Rao,21,M,A2
3831,1503,Nithin Naik,23,M,A3
3832,1504,Suresh Kulkarni,27,M,A1
3833,1505,Darshan Kulkarni,37,M,A1
3834,1506,Anusha Rao,28,F,A1
3835,1507,Abhishek Hegde,25,M,A1
3836,1507,Abhishek Sharma,29,T,A2
3837,1507,Sahana Joshi,35,F,A3
3838,1507,Arun Singh,31,M,A4
3839,1508,Geetha Patil,26,F,A1
3840,1508,Kiran Yadav,25,M,A2
3841,1508,Sudeep Yadav,24,M,A3
3842,1508,Shivakumar Sharma,47,M,A4
3843,1509,Roopa Naik,22,T,A1
3844,1509,Sangeetha Rao,31,F,A2
3845,1510,Darshan Joshi,42,M,A1
3846,1510,Shivakumar Naik,27,M,A2
3847,1510,Mahesh Patil,25,M,A3
3848,1511,Santosh Gowda,21,M,A1
3849,1512,Pradeep Kulkarni,29,M,A1
3850,1512,Rakesh Desai,23,M,A2
3851,1512,Mahesh Hiremath,20,M,A3
3852,1512,Vinay Bhat,24,M,A4
3853,1513,Suresh Bhat,33,M,A1
3854,1513,Sahana Gowda,54,F,A2
3855,1513,Sangeetha Hiremath,21,F,A3
3856,1513,Sunil Rao,38,M,A4
3857,1514,Sudeep Sharma,24,M,A1
3858,1514,Sudeep Reddy,22,M,A2
3859,1514,Pradeep Naik,20,M,A3
3860,1515,Anil Kulkarni,33,M,A1
3861,1515,Kavya Singh,65,F,A2
3862,1515,Abhishek Joshi,27,M,A3
3863,1515,Suresh Patil,29,M,A4
3864,1516,Ramesh Patil,26,M,A1
3865,1516,Anil Rao,36,M,A2
3866,1516,Pradeep Kulkarni,28,M,A3
3867,1517,Suresh Desai,50,M,A1
3868,1517,Nithin Yadav,33,M,A2
3869,1517,Basavaraj Reddy,28,M,A3
3870,1518,Suma Rao,48,F,A1
3871,1519,Ramya Hegde,23,F,A1
3872,1519,Sudeep Sharma,29,M,A2
3873,1519,Kiran Patil,29,M,A3
3874,1520,Vinay Naik,55,M,A1
3875,1521,Vinay Bhat,25,M,A1
3876,1521,Anil Shetty,28,M,A2
3877,1521,Sunil Kumar,30,M,A3
3878,1521,Pradeep Joshi,35,M,A4
3879,1522,Vinay Bhat,34,M,A1
3880,1522,Manjunath Yadav,35,M,A2
3881,1522,Nithin Singh,22,M,A3
3882,1523,Mahesh Singh,21,M,A1
3883,1523,Pradeep Hiremath,32,M,A2
3884,1524,Sunil Rao,52,M,A1
3885,1524,Puneeth Sharma,35,M,A2
3886,1524,Prakash Yadav,26,M,A3
3887,1525,Manjunath Patil,21,M,A1
3888,1525,Sudeep Patil,25,M,A2
3889,1525,Vinay Patil,31,M,A3
3890,1526,Vinay Patil,22,M,A1
3891,1526,Prakash Reddy,37,M,A2
3892,1527,Suresh Joshi,35,T,A1
3893,1528,Vinay Patil,35,M,A1
3894,1528,Mahesh Hiremath,31,M,A2
3895,1528,Kiran Shetty,33,M,A3
3896,1528,Vijay Kulkarni,24,M,A4
3897,1529,Nithin Gowda,20,M,A1
3898,1529,Prakash Desai,32,M,A2
3899,1530,Rakesh Singh,23,M,A1
3900,1530,Ramesh Reddy,25,M,A2
3901,1531,Divya Kumar,34,F,A1
3902,1531,Santosh Shetty,25,M,A2
3903,1531,Rakesh Yadav,29,M,A3
3904,1531,Abhishek Singh,42,M,A4
3905,1532,Vijay Hegde,26,M,A1
3906,1532,Shivakumar Shetty,25,M,A2
3907,1532,Vijay Hiremath,51,M,A3
3908,1533,Ramesh Kulkarni,58,M,A1
3909,1533,Vinay Hiremath,26,M,A2
3910,1533,Nithin Gowda,28,M,A3
3911,1534,Karthik Bhat,25,M,A1
3912,1534,Karthik Patil,63,M,A2
3913,1535,Sudeep Sharma,23,M,A1
3914,1535,Anil Bhat,19,M,A2
3915,1535,Anusha Bhat,26,F,A3
3916,1536,Darshan Joshi,28,T,A1
3917,1536,Mahesh Shetty,65,M,A2
3918,1536,Pradeep Yadav,59,M,A3
3919,1536,Ramya Joshi,33,F,A4
3920,1537,Suresh Hiremath,21,M,A1
3921,1538,Arun Sharma,32,M,A1
3922,1538,Abhishek Kulkarni,48,M,A2
3923,1539,Geetha Sharma,25,F,A1
3924,1539,Kiran Joshi,29,M,A2
3925,1540,Nithin Desai,26,M,A1
3926,1540,Manjunath Shetty,64,T,A2
3927,1540,Santosh Rao,21,M,A3
3928,1541,Vinay Singh,33,M,A1
3929,1541,Puneeth Joshi,28,M,A2
3930,1541,Manjunath Kulkarni,32,M,A3
3931,1542,Nithin Rao,35,M,A1
3932,1543,Darshan Reddy,33,T,A1
3933,1544,Suma Yadav,34,T,A1
3934,1544,Suresh Joshi,31,M,A2
3935,1544,Rakesh Desai,26,M,A3
3936,1544,Sahana Patil,19,T,A4
3937,1545,Rakesh Shetty,18,M,A1
3938,1546,Kiran Gowda,41,M,A1
3939,1546,Puneeth Shetty,25,M,A2
3940,1546,Nithin Singh,22,M,A3
3941,1546,Santosh Desai,46,M,A4
3942,1547,Sudeep Hiremath,57,M,A1
3943,1547,Abhishek Yadav,27,M,A2
3944,1547,Rekha Kulkarni,55,F,A3
3945,1548,Pooja Shetty,25,F,A1
3946,1548,Sudeep Hegde,35,M,A2
3947,1549,Pradeep Shetty,21,M,A1
3948,1549,Sangeetha Patil,20,T,A2
3949,1549,Shruthi Gowda,38,F,A3
3950,1550,Arun Hegde,24,T,A1
3951,1551,Basavaraj Kumar,19,M,A1
3952,1551,Darshan Yadav,18,T,A2
3953,1551,Shivakumar Kumar,44,M,A3
3954,1552,Vinay Yadav,23,M,A1
3955,1552,Basavaraj Gowda,25,M,A2
3956,1552,Pradeep Rao,61,M,A3
3957,1552,Arun Gowda,37,M,A4
3958,1553,Manjunath Naik,22,M,A1
3959,1553,Nithin Sharma,20,M,A2
3960,1553,Mahesh Bhat,30,M,A3
3961,1554,Arun Patil,20,M,A1
3962,1554,Suresh Bhat,33,M,A2
3963,1555,Karthik Naik,63,M,A1
3964,1555,Ramesh Gowda,28,M,A2
3965,1555,Shivakumar Reddy,65,M,A3
3966,1556,Nithin Bhat,31,M,A1
3967,1556,Karthik Bhat,34,M,A2
3968,1556,Kavya Kumar,23,F,A3
3969,1557,Shivakumar Yadav,26,M,A1
3970,1557,Pradeep Kulkarni,21,M,A2
3971,1557,Ramesh Gowda,26,M,A3
3972,1558,Ramya Naik,26,F,A1
3973,1558,Anil Naik,32,M,A2
3974,1558,Prakash Gowda,34,M,A3
3975,1558,Kiran Kumar,20,M,A4
3976,1559,Suresh Gowda,49,M,A1
3977,1559,Karthik Patil,41,M,A2
3978,1559,Roopa Singh,54,F,A3
3979,1560,Sunil Sharma,60,M,A1
3980,1560,Shivakumar Rao,24,M,A2
3981,1561,Rashmi Desai,26,F,A1
3982,1561,Suresh Naik,23,M,A2
3983,1561,Pradeep Kulkarni,29,M,A3
3984,1562,Meghana Gowda,26,F,A1
3985,1562,Vinay Singh,35,M,A2
3986,1563,Nithin Kumar,33,M,A1
3987,1563,Asha Reddy,57,F,A2
3988,1563,Ramesh Desai,24,M,A3
3989,1563,Vijay Gowda,27,M,A4
3990,1564,Darshan Yadav,65,T,A1
3991,1565,Sudeep Sharma,31,M,A1
3992,1565,Manjunath Rao,24,M,A2
3993,1565,Rekha Hegde,52,F,A3
3994,1565,Nithin Kumar,28,M,A4
3995,1566,Sunil Joshi,29,M,A1
3996,1567,Suresh Yadav,25,M,A1
3997,1567,Basavaraj Naik,34,M,A2
3998,1567,Rakesh Kulkarni,24,M,A3
3999,1567,Abhishek Reddy,23,M,A4
4000,1568,Ramesh Kulkarni,31,M,A1
4001,1569,Mahesh Desai,25,M,A1
4002,1569,Vijay Sharma,31,M,A2
4003,1569,Basavaraj Hiremath,24,M,A3
4004,1569,Sudeep Singh,24,M,A4
4005,1570,Ramesh Reddy,50,M,A1
4006,1570,Pradeep Singh,46,M,A2
4007,1570,Vinay Naik,25,M,A3
4008,1570,Santosh Kumar,21,M,A4
4009,1571,Pooja Reddy,19,F,A1
4010,1571,Shivakumar Rao,32,M,A2
4011,1571,Anil Patil,44,M,A3
4012,1571,Shilpa Desai,34,F,A4
4013,1572,Vijay Patil,31,M,A1
4014,1572,Rakesh Singh,24,M,A2
4015,1572,Santosh Hegde,54,M,A3
4016,1573,Sudeep Patil,22,M,A1
4017,1573,Mahesh Rao,24,M,A2
4018,1573,Mahesh Rao,34,M,A3
4019,1573,Anil Gowda,27,M,A4
4020,1574,Anil Hiremath,32,M,A1
4021,1574,Ramesh Kulkarni,32,M,A2
4022,1574,Santosh Yadav,31,M,A3
4023,1574,Ramesh Joshi,34,M,A4
4024,1575,Abhishek Singh,35,M,A1
4025,1575,Kiran Hiremath,31,M,A2
4026,1575,Vinay Patil,38,M,A3
4027,1575,Puneeth Rao,35,M,A4
4028,1576,Vijay Hiremath,32,M,A1
4029,1576,Puneeth Joshi,41,M,A2
4030,1576,Sahana Naik,20,F,A3
4031,1577,Arun Gowda,31,M,A1
4032,1577,Manjunath Patil,24,M,A2
4033,1577,Santosh Kumar,20,M,A3
4034,1577,Rashmi Patil,27,F,A4
4035,1578,Puneeth Sharma,65,M,A1
4036,1578,Abhishek Hiremath,50,M,A2
4037,1578,Manjunath Sharma,22,M,A3
4038,1579,Kiran Bhat,31,M,A1
4039,1579,Vijay Naik,62,M,A2
4040,1580,Shivakumar Hiremath,22,M,A1
4041,1580,Puneeth Kulkarni,38,M,A2
4042,1580,Vinay Yadav,20,M,A3
4043,1581,Shivakumar Desai,44,T,A1
4044,1582,Pradeep Singh,25,M,A1
4045,1583,Sunil Kumar,34,M,A1
4046,1583,Karthik Yadav,26,M,A2
4047,1584,Vinay Sharma,22,M,A1
4048,1584,Shruthi Naik,26,F,A2
4049,1584,Ramesh Rao,31,M,A3
4050,1585,Pooja Hiremath,26,F,A1
4051,1586,Vinay Bhat,24,M,A1
4052,1587,Anil Desai,33,M,A1
4053,1588,Manjunath Hegde,27,M,A1
4054,1589,Santosh Kulkarni,60,M,A1
4055,1589,Rakesh Bhat,45,M,A2
4056,1590,Arun Hiremath,35,M,A1
4057,1590,Karthik Bhat,31,M,A2
4058,1590,Kiran Hegde,34,M,A3
4059,1590,Karthik Kulkarni,52,M,A4
4060,1591,Ramesh Kumar,30,M,A1
4061,1591,Puneeth Kumar,26,M,A2
4062,1591,Pradeep Sharma,29,M,A3
4063,1592,Darshan Bhat,28,M,A1
4064,1592,Sudeep Yadav,35,M,A2
4065,1592,Karthik Yadav,26,M,A3
4066,1592,Kiran Desai,56,M,A4
4067,1593,Kiran Joshi,26,M,A1
4068,1593,Anil Naik,23,M,A2
4069,1593,Roopa Joshi,21,F,A3
4070,1593,Nithin Bhat,24,M,A4
4071,1594,Manjunath Gowda,31,M,A1
4072,1594,Shilpa Kulkarni,25,F,A2
4073,1594,Swathi Yadav,21,F,A3
4074,1594,Suresh Sharma,24,M,A4
4075,1595,Basavaraj Bhat,26,T,A1
4076,1596,Sudeep Patil,29,M,A1
4077,1597,Vinay Naik,36,M,A1
4078,1598,Karthik Rao,32,M,A1
4079,1599,Swathi Gowda,26,T,A1
4080,1599,Mahesh Singh,30,M,A2
4081,1600,Shilpa Rao,20,T,A1
4082,1600,Sunil Bhat,22,M,A2
4083,1600,Suresh Joshi,21,M,A3
4084,1600,Sudeep Desai,26,M,A4
4085,1601,Vinay Hiremath,25,M,A1
4086,1602,Anil Kulkarni,24,M,A1
4087,1602,Karthik Yadav,33,M,A2
4088,1602,Arun Singh,26,M,A3
4089,1603,Darshan Singh,30,M,A1
4090,1603,Mahesh Reddy,26,M,A2
4091,1604,Santosh Rao,25,M,A1
4092,1604,Karthik Kumar,31,M,A2
4093,1604,Arun Rao,31,M,A3
4094,1604,Geetha Rao,25,F,A4
4095,1605,Mahesh Yadav,49,M,A1
4096,1605,Shivakumar Hegde,35,M,A2
4097,1605,Arun Yadav,21,M,A3
4098,1605,Vinay Yadav,39,M,A4
4099,1606,Santosh Desai,21,M,A1
4100,1606,Nithin Yadav,62,M,A2
4101,1606,Prakash Rao,21,M,A3
4102,1607,Anil Joshi,32,M,A1
4103,1607,Rashmi Sharma,30,F,A2
4104,1608,Rakesh Hegde,29,T,A1
4105,1608,Santosh Shetty,31,M,A2
4106,1609,Arun Shetty,29,M,A1
4107,1610,Basavaraj Singh,35,M,A1
4108,1610,Mahesh Sharma,26,M,A2
4109,1610,Anil Desai,28,M,A3
4110,1610,Anil Rao,29,M,A4
4111,1611,Mahesh Kulkarni,23,M,A1
4112,1611,Rakesh Desai,47,M,A2
4113,1612,Arun Joshi,53,M,A1
4114,1612,Kiran Desai,31,M,A2
4115,1612,Rakesh Patil,24,M,A3
4116,1613,Ramya Sharma,20,F,A1
4117,1613,Shivakumar Yadav,30,M,A2
4118,1613,Shivakumar Bhat,28,M,A3
4119,1613,Nithin Reddy,35,M,A4
4120,1614,Swathi Shetty,35,F,A1
4121,1614,Manjunath Reddy,22,M,A2
4122,1614,Shivakumar Shetty,27,M,A3
4123,1614,Kiran Rao,23,M,A4
4124,1615,Santosh Patil,64,M,A1
4125,1615,Puneeth Rao,50,M,A2
4126,1616,Bhagya Reddy,28,F,A1
4127,1616,Ramesh Kulkarni,60,M,A2
4128,1616,Meghana Gowda,25,T,A3
4129,1616,Sunil Reddy,23,M,A4
4130,1617,Sahana Reddy,25,F,A1
4131,1617,Basavaraj Hegde,57,M,A2
4132,1618,Kiran Kumar,24,M,A1
4133,1618,Kiran Patil,23,M,A2
4134,1618,Santosh Hiremath,30,M,A3
4135,1618,Anusha Rao,28,F,A4
4136,1619,Darshan Reddy,31,M,A1
4137,1619,Vinay Gowda,42,M,A2
4138,1619,Rekha Joshi,31,F,A3
4139,1619,Anil Hegde,24,M,A4
4140,1620,Santosh Sharma,27,M,A1
4141,1620,Vijay Bhat,46,M,A2
4142,1621,Rashmi Patil,22,F,A1
4143,1621,Vijay Patil,21,M,A2
4144,1622,Ramya Yadav,28,F,A1
4145,1622,Sunil Desai,64,M,A2
4146,1622,Prakash Shetty,23,M,A3
4147,1623,Shivakumar Singh,56,M,A1
4148,1623,Sunil Patil,54,M,A2
4149,1623,Anil Bhat,26,M,A3
4150,1624,Vinay Gowda,25,M,A1
4151,1624,Puneeth Desai,33,M,A2
4152,1624,Karthik Bhat,23,T,A3
4153,1625,Ramesh Reddy,21,M,A1
4154,1626,Vijay Desai,21,M,A1
4155,1626,Divya Kulkarni,31,F,A2
4156,1627,Anusha Patil,24,F,A1
4157,1627,Arun Rao,26,M,A2
4158,1627,Darshan Hegde,23,M,A3
4159,1628,Rakesh Kulkarni,25,M,A1
4160,1629,Ramesh Kumar,27,M,A1
4161,1629,Anil Rao,31,M,A2
4162,1629,Prakash Yadav,32,T,A3
4163,1630,Kavya Kulkarni,21,T,A1
4164,1630,Suresh Hiremath,26,M,A2
4165,1630,Prakash Sharma,32,M,A3
4166,1630,Karthik Desai,30,M,A4
4167,1631,Pradeep Hiremath,24,M,A1
4168,1631,Shivakumar Hegde,24,M,A2
4169,1631,Rakesh Patil,44,M,A3
4170,1632,Puneeth Patil,37,M,A1
4171,1632,Vijay Hegde,28,M,A2
4172,1633,Santosh Joshi,23,M,A1
4173,1633,Anusha Rao,44,F,A2
4174,1633,Basavaraj Bhat,25,M,A3
4175,1633,Shruthi Gowda,64,F,A4
4176,1634,Karthik Sharma,29,M,A1
4177,1634,Pradeep Sharma,20,M,A2
4178,1634,Abhishek Bhat,64,M,A3
4179,1635,Vijay Kumar,24,M,A1
4180,1635,Darshan Singh,25,M,A2
4181,1635,Ramesh Shetty,32,M,A3
4182,1635,Asha Sharma,20,F,A4
4183,1636,Suresh Naik,26,M,A1
4184,1637,Sunil Reddy,32,M,A1
4185,1638,Vinay Hiremath,24,M,A1
4186,1638,Sangeetha Hiremath,34,F,A2
4187,1639,Suresh Bhat,34,M,A1
4188,1639,Rakesh Desai,30,M,A2
4189,1639,Sunil Rao,52,M,A3
4190,1640,Sudeep Bhat,20,M,A1
4191,1640,Santosh Bhat,23,M,A2
4192,1640,Pradeep Singh,25,M,A3
4193,1640,Arun Gowda,26,M,A4
4194,1641,Sunil Sharma,33,M,A1
4195,1642,Rakesh Kumar,25,M,A1
4196,1643,Ramesh Kumar,19,M,A1
4197,1643,Karthik Kulkarni,33,M,A2
4198,1643,Rekha Desai,30,F,A3
4199,1644,Rashmi Gowda,32,F,A1
4200,1644,Manjunath Reddy,34,M,A2
4201,1644,Santosh Shetty,61,M,A3
4202,1645,Puneeth Shetty,34,M,A1
4203,1646,Sunil Kulkarni,21,M,A1
4204,1647,Sudeep Gowda,51,M,A1
4205,1647,Ramya Hiremath,44,F,A2
4206,1648,Nithin Reddy,26,M,A1
4207,1648,Prakash Shetty,29,M,A2
4208,1648,Arun Hegde,21,M,A3
4209,1648,Vijay Joshi,29,M,A4
4210,1649,Karthik Kulkarni,32,M,A1
4211,1649,Vijay Singh,28,M,A2
4212,1649,Basavaraj Patil,46,M,A3
4213,1650,Vijay Kumar,31,M,A1
4214,1650,Vijay Patil,23,M,A2
4215,1650,Rakesh Desai,27,M,A3
4216,1650,Sudeep Yadav,29,M,A4
4217,1651,Swathi Rao,25,F,A1
4218,1652,Kiran Reddy,32,M,A1
4219,1652,Ramesh Singh,65,M,A2
4220,1653,Vinay Naik,22,M,A1
4221,1653,Basavaraj Hegde,20,M,A2
4222,1653,Darshan Reddy,32,M,A3
4223,1654,Rakesh Naik,50,M,A1
4224,1654,Shivakumar Kulkarni,30,M,A2
4225,1655,Puneeth Desai,27,M,A1
4226,1655,Kiran Singh,47,M,A2
4227,1656,Ramesh Yadav,33,M,A1
4228,1656,Divya Bhat,28,F,A2
4229,1656,Swathi Shetty,28,F,A3
4230,1657,Suresh Bhat,35,M,A1
4231,1657,Prakash Reddy,24,M,A2
4232,1657,Prakash Naik,23,M,A3
4233,1657,Santosh Bhat,30,M,A4
4234,1658,Rakesh Hegde,26,M,A1
4235,1659,Suresh Kumar,34,M,A1
4236,1660,Pradeep Hegde,26,M,A1
4237,1660,Vijay Reddy,34,M,A2
4238,1661,Anil Yadav,29,M,A1
4239,1661,Karthik Sharma,25,M,A2
4240,1661,Kiran Hegde,35,M,A3
4241,1661,Ramesh Desai,22,M,A4
4242,1662,Vijay Shetty,22,M,A1
4243,1662,Basavaraj Naik,22,M,A2
4244,1662,Pradeep Desai,38,M,A3
4245,1662,Darshan Singh,32,M,A4
4246,1663,Ramesh Joshi,35,M,A1
4247,1663,Karthik Rao,21,M,A2
4248,1663,Sunil Patil,27,M,A3
4249,1663,Puneeth Sharma,25,M,A4
4250,1664,Basavaraj Singh,29,M,A1
4251,1664,Vijay Desai,35,M,A2
4252,1664,Santosh Shetty,29,M,A3
4253,1664,Santosh Patil,55,M,A4
4254,1665,Santosh Kulkarni,20,M,A1
4255,1665,Sangeetha Patil,21,F,A2
4256,1665,Swathi Reddy,25,F,A3
4257,1665,Pradeep Desai,32,M,A4
4258,1666,Basavaraj Rao,55,M,A1
4259,1667,Sudeep Hegde,30,M,A1
4260,1667,Sunil Naik,25,M,A2
4261,1668,Ramesh Gowda,35,M,A1
4262,1668,Ramesh Kumar,28,M,A2
4263,1668,Vijay Naik,26,M,A3
4264,1669,Ramya Reddy,23,F,A1
4265,1669,Sunil Bhat,30,M,A2
4266,1669,Sangeetha Gowda,49,F,A3
4267,1670,Arun Yadav,45,M,A1
4268,1670,Sudeep Singh,34,M,A2
4269,1670,Rakesh Reddy,26,M,A3
4270,1670,Santosh Shetty,35,M,A4
4271,1671,Prakash Kulkarni,18,M,A1
4272,1671,Santosh Sharma,21,M,A2
4273,1671,Anil Yadav,39,M,A3
4274,1672,Sahana Sharma,26,F,A1
4275,1672,Vijay Desai,36,M,A2
4276,1672,Nithin Hegde,24,M,A3
4277,1672,Rekha Kumar,23,F,A4
4278,1673,Mahesh Gowda,30,M,A1
4279,1673,Basavaraj Singh,29,M,A2
4280,1673,Pradeep Yadav,28,M,A3
4281,1673,Sudeep Bhat,50,M,A4
4282,1674,Abhishek Hiremath,27,M,A1
4283,1675,Suma Reddy,42,F,A1
4284,1675,Abhishek Hegde,27,M,A2
4285,1675,Rakesh Desai,20,T,A3
4286,1675,Santosh Hiremath,26,M,A4
4287,1676,Asha Hiremath,34,F,A1
4288,1676,Pradeep Singh,27,M,A2
4289,1677,Nithin Reddy,27,M,A1
4290,1677,Arun Sharma,32,M,A2
4291,1677,Sunil Reddy,33,M,A3
4292,1677,Darshan Kulkarni,27,M,A4
4293,1678,Mahesh Gowda,33,M,A1
4294,1678,Vinay Rao,35,M,A2
4295,1678,Sangeetha Gowda,22,F,A3
4296,1679,Ramesh Sharma,34,M,A1
4297,1679,Darshan Yadav,32,M,A2
4298,1679,Kiran Naik,21,M,A3
4299,1680,Vinay Naik,62,M,A1
4300,1680,Sunil Desai,32,M,A2
4301,1680,Karthik Yadav,22,M,A3
4302,1680,Kavya Sharma,20,F,A4
4303,1681,Swathi Hegde,33,F,A1
4304,1681,Darshan Reddy,29,M,A2
4305,1682,Manjunath Desai,61,M,A1
4306,1682,Suresh Gowda,31,M,A2
4307,1682,Suresh Bhat,35,M,A3
4308,1683,Prakash Hiremath,27,M,A1
4309,1683,Shivakumar Hegde,24,M,A2
4310,1683,Mahesh Bhat,31,M,A3
4311,1684,Pradeep Hegde,22,M,A1
4312,1684,Manjunath Naik,33,M,A2
4313,1684,Suresh Rao,59,M,A3
4314,1685,Ramesh Desai,20,M,A1
4315,1685,Arun Hiremath,41,T,A2
4316,1685,Arun Naik,19,M,A3
4317,1685,Anusha Hegde,32,F,A4
4318,1686,Shilpa Kulkarni,27,F,A1
4319,1686,Kavya Kumar,24,F,A2
4320,1686,Vinay Hiremath,19,M,A3
4321,1686,Rakesh Yadav,35,M,A4
4322,1687,Basavaraj Reddy,33,M,A1
4323,1687,Pradeep Desai,39,M,A2
4324,1688,Puneeth Singh,24,M,A1
4325,1688,Nithin Hiremath,21,M,A2
4326,1688,Bhagya Patil,31,F,A3
4327,1688,Mahesh Kumar,30,M,A4
4328,1689,Karthik Kulkarni,51,M,A1
4329,1689,Shivakumar Reddy,35,M,A2
4330,1689,Santosh Hegde,34,M,A3
4331,1690,Meghana Yadav,31,F,A1
4332,1690,Shivakumar Naik,24,M,A2
4333,1690,Karthik Yadav,32,M,A3
4334,1690,Anil Reddy,32,M,A4
4335,1691,Basavaraj Kumar,26,M,A1
4336,1691,Karthik Singh,28,M,A2
4337,1692,Pradeep Rao,40,M,A1
4338,1692,Prakash Joshi,23,M,A2
4339,1692,Kiran Sharma,34,M,A3
4340,1692,Rakesh Kumar,24,M,A4
4341,1693,Shivakumar Bhat,31,M,A1
4342,1693,Pradeep Naik,28,M,A2
4343,1693,Mahesh Kulkarni,27,M,A3
4344,1694,Ramya Gowda,31,F,A1
4345,1694,Pradeep Reddy,29,M,A2
4346,1695,Shivakumar Hegde,22,M,A1
4347,1696,Geetha Patil,47,F,A1
4348,1696,Suresh Patil,27,M,A2
4349,1697,Vijay Rao,32,M,A1
4350,1697,Manjunath Joshi,23,M,A2
4351,1697,Prakash Shetty,48,M,A3
4352,1698,Pradeep Hegde,26,M,A1
4353,1698,Ramesh Hegde,28,M,A2
4354,1699,Mahesh Reddy,31,M,A1
4355,1699,Anil Bhat,32,M,A2
4356,1699,Santosh Singh,28,M,A3
4357,1699,Suresh Joshi,27,M,A4
4358,1700,Basavaraj Rao,29,M,A1
4359,1700,Ramesh Patil,25,M,A2
4360,1700,Sudeep Desai,56,M,A3
4361,1701,Prakash Hegde,30,M,A1
4362,1701,Pradeep Yadav,34,M,A2
4363,1701,Manjunath Shetty,22,M,A3
4364,1701,Prakash Sharma,26,M,A4
4365,1702,Darshan Desai,31,M,A1
4366,1702,Sangeetha Naik,39,F,A2
4367,1703,Karthik Desai,30,M,A1
4368,1703,Arun Patil,22,M,A2
4369,1704,Pradeep Naik,24,M,A1
4370,1704,Shilpa Joshi,28,F,A2
4371,1704,Darshan Yadav,65,M,A3
4372,1705,Arun Singh,21,M,A1
4373,1706,Sunil Yadav,21,M,A1
4374,1706,Vinay Kumar,30,M,A2
4375,1706,Abhishek Rao,23,M,A3
4376,1706,Darshan Singh,53,M,A4
4377,1707,Vijay Yadav,32,M,A1
4378,1708,Kiran Reddy,30,M,A1
4379,1709,Puneeth Shetty,32,M,A1
4380,1709,Suresh Kulkarni,34,M,A2
4381,1709,Santosh Hiremath,61,M,A3
4382,1710,Bhagya Hegde,34,F,A1
4383,1710,Roopa Kulkarni,25,T,A2
4384,1710,Sunil Hegde,23,M,A3
4385,1710,Arun Yadav,24,M,A4
4386,1711,Sunil Rao,62,M,A1
4387,1711,Pradeep Joshi,25,M,A2
4388,1712,Nithin Gowda,26,M,A1
4389,1712,Suresh Singh,28,M,A2
4390,1712,Vinay Hiremath,30,M,A3
4391,1713,Vinay Gowda,27,M,A1
4392,1714,Nithin Patil,27,M,A1
4393,1714,Mahesh Singh,31,M,A2
4394,1714,Darshan Patil,30,M,A3
4395,1714,Manjunath Kumar,29,M,A4
4396,1715,Arun Kulkarni,33,M,A1
4397,1715,Mahesh Kulkarni,19,M,A2
4398,1715,Manjunath Kumar,29,M,A3
4399,1715,Suresh Desai,58,M,A4
4400,1716,Puneeth Singh,54,M,A1
4401,1716,Pradeep Desai,47,M,A2
4402,1716,Basavaraj Naik,23,M,A3
4403,1717,Kiran Gowda,26,M,A1
4404,1718,Nithin Kumar,44,M,A1
4405,1718,Darshan Shetty,32,M,A2
4406,1719,Suresh Naik,24,M,A1
4407,1719,Arun Bhat,46,M,A2
4408,1719,Sangeetha Reddy,24,F,A3
4409,1719,Vijay Reddy,32,M,A4
4410,1720,Pradeep Patil,52,M,A1
4411,1720,Rashmi Hiremath,33,F,A2
4412,1720,Puneeth Singh,32,M,A3
4413,1721,Rakesh Patil,50,M,A1
4414,1721,Suma Gowda,27,F,A2
4415,1722,Shivakumar Bhat,24,M,A1
4416,1722,Darshan Bhat,26,M,A2
4417,1722,Darshan Naik,31,M,A3
4418,1723,Rakesh Hiremath,52,M,A1
4419,1723,Manjunath Kulkarni,32,M,A2
4420,1723,Pradeep Hegde,28,M,A3
4421,1723,Nithin Hegde,26,M,A4
4422,1724,Darshan Patil,22,M,A1
4423,1725,Basavaraj Singh,27,M,A1
4424,1726,Asha Reddy,55,F,A1
4425,1726,Basavaraj Gowda,28,M,A2
4426,1726,Karthik Yadav,32,M,A3
4427,1727,Ramesh Naik,25,M,A1
4428,1727,Sangeetha Joshi,30,F,A2
4429,1727,Bhagya Kumar,22,F,A3
4430,1727,Vijay Shetty,25,M,A4
4431,1728,Basavaraj Reddy,51,M,A1
4432,1729,Sunil Patil,24,M,A1
4433,1729,Abhishek Shetty,32,M,A2
4434,1730,Arun Naik,34,M,A1
4435,1731,Puneeth Kulkarni,22,M,A1
4436,1732,Ramesh Joshi,31,M,A1
4437,1732,Basavaraj Patil,34,M,A2
4438,1733,Prakash Shetty,32,M,A1
4439,1733,Abhishek Joshi,28,M,A2
4440,1733,Darshan Kulkarni,34,M,A3
4441,1733,Vinay Yadav,59,M,A4
4442,1734,Nithin Yadav,51,M,A1
4443,1735,Pradeep Hegde,31,M,A1
4444,1736,Karthik Gowda,26,M,A1
4445,1736,Vijay Rao,44,M,A2
4446,1737,Basavaraj Joshi,33,M,A1
4447,1737,Shivakumar Kumar,34,M,A2
4448,1737,Ramya Sharma,26,F,A3
4449,1738,Prakash Rao,21,M,A1
4450,1738,Vijay Yadav,29,M,A2
4451,1739,Santosh Shetty,54,M,A1
4452,1740,Pooja Yadav,42,F,A1
4453,1740,Vijay Shetty,34,M,A2
4454,1740,Shivakumar Kulkarni,29,M,A3
4455,1740,Mahesh Joshi,58,M,A4
4456,1741,Anil Shetty,32,M,A1
4457,1742,Karthik Naik,29,M,A1
4458,1743,Sudeep Desai,29,M,A1
4459,1743,Vijay Naik,20,M,A2
4460,1743,Anil Kulkarni,29,M,A3
4461,1743,Puneeth Shetty,20,M,A4
4462,1744,Santosh Desai,21,M,A1
4463,1744,Nithin Rao,32,M,A2
4464,1744,Basavaraj Patil,20,M,A3
4465,1744,Vinay Hegde,20,M,A4
4466,1745,Puneeth Gowda,34,M,A1
4467,1745,Arun Kumar,20,M,A2
4468,1745,Karthik Naik,32,M,A3
4469,1745,Shivakumar Singh,26,M,A4
4470,1746,Sunil Hiremath,30,M,A1
4471,1746,Karthik Kulkarni,24,M,A2
4472,1746,Sahana Patil,46,T,A3
4473,1746,Rekha Yadav,51,F,A4
4474,1747,Arun Desai,31,M,A1
4475,1747,Vijay Kumar,22,M,A2
4476,1748,Rakesh Rao,33,M,A1
4477,1749,Vijay Kulkarni,24,M,A1
4478,1750,Suresh Naik,26,M,A1
4479,1750,Vijay Patil,33,M,A2
4480,1751,Darshan Joshi,41,M,A1
4481,1751,Santosh Desai,53,M,A2
4482,1752,Suresh Joshi,21,M,A1
4483,1753,Sudeep Bhat,27,M,A1
4484,1753,Darshan Shetty,27,M,A2
4485,1753,Sunil Naik,20,M,A3
4486,1753,Prakash Sharma,34,M,A4
4487,1754,Santosh Gowda,32,M,A1
4488,1754,Vinay Kulkarni,26,M,A2
4489,1754,Darshan Yadav,30,M,A3
4490,1755,Suresh Bhat,25,M,A1
4491,1756,Karthik Hiremath,25,M,A1
4492,1756,Manjunath Singh,31,M,A2
4493,1756,Ramesh Kumar,33,M,A3
4494,1757,Rakesh Shetty,31,T,A1
4495,1757,Geetha Desai,33,T,A2
4496,1757,Vijay Naik,31,M,A3
4497,1758,Sudeep Gowda,23,M,A1
4498,1758,Kiran Singh,33,M,A2
4499,1759,Pradeep Sharma,21,M,A1
4500,1760,Vinay Gowda,31,M,A1
4501,1760,Vijay Bhat,25,M,A2
4502,1761,Nithin Hegde,20,M,A1
4503,1761,Karthik Hiremath,28,M,A2
4504,1761,Abhishek Desai,26,M,A3
4505,1762,Mahesh Hiremath,21,M,A1
4506,1763,Ramesh Hiremath,31,M,A1
4507,1764,Divya Bhat,21,F,A1
4508,1765,Anil Gowda,20,M,A1
4509,1766,Puneeth Bhat,31,M,A1
4510,1766,Ramesh Reddy,23,M,A2
4511,1766,Rakesh Yadav,45,M,A3
4512,1766,Ramesh Patil,31,M,A4
4513,1767,Shruthi Desai,21,T,A1
4514,1768,Sangeetha Gowda,26,F,A1
4515,1768,Prakash Desai,61,M,A2
4516,1768,Anil Rao,25,M,A3
4517,1769,Mahesh Kulkarni,54,M,A1
4518,1769,Vinay Naik,21,M,A2
4519,1769,Ramya Sharma,33,F,A3
4520,1769,Shruthi Yadav,29,F,A4
4521,1770,Suresh Gowda,38,M,A1
4522,1770,Mahesh Naik,35,M,A2
4523,1771,Kiran Joshi,42,M,A1
4524,1771,Puneeth Rao,24,M,A2
4525,1771,Abhishek Patil,31,M,A3
4526,1771,Arun Singh,27,M,A4
4527,1772,Rakesh Kumar,35,M,A1
4528,1772,Sudeep Bhat,50,M,A2
4529,1772,Nithin Sharma,35,M,A3
4530,1772,Manjunath Naik,25,M,A4
4531,1773,Sunil Gowda,21,M,A1
4532,1773,Santosh Joshi,63,M,A2
4533,1773,Abhishek Patil,61,M,A3
4534,1773,Sunil Gowda,20,M,A4
4535,1774,Swathi Kulkarni,34,F,A1
4536,1774,Sangeetha Hiremath,29,F,A2
4537,1774,Karthik Desai,58,M,A3
4538,1774,Sudeep Hiremath,57,M,A4
4539,1775,Pradeep Reddy,32,M,A1
4540,1775,Nithin Hiremath,23,M,A2
4541,1776,Shivakumar Hegde,34,M,A1
4542,1776,Shivakumar Gowda,34,M,A2
4543,1776,Pradeep Bhat,27,M,A3
4544,1777,Mahesh Joshi,18,M,A1
4545,1777,Darshan Shetty,31,M,A2
4546,1777,Manjunath Hegde,34,M,A3
4547,1777,Basavaraj Gowda,63,M,A4
4548,1778,Basavaraj Shetty,29,M,A1
4549,1778,Santosh Shetty,35,M,A2
4550,1778,Shruthi Kulkarni,32,F,A3
4551,1778,Rakesh Rao,30,M,A4
4552,1779,Anusha Bhat,41,F,A1
4553,1779,Rakesh Patil,22,M,A2
4554,1779,Karthik Gowda,30,M,A3
4555,1779,Santosh Rao,20,M,A4
4556,1780,Vijay Joshi,35,M,A1
4557,1781,Manjunath Kumar,27,M,A1
4558,1781,Prakash Hiremath,21,M,A2
4559,1781,Sudeep Hegde,30,M,A3
4560,1782,Sunil Yadav,22,M,A1
4561,1782,Mahesh Gowda,28,M,A2
4562,1782,Suresh Joshi,32,M,A3
4563,1783,Basavaraj Reddy,45,M,A1
4564,1784,Anusha Bhat,32,F,A1
4565,1785,Sudeep Bhat,26,T,A1
4566,1785,Pradeep Gowda,25,M,A2
4567,1786,Pradeep Gowda,22,M,A1
4568,1786,Darshan Naik,30,M,A2
4569,1786,Sudeep Desai,31,M,A3
4570,1786,Arun Singh,63,M,A4
4571,1787,Puneeth Shetty,24,M,A1
4572,1787,Puneeth Reddy,32,M,A2
4573,1788,Darshan Joshi,33,M,A1
4574,1788,Suma Kumar,22,T,A2
4575,1789,Suresh Singh,26,M,A1
4576,1789,Mahesh Singh,21,M,A2
4577,1789,Mahesh Kumar,27,M,A3
4578,1790,Manjunath Reddy,29,M,A1
4579,1790,Shivakumar Singh,23,M,A2
4580,1790,Bhagya Sharma,28,F,A3
4581,1790,Karthik Desai,27,M,A4
4582,1791,Darshan Desai,23,M,A1
4583,1791,Prakash Reddy,27,M,A2
4584,1792,Shivakumar Yadav,30,M,A1
4585,1793,Shivakumar Joshi,28,M,A1
4586,1793,Puneeth Rao,20,M,A2
4587,1794,Shivakumar Patil,23,M,A1
4588,1794,Puneeth Bhat,33,M,A2
4589,1794,Shruthi Singh,36,F,A3
4590,1795,Prakash Joshi,26,M,A1
4591,1795,Darshan Singh,33,M,A2
4592,1796,Suresh Patil,26,M,A1
4593,1796,Mahesh Bhat,35,M,A2
4594,1796,Kiran Shetty,33,M,A3
4595,1796,Karthik Joshi,34,M,A4
4596,1797,Shivakumar Hegde,26,M,A1
4597,1797,Pradeep Kulkarni,28,M,A2
4598,1798,Manjunath Yadav,25,M,A1
4599,1799,Basavaraj Hegde,22,M,A1
4600,1800,Sunil Patil,22,M,A1
4601,1801,Puneeth Hiremath,36,M,A1
4602,1801,Suma Naik,22,T,A2
4603,1802,Vinay Reddy,32,M,A1
4604,1803,Mahesh Yadav,30,M,A1
4605,1803,Abhishek Joshi,50,M,A2
4606,1804,Sudeep Gowda,23,M,A1
4607,1805,Mahesh Reddy,34,M,A1
4608,1805,Rekha Bhat,34,F,A2
4609,1805,Manjunath Patil,24,M,A3
4610,1805,Rakesh Yadav,22,M,A4
4611,1806,Shivakumar Joshi,20,M,A1
4612,1807,Divya Patil,32,F,A1
4613,1807,Mahesh Bhat,59,M,A2
4614,1807,Abhishek Reddy,38,M,A3
4615,1807,Manjunath Hiremath,40,M,A4
4616,1808,Abhishek Desai,33,M,A1
4617,1808,Pradeep Joshi,30,M,A2
4618,1809,Darshan Patil,30,M,A1
4619,1809,Ramesh Joshi,64,M,A2
4620,1810,Arun Singh,23,M,A1
4621,1810,Abhishek Naik,24,M,A2
4622,1811,Ramesh Kumar,28,M,A1
4623,1811,Arun Patil,23,M,A2
4624,1812,Kiran Desai,45,M,A1
4625,1813,Bhagya Rao,20,T,A1
4626,1813,Anil Rao,34,M,A2
4627,1813,Santosh Naik,60,T,A3
4628,1814,Basavaraj Joshi,23,M,A1
4629,1815,Bhagya Hiremath,23,F,A1
4630,1815,Vijay Hiremath,60,M,A2
4631,1815,Vijay Rao,27,M,A3
4632,1816,Bhagya Reddy,27,F,A1
4633,1816,Basavaraj Kulkarni,27,M,A2
4634,1816,Shivakumar Shetty,43,M,A3
4635,1817,Sunil Kulkarni,29,M,A1
4636,1817,Shivakumar Hiremath,65,M,A2
4637,1818,Vinay Shetty,24,M,A1
4638,1819,Manjunath Yadav,46,M,A1
4639,1820,Shivakumar Kumar,25,M,A1
4640,1821,Prakash Hegde,33,M,A1
4641,1822,Mahesh Yadav,40,M,A1
4642,1823,Kiran Kulkarni,20,M,A1
4643,1823,Darshan Shetty,61,M,A2
4644,1824,Pooja Sharma,34,F,A1
4645,1824,Shivakumar Hiremath,30,M,A2
4646,1825,Sudeep Desai,26,M,A1
4647,1826,Basavaraj Hegde,37,M,A1
4648,1826,Suresh Joshi,25,M,A2
4649,1827,Karthik Hiremath,65,M,A1
4650,1827,Bhagya Hegde,40,F,A2
4651,1827,Santosh Kulkarni,18,M,A3
4652,1828,Prakash Gowda,32,M,A1
4653,1828,Puneeth Desai,29,M,A2
4654,1828,Puneeth Kumar,45,M,A3
4655,1828,Karthik Yadav,32,M,A4
4656,1829,Arun Shetty,28,M,A1
4657,1829,Mahesh Gowda,34,M,A2
4658,1830,Prakash Singh,31,M,A1
4659,1831,Vijay Hiremath,27,M,A1
4660,1831,Arun Yadav,66,M,A2
4661,1831,Rekha Sharma,56,F,A3
4662,1832,Karthik Yadav,34,M,A1
4663,1832,Nithin Singh,33,M,A2
4664,1832,Nithin Kulkarni,22,M,A3
4665,1832,Karthik Hiremath,41,M,A4
4666,1833,Shivakumar Kumar,28,M,A1
4667,1834,Sunil Bhat,21,M,A1
4668,1834,Sunil Hegde,52,M,A2
4669,1834,Meghana Gowda,20,F,A3
4670,1834,Puneeth Singh,31,M,A4
4671,1835,Manjunath Sharma,29,M,A1
4672,1835,Abhishek Reddy,51,M,A2
4673,1835,Sangeetha Yadav,33,T,A3
4674,1835,Arun Desai,34,T,A4
4675,1836,Rashmi Singh,33,F,A1
4676,1836,Arun Joshi,29,M,A2
4677,1836,Rekha Singh,28,F,A3
4678,1837,Ramesh Reddy,26,M,A1
4679,1838,Manjunath Bhat,25,M,A1
4680,1838,Karthik Hiremath,26,M,A2
4681,1838,Arun Kumar,29,M,A3
4682,1838,Puneeth Sharma,29,M,A4
4683,1839,Shivakumar Kumar,29,M,A1
4684,1839,Geetha Reddy,34,F,A2
4685,1840,Anil Joshi,24,M,A1
4686,1840,Sunil Sharma,34,M,A2
4687,1840,Kiran Singh,26,M,A3
4688,1841,Vinay Sharma,35,M,A1
4689,1841,Geetha Sharma,50,F,A2
4690,1842,Ramesh Rao,29,M,A1
4691,1842,Pradeep Kulkarni,34,M,A2
4692,1842,Santosh Rao,23,M,A3
4693,1842,Ramesh Singh,32,M,A4
4694,1843,Rakesh Bhat,35,M,A1
4695,1844,Karthik Hiremath,35,M,A1
4696,1845,Prakash Gowda,31,M,A1
4697,1845,Abhishek Singh,24,M,A2
4698,1846,Vinay Singh,25,M,A1
4699,1846,Vijay Patil,24,M,A2
4700,1846,Shivakumar Hiremath,23,M,A3
4701,1846,Manjunath Joshi,47,M,A4
4702,1847,Suresh Reddy,22,M,A1
4703,1847,Shivakumar Rao,25,M,A2
4704,1847,Anusha Gowda,50,F,A3
4705,1848,Shivakumar Bhat,23,M,A1
4706,1848,Suresh Hiremath,27,M,A2
4707,1848,Rakesh Desai,46,M,A3
4708,1848,Karthik Joshi,31,M,A4
4709,1849,Basavaraj Yadav,56,M,A1
4710,1849,Anil Hiremath,57,M,A2
4711,1849,Vijay Sharma,42,M,A3
4712,1849,Santosh Gowda,52,M,A4
4713,1850,Basavaraj Joshi,35,M,A1
4714,1850,Puneeth Rao,22,M,A2
4715,1851,Shivakumar Singh,22,M,A1
4716,1851,Nithin Hiremath,28,M,A2
4717,1852,Darshan Hegde,56,M,A1
4718,1852,Sudeep Gowda,35,M,A2
4719,1852,Puneeth Shetty,22,M,A3
4720,1852,Divya Hegde,63,F,A4
4721,1853,Arun Rao,50,M,A1
4722,1853,Karthik Rao,24,M,A2
4723,1854,Geetha Yadav,34,F,A1
4724,1854,Karthik Sharma,28,M,A2
4725,1855,Santosh Hiremath,23,M,A1
4726,1856,Karthik Patil,41,M,A1
4727,1856,Santosh Sharma,30,M,A2
4728,1857,Vinay Desai,58,M,A1
4729,1857,Asha Reddy,23,F,A2
4730,1857,Suresh Gowda,24,M,A3
4731,1858,Suresh Yadav,20,M,A1
4732,1859,Sudeep Hiremath,31,M,A1
4733,1859,Puneeth Shetty,57,M,A2
4734,1859,Shivakumar Hegde,35,M,A3
4735,1859,Basavaraj Joshi,24,M,A4
4736,1860,Ramesh Sharma,28,M,A1
4737,1861,Kiran Hiremath,22,M,A1
4738,1862,Pooja Yadav,50,F,A1
4739,1862,Kiran Shetty,34,M,A2
4740,1862,Vijay Kumar,23,M,A3
4741,1862,Prakash Hegde,34,M,A4
4742,1863,Anusha Rao,63,F,A1
4743,1863,Suresh Hegde,24,M,A2
4744,1863,Suresh Desai,42,M,A3
4745,1863,Santosh Shetty,31,M,A4
4746,1864,Pradeep Patil,32,M,A1
4747,1864,Sudeep Rao,30,M,A2
4748,1864,Sudeep Kumar,32,M,A3
4749,1864,Vinay Naik,31,M,A4
4750,1865,Suresh Patil,20,M,A1
4751,1865,Suresh Gowda,26,M,A2
4752,1865,Nithin Yadav,47,M,A3
4753,1866,Mahesh Kumar,34,M,A1
4754,1866,Puneeth Sharma,34,M,A2
4755,1867,Anil Hiremath,23,M,A1
4756,1867,Rakesh Kumar,24,M,A2
4757,1867,Kiran Naik,35,M,A3
4758,1868,Puneeth Kumar,34,M,A1
4759,1868,Rashmi Singh,21,F,A2
4760,1868,Santosh Yadav,31,M,A3
4761,1868,Shivakumar Gowda,22,M,A4
4762,1869,Santosh Kulkarni,41,M,A1
4763,1869,Karthik Joshi,22,M,A2
4764,1869,Pradeep Hegde,30,M,A3
4765,1869,Arun Sharma,34,M,A4
4766,1870,Suresh Patil,51,M,A1
4767,1870,Anil Rao,30,M,A2
4768,1870,Sahana Hiremath,29,F,A3
4769,1870,Basavaraj Hegde,36,M,A4
4770,1871,Pradeep Patil,20,M,A1
4771,1871,Prakash Sharma,27,M,A2
4772,1872,Darshan Singh,28,M,A1
4773,1873,Anil Kumar,24,M,A1
4774,1874,Kiran Kulkarni,23,M,A1
4775,1874,Ramesh Kumar,23,M,A2
4776,1875,Abhishek Joshi,33,M,A1
4777,1876,Anil Kulkarni,55,M,A1
4778,1876,Manjunath Shetty,24,M,A2
4779,1876,Pradeep Singh,28,M,A3
4780,1876,Puneeth Shetty,21,M,A4
4781,1877,Sudeep Hiremath,27,M,A1
4782,1877,Sangeetha Desai,34,F,A2
4783,1878,Pradeep Desai,32,M,A1
4784,1878,Pooja Desai,35,F,A2
4785,1878,Abhishek Sharma,38,M,A3
4786,1879,Vijay Kulkarni,58,M,A1
4787,1879,Nithin Hiremath,23,M,A2
4788,1879,Manjunath Shetty,34,M,A3
4789,1880,Ramya Patil,31,F,A1
4790,1880,Sudeep Hiremath,35,T,A2
4791,1880,Sunil Naik,24,M,A3
4792,1880,Rashmi Shetty,29,F,A4
4793,1881,Sudeep Kulkarni,21,M,A1
4794,1881,Sudeep Shetty,22,M,A2
4795,1882,Anil Desai,23,M,A1
4796,1883,Shivakumar Hiremath,28,M,A1
4797,1883,Karthik Kumar,30,M,A2
4798,1883,Rekha Gowda,26,F,A3
4799,1883,Rakesh Joshi,40,M,A4
4800,1884,Anil Joshi,40,M,A1
4801,1884,Vinay Patil,35,M,A2
4802,1884,Manjunath Kumar,26,M,A3
4803,1885,Anil Yadav,26,M,A1
4804,1885,Anusha Hegde,25,F,A2
4805,1885,Basavaraj Hiremath,20,M,A3
4806,1886,Shivakumar Rao,20,M,A1
4807,1886,Basavaraj Bhat,28,M,A2
4808,1887,Mahesh Patil,26,M,A1
4809,1887,Pradeep Naik,32,M,A2
4810,1887,Basavaraj Kumar,30,M,A3
4811,1888,Kiran Kulkarni,27,M,A1
4812,1888,Basavaraj Hiremath,33,M,A2
4813,1888,Anil Rao,20,M,A3
4814,1888,Sunil Reddy,25,M,A4
4815,1889,Pradeep Sharma,28,M,A1
4816,1889,Asha Desai,40,F,A2
4817,1889,Sunil Desai,26,M,A3
4818,1890,Anil Sharma,30,M,A1
4819,1890,Mahesh Yadav,28,M,A2
4820,1891,Abhishek Shetty,23,M,A1
4821,1891,Prakash Yadav,28,M,A2
4822,1892,Arun Bhat,35,M,A1
4823,1892,Prakash Singh,23,M,A2
4824,1892,Arun Singh,20,M,A3
4825,1893,Anil Desai,25,M,A1
4826,1893,Kiran Kumar,20,M,A2
4827,1894,Basavaraj Singh,43,M,A1
4828,1894,Basavaraj Hegde,22,M,A2
4829,1894,Manjunath Reddy,28,T,A3
4830,1895,Darshan Rao,31,M,A1
4831,1896,Vijay Patil,27,M,A1
4832,1896,Darshan Hiremath,26,M,A2
4833,1896,Prakash Sharma,30,M,A3
4834,1897,Vinay Joshi,31,M,A1
4835,1897,Pradeep Yadav,33,M,A2
4836,1897,Prakash Hegde,24,M,A3
4837,1898,Geetha Reddy,34,F,A1
4838,1898,Anil Bhat,65,M,A2
4839,1899,Arun Gowda,32,M,A1
4840,1899,Ramesh Joshi,39,M,A2
4841,1899,Pradeep Hiremath,32,M,A3
4842,1899,Sudeep Reddy,24,M,A4
4843,1900,Pooja Rao,30,F,A1
4844,1900,Vinay Kumar,58,M,A2
4845,1900,Santosh Gowda,24,M,A3
4846,1900,Darshan Bhat,22,M,A4
4847,1901,Abhishek Bhat,26,M,A1
4848,1902,Asha Kumar,43,F,A1
4849,1902,Ramesh Kulkarni,33,M,A2
4850,1903,Santosh Kulkarni,24,M,A1
4851,1904,Abhishek Patil,29,M,A1
4852,1904,Arun Kumar,28,M,A2
4853,1904,Vijay Kulkarni,29,M,A3
4854,1905,Suresh Patil,31,M,A1
4855,1905,Suresh Gowda,27,M,A2
4856,1906,Pradeep Kulkarni,22,M,A1
4857,1907,Anil Shetty,20,M,A1
4858,1908,Vinay Gowda,21,M,A1
4859,1909,Abhishek Rao,28,M,A1
4860,1909,Shivakumar Kumar,21,M,A2
4861,1909,Suresh Patil,35,M,A3
4862,1909,Nithin Bhat,28,M,A4
4863,1910,Sahana Kumar,32,F,A1
4864,1911,Rakesh Kulkarni,29,M,A1
4865,1911,Abhishek Patil,20,M,A2
4866,1911,Sangeetha Shetty,31,F,A3
4867,1912,Santosh Kumar,32,M,A1
4868,1912,Sangeetha Hiremath,39,F,A2
4869,1913,Mahesh Reddy,23,M,A1
4870,1913,Sunil Patil,55,M,A2
4871,1913,Swathi Gowda,34,F,A3
4872,1914,Vinay Yadav,23,M,A1
4873,1914,Abhishek Singh,38,M,A2
4874,1915,Kiran Shetty,30,M,A1
4875,1915,Darshan Sharma,35,M,A2
4876,1916,Shivakumar Patil,28,M,A1
4877,1916,Karthik Kulkarni,29,M,A2
4878,1917,Sudeep Bhat,31,M,A1
4879,1917,Mahesh Singh,28,M,A2
4880,1917,Divya Naik,27,F,A3
4881,1917,Karthik Desai,53,M,A4
4882,1918,Mahesh Desai,47,M,A1
4883,1919,Abhishek Bhat,23,M,A1
4884,1920,Pradeep Yadav,34,M,A1
4885,1920,Puneeth Kumar,24,M,A2
4886,1920,Anil Joshi,24,M,A3
4887,1921,Manjunath Hegde,23,M,A1
4888,1921,Prakash Rao,35,M,A2
4889,1921,Vinay Patil,28,M,A3
4890,1922,Sangeetha Hegde,32,F,A1
4891,1922,Karthik Joshi,31,M,A2
4892,1922,Karthik Patil,34,M,A3
4893,1922,Shivakumar Kumar,33,M,A4
4894,1923,Rashmi Desai,33,F,A1
4895,1923,Swathi Naik,26,T,A2
4896,1923,Meghana Reddy,29,F,A3
4897,1923,Ramesh Patil,30,M,A4
4898,1924,Shilpa Hiremath,27,F,A1
4899,1924,Prakash Singh,18,M,A2
4900,1924,Shivakumar Kumar,32,M,A3
4901,1924,Santosh Kumar,30,M,A4
4902,1925,Suresh Yadav,27,M,A1
4903,1926,Puneeth Gowda,39,M,A1
4904,1927,Sunil Naik,21,M,A1
4905,1927,Ramesh Singh,25,M,A2
4906,1927,Arun Shetty,35,M,A3
4907,1927,Mahesh Yadav,25,M,A4
4908,1928,Karthik Patil,34,M,A1
4909,1928,Pradeep Hegde,18,M,A2
4910,1928,Santosh Joshi,25,M,A3
4911,1928,Geetha Reddy,33,F,A4
4912,1929,Meghana Singh,32,F,A1
4913,1929,Mahesh Bhat,32,M,A2
4914,1930,Prakash Patil,34,M,A1
4915,1930,Arun Bhat,35,M,A2
4916,1931,Darshan Rao,29,M,A1
4917,1931,Nithin Yadav,33,M,A2
4918,1932,Sudeep Joshi,23,M,A1
4919,1932,Santosh Shetty,28,M,A2
4920,1933,Kiran Bhat,33,M,A1
4921,1933,Sunil Sharma,22,M,A2
4922,1933,Ramesh Sharma,23,M,A3
4923,1934,Kiran Hegde,20,M,A1
4924,1934,Sunil Hegde,32,M,A2
4925,1935,Geetha Hegde,25,F,A1
4926,1935,Rakesh Hiremath,27,M,A2
4927,1935,Kiran Gowda,59,M,A3
4928,1936,Geetha Reddy,25,F,A1
4929,1936,Sahana Kulkarni,20,F,A2
4930,1936,Arun Reddy,24,M,A3
4931,1937,Arun Patil,42,M,A1
4932,1937,Asha Hegde,20,F,A2
4933,1938,Prakash Hegde,28,M,A1
4934,1938,Asha Singh,21,T,A2
4935,1938,Rakesh Sharma,20,M,A3
4936,1938,Suresh Joshi,26,M,A4
4937,1939,Shivakumar Hiremath,32,M,A1
4938,1939,Divya Naik,35,F,A2
4939,1940,Pooja Rao,24,F,A1
4940,1940,Vinay Bhat,35,M,A2
4941,1940,Karthik Singh,27,M,A3
4942,1940,Ramesh Patil,42,M,A4
4943,1941,Ramesh Bhat,27,M,A1
4944,1941,Sunil Hegde,20,M,A2
4945,1942,Sunil Hegde,31,M,A1
4946,1942,Shivakumar Bhat,30,M,A2
4947,1942,Santosh Naik,21,M,A3
4948,1942,Prakash Yadav,29,M,A4
4949,1943,Karthik Hegde,32,M,A1
4950,1943,Kiran Singh,31,M,A2
4951,1943,Darshan Bhat,22,M,A3
4952,1944,Prakash Hegde,30,M,A1
4953,1944,Kavya Hiremath,29,F,A2
4954,1944,Vijay Kulkarni,29,M,A3
4955,1945,Vijay Singh,21,M,A1
4956,1946,Darshan Singh,23,M,A1
4957,1946,Abhishek Naik,31,M,A2
4958,1947,Prakash Desai,29,M,A1
4959,1947,Manjunath Shetty,22,M,A2
4960,1947,Abhishek Sharma,35,M,A3
4961,1948,Anil Patil,25,M,A1
4962,1948,Manjunath Kulkarni,20,M,A2
4963,1949,Ramesh Shetty,20,M,A1
4964,1949,Puneeth Yadav,33,M,A2
4965,1949,Nithin Kulkarni,26,M,A3
4966,1949,Darshan Patil,23,M,A4
4967,1950,Basavaraj Rao,27,M,A1
4968,1950,Nithin Singh,27,M,A2
4969,1950,Geetha Joshi,20,F,A3
4970,1950,Puneeth Naik,28,M,A4
4971,1951,Nithin Shetty,29,M,A1
4972,1951,Vinay Bhat,34,M,A2
4973,1952,Prakash Shetty,30,M,A1
4974,1952,Kiran Hiremath,34,M,A2
4975,1952,Anil Kulkarni,24,M,A3
4976,1953,Nithin Gowda,40,M,A1
4977,1953,Sudeep Sharma,31,M,A2
4978,1953,Nithin Naik,35,M,A3
4979,1954,Karthik Bhat,50,M,A1
4980,1954,Kiran Joshi,55,T,A2
4981,1954,Rakesh Singh,29,M,A3
4982,1954,Prakash Shetty,21,M,A4
4983,1955,Sahana Joshi,20,F,A1
4984,1955,Rakesh Shetty,42,M,A2
4985,1955,Sudeep Yadav,22,M,A3
4986,1956,Karthik Yadav,42,M,A1
4987,1956,Rashmi Naik,24,F,A2
4988,1956,Mahesh Naik,22,M,A3
4989,1957,Ramya Gowda,33,F,A1
4990,1957,Santosh Desai,21,M,A2
4991,1958,Basavaraj Joshi,22,M,A1
4992,1959,Puneeth Shetty,32,M,A1
4993,1959,Shilpa Sharma,31,F,A2
4994,1960,Anil Naik,29,M,A1
4995,1960,Rakesh Joshi,43,M,A2
4996,1960,Pooja Reddy,40,F,A3
4997,1961,Shivakumar Hiremath,36,M,A1
4998,1962,Nithin Hegde,28,M,A1
4999,1962,Arun Kulkarni,32,M,A2
5000,1962,Nithin Joshi,29,M,A3
5001,1962,Roopa Desai,64,F,A4
5002,1963,Abhishek Rao,43,M,A1
5003,1964,Nithin Desai,33,M,A1
5004,1964,Shilpa Shetty,35,F,A2
5005,1964,Ramesh Yadav,34,M,A3
5006,1964,Karthik Shetty,38,M,A4
5007,1965,Vijay Rao,47,M,A1
5008,1965,Abhishek Kumar,25,M,A2
5009,1965,Vijay Kumar,33,M,A3
5010,1965,Sudeep Yadav,22,M,A4
5011,1966,Pooja Kulkarni,47,F,A1
5012,1967,Nithin Gowda,23,M,A1
5013,1968,Darshan Patil,32,M,A1
5014,1968,Shivakumar Sharma,29,M,A2
5015,1968,Darshan Patil,20,M,A3
5016,1969,Pradeep Yadav,35,M,A1
5017,1970,Karthik Yadav,31,M,A1
5018,1971,Vinay Sharma,36,M,A1
5019,1971,Santosh Joshi,26,M,A2
5020,1971,Suresh Joshi,24,M,A3
5021,1972,Santosh Hiremath,27,M,A1
5022,1972,Meghana Rao,20,T,A2
5023,1972,Vinay Sharma,23,M,A3
5024,1972,Karthik Hiremath,20,M,A4
5025,1973,Suresh Naik,24,M,A1
5026,1973,Arun Desai,31,M,A2
5027,1973,Suresh Singh,40,M,A3
5028,1973,Puneeth Rao,25,M,A4
5029,1974,Suresh Desai,25,M,A1
5030,1975,Karthik Sharma,31,M,A1
5031,1975,Mahesh Shetty,21,M,A2
5032,1976,Roopa Singh,27,F,A1
5033,1976,Mahesh Rao,20,M,A2
5034,1977,Nithin Sharma,35,M,A1
5035,1977,Darshan Bhat,23,M,A2
5036,1978,Pooja Kulkarni,58,F,A1
5037,1979,Abhishek Shetty,34,M,A1
5038,1979,Vijay Rao,34,M,A2
5039,1980,Shivakumar Yadav,29,M,A1
5040,1981,Basavaraj Joshi,30,M,A1
5041,1982,Karthik Gowda,60,M,A1
5042,1982,Abhishek Shetty,33,M,A2
5043,1983,Vijay Shetty,63,M,A1
5044,1983,Shivakumar Reddy,27,M,A2
5045,1984,Mahesh Shetty,23,M,A1
5046,1984,Ramesh Joshi,39,M,A2
5047,1984,Anil Rao,20,M,A3
5048,1984,Pooja Gowda,28,F,A4
5049,1985,Sudeep Hegde,31,M,A1
5050,1985,Abhishek Naik,22,T,A2
5051,1986,Sunil Bhat,23,M,A1
5052,1987,Santosh Kulkarni,26,M,A1
5053,1988,Kavya Gowda,45,F,A1
5054,1988,Puneeth Kumar,23,M,A2
5055,1989,Suresh Kulkarni,35,M,A1
5056,1990,Anusha Naik,20,F,A1
5057,1990,Anusha Hegde,22,F,A2
5058,1990,Darshan Reddy,25,M,A3
5059,1991,Vinay Joshi,34,M,A1
5060,1991,Kiran Joshi,32,M,A2
5061,1992,Darshan Naik,25,M,A1
5062,1992,Ramesh Reddy,58,M,A2
5063,1992,Suresh Kulkarni,20,M,A3
5064,1992,Mahesh Bhat,23,M,A4
5065,1993,Sangeetha Desai,45,F,A1
5066,1993,Shivakumar Kulkarni,32,M,A2
5067,1993,Vijay Kulkarni,54,M,A3
5068,1994,Mahesh Kulkarni,29,M,A1
5069,1995,Pooja Rao,20,F,A1
5070,1995,Kiran Bhat,20,M,A2
5071,1995,Suresh Desai,33,M,A3
5072,1996,Puneeth Rao,24,M,A1
5073,1997,Kiran Sharma,26,M,A1
5074,1998,Kiran Reddy,23,M,A1
5075,1998,Ramesh Kulkarni,35,M,A2
5076,1998,Manjunath Kulkarni,32,M,A3
5077,1999,Manjunath Gowda,30,M,A1
5078,2000,Sunil Kulkarni,29,M,A1
5079,2000,Basavaraj Sharma,23,M,A2
5080,2000,Vinay Hegde,26,M,A3
5081,2001,Asha Reddy,22,F,A1
5082,2001,Vinay Kumar,33,M,A2
5083,2001,Sudeep Kulkarni,33,M,A3
5084,2001,Kiran Sharma,26,M,A4
5085,2002,Pradeep Sharma,20,T,A1
5086,2003,Prakash Kulkarni,30,M,A1
5087,2003,Ramesh Kumar,22,M,A2
5088,2003,Anil Patil,28,M,A3
5089,2003,Santosh Naik,28,M,A4
5090,2004,Darshan Gowda,25,M,A1
5091,2004,Manjunath Reddy,56,M,A2
5092,2004,Nithin Patil,49,M,A3
5093,2005,Puneeth Hiremath,26,M,A1
5094,2005,Vijay Sharma,18,M,A2
5095,2005,Suresh Shetty,21,M,A3
5096,2005,Geetha Joshi,26,F,A4
5097,2006,Suresh Gowda,27,M,A1
5098,2006,Rashmi Desai,26,T,A2
5099,2006,Divya Kulkarni,22,F,A3
5100,2006,Manjunath Gowda,25,M,A4
5101,2007,Vijay Sharma,23,M,A1
5102,2007,Anil Kulkarni,35,M,A2
5103,2007,Vijay Joshi,58,M,A3
5104,2008,Anil Shetty,32,M,A1
5105,2008,Darshan Singh,37,M,A2
5106,2008,Mahesh Gowda,27,M,A3
5107,2008,Ramesh Sharma,25,M,A4
5108,2009,Shilpa Naik,20,F,A1
5109,2009,Darshan Rao,58,M,A2
5110,2009,Vinay Desai,52,M,A3
5111,2010,Abhishek Hegde,29,M,A1
5112,2010,Shivakumar Kulkarni,20,M,A2
5113,2011,Suresh Joshi,27,M,A1
5114,2011,Sunil Hegde,31,M,A2
5115,2012,Shruthi Hegde,22,T,A1
5116,2012,Arun Hiremath,22,M,A2
5117,2012,Karthik Sharma,37,M,A3
5118,2012,Ramya Rao,26,F,A4
5119,2013,Karthik Shetty,62,M,A1
5120,2013,Karthik Patil,57,M,A2
5121,2014,Shilpa Yadav,22,F,A1
5122,2015,Basavaraj Yadav,29,M,A1
5123,2015,Darshan Desai,29,M,A2
5124,2016,Basavaraj Shetty,35,M,A1
5125,2016,Sudeep Joshi,21,M,A2
5126,2016,Sunil Hiremath,46,M,A3
5127,2017,Nithin Desai,27,M,A1
5128,2017,Santosh Desai,21,M,A2
5129,2018,Arun Kumar,23,M,A1
5130,2018,Nithin Patil,32,M,A2
5131,2019,Sunil Gowda,35,M,A1
5132,2019,Rakesh Hegde,35,M,A2
5133,2019,Ramesh Kumar,32,M,A3
5134,2019,Sunil Reddy,21,M,A4
5135,2020,Rakesh Bhat,25,M,A1
5136,2021,Darshan Kumar,24,M,A1
5137,2021,Puneeth Naik,31,M,A2
5138,2021,Sunil Patil,25,M,A3
5139,2022,Rekha Desai,24,F,A1
5140,2022,Shivakumar Hiremath,23,M,A2
5141,2023,Arun Kulkarni,44,M,A1
5142,2023,Darshan Joshi,22,M,A2
5143,2023,Karthik Rao,35,M,A3
5144,2023,Suma Reddy,33,T,A4
5145,2024,Puneeth Patil,22,M,A1
5146,2024,Ramesh Bhat,26,M,A2
5147,2024,Anil Gowda,33,M,A3
5148,2025,Rekha Joshi,20,F,A1
5149,2025,Anil Desai,22,M,A2
5150,2025,Sudeep Kulkarni,22,M,A3
5151,2025,Shilpa Joshi,22,F,A4
5152,2026,Rakesh Reddy,32,M,A1
5153,2026,Vijay Patil,29,M,A2
5154,2027,Nithin Kumar,22,M,A1
5155,2027,Suresh Bhat,20,M,A2
5156,2027,Vijay Desai,35,M,A3
5157,2028,Sunil Gowda,29,M,A1
5158,2028,Pradeep Joshi,30,M,A2
5159,2028,Rekha Kulkarni,24,F,A3
5160,2028,Manjunath Gowda,26,M,A4
5161,2029,Abhishek Sharma,26,M,A1
5162,2029,Ramesh Patil,26,M,A2
5163,2029,Arun Patil,21,M,A3
5164,2030,Arun Yadav,64,M,A1
5165,2030,Karthik Desai,31,M,A2
5166,2030,Mahesh Rao,22,M,A3
5167,2031,Suresh Kulkarni,23,M,A1
5168,2031,Suresh Yadav,29,M,A2
5169,2031,Abhishek Shetty,29,T,A3
5170,2032,Santosh Hiremath,32,M,A1
5171,2032,Darshan Reddy,22,M,A2
5172,2033,Anil Yadav,62,M,A1
5173,2034,Vijay Kulkarni,26,M,A1
5174,2034,Abhishek Kumar,33,M,A2
5175,2035,Prakash Yadav,32,M,A1
5176,2035,Shivakumar Hegde,49,M,A2
5177,2035,Shruthi Sharma,20,F,A3
5178,2036,Kiran Kulkarni,23,M,A1
5179,2036,Anil Kumar,40,M,A2
5180,2037,Anil Kulkarni,20,M,A1
5181,2038,Sudeep Naik,27,M,A1
5182,2039,Shivakumar Gowda,60,M,A1
5183,2039,Arun Yadav,32,M,A2
5184,2039,Santosh Kulkarni,25,M,A3
5185,2040,Rakesh Sharma,23,M,A1
5186,2040,Anil Kulkarni,23,M,A2
5187,2041,Ramya Singh,58,F,A1
5188,2041,Sunil Desai,22,M,A2
5189,2041,Roopa Reddy,35,F,A3
5190,2042,Rakesh Reddy,25,M,A1
5191,2042,Prakash Rao,24,M,A2
5192,2042,Darshan Naik,51,M,A3
5193,2042,Sangeetha Reddy,57,T,A4
5194,2043,Shivakumar Hegde,40,M,A1
5195,2044,Kiran Kulkarni,21,M,A1
5196,2044,Prakash Singh,54,M,A2
5197,2044,Shivakumar Hiremath,27,M,A3
5198,2045,Shilpa Hiremath,26,F,A1
5199,2045,Pradeep Sharma,32,M,A2
5200,2046,Nithin Singh,61,M,A1
5201,2046,Swathi Gowda,22,F,A2
5202,2046,Kiran Hegde,35,M,A3
5203,2046,Puneeth Singh,33,M,A4
5204,2047,Vinay Joshi,34,M,A1
5205,2047,Manjunath Sharma,28,M,A2
5206,2048,Shivakumar Rao,31,M,A1
5207,2048,Manjunath Naik,26,M,A2
5208,2049,Pradeep Gowda,35,M,A1
5209,2050,Ramesh Hegde,21,M,A1
5210,2051,Sudeep Bhat,45,M,A1
5211,2051,Roopa Rao,22,F,A2
5212,2052,Vijay Naik,33,M,A1
5213,2052,Pradeep Gowda,44,M,A2
5214,2053,Sahana Joshi,20,T,A1
5215,2053,Anil Hegde,28,M,A2
5216,2053,Ramesh Rao,32,M,A3
5217,2054,Suresh Shetty,34,M,A1
5218,2054,Suresh Patil,23,M,A2
5219,2055,Suresh Shetty,28,M,A1
5220,2056,Arun Yadav,66,M,A1
5221,2057,Arun Shetty,64,M,A1
5222,2057,Rakesh Yadav,63,M,A2
5223,2057,Santosh Patil,35,M,A3
5224,2058,Sunil Yadav,48,M,A1
5225,2058,Santosh Shetty,24,M,A2
5226,2058,Kavya Singh,21,F,A3
5227,2059,Mahesh Joshi,32,M,A1
5228,2059,Vijay Gowda,35,M,A2
5229,2059,Vijay Bhat,20,M,A3
5230,2059,Darshan Reddy,33,M,A4
5231,2060,Shivakumar Kulkarni,20,M,A1
5232,2060,Shivakumar Hiremath,51,M,A2
5233,2061,Manjunath Kulkarni,29,M,A1
5234,2061,Sudeep Shetty,32,M,A2
5235,2061,Karthik Sharma,21,M,A3
5236,2062,Prakash Gowda,30,M,A1
5237,2063,Kiran Naik,34,M,A1
5238,2063,Nithin Yadav,43,M,A2
5239,2063,Santosh Hegde,51,M,A3
5240,2064,Santosh Hegde,22,M,A1
5241,2065,Arun Shetty,63,M,A1
5242,2065,Suresh Naik,21,M,A2
5243,2066,Anil Gowda,33,M,A1
5244,2066,Suresh Patil,22,M,A2
5245,2066,Suresh Hiremath,26,M,A3
5246,2066,Arun Yadav,33,M,A4
5247,2067,Kiran Shetty,32,M,A1
5248,2067,Sahana Shetty,22,F,A2
5249,2068,Vinay Singh,31,M,A1
5250,2068,Rakesh Desai,29,M,A2
5251,2069,Santosh Joshi,28,M,A1
5252,2069,Darshan Joshi,27,T,A2
5253,2070,Vijay Bhat,62,M,A1
5254,2071,Vinay Kumar,21,M,A1
5255,2072,Prakash Reddy,28,M,A1
5256,2072,Basavaraj Yadav,27,M,A2
5257,2072,Arun Gowda,34,M,A3
5258,2072,Suma Patil,35,F,A4
5259,2073,Vijay Desai,24,M,A1
5260,2074,Karthik Hegde,43,M,A1
5261,2074,Pradeep Reddy,27,M,A2
5262,2074,Sunil Hegde,38,M,A3
5263,2074,Sudeep Rao,30,M,A4
5264,2075,Anil Kulkarni,32,M,A1
5265,2075,Vinay Patil,31,M,A2
5266,2075,Ramesh Hiremath,28,M,A3
5267,2075,Ramya Kumar,39,F,A4
5268,2076,Karthik Sharma,34,M,A1
5269,2076,Prakash Bhat,26,M,A2
5270,2076,Shivakumar Gowda,35,M,A3
5271,2076,Kavya Naik,21,F,A4
5272,2077,Nithin Kumar,29,T,A1
5273,2078,Abhishek Joshi,24,M,A1
5274,2079,Arun Kulkarni,21,M,A1
5275,2079,Manjunath Shetty,33,M,A2
5276,2079,Vijay Rao,29,M,A3
5277,2080,Karthik Kumar,55,M,A1
5278,2080,Arun Bhat,27,M,A2
5279,2080,Sunil Yadav,34,M,A3
5280,2080,Prakash Hiremath,26,M,A4
5281,2081,Basavaraj Gowda,24,M,A1
5282,2081,Prakash Reddy,23,M,A2
5283,2081,Puneeth Naik,34,M,A3
5284,2081,Manjunath Joshi,28,M,A4
5285,2082,Ramesh Gowda,22,M,A1
5286,2082,Sahana Sharma,30,T,A2
5287,2082,Suresh Hiremath,60,M,A3
5288,2083,Vinay Naik,62,M,A1
5289,2083,Manjunath Reddy,30,M,A2
5290,2084,Sudeep Rao,30,M,A1
5291,2084,Vijay Shetty,52,M,A2
5292,2084,Prakash Kulkarni,20,M,A3
5293,2085,Rakesh Rao,25,M,A1
5294,2086,Puneeth Bhat,21,M,A1
5295,2087,Asha Naik,31,T,A1
5296,2087,Basavaraj Kumar,20,M,A2
5297,2087,Prakash Bhat,29,M,A3
5298,2087,Vinay Reddy,32,M,A4
5299,2088,Nithin Joshi,41,M,A1
5300,2088,Shilpa Bhat,29,F,A2
5301,2088,Puneeth Desai,20,M,A3
5302,2088,Puneeth Reddy,24,M,A4
5303,2089,Suresh Gowda,35,M,A1
5304,2089,Shivakumar Rao,60,M,A2
5305,2089,Basavaraj Naik,23,M,A3
5306,2090,Rekha Bhat,44,F,A1
5307,2090,Darshan Gowda,26,M,A2
5308,2090,Sudeep Yadav,27,M,A3
5309,2091,Santosh Kulkarni,63,M,A1
5310,2092,Ramesh Singh,20,M,A1
5311,2092,Arun Sharma,45,M,A2
5312,2092,Ramesh Bhat,27,M,A3
5313,2093,Karthik Gowda,29,M,A1
5314,2093,Santosh Rao,53,M,A2
5315,2093,Kavya Hegde,33,F,A3
5316,2094,Sudeep Gowda,24,M,A1
5317,2094,Prakash Kumar,21,M,A2
5318,2094,Ramesh Hegde,21,M,A3
5319,2095,Ramesh Joshi,36,M,A1
5320,2095,Santosh Bhat,19,T,A2
5321,2096,Rekha Bhat,33,F,A1
5322,2096,Sunil Hegde,39,M,A2
5323,2096,Ramesh Naik,23,M,A3
5324,2097,Prakash Kulkarni,27,M,A1
5325,2097,Suma Hiremath,31,F,A2
5326,2097,Suma Naik,29,F,A3
5327,2098,Rakesh Kumar,24,M,A1
5328,2099,Mahesh Hegde,23,M,A1
5329,2100,Santosh Rao,30,M,A1
5330,2100,Prakash Kumar,56,M,A2
5331,2101,Mahesh Kumar,30,M,A1
5332,2101,Arun Reddy,31,M,A2
5333,2101,Arun Patil,32,M,A3
5334,2101,Nithin Kulkarni,35,M,A4
5335,2102,Santosh Bhat,27,M,A1
5336,2102,Kiran Yadav,27,M,A2
5337,2103,Vijay Reddy,20,M,A1
5338,2103,Karthik Bhat,34,M,A2
5339,2103,Sunil Hegde,29,M,A3
5340,2103,Suresh Singh,25,M,A4
5341,2104,Vijay Gowda,27,M,A1
5342,2105,Arun Singh,51,M,A1
5343,2106,Mahesh Kumar,33,M,A1
5344,2106,Manjunath Kulkarni,19,M,A2
5345,2106,Sangeetha Sharma,61,F,A3
5346,2106,Vijay Desai,28,M,A4
5347,2107,Sudeep Patil,55,M,A1
5348,2108,Santosh Yadav,22,M,A1
5349,2109,Sudeep Reddy,45,M,A1
5350,2110,Anil Bhat,32,M,A1
5351,2111,Santosh Joshi,65,M,A1
5352,2111,Vinay Yadav,28,M,A2
5353,2111,Anusha Joshi,35,F,A3
5354,2111,Shivakumar Reddy,41,M,A4
5355,2112,Abhishek Patil,33,M,A1
5356,2112,Kiran Gowda,28,M,A2
5357,2113,Pooja Yadav,27,F,A1
5358,2113,Suresh Kulkarni,58,M,A2
5359,2113,Prakash Singh,28,M,A3
5360,2114,Meghana Kulkarni,35,F,A1
5361,2114,Manjunath Rao,34,M,A2
5362,2115,Sunil Naik,20,M,A1
5363,2115,Rakesh Joshi,55,M,A2
5364,2115,Karthik Yadav,52,M,A3
5365,2116,Pradeep Gowda,63,M,A1
5366,2116,Vinay Naik,33,M,A2
5367,2116,Prakash Kulkarni,26,M,A3
5368,2117,Anil Joshi,24,M,A1
5369,2117,Puneeth Joshi,29,M,A2
5370,2117,Sunil Hegde,23,M,A3
5371,2118,Vijay Singh,60,M,A1
5372,2118,Nithin Yadav,24,M,A2
5373,2118,Sunil Yadav,21,M,A3
5374,2118,Shivakumar Sharma,33,M,A4
5375,2119,Suresh Desai,48,M,A1
5376,2119,Rekha Joshi,23,F,A2
5377,2120,Arun Kulkarni,23,M,A1
5378,2120,Prakash Gowda,27,M,A2
5379,2120,Puneeth Bhat,35,M,A3
5380,2120,Shilpa Reddy,31,F,A4
5381,2121,Basavaraj Singh,32,M,A1
5382,2122,Ramesh Naik,34,M,A1
5383,2122,Mahesh Kulkarni,30,M,A2
5384,2123,Basavaraj Kumar,26,M,A1
5385,2124,Basavaraj Yadav,28,M,A1
5386,2124,Mahesh Reddy,24,M,A2
5387,2125,Kiran Bhat,34,M,A1
5388,2125,Anusha Rao,28,F,A2
5389,2125,Anil Yadav,41,M,A3
5390,2125,Sunil Bhat,24,T,A4
5391,2126,Ramesh Singh,21,M,A1
5392,2126,Roopa Desai,31,F,A2
5393,2126,Prakash Bhat,62,M,A3
5394,2126,Sudeep Singh,23,M,A4
5395,2127,Prakash Yadav,26,M,A1
5396,2127,Prakash Singh,31,M,A2
5397,2127,Nithin Rao,18,M,A3
5398,2128,Vinay Patil,30,M,A1
5399,2128,Bhagya Yadav,22,F,A2
5400,2128,Sudeep Shetty,34,M,A3
5401,2129,Abhishek Hiremath,23,M,A1
5402,2129,Darshan Reddy,35,M,A2
5403,2130,Mahesh Rao,27,M,A1
5404,2130,Rekha Singh,24,F,A2
5405,2131,Puneeth Singh,22,M,A1
5406,2131,Meghana Patil,30,F,A2
5407,2132,Swathi Reddy,35,F,A1
5408,2132,Arun Singh,33,M,A2
5409,2132,Sudeep Hiremath,18,M,A3
5410,2133,Anil Joshi,35,M,A1
5411,2133,Puneeth Hiremath,38,M,A2
5412,2133,Basavaraj Naik,25,M,A3
5413,2134,Sahana Desai,35,F,A1
5414,2134,Pradeep Gowda,26,M,A2
5415,2135,Rekha Kulkarni,56,F,A1
5416,2135,Ramesh Hegde,39,M,A2
5417,2136,Mahesh Naik,23,M,A1
5418,2137,Pradeep Kulkarni,27,M,A1
5419,2137,Darshan Naik,34,M,A2
5420,2137,Rakesh Joshi,53,M,A3
5421,2138,Kiran Joshi,26,M,A1
5422,2138,Santosh Kumar,28,M,A2
5423,2138,Mahesh Kulkarni,27,M,A3
5424,2138,Basavaraj Yadav,27,M,A4
5425,2139,Basavaraj Bhat,53,M,A1
5426,2139,Karthik Rao,33,M,A2
5427,2139,Suresh Singh,25,M,A3
5428,2139,Pradeep Naik,51,M,A4
5429,2140,Manjunath Sharma,21,M,A1
5430,2140,Darshan Rao,28,M,A2
5431,2141,Rakesh Reddy,20,M,A1
5432,2142,Nithin Singh,30,M,A1
5433,2142,Abhishek Gowda,23,M,A2
5434,2142,Meghana Reddy,21,F,A3
5435,2143,Abhishek Hegde,22,M,A1
5436,2143,Abhishek Yadav,37,M,A2
5437,2144,Basavaraj Hiremath,35,M,A1
5438,2144,Kavya Hegde,22,T,A2
5439,2145,Geetha Reddy,36,F,A1
5440,2145,Abhishek Gowda,31,M,A2
5441,2145,Darshan Shetty,34,M,A3
5442,2145,Rakesh Hiremath,45,M,A4
5443,2146,Nithin Rao,26,M,A1
5444,2146,Vinay Reddy,32,M,A2
5445,2146,Divya Joshi,57,F,A3
5446,2146,Sangeetha Hegde,54,F,A4
5447,2147,Meghana Singh,35,F,A1
5448,2148,Nithin Joshi,47,M,A1
5449,2148,Nithin Gowda,20,M,A2
5450,2148,Puneeth Desai,64,M,A3
5451,2149,Puneeth Joshi,44,M,A1
5452,2149,Karthik Sharma,24,M,A2
5453,2149,Basavaraj Singh,20,M,A3
5454,2150,Anil Joshi,25,M,A1
5455,2150,Roopa Patil,35,F,A2
5456,2151,Ramesh Bhat,24,M,A1
5457,2151,Nithin Rao,33,M,A2
5458,2152,Rakesh Joshi,24,M,A1
5459,2152,Karthik Desai,20,M,A2
5460,2152,Suma Shetty,50,T,A3
5461,2152,Shivakumar Singh,21,T,A4
5462,2153,Ramesh Singh,28,M,A1
5463,2153,Shivakumar Sharma,28,M,A2
5464,2154,Karthik Sharma,33,M,A1
5465,2155,Shivakumar Hiremath,29,M,A1
5466,2155,Karthik Bhat,56,M,A2
5467,2155,Rakesh Bhat,34,M,A3
5468,2155,Anusha Kulkarni,49,F,A4
5469,2156,Nithin Hegde,34,M,A1
5470,2157,Vinay Shetty,26,M,A1
5471,2157,Rakesh Kumar,31,M,A2
5472,2158,Suresh Shetty,32,M,A1
5473,2158,Vinay Patil,25,M,A2
5474,2159,Sudeep Yadav,28,M,A1
5475,2159,Anil Hegde,30,M,A2
5476,2159,Vinay Yadav,35,M,A3
5477,2160,Vinay Kulkarni,25,M,A1
5478,2160,Vinay Hiremath,25,M,A2
5479,2160,Manjunath Kulkarni,31,M,A3
5480,2160,Swathi Sharma,28,F,A4
5481,2161,Santosh Sharma,32,M,A1
5482,2161,Divya Bhat,54,F,A2
5483,2161,Karthik Sharma,39,M,A3
5484,2162,Karthik Yadav,28,M,A1
5485,2162,Manjunath Hiremath,20,M,A2
5486,2162,Suresh Desai,24,M,A3
5487,2162,Abhishek Kulkarni,29,M,A4
5488,2163,Shivakumar Naik,23,M,A1
5489,2163,Vijay Sharma,31,M,A2
5490,2163,Sahana Sharma,24,F,A3
5491,2164,Basavaraj Joshi,27,M,A1
5492,2164,Basavaraj Kumar,35,M,A2
5493,2165,Abhishek Naik,27,M,A1
5494,2165,Shivakumar Kumar,24,M,A2
5495,2165,Karthik Sharma,31,M,A3
5496,2166,Santosh Yadav,40,M,A1
5497,2166,Puneeth Bhat,27,M,A2
5498,2166,Abhishek Sharma,57,M,A3
5499,2167,Pradeep Kumar,27,M,A1
5500,2167,Arun Kumar,31,M,A2
5501,2167,Basavaraj Naik,30,M,A3
5502,2167,Divya Shetty,32,F,A4
5503,2168,Abhishek Naik,32,M,A1
5504,2169,Sunil Shetty,27,M,A1
5505,2170,Arun Yadav,20,M,A1
5506,2170,Santosh Yadav,52,M,A2
5507,2170,Abhishek Singh,33,M,A3
5508,2170,Puneeth Hegde,22,M,A4
5509,2171,Sudeep Bhat,32,M,A1
5510,2171,Nithin Kumar,60,M,A2
5511,2172,Nithin Shetty,60,M,A1
5512,2172,Shivakumar Reddy,39,M,A2
5513,2173,Mahesh Sharma,33,M,A1
5514,2173,Manjunath Gowda,20,M,A2
5515,2174,Bhagya Singh,20,T,A1
5516,2175,Suresh Gowda,35,M,A1
5517,2175,Suma Kumar,28,T,A2
5518,2175,Basavaraj Reddy,31,M,A3
5519,2175,Pradeep Patil,56,M,A4
5520,2176,Sangeetha Kumar,28,F,A1
5521,2177,Shivakumar Desai,32,M,A1
5522,2177,Darshan Singh,41,M,A2
5523,2177,Anil Joshi,22,M,A3
5524,2177,Rekha Kumar,18,F,A4
5525,2178,Prakash Naik,23,M,A1
5526,2178,Sudeep Reddy,30,M,A2
5527,2178,Darshan Rao,31,M,A3
5528,2179,Sunil Joshi,27,M,A1
5529,2179,Nithin Hiremath,46,M,A2
5530,2179,Nithin Reddy,24,M,A3
5531,2179,Sunil Naik,23,M,A4
5532,2180,Prakash Gowda,27,M,A1
5533,2180,Arun Sharma,31,M,A2
5534,2180,Rakesh Yadav,33,M,A3
5535,2180,Shivakumar Hiremath,53,M,A4
5536,2181,Kiran Kulkarni,47,M,A1
5537,2181,Rakesh Rao,23,M,A2
5538,2181,Prakash Naik,25,M,A3
5539,2182,Vinay Kumar,21,M,A1
5540,2182,Sudeep Patil,26,M,A2
5541,2183,Prakash Kulkarni,30,M,A1
5542,2183,Pradeep Rao,23,M,A2
5543,2183,Santosh Desai,21,M,A3
5544,2184,Nithin Hegde,34,M,A1
5545,2184,Vijay Patil,22,M,A2
5546,2184,Darshan Naik,34,M,A3
5547,2184,Vijay Patil,18,M,A4
5548,2185,Manjunath Kumar,33,M,A1
5549,2185,Ramesh Sharma,27,M,A2
5550,2185,Suma Patil,33,F,A3
5551,2185,Pradeep Gowda,20,M,A4
5552,2186,Mahesh Patil,34,M,A1
5553,2187,Pradeep Naik,22,M,A1
5554,2188,Karthik Hiremath,28,M,A1
5555,2188,Kiran Rao,33,M,A2
5556,2188,Santosh Reddy,34,M,A3
5557,2189,Ramesh Hiremath,25,M,A1
5558,2190,Manjunath Gowda,23,M,A1
5559,2190,Santosh Singh,62,M,A2
5560,2190,Rakesh Gowda,33,M,A3
5561,2190,Kiran Hiremath,29,M,A4
5562,2191,Shivakumar Kulkarni,32,M,A1
5563,2191,Karthik Kumar,22,M,A2
5564,2192,Ramesh Desai,29,M,A1
5565,2192,Shilpa Rao,26,T,A2
5566,2193,Shilpa Naik,30,F,A1
5567,2193,Santosh Kumar,22,M,A2
5568,2193,Abhishek Shetty,29,M,A3
5569,2194,Kiran Kulkarni,25,M,A1
5570,2195,Rakesh Kumar,20,M,A1
5571,2195,Karthik Sharma,33,M,A2
5572,2195,Basavaraj Kumar,24,M,A3
5573,2195,Karthik Hiremath,20,M,A4
5574,2196,Basavaraj Patil,24,M,A1
5575,2196,Bhagya Gowda,31,F,A2
5576,2196,Pradeep Desai,32,M,A3
5577,2196,Shruthi Patil,45,F,A4
5578,2197,Sunil Rao,23,M,A1
5579,2197,Vinay Naik,20,M,A2
5580,2197,Sunil Bhat,28,M,A3
5581,2197,Asha Hiremath,33,F,A4
5582,2198,Vijay Reddy,30,M,A1
5583,2198,Sudeep Joshi,27,M,A2
5584,2198,Suresh Singh,35,M,A3
5585,2198,Anusha Sharma,35,F,A4
5586,2199,Ramesh Gowda,23,M,A1
5587,2200,Kiran Gowda,22,M,A1
5588,2201,Nithin Naik,29,M,A1
5589,2201,Sunil Hiremath,23,M,A2
5590,2201,Sudeep Patil,34,M,A3
5591,2201,Shivakumar Desai,21,M,A4
5592,2202,Pooja Patil,26,F,A1
5593,2202,Bhagya Singh,25,F,A2
5594,2202,Suresh Joshi,22,M,A3
5595,2203,Suresh Hegde,33,M,A1
5596,2203,Anil Rao,25,M,A2
5597,2203,Puneeth Kumar,64,M,A3
5598,2204,Kiran Patil,24,M,A1
5599,2204,Vinay Kulkarni,24,M,A2
5600,2204,Ramesh Kulkarni,34,M,A3
5601,2205,Anil Shetty,33,M,A1
5602,2205,Anil Singh,34,M,A2
5603,2205,Vijay Joshi,42,M,A3
5604,2205,Manjunath Singh,35,M,A4
5605,2206,Sudeep Desai,25,M,A1
5606,2206,Sunil Hegde,29,M,A2
5607,2206,Sudeep Rao,25,M,A3
5608,2206,Nithin Shetty,25,M,A4
5609,2207,Darshan Kulkarni,51,M,A1
5610,2207,Karthik Sharma,35,M,A2
5611,2207,Shruthi Joshi,30,F,A3
5612,2207,Rekha Singh,22,T,A4
5613,2208,Prakash Reddy,34,M,A1
5614,2208,Pooja Reddy,31,F,A2
5615,2209,Asha Shetty,32,F,A1
5616,2209,Sunil Shetty,25,M,A2
5617,2209,Vinay Sharma,34,M,A3
5618,2209,Karthik Bhat,24,M,A4
5619,2210,Sudeep Joshi,57,M,A1
5620,2210,Darshan Yadav,33,M,A2
5621,2211,Roopa Bhat,49,F,A1
5622,2211,Darshan Desai,27,M,A2
5623,2211,Asha Shetty,26,T,A3
5624,2211,Sunil Rao,22,M,A4
5625,2212,Shivakumar Desai,26,M,A1
5626,2212,Basavaraj Singh,25,M,A2
5627,2213,Pooja Hiremath,35,F,A1
5628,2213,Prakash Kulkarni,20,M,A2
5629,2213,Karthik Naik,20,M,A3
5630,2214,Arun Shetty,33,M,A1
5631,2214,Roopa Gowda,59,F,A2
5632,2214,Darshan Yadav,27,M,A3
5633,2215,Sudeep Singh,56,M,A1
5634,2216,Kiran Bhat,20,M,A1
5635,2216,Sunil Reddy,31,M,A2
5636,2216,Kiran Sharma,34,M,A3
5637,2217,Kiran Shetty,22,M,A1
5638,2217,Ramesh Patil,24,M,A2
5639,2218,Karthik Singh,60,M,A1
5640,2218,Shivakumar Patil,32,M,A2
5641,2218,Arun Hiremath,33,M,A3
5642,2219,Pooja Hiremath,22,F,A1
5643,2219,Sunil Patil,33,M,A2
5644,2219,Abhishek Hegde,38,M,A3
5645,2220,Puneeth Patil,30,M,A1
5646,2220,Ramesh Gowda,50,M,A2
5647,2221,Sunil Shetty,37,M,A1
5648,2221,Prakash Sharma,33,M,A2
5649,2221,Santosh Gowda,34,M,A3
5650,2221,Darshan Hiremath,23,M,A4
5651,2222,Prakash Patil,30,M,A1
5652,2222,Sangeetha Singh,25,F,A2
5653,2222,Vijay Patil,40,M,A3
5654,2222,Anil Kulkarni,30,M,A4
5655,2223,Basavaraj Yadav,32,M,A1
5656,2223,Manjunath Gowda,28,M,A2
5657,2224,Pradeep Kulkarni,63,M,A1
5658,2224,Kiran Singh,31,M,A2
5659,2225,Shruthi Singh,33,F,A1
5660,2225,Puneeth Joshi,35,M,A2
5661,2226,Prakash Hegde,30,M,A1
5662,2226,Sudeep Joshi,29,M,A2
5663,2226,Suresh Patil,30,M,A3
5664,2226,Kavya Hegde,32,F,A4
5665,2227,Vinay Naik,22,M,A1
5666,2227,Darshan Desai,23,M,A2
5667,2227,Ramesh Yadav,36,M,A3
5668,2227,Manjunath Desai,32,M,A4
5669,2228,Sudeep Yadav,33,M,A1
5670,2228,Anil Rao,24,M,A2
5671,2228,Vinay Rao,65,M,A3
5672,2228,Manjunath Sharma,26,M,A4
5673,2229,Kiran Naik,35,M,A1
5674,2229,Darshan Bhat,26,M,A2
5675,2229,Pradeep Gowda,25,M,A3
5676,2230,Darshan Sharma,24,M,A1
5677,2230,Puneeth Bhat,24,M,A2
5678,2230,Santosh Rao,18,M,A3
5679,2231,Ramesh Joshi,20,M,A1
5680,2232,Puneeth Rao,33,T,A1
5681,2232,Anusha Bhat,29,F,A2
5682,2232,Basavaraj Desai,32,M,A3
5683,2233,Sunil Naik,25,M,A1
5684,2233,Geetha Bhat,30,F,A2
5685,2233,Mahesh Desai,30,M,A3
5686,2233,Basavaraj Patil,28,M,A4
5687,2234,Sudeep Bhat,23,M,A1
5688,2234,Pradeep Reddy,59,M,A2
5689,2235,Kiran Bhat,23,M,A1
5690,2235,Mahesh Bhat,20,M,A2
5691,2236,Basavaraj Shetty,26,M,A1
5692,2236,Geetha Bhat,27,F,A2
5693,2236,Divya Hiremath,33,F,A3
5694,2236,Shivakumar Kulkarni,31,M,A4
5695,2237,Puneeth Kumar,20,M,A1
5696,2237,Pradeep Bhat,24,M,A2
5697,2238,Suresh Sharma,30,M,A1
5698,2238,Shivakumar Sharma,21,M,A2
5699,2238,Nithin Sharma,43,M,A3
5700,2239,Ramesh Shetty,30,M,A1
5701,2239,Puneeth Kumar,28,M,A2
5702,2239,Rakesh Patil,32,M,A3
5703,2240,Sunil Reddy,27,M,A1
5704,2240,Manjunath Patil,26,M,A2
5705,2240,Nithin Kulkarni,22,M,A3
5706,2241,Arun Singh,64,M,A1
5707,2242,Santosh Bhat,31,M,A1
5708,2242,Asha Joshi,32,F,A2
5709,2242,Vijay Hiremath,60,M,A3
5710,2242,Abhishek Naik,23,M,A4
5711,2243,Vinay Reddy,35,M,A1
5712,2244,Ramesh Singh,23,M,A1
5713,2244,Santosh Joshi,35,M,A2
5714,2244,Sangeetha Bhat,22,F,A3
5715,2244,Ramesh Kulkarni,29,M,A4
5716,2245,Vijay Kulkarni,24,M,A1
5717,2245,Manjunath Kumar,25,M,A2
5718,2245,Meghana Patil,30,F,A3
5719,2246,Mahesh Sharma,23,M,A1
5720,2246,Sudeep Reddy,20,M,A2
5721,2246,Santosh Rao,31,M,A3
5722,2246,Pooja Shetty,20,F,A4
5723,2247,Prakash Naik,27,M,A1
5724,2247,Darshan Bhat,31,M,A2
5725,2247,Vijay Sharma,32,M,A3
5726,2247,Sunil Rao,31,M,A4
5727,2248,Kavya Hiremath,38,F,A1
5728,2249,Rakesh Gowda,26,M,A1
5729,2249,Santosh Naik,29,M,A2
5730,2249,Abhishek Hiremath,46,M,A3
5731,2250,Mahesh Desai,34,M,A1
5732,2251,Ramesh Gowda,23,M,A1
5733,2252,Sudeep Reddy,27,M,A1
5734,2253,Sunil Hiremath,27,M,A1
5735,2253,Basavaraj Reddy,33,M,A2
5736,2253,Shivakumar Hegde,24,M,A3
5737,2253,Kiran Hiremath,26,T,A4
5738,2254,Sudeep Reddy,34,M,A1
5739,2254,Basavaraj Rao,35,M,A2
5740,2254,Kiran Hiremath,32,M,A3
5741,2255,Arun Desai,26,M,A1
5742,2256,Roopa Desai,25,F,A1
5743,2256,Kavya Hegde,33,F,A2
5744,2256,Santosh Patil,33,M,A3
5745,2256,Abhishek Rao,35,M,A4
5746,2257,Ramesh Singh,32,M,A1
5747,2258,Sangeetha Reddy,22,F,A1
5748,2258,Darshan Desai,31,M,A2
5749,2258,Basavaraj Singh,46,M,A3
5750,2259,Divya Singh,34,F,A1
5751,2259,Mahesh Kumar,25,M,A2
5752,2259,Anil Joshi,24,M,A3
5753,2260,Bhagya Yadav,27,F,A1
5754,2261,Santosh Shetty,23,M,A1
5755,2261,Darshan Naik,38,M,A2
5756,2261,Kavya Yadav,30,F,A3
5757,2261,Manjunath Desai,65,M,A4
5758,2262,Vinay Hegde,22,M,A1
5759,2262,Manjunath Hegde,39,M,A2
5760,2263,Anil Singh,35,M,A1
5761,2264,Swathi Singh,26,F,A1
5762,2264,Santosh Naik,28,M,A2
5763,2265,Manjunath Reddy,28,T,A1
5764,2265,Asha Kumar,21,F,A2
5765,2265,Suresh Naik,28,M,A3
5766,2265,Kiran Desai,29,M,A4
5767,2266,Pooja Hiremath,20,F,A1
5768,2266,Anil Shetty,30,M,A2
5769,2266,Sunil Shetty,53,M,A3
5770,2266,Shivakumar Joshi,26,M,A4
5771,2267,Suresh Naik,20,M,A1
5772,2267,Ramya Hiremath,29,F,A2
5773,2268,Abhishek Hiremath,26,T,A1
5774,2268,Sudeep Hegde,35,M,A2
5775,2268,Mahesh Bhat,30,M,A3
5776,2268,Puneeth Yadav,24,M,A4
5777,2269,Rekha Gowda,34,F,A1
5778,2269,Arun Kulkarni,30,M,A2
5779,2269,Santosh Shetty,34,M,A3
5780,2269,Ramesh Hiremath,27,M,A4
5781,2270,Manjunath Kulkarni,28,M,A1
5782,2270,Sunil Rao,29,M,A2
5783,2271,Puneeth Hiremath,28,M,A1
5784,2271,Karthik Gowda,23,M,A2
5785,2272,Sudeep Rao,20,M,A1
5786,2272,Prakash Gowda,31,M,A2
5787,2272,Mahesh Joshi,31,M,A3
5788,2272,Pradeep Reddy,26,M,A4
5789,2273,Anil Kulkarni,53,M,A1
5790,2273,Manjunath Kumar,28,M,A2
5791,2273,Sudeep Gowda,22,M,A3
5792,2273,Basavaraj Kulkarni,33,M,A4
5793,2274,Mahesh Hiremath,29,M,A1
5794,2274,Rekha Yadav,27,T,A2
5795,2274,Abhishek Reddy,29,M,A3
5796,2275,Sunil Shetty,20,M,A1
5797,2276,Darshan Sharma,61,M,A1
5798,2276,Pradeep Gowda,31,M,A2
5799,2277,Kiran Kumar,33,M,A1
5800,2277,Basavaraj Sharma,32,M,A2
5801,2277,Rakesh Hegde,60,M,A3
5802,2277,Sahana Gowda,35,F,A4
5803,2278,Kiran Bhat,38,M,A1
5804,2279,Arun Naik,22,M,A1
5805,2279,Suma Joshi,27,F,A2
5806,2279,Suresh Yadav,35,M,A3
5807,2279,Suresh Gowda,22,M,A4
5808,2280,Santosh Rao,31,M,A1
5809,2281,Ramesh Singh,33,M,A1
5810,2281,Karthik Desai,39,M,A2
5811,2282,Anil Rao,26,M,A1
5812,2282,Vinay Kumar,27,M,A2
5813,2282,Puneeth Yadav,29,M,A3
5814,2283,Nithin Sharma,33,M,A1
5815,2283,Manjunath Sharma,30,M,A2
5816,2283,Rakesh Reddy,23,M,A3
5817,2283,Mahesh Hegde,29,M,A4
5818,2284,Anil Joshi,34,M,A1
5819,2285,Manjunath Hiremath,59,M,A1
5820,2286,Anusha Kumar,30,F,A1
5821,2286,Basavaraj Singh,25,M,A2
5822,2286,Shivakumar Reddy,22,M,A3
5823,2286,Ramesh Kumar,34,M,A4
5824,2287,Kiran Kulkarni,35,M,A1
5825,2287,Anil Gowda,23,M,A2
5826,2287,Darshan Shetty,20,M,A3
5827,2287,Pradeep Sharma,23,M,A4
5828,2288,Abhishek Yadav,28,M,A1
5829,2288,Vijay Desai,20,M,A2
5830,2288,Ramesh Kumar,31,M,A3
5831,2288,Santosh Singh,40,M,A4
5832,2289,Sudeep Joshi,23,M,A1
5833,2290,Pradeep Patil,33,M,A1
5834,2291,Santosh Gowda,49,M,A1
5835,2291,Shivakumar Shetty,30,M,A2
5836,2291,Arun Desai,27,M,A3
5837,2292,Puneeth Singh,31,M,A1
5838,2293,Divya Kulkarni,32,F,A1
5839,2293,Roopa Gowda,30,T,A2
5840,2293,Prakash Kulkarni,26,M,A3
5841,2294,Rakesh Naik,60,M,A1
5842,2294,Nithin Gowda,34,M,A2
5843,2295,Pradeep Patil,59,M,A1
5844,2296,Darshan Singh,23,M,A1
5845,2297,Anil Yadav,27,M,A1
5846,2297,Pradeep Bhat,33,M,A2
5847,2297,Rakesh Gowda,46,T,A3
5848,2298,Shivakumar Naik,27,M,A1
5849,2298,Vinay Kumar,22,M,A2
5850,2299,Geetha Singh,32,F,A1
5851,2299,Anusha Singh,63,F,A2
5852,2300,Pradeep Desai,20,M,A1
5853,2300,Darshan Kulkarni,27,T,A2
5854,2301,Shivakumar Sharma,48,M,A1
5855,2301,Puneeth Kumar,21,M,A2
5856,2301,Rakesh Sharma,30,M,A3
5857,2302,Sahana Bhat,30,F,A1
5858,2303,Ramesh Kumar,20,M,A1
5859,2304,Vinay Sharma,36,M,A1
5860,2304,Vijay Rao,33,M,A2
5861,2304,Rakesh Desai,18,M,A3
5862,2305,Vinay Hegde,35,M,A1
5863,2305,Kiran Shetty,29,M,A2
5864,2305,Nithin Kumar,25,M,A3
5865,2306,Rashmi Yadav,62,F,A1
5866,2307,Vinay Patil,25,M,A1
5867,2308,Asha Shetty,25,F,A1
5868,2309,Rakesh Shetty,22,M,A1
5869,2309,Santosh Joshi,29,M,A2
5870,2309,Sudeep Hiremath,34,M,A3
5871,2310,Karthik Gowda,49,M,A1
5872,2311,Karthik Hegde,29,T,A1
5873,2311,Darshan Rao,26,M,A2
5874,2311,Arun Shetty,33,M,A3
5875,2311,Anil Sharma,28,M,A4
5876,2312,Sudeep Shetty,23,M,A1
5877,2312,Rakesh Desai,24,M,A2
5878,2312,Puneeth Kulkarni,34,M,A3
5879,2313,Shilpa Kumar,20,F,A1
5880,2313,Vinay Joshi,47,M,A2
5881,2313,Vijay Bhat,30,M,A3
5882,2313,Vinay Sharma,23,M,A4
5883,2314,Sunil Joshi,31,M,A1
5884,2314,Suresh Joshi,34,M,A2
5885,2314,Prakash Kulkarni,24,M,A3
5886,2314,Manjunath Hegde,33,M,A4
5887,2315,Shivakumar Naik,33,M,A1
5888,2315,Suresh Singh,34,M,A2
5889,2315,Santosh Joshi,25,M,A3
5890,2315,Vinay Reddy,20,M,A4
5891,2316,Puneeth Yadav,24,M,A1
5892,2316,Abhishek Hiremath,21,M,A2
5893,2317,Rakesh Sharma,34,M,A1
5894,2317,Prakash Shetty,44,M,A2
5895,2317,Manjunath Joshi,22,M,A3
5896,2318,Arun Sharma,24,M,A1
5897,2318,Suresh Joshi,32,M,A2
5898,2318,Kiran Gowda,54,M,A3
5899,2319,Prakash Naik,22,M,A1
5900,2319,Ramesh Rao,23,M,A2
5901,2319,Sudeep Joshi,35,M,A3
5902,2320,Shilpa Kumar,24,F,A1
5903,2320,Karthik Reddy,35,M,A2
5904,2320,Sunil Singh,27,M,A3
5905,2320,Nithin Naik,25,M,A4
5906,2321,Arun Shetty,28,M,A1
5907,2322,Pradeep Singh,28,M,A1
5908,2322,Basavaraj Joshi,27,M,A2
5909,2323,Santosh Bhat,23,M,A1
5910,2323,Anil Naik,35,M,A2
5911,2323,Santosh Patil,35,M,A3
5912,2323,Sahana Patil,30,F,A4
5913,2324,Vijay Rao,33,M,A1
5914,2324,Puneeth Naik,36,M,A2
5915,2324,Karthik Kulkarni,22,M,A3
5916,2325,Mahesh Kumar,32,M,A1
5917,2325,Santosh Joshi,63,M,A2
5918,2325,Kavya Joshi,32,F,A3
5919,2325,Manjunath Desai,25,M,A4
5920,2326,Ramesh Gowda,38,M,A1
5921,2326,Vinay Singh,24,M,A2
5922,2326,Prakash Gowda,35,M,A3
5923,2326,Prakash Shetty,26,M,A4
5924,2327,Shilpa Naik,33,F,A1
5925,2327,Darshan Sharma,25,M,A2
5926,2327,Sunil Reddy,47,M,A3
5927,2327,Shivakumar Naik,25,M,A4
5928,2328,Sunil Shetty,27,M,A1
5929,2329,Vinay Yadav,27,M,A1
5930,2329,Geetha Sharma,33,F,A2
5931,2329,Nithin Singh,33,M,A3
5932,2329,Ramya Sharma,22,F,A4
5933,2330,Vijay Reddy,22,M,A1
5934,2331,Vijay Kulkarni,22,T,A1
5935,2331,Kiran Joshi,28,M,A2
5936,2331,Anil Singh,25,M,A3
5937,2331,Kavya Shetty,27,F,A4
5938,2332,Ramesh Reddy,26,M,A1
5939,2332,Shilpa Shetty,25,T,A2
5940,2332,Karthik Yadav,28,M,A3
5941,2332,Arun Joshi,29,M,A4
5942,2333,Anil Rao,35,T,A1
5943,2334,Manjunath Naik,31,M,A1
5944,2334,Arun Patil,21,M,A2
5945,2334,Mahesh Yadav,48,M,A3
5946,2335,Abhishek Sharma,27,M,A1
5947,2335,Karthik Gowda,35,M,A2
5948,2336,Vijay Patil,26,M,A1
5949,2336,Suresh Sharma,29,M,A2
5950,2337,Kiran Rao,28,M,A1
5951,2338,Manjunath Bhat,26,M,A1
5952,2338,Nithin Shetty,24,M,A2
5953,2339,Vijay Yadav,48,M,A1
5954,2340,Suresh Kumar,35,M,A1
5955,2340,Pradeep Gowda,27,M,A2
5956,2341,Rakesh Naik,25,M,A1
5957,2341,Manjunath Naik,24,M,A2
5958,2341,Manjunath Rao,27,M,A3
5959,2342,Manjunath Gowda,35,M,A1
5960,2342,Suresh Gowda,54,M,A2
5961,2343,Mahesh Shetty,46,M,A1
5962,2343,Kavya Naik,24,F,A2
5963,2343,Puneeth Rao,29,M,A3
5964,2344,Meghana Rao,20,F,A1
5965,2345,Anil Kulkarni,27,M,A1
5966,2346,Basavaraj Rao,34,M,A1
5967,2346,Nithin Sharma,34,M,A2
5968,2346,Vinay Reddy,20,M,A3
5969,2346,Nithin Kulkarni,29,M,A4
5970,2347,Sudeep Singh,28,M,A1
5971,2347,Arun Kulkarni,31,M,A2
5972,2348,Roopa Shetty,41,F,A1
5973,2348,Swathi Sharma,30,F,A2
5974,2348,Karthik Singh,31,M,A3
5975,2349,Shivakumar Kulkarni,25,M,A1
5976,2349,Pradeep Reddy,35,M,A2
5977,2349,Abhishek Hegde,22,M,A3
5978,2349,Sunil Kulkarni,25,M,A4
5979,2350,Pradeep Sharma,22,M,A1
5980,2350,Darshan Singh,21,M,A2
5981,2350,Puneeth Naik,32,M,A3
5982,2351,Prakash Gowda,23,M,A1
5983,2351,Basavaraj Kulkarni,30,M,A2
5984,2351,Puneeth Joshi,29,M,A3
5985,2351,Ramesh Yadav,23,M,A4
5986,2352,Prakash Bhat,33,M,A1
5987,2353,Pooja Sharma,29,F,A1
5988,2353,Sahana Singh,33,F,A2
5989,2353,Arun Singh,34,M,A3
5990,2353,Rakesh Kumar,32,M,A4
5991,2354,Sunil Shetty,24,M,A1
5992,2354,Karthik Bhat,22,M,A2
5993,2354,Sunil Rao,31,M,A3
5994,2355,Sunil Shetty,29,M,A1
5995,2356,Nithin Reddy,21,M,A1
5996,2356,Rekha Rao,29,F,A2
5997,2356,Basavaraj Singh,24,M,A3
5998,2356,Shivakumar Reddy,21,M,A4
5999,2357,Vinay Joshi,22,M,A1
6000,2357,Santosh Sharma,33,M,A2
6001,2358,Pradeep Rao,29,M,A1
6002,2358,Sahana Desai,35,F,A2
6003,2358,Arun Shetty,35,M,A3
6004,2358,Suresh Kumar,44,M,A4
6005,2359,Sahana Kumar,54,F,A1
6006,2359,Manjunath Joshi,48,M,A2
6007,2359,Abhishek Patil,32,M,A3
6008,2360,Kiran Sharma,22,M,A1
6009,2361,Anil Kulkarni,33,M,A1
6010,2361,Arun Bhat,25,M,A2
6011,2361,Mahesh Hegde,27,M,A3
6012,2362,Santosh Desai,32,M,A1
6013,2362,Sunil Yadav,23,M,A2
6014,2362,Ramesh Sharma,33,M,A3
6015,2362,Darshan Reddy,25,M,A4
6016,2363,Prakash Joshi,26,M,A1
6017,2363,Abhishek Hiremath,34,M,A2
6018,2363,Basavaraj Yadav,20,M,A3
6019,2364,Basavaraj Hegde,22,M,A1
6020,2365,Geetha Yadav,30,F,A1
6021,2365,Nithin Desai,27,M,A2
6022,2365,Shruthi Yadav,54,F,A3
6023,2365,Mahesh Gowda,22,M,A4
6024,2366,Puneeth Hegde,22,M,A1
6025,2366,Pooja Singh,37,F,A2
6026,2366,Asha Hiremath,26,F,A3
6027,2367,Vinay Kumar,45,M,A1
6028,2367,Puneeth Hegde,20,M,A2
6029,2367,Shivakumar Gowda,27,M,A3
6030,2368,Darshan Hiremath,39,M,A1
6031,2368,Abhishek Rao,21,M,A2
6032,2368,Arun Desai,21,M,A3
6033,2369,Swathi Bhat,26,F,A1
6034,2369,Kiran Hegde,31,M,A2
6035,2369,Rakesh Kumar,27,M,A3
6036,2370,Rakesh Rao,48,M,A1
6037,2370,Vijay Kumar,32,M,A2
6038,2370,Karthik Desai,29,M,A3
6039,2371,Anil Kulkarni,20,M,A1
6040,2371,Sangeetha Hegde,47,F,A2
6041,2371,Rakesh Kumar,31,M,A3
6042,2372,Shivakumar Joshi,18,M,A1
6043,2372,Sunil Singh,31,M,A2
6044,2372,Pradeep Patil,27,M,A3
6045,2373,Karthik Kumar,25,M,A1
6046,2373,Nithin Shetty,30,M,A2
6047,2373,Suresh Singh,34,M,A3
6048,2374,Ramesh Rao,27,M,A1
6049,2374,Anil Joshi,34,M,A2
6050,2374,Manjunath Yadav,31,M,A3
6051,2375,Prakash Singh,25,M,A1
6052,2375,Anil Joshi,22,M,A2
6053,2376,Basavaraj Kulkarni,27,M,A1
6054,2376,Karthik Reddy,32,M,A2
6055,2377,Ramesh Kumar,27,M,A1
6056,2377,Ramesh Yadav,29,M,A2
6057,2377,Sudeep Kulkarni,25,M,A3
6058,2377,Vinay Singh,34,M,A4
6059,2378,Pooja Naik,32,F,A1
6060,2378,Puneeth Yadav,35,M,A2
6061,2379,Anil Reddy,20,M,A1
6062,2379,Vinay Patil,29,M,A2
6063,2379,Darshan Bhat,32,M,A3
6064,2379,Shivakumar Reddy,46,M,A4
6065,2380,Ramesh Kumar,31,M,A1
6066,2381,Pradeep Hegde,23,M,A1
6067,2381,Santosh Naik,34,M,A2
6068,2381,Shivakumar Reddy,26,M,A3
6069,2382,Abhishek Bhat,24,M,A1
6070,2382,Ramesh Joshi,49,M,A2
6071,2382,Kiran Naik,26,M,A3
6072,2383,Sudeep Naik,33,M,A1
6073,2383,Kavya Desai,24,F,A2
6074,2383,Rakesh Kumar,31,M,A3
6075,2384,Sunil Rao,29,M,A1
6076,2384,Karthik Bhat,26,M,A2
6077,2385,Shruthi Shetty,54,F,A1
6078,2386,Prakash Hegde,53,M,A1
6079,2386,Karthik Bhat,34,M,A2
6080,2386,Anil Joshi,31,M,A3
6081,2386,Anil Kumar,48,M,A4
6082,2387,Kiran Singh,38,M,A1
6083,2387,Rakesh Reddy,29,M,A2
6084,2387,Pooja Kumar,28,F,A3
6085,2388,Pradeep Hegde,28,M,A1
6086,2389,Pradeep Reddy,28,M,A1
6087,2389,Suresh Shetty,52,M,A2
6088,2390,Ramesh Desai,27,M,A1
6089,2390,Rakesh Reddy,52,M,A2
6090,2390,Mahesh Kulkarni,32,M,A3
6091,2390,Basavaraj Joshi,23,M,A4
6092,2391,Shivakumar Desai,32,M,A1
6093,2391,Anil Rao,21,M,A2
6094,2392,Shivakumar Singh,26,M,A1
6095,2393,Suresh Patil,46,M,A1
6096,2393,Shivakumar Sharma,28,M,A2
6097,2393,Ramesh Hiremath,30,M,A3
6098,2393,Roopa Kulkarni,37,T,A4
6099,2394,Puneeth Sharma,44,M,A1
6100,2394,Abhishek Reddy,25,M,A2
6101,2394,Rakesh Kumar,23,M,A3
6102,2395,Kiran Yadav,55,M,A1
6103,2395,Manjunath Kulkarni,32,M,A2
6104,2395,Arun Rao,27,M,A3
6105,2396,Ramya Hegde,32,F,A1
6106,2396,Suresh Joshi,28,M,A2
6107,2396,Rakesh Joshi,23,M,A3
6108,2396,Rakesh Reddy,22,M,A4
6109,2397,Manjunath Rao,30,M,A1
6110,2397,Puneeth Naik,28,M,A2
6111,2397,Abhishek Kumar,59,M,A3
6112,2398,Puneeth Joshi,38,M,A1
6113,2399,Rashmi Gowda,24,F,A1
6114,2399,Suresh Kulkarni,20,M,A2
6115,2400,Ramesh Shetty,21,M,A1
6116,2400,Basavaraj Hegde,30,M,A2
6117,2400,Suresh Bhat,31,M,A3
6118,2400,Pradeep Naik,23,M,A4
6119,2401,Santosh Yadav,22,M,A1
6120,2401,Sudeep Yadav,25,M,A2
6121,2401,Vinay Patil,30,M,A3
6122,2401,Vinay Rao,23,M,A4
6123,2402,Sunil Yadav,35,M,A1
6124,2403,Karthik Hiremath,47,M,A1
6125,2404,Shivakumar Sharma,26,M,A1
6126,2404,Shilpa Bhat,27,F,A2
6127,2404,Meghana Gowda,30,F,A3
6128,2405,Arun Naik,35,M,A1
6129,2406,Prakash Reddy,31,M,A1
6130,2406,Ramesh Hiremath,56,M,A2
6131,2407,Geetha Reddy,47,F,A1
6132,2407,Prakash Bhat,31,M,A2
6133,2408,Sunil Gowda,27,M,A1
6134,2408,Kiran Hegde,37,M,A2
6135,2409,Arun Reddy,22,M,A1
6136,2410,Puneeth Kumar,31,T,A1
6137,2410,Mahesh Kumar,23,M,A2
6138,2410,Karthik Yadav,33,M,A3
6139,2411,Anil Bhat,27,M,A1
6140,2411,Darshan Reddy,21,M,A2
6141,2411,Puneeth Kulkarni,49,M,A3
6142,2412,Arun Gowda,29,M,A1
6143,2412,Pradeep Sharma,27,M,A2
6144,2412,Suma Naik,30,F,A3
6145,2412,Darshan Patil,30,M,A4
6146,2413,Vinay Naik,26,M,A1
6147,2413,Shivakumar Kulkarni,26,M,A2
6148,2414,Manjunath Shetty,21,M,A1
6149,2415,Sunil Kulkarni,30,M,A1
6150,2416,Kiran Hiremath,22,M,A1
6151,2416,Abhishek Shetty,25,M,A2
6152,2416,Sunil Naik,24,M,A3
6153,2417,Santosh Naik,33,M,A1
6154,2417,Asha Singh,30,F,A2
6155,2417,Karthik Kulkarni,50,M,A3
6156,2418,Vijay Sharma,38,M,A1
6157,2418,Karthik Bhat,32,M,A2
6158,2418,Anil Joshi,26,M,A3
6159,2419,Abhishek Kulkarni,28,M,A1
6160,2419,Pradeep Kumar,21,M,A2
6161,2420,Vijay Bhat,21,M,A1
6162,2420,Prakash Reddy,25,M,A2
6163,2420,Sunil Bhat,35,M,A3
6164,2421,Suresh Gowda,39,M,A1
6165,2421,Asha Sharma,21,T,A2
6166,2421,Suma Joshi,56,F,A3
6167,2422,Kiran Yadav,30,M,A1
6168,2422,Darshan Kumar,38,M,A2
6169,2423,Manjunath Patil,31,M,A1
6170,2423,Suresh Rao,31,M,A2
6171,2423,Vinay Joshi,21,M,A3
6172,2424,Abhishek Rao,24,M,A1
6173,2424,Nithin Patil,31,M,A2
6174,2424,Prakash Kumar,22,M,A3
6175,2425,Vijay Bhat,31,M,A1
6176,2425,Sudeep Kulkarni,35,M,A2
6177,2425,Nithin Sharma,21,M,A3
6178,2426,Mahesh Singh,31,M,A1
6179,2426,Ramesh Bhat,32,M,A2
6180,2426,Bhagya Bhat,29,F,A3
6181,2427,Manjunath Naik,30,M,A1
6182,2428,Kiran Yadav,33,M,A1
6183,2428,Rashmi Gowda,24,F,A2
6184,2428,Abhishek Yadav,21,M,A3
6185,2428,Pooja Patil,20,F,A4
6186,2429,Sudeep Sharma,34,M,A1
6187,2429,Kiran Hiremath,24,M,A2
6188,2430,Sunil Kumar,21,M,A1
6189,2430,Ramesh Singh,22,M,A2
6190,2430,Mahesh Bhat,20,M,A3
6191,2431,Arun Naik,27,M,A1
6192,2431,Basavaraj Hegde,22,M,A2
6193,2432,Sunil Hiremath,59,M,A1
6194,2432,Puneeth Yadav,33,M,A2
6195,2433,Rashmi Hegde,25,F,A1
6196,2434,Puneeth Bhat,27,M,A1
6197,2435,Santosh Sharma,35,M,A1
6198,2435,Sudeep Hiremath,28,M,A2
6199,2435,Darshan Patil,33,M,A3
6200,2435,Vijay Yadav,28,M,A4
6201,2436,Vijay Gowda,31,M,A1
6202,2436,Puneeth Bhat,33,M,A2
6203,2436,Santosh Naik,25,M,A3
6204,2437,Rashmi Reddy,31,F,A1
6205,2437,Manjunath Kumar,25,M,A2
6206,2437,Pradeep Hegde,21,M,A3
6207,2438,Shivakumar Kulkarni,30,M,A1
6208,2438,Vijay Naik,24,M,A2
6209,2438,Santosh Naik,47,M,A3
6210,2438,Santosh Joshi,30,M,A4
6211,2439,Meghana Shetty,25,F,A1
6212,2440,Roopa Hegde,35,F,A1
6213,2440,Karthik Reddy,26,M,A2
6214,2441,Abhishek Yadav,29,M,A1
6215,2442,Mahesh Patil,29,M,A1
6216,2443,Pradeep Desai,28,M,A1
6217,2443,Darshan Hegde,34,M,A2
6218,2443,Darshan Patil,23,M,A3
6219,2444,Shivakumar Kumar,42,M,A1
6220,2444,Nithin Rao,30,M,A2
6221,2444,Santosh Naik,53,M,A3
6222,2445,Kiran Hiremath,20,M,A1
6223,2445,Roopa Joshi,34,T,A2
6224,2445,Anil Patil,28,M,A3
6225,2446,Darshan Gowda,28,M,A1
6226,2446,Kiran Desai,32,M,A2
6227,2446,Pradeep Gowda,35,M,A3
6228,2446,Vijay Singh,24,M,A4
6229,2447,Sudeep Patil,29,M,A1
6230,2447,Rakesh Joshi,24,M,A2
6231,2447,Anil Joshi,32,M,A3
6232,2448,Arun Naik,64,M,A1
6233,2448,Ramesh Yadav,35,M,A2
6234,2448,Asha Yadav,28,F,A3
6235,2449,Rekha Naik,51,F,A1
6236,2450,Asha Reddy,21,F,A1
6237,2450,Rakesh Joshi,32,M,A2
6238,2450,Basavaraj Joshi,20,M,A3
6239,2450,Rekha Singh,20,F,A4
6240,2451,Geetha Joshi,30,F,A1
6241,2451,Prakash Patil,25,M,A2
6242,2452,Rakesh Shetty,22,M,A1
6243,2453,Arun Hegde,63,M,A1
6244,2453,Manjunath Yadav,32,M,A2
6245,2453,Sahana Hiremath,31,F,A3
6246,2454,Mahesh Desai,31,M,A1
6247,2454,Sangeetha Gowda,25,F,A2
6248,2454,Manjunath Shetty,23,M,A3
6249,2454,Vinay Patil,23,M,A4
6250,2455,Ramesh Kumar,21,M,A1
6251,2455,Basavaraj Rao,25,M,A2
6252,2456,Kiran Hiremath,27,M,A1
6253,2456,Sudeep Rao,30,M,A2
6254,2457,Anusha Hegde,22,F,A1
6255,2457,Pradeep Reddy,30,M,A2
6256,2458,Kiran Hiremath,29,M,A1
6257,2459,Manjunath Patil,31,M,A1
6258,2459,Suresh Kulkarni,48,M,A2
6259,2459,Darshan Shetty,19,M,A3
6260,2460,Ramesh Singh,31,M,A1
6261,2461,Nithin Reddy,21,M,A1
6262,2461,Kiran Gowda,21,M,A2
6263,2461,Shruthi Sharma,32,F,A3
6264,2461,Sunil Gowda,33,M,A4
6265,2462,Basavaraj Singh,33,M,A1
6266,2462,Vinay Naik,52,M,A2
6267,2463,Sudeep Kulkarni,34,M,A1
6268,2463,Rakesh Kumar,25,M,A2
6269,2463,Karthik Singh,20,M,A3
6270,2464,Abhishek Kumar,23,M,A1
6271,2464,Anil Hegde,26,M,A2
6272,2464,Darshan Bhat,31,M,A3
6273,2464,Suresh Desai,48,M,A4
6274,2465,Basavaraj Rao,23,M,A1
6275,2465,Kiran Rao,29,M,A2
6276,2465,Puneeth Shetty,25,M,A3
6277,2466,Ramesh Hegde,36,M,A1
6278,2466,Suresh Bhat,31,M,A2
6279,2466,Divya Bhat,35,F,A3
6280,2467,Arun Shetty,34,M,A1
6281,2467,Divya Hiremath,31,F,A2
6282,2467,Asha Kumar,22,F,A3
6283,2468,Vijay Patil,35,M,A1
6284,2468,Suresh Naik,18,M,A2
6285,2468,Pradeep Gowda,25,M,A3
6286,2469,Rashmi Kumar,30,F,A1
6287,2469,Shruthi Kulkarni,31,F,A2
6288,2469,Manjunath Naik,62,M,A3
6289,2469,Manjunath Reddy,25,M,A4
6290,2470,Manjunath Hegde,42,M,A1
6291,2471,Geetha Joshi,32,F,A1
6292,2471,Vijay Kulkarni,20,M,A2
6293,2471,Shivakumar Hegde,29,M,A3
6294,2471,Shivakumar Singh,27,M,A4
6295,2472,Ramya Singh,30,T,A1
6296,2472,Kiran Hiremath,31,M,A2
6297,2472,Shivakumar Shetty,32,M,A3
6298,2473,Shilpa Hiremath,31,F,A1
6299,2473,Sangeetha Yadav,20,F,A2
6300,2473,Vinay Kumar,22,M,A3
6301,2474,Vijay Kulkarni,27,M,A1
6302,2475,Ramya Gowda,32,F,A1
6303,2475,Rakesh Sharma,32,M,A2
6304,2475,Pradeep Naik,22,M,A3
6305,2476,Rakesh Sharma,28,M,A1
6306,2476,Mahesh Rao,29,M,A2
6307,2476,Santosh Bhat,33,M,A3
6308,2477,Anil Reddy,64,M,A1
6309,2477,Anusha Hiremath,21,T,A2
6310,2478,Mahesh Sharma,33,M,A1
6311,2478,Rakesh Rao,54,M,A2
6312,2478,Mahesh Hegde,22,M,A3
6313,2479,Nithin Desai,26,M,A1
6314,2479,Arun Patil,23,M,A2
6315,2480,Santosh Singh,32,M,A1
6316,2480,Basavaraj Naik,35,M,A2
6317,2480,Mahesh Patil,37,M,A3
6318,2481,Sunil Hiremath,33,M,A1
6319,2481,Vijay Kumar,20,M,A2
6320,2482,Suresh Sharma,33,M,A1
6321,2483,Basavaraj Bhat,20,M,A1
6322,2484,Ramesh Joshi,63,M,A1
6323,2484,Darshan Desai,27,M,A2
6324,2484,Abhishek Hegde,19,M,A3
6325,2485,Vijay Kulkarni,33,M,A1
6326,2486,Arun Rao,32,M,A1
6327,2487,Suresh Reddy,33,M,A1
6328,2487,Prakash Kumar,30,M,A2
6329,2488,Darshan Gowda,42,M,A1
6330,2488,Vinay Hegde,28,M,A2
6331,2489,Santosh Sharma,26,M,A1
6332,2489,Arun Naik,30,M,A2
6333,2490,Sunil Sharma,30,M,A1
6334,2490,Sudeep Rao,28,M,A2
6335,2490,Ramesh Hegde,49,M,A3
6336,2491,Suresh Patil,25,M,A1
6337,2492,Prakash Kulkarni,55,M,A1
6338,2492,Basavaraj Joshi,49,M,A2
6339,2492,Abhishek Yadav,51,M,A3
6340,2492,Sudeep Hiremath,21,M,A4
6341,2493,Abhishek Bhat,29,M,A1
6342,2493,Prakash Naik,21,M,A2
6343,2493,Darshan Kulkarni,62,M,A3
6344,2493,Arun Rao,22,M,A4
6345,2494,Shivakumar Naik,33,M,A1
6346,2494,Arun Joshi,52,M,A2
6347,2495,Kiran Desai,26,M,A1
6348,2495,Prakash Sharma,34,M,A2
6349,2496,Abhishek Desai,25,M,A1
6350,2496,Vinay Rao,25,M,A2
6351,2497,Puneeth Kumar,26,M,A1
6352,2498,Manjunath Singh,35,M,A1
6353,2498,Roopa Bhat,33,F,A2
6354,2498,Vinay Hegde,33,M,A3
6355,2499,Kiran Gowda,30,M,A1
6356,2499,Abhishek Joshi,28,M,A2
6357,2499,Shivakumar Gowda,41,M,A3
6358,2499,Puneeth Desai,28,T,A4
6359,2500,Pradeep Gowda,35,M,A1
6360,2501,Asha Yadav,20,F,A1
6361,2502,Shilpa Singh,28,F,A1
6362,2502,Puneeth Naik,31,M,A2
6363,2502,Karthik Gowda,55,M,A3
6364,2503,Vijay Bhat,62,M,A1
6365,2504,Abhishek Reddy,34,M,A1
6366,2504,Kavya Reddy,30,F,A2
6367,2505,Sunil Kumar,23,M,A1
6368,2505,Divya Singh,18,F,A2
6369,2505,Basavaraj Gowda,63,M,A3
6370,2505,Vijay Naik,31,M,A4
6371,2506,Darshan Gowda,26,M,A1
6372,2506,Mahesh Yadav,26,M,A2
6373,2506,Manjunath Reddy,23,M,A3
6374,2507,Shivakumar Patil,25,M,A1
6375,2507,Vijay Kulkarni,26,M,A2
6376,2507,Divya Sharma,35,F,A3
6377,2508,Basavaraj Reddy,28,M,A1
6378,2509,Sudeep Joshi,23,M,A1
6379,2510,Shivakumar Rao,27,M,A1
6380,2510,Santosh Rao,49,M,A2
6381,2511,Vijay Hegde,32,M,A1
6382,2511,Nithin Patil,23,M,A2
6383,2511,Sunil Naik,33,M,A3
6384,2511,Vinay Kumar,44,M,A4
6385,2512,Shivakumar Singh,26,M,A1
6386,2512,Karthik Naik,20,M,A2
6387,2512,Suresh Hegde,33,M,A3
6388,2512,Shruthi Kumar,24,F,A4
6389,2513,Karthik Desai,33,M,A1
6390,2513,Mahesh Rao,27,M,A2
6391,2513,Shivakumar Yadav,44,M,A3
6392,2514,Nithin Sharma,30,M,A1
6393,2515,Rakesh Joshi,51,M,A1
6394,2515,Arun Kumar,26,M,A2
6395,2515,Manjunath Sharma,22,M,A3
6396,2516,Vinay Yadav,20,M,A1
6397,2516,Pradeep Sharma,28,M,A2
6398,2516,Sunil Shetty,28,M,A3
6399,2516,Puneeth Patil,54,M,A4
6400,2517,Shruthi Kumar,20,F,A1
6401,2517,Ramesh Reddy,24,M,A2
6402,2517,Roopa Patil,32,F,A3
6403,2518,Rashmi Rao,23,F,A1
6404,2518,Shivakumar Sharma,33,T,A2
6405,2518,Abhishek Sharma,27,M,A3
6406,2518,Ramya Reddy,34,T,A4
6407,2519,Sangeetha Hiremath,25,F,A1
6408,2520,Geetha Kulkarni,33,F,A1
6409,2520,Karthik Joshi,44,M,A2
6410,2520,Abhishek Hiremath,34,M,A3
6411,2520,Shruthi Sharma,20,F,A4
6412,2521,Shilpa Gowda,21,F,A1
6413,2521,Suresh Yadav,24,M,A2
6414,2521,Santosh Kumar,35,M,A3
6415,2522,Manjunath Patil,24,M,A1
6416,2522,Anil Hiremath,32,M,A2
6417,2522,Sahana Rao,33,F,A3
6418,2523,Shivakumar Sharma,30,M,A1
6419,2523,Vijay Kulkarni,34,M,A2
6420,2524,Roopa Naik,52,T,A1
6421,2524,Rakesh Patil,30,M,A2
6422,2525,Ramesh Shetty,34,M,A1
6423,2525,Basavaraj Joshi,30,M,A2
6424,2526,Basavaraj Gowda,32,M,A1
6425,2526,Basavaraj Sharma,32,M,A2
6426,2526,Santosh Hegde,21,M,A3
6427,2526,Arun Gowda,32,M,A4
6428,2527,Vijay Hiremath,58,M,A1
6429,2527,Shivakumar Naik,25,M,A2
6430,2527,Manjunath Patil,20,M,A3
6431,2527,Arun Patil,25,M,A4
6432,2528,Shivakumar Desai,27,M,A1
6433,2528,Vijay Shetty,29,M,A2
6434,2528,Kavya Desai,26,F,A3
6435,2529,Anil Hiremath,29,M,A1
6436,2529,Prakash Joshi,20,M,A2
6437,2530,Divya Desai,20,F,A1
6438,2530,Sudeep Naik,49,M,A2
6439,2530,Arun Reddy,34,M,A3
6440,2531,Basavaraj Reddy,60,M,A1
6441,2532,Anil Reddy,34,M,A1
6442,2532,Sudeep Hegde,24,M,A2
6443,2532,Swathi Gowda,30,F,A3
6444,2532,Abhishek Bhat,25,M,A4
6445,2533,Pradeep Sharma,31,M,A1
6446,2533,Santosh Hegde,27,M,A2
6447,2533,Prakash Patil,32,M,A3
6448,2533,Mahesh Hegde,19,M,A4
6449,2534,Vijay Hegde,28,M,A1
6450,2534,Suresh Rao,58,M,A2
6451,2534,Vinay Singh,33,M,A3
6452,2535,Vijay Rao,32,M,A1
6453,2535,Swathi Hiremath,24,F,A2
6454,2535,Karthik Gowda,30,M,A3
6455,2535,Basavaraj Hiremath,30,M,A4
6456,2536,Ramesh Hegde,34,M,A1
6457,2537,Pradeep Hiremath,18,M,A1
6458,2537,Vijay Shetty,55,M,A2
6459,2537,Sangeetha Yadav,65,F,A3
6460,2537,Kiran Hegde,23,M,A4
6461,2538,Nithin Rao,20,M,A1
6462,2538,Anil Desai,28,M,A2
6463,2538,Puneeth Kumar,32,M,A3
6464,2539,Vinay Kulkarni,33,M,A1
6465,2539,Manjunath Gowda,31,M,A2
6466,2540,Sunil Bhat,30,M,A1
6467,2541,Shruthi Kumar,32,F,A1
6468,2541,Arun Yadav,28,M,A2
6469,2541,Nithin Yadav,32,M,A3
6470,2542,Sunil Naik,62,M,A1
6471,2542,Puneeth Sharma,20,M,A2
6472,2543,Pradeep Shetty,43,M,A1
6473,2543,Rashmi Hiremath,44,F,A2
6474,2544,Prakash Kulkarni,26,M,A1
6475,2544,Sunil Kulkarni,28,M,A2
6476,2544,Rekha Rao,35,F,A3
6477,2545,Darshan Gowda,20,M,A1
6478,2545,Kiran Sharma,24,M,A2
6479,2546,Sunil Bhat,25,M,A1
6480,2546,Arun Rao,20,M,A2
6481,2546,Nithin Rao,33,M,A3
6482,2547,Santosh Desai,31,M,A1
6483,2548,Roopa Patil,20,F,A1
6484,2549,Manjunath Kumar,22,M,A1
6485,2550,Manjunath Sharma,25,M,A1
6486,2551,Vijay Hegde,20,M,A1
6487,2551,Mahesh Hiremath,33,M,A2
6488,2551,Vijay Sharma,54,M,A3
6489,2551,Suresh Kumar,31,M,A4
6490,2552,Prakash Bhat,28,M,A1
6491,2552,Abhishek Desai,55,M,A2
6492,2552,Sunil Patil,20,M,A3
6493,2552,Abhishek Gowda,23,M,A4
6494,2553,Pradeep Sharma,53,M,A1
6495,2553,Nithin Rao,20,M,A2
6496,2554,Karthik Kumar,24,M,A1
6497,2554,Arun Shetty,47,M,A2
6498,2554,Vijay Yadav,28,M,A3
6499,2555,Rekha Joshi,58,F,A1
6500,2555,Shilpa Rao,25,F,A2
6501,2556,Roopa Desai,23,F,A1
6502,2556,Santosh Sharma,27,M,A2
6503,2556,Santosh Reddy,40,M,A3
6504,2557,Anil Yadav,58,M,A1
6505,2557,Anil Reddy,22,M,A2
6506,2557,Puneeth Shetty,28,M,A3
6507,2557,Ramesh Singh,21,M,A4
6508,2558,Basavaraj Gowda,21,M,A1
6509,2559,Anil Kumar,39,T,A1
6510,2560,Manjunath Gowda,35,M,A1
6511,2560,Sunil Naik,29,M,A2
6512,2561,Manjunath Shetty,20,M,A1
6513,2562,Pradeep Patil,34,M,A1
6514,2562,Manjunath Yadav,64,M,A2
6515,2563,Vijay Kulkarni,35,M,A1
6516,2563,Nithin Yadav,32,M,A2
6517,2563,Nithin Bhat,20,M,A3
6518,2564,Prakash Hegde,26,M,A1
6519,2564,Divya Shetty,33,T,A2
6520,2564,Santosh Sharma,22,M,A3
6521,2564,Rakesh Bhat,22,M,A4
6522,2565,Manjunath Sharma,22,M,A1
6523,2566,Abhishek Hiremath,25,M,A1
6524,2566,Mahesh Desai,60,M,A2
6525,2566,Prakash Bhat,20,M,A3
6526,2567,Ramesh Patil,26,M,A1
6527,2567,Vijay Bhat,50,M,A2
6528,2567,Darshan Patil,37,M,A3
6529,2567,Puneeth Rao,25,M,A4
6530,2568,Suresh Rao,23,M,A1
6531,2569,Prakash Gowda,28,M,A1
6532,2569,Karthik Kumar,34,M,A2
6533,2570,Puneeth Hiremath,20,M,A1
6534,2570,Vijay Yadav,23,M,A2
6535,2570,Sunil Kumar,31,M,A3
6536,2571,Prakash Singh,30,M,A1
6537,2571,Mahesh Bhat,23,M,A2
6538,2572,Sudeep Kulkarni,25,M,A1
6539,2572,Anil Naik,31,M,A2
6540,2573,Bhagya Hiremath,24,F,A1
6541,2573,Manjunath Joshi,24,M,A2
6542,2573,Abhishek Kulkarni,24,M,A3
6543,2573,Manjunath Reddy,30,M,A4
6544,2574,Pradeep Yadav,35,M,A1
6545,2574,Sangeetha Reddy,61,T,A2
6546,2574,Suresh Rao,22,M,A3
6547,2574,Shivakumar Hiremath,30,M,A4
6548,2575,Suresh Gowda,20,M,A1
6549,2575,Mahesh Kumar,21,M,A2
6550,2575,Basavaraj Shetty,24,M,A3
6551,2576,Swathi Sharma,30,F,A1
6552,2577,Manjunath Gowda,19,M,A1
6553,2578,Shivakumar Reddy,62,M,A1
6554,2578,Shivakumar Hiremath,24,M,A2
6555,2579,Shilpa Hegde,22,F,A1
6556,2580,Darshan Sharma,48,M,A1
6557,2580,Ramya Hiremath,30,F,A2
6558,2580,Meghana Shetty,31,F,A3
6559,2581,Sangeetha Kulkarni,25,F,A1
6560,2581,Nithin Shetty,31,M,A2
6561,2581,Basavaraj Hegde,29,M,A3
6562,2581,Suma Yadav,34,F,A4
6563,2582,Vinay Sharma,27,M,A1
6564,2582,Suresh Reddy,31,M,A2
6565,2582,Vijay Patil,27,M,A3
6566,2582,Darshan Naik,53,M,A4
6567,2583,Abhishek Desai,27,M,A1
6568,2583,Sudeep Joshi,34,M,A2
6569,2584,Vinay Hiremath,32,M,A1
6570,2584,Pradeep Yadav,22,M,A2
6571,2584,Nithin Naik,30,M,A3
6572,2585,Pradeep Naik,21,M,A1
6573,2585,Santosh Bhat,23,M,A2
6574,2585,Santosh Rao,27,M,A3
6575,2585,Abhishek Rao,32,M,A4
6576,2586,Santosh Hiremath,39,M,A1
6577,2586,Anil Bhat,27,M,A2
6578,2587,Darshan Shetty,20,M,A1
6579,2587,Nithin Yadav,31,M,A2
6580,2587,Manjunath Yadav,34,M,A3
6581,2587,Pradeep Yadav,24,T,A4
6582,2588,Kiran Desai,28,M,A1
6583,2588,Puneeth Bhat,30,M,A2
6584,2588,Sunil Reddy,21,M,A3
6585,2588,Swathi Rao,34,F,A4
6586,2589,Manjunath Kulkarni,22,M,A1
6587,2589,Kiran Patil,31,M,A2
6588,2589,Pradeep Shetty,27,M,A3
6589,2590,Abhishek Naik,33,M,A1
6590,2590,Asha Hiremath,31,F,A2
6591,2590,Manjunath Bhat,46,M,A3
6592,2590,Vijay Singh,19,M,A4
6593,2591,Arun Naik,23,M,A1
6594,2591,Pradeep Naik,21,M,A2
6595,2592,Kiran Gowda,22,M,A1
6596,2593,Prakash Hiremath,26,M,A1
6597,2593,Arun Joshi,28,M,A2
6598,2594,Kiran Sharma,34,M,A1
6599,2594,Suresh Naik,57,M,A2
6600,2594,Suresh Reddy,21,M,A3
6601,2595,Anusha Kumar,22,F,A1
6602,2595,Divya Singh,35,T,A2
6603,2595,Basavaraj Sharma,29,M,A3
6604,2595,Vijay Patil,24,M,A4
6605,2596,Sunil Yadav,27,M,A1
6606,2596,Nithin Rao,28,T,A2
6607,2597,Puneeth Rao,24,M,A1
6608,2597,Vijay Rao,27,M,A2
6609,2597,Puneeth Gowda,28,M,A3
6610,2598,Roopa Hiremath,35,F,A1
6611,2598,Swathi Reddy,19,F,A2
6612,2599,Prakash Rao,28,M,A1
6613,2599,Sunil Hiremath,30,M,A2
6614,2599,Nithin Hegde,33,M,A3
6615,2599,Karthik Bhat,27,M,A4
6616,2600,Rakesh Naik,30,M,A1
6617,2600,Shivakumar Kulkarni,37,M,A2
6618,2600,Anil Rao,28,M,A3
6619,2600,Rakesh Patil,31,M,A4
6620,2601,Rakesh Hiremath,22,M,A1
6621,2601,Manjunath Reddy,21,M,A2
6622,2601,Santosh Reddy,47,M,A3
6623,2602,Vijay Joshi,46,M,A1
6624,2602,Kiran Rao,22,M,A2
6625,2603,Ramesh Kulkarni,33,M,A1
6626,2603,Vijay Desai,35,M,A2
6627,2603,Vinay Kulkarni,31,M,A3
6628,2604,Sunil Joshi,31,M,A1
6629,2605,Manjunath Hegde,24,M,A1
6630,2605,Sunil Joshi,23,M,A2
6631,2605,Prakash Kulkarni,24,M,A3
6632,2605,Pradeep Kulkarni,21,M,A4
6633,2606,Shivakumar Yadav,21,M,A1
6634,2607,Basavaraj Hiremath,25,M,A1
6635,2607,Shivakumar Gowda,30,M,A2
6636,2607,Vijay Bhat,24,M,A3
6637,2607,Nithin Reddy,24,M,A4
6638,2608,Kavya Gowda,31,F,A1
6639,2608,Shilpa Kumar,30,F,A2
6640,2608,Rekha Kulkarni,34,F,A3
6641,2609,Basavaraj Singh,24,M,A1
6642,2609,Anil Hegde,33,M,A2
6643,2610,Sunil Reddy,26,M,A1
6644,2610,Sunil Rao,29,M,A2
6645,2611,Shivakumar Rao,35,T,A1
6646,2611,Sunil Bhat,33,M,A2
6647,2611,Nithin Singh,26,M,A3
6648,2612,Meghana Hiremath,31,F,A1
6649,2613,Suresh Kulkarni,21,M,A1
6650,2613,Sudeep Joshi,20,M,A2
6651,2613,Mahesh Gowda,21,M,A3
6652,2613,Divya Patil,20,F,A4
6653,2614,Suresh Kumar,26,M,A1
6654,2615,Ramesh Hegde,49,M,A1
6655,2616,Sunil Desai,62,M,A1
6656,2616,Shilpa Bhat,33,F,A2
6657,2617,Meghana Gowda,49,F,A1
6658,2617,Puneeth Reddy,58,M,A2
6659,2617,Rakesh Sharma,52,M,A3
6660,2618,Santosh Hiremath,26,M,A1
6661,2618,Vinay Hegde,24,M,A2
6662,2618,Mahesh Rao,27,M,A3
6663,2618,Shivakumar Shetty,40,M,A4
6664,2619,Anusha Reddy,27,F,A1
6665,2619,Nithin Gowda,20,M,A2
6666,2619,Vinay Hiremath,28,M,A3
6667,2620,Puneeth Kumar,27,M,A1
6668,2621,Shivakumar Patil,54,M,A1
6669,2621,Ramesh Hegde,21,M,A2
6670,2622,Kiran Kumar,29,M,A1
6671,2623,Santosh Hiremath,29,M,A1
6672,2623,Arun Hegde,34,M,A2
6673,2623,Arun Naik,22,M,A3
6674,2624,Darshan Kumar,23,M,A1
6675,2625,Shivakumar Gowda,34,M,A1
6676,2626,Santosh Yadav,29,M,A1
6677,2626,Abhishek Kumar,30,M,A2
6678,2627,Shivakumar Bhat,47,M,A1
6679,2627,Santosh Shetty,33,M,A2
6680,2627,Swathi Yadav,29,F,A3
6681,2628,Shivakumar Singh,30,M,A1
6682,2628,Vijay Yadav,23,M,A2
6683,2628,Sangeetha Reddy,44,T,A3
6684,2629,Arun Kulkarni,23,M,A1
6685,2629,Sunil Singh,39,M,A2
6686,2630,Vijay Hegde,35,T,A1
6687,2630,Abhishek Bhat,44,M,A2
6688,2630,Vinay Sharma,30,M,A3
6689,2630,Vinay Hiremath,27,M,A4
6690,2631,Mahesh Kulkarni,55,M,A1
6691,2632,Anil Gowda,30,M,A1
6692,2632,Mahesh Bhat,22,M,A2
6693,2633,Rakesh Gowda,35,M,A1
6694,2633,Mahesh Rao,33,M,A2
6695,2633,Darshan Kulkarni,26,M,A3
6696,2633,Puneeth Gowda,20,M,A4
6697,2634,Nithin Sharma,51,M,A1
6698,2634,Vinay Singh,29,M,A2
6699,2634,Kiran Yadav,33,M,A3
6700,2635,Vijay Desai,29,M,A1
6701,2635,Santosh Sharma,55,M,A2
6702,2635,Kiran Kulkarni,34,M,A3
6703,2635,Karthik Yadav,30,M,A4
6704,2636,Karthik Shetty,25,M,A1
6705,2637,Sudeep Bhat,62,M,A1
6706,2637,Roopa Shetty,26,F,A2
6707,2637,Sudeep Joshi,27,M,A3
6708,2638,Manjunath Singh,22,M,A1
6709,2638,Roopa Patil,48,F,A2
6710,2638,Kiran Desai,33,M,A3
6711,2638,Ramya Kulkarni,24,F,A4
6712,2639,Rashmi Sharma,31,F,A1
6713,2639,Sunil Kumar,27,M,A2
6714,2639,Manjunath Patil,56,M,A3
6715,2639,Sudeep Hiremath,33,M,A4
6716,2640,Puneeth Reddy,26,M,A1
6717,2640,Vinay Hiremath,34,M,A2
6718,2640,Sahana Desai,52,F,A3
6719,2640,Prakash Bhat,20,M,A4
6720,2641,Anil Naik,33,M,A1
6721,2641,Anil Sharma,20,M,A2
6722,2642,Karthik Naik,20,M,A1
6723,2642,Prakash Sharma,25,M,A2
6724,2642,Sunil Kulkarni,44,M,A3
6725,2643,Prakash Hiremath,29,M,A1
6726,2644,Nithin Desai,25,M,A1
6727,2644,Prakash Kulkarni,43,M,A2
6728,2644,Ramesh Bhat,24,M,A3
6729,2645,Abhishek Patil,57,M,A1
6730,2646,Basavaraj Naik,28,M,A1
6731,2646,Mahesh Yadav,58,M,A2
6732,2646,Sudeep Shetty,35,M,A3
6733,2646,Suresh Reddy,33,M,A4
6734,2647,Abhishek Joshi,27,M,A1
6735,2647,Puneeth Rao,23,M,A2
6736,2648,Rakesh Shetty,21,M,A1
6737,2648,Rakesh Sharma,20,M,A2
6738,2648,Vijay Reddy,55,M,A3
6739,2649,Puneeth Kumar,27,M,A1
6740,2649,Shivakumar Patil,20,M,A2
6741,2650,Ramesh Shetty,35,M,A1
6742,2650,Shivakumar Rao,28,M,A2
6743,2650,Meghana Kumar,33,F,A3
6744,2651,Manjunath Kulkarni,21,M,A1
6745,2652,Shivakumar Patil,30,M,A1
6746,2652,Arun Desai,26,M,A2
6747,2652,Mahesh Reddy,52,M,A3
6748,2653,Prakash Desai,29,M,A1
6749,2653,Suresh Patil,41,M,A2
6750,2653,Vinay Joshi,27,M,A3
6751,2654,Manjunath Naik,32,M,A1
6752,2654,Vinay Hiremath,34,M,A2
6753,2654,Geetha Hegde,20,F,A3
6754,2655,Vinay Sharma,22,M,A1
6755,2656,Shruthi Rao,35,F,A1
6756,2656,Sudeep Kumar,21,M,A2
6757,2656,Basavaraj Kumar,33,M,A3
6758,2656,Vijay Kulkarni,32,M,A4
6759,2657,Pradeep Rao,27,M,A1
6760,2657,Rakesh Joshi,63,M,A2
6761,2657,Sunil Reddy,20,M,A3
6762,2658,Rekha Sharma,27,F,A1
6763,2659,Vinay Rao,24,M,A1
6764,2659,Vinay Reddy,63,M,A2
6765,2659,Suma Naik,25,F,A3
6766,2660,Ramesh Gowda,22,M,A1
6767,2660,Vinay Shetty,23,M,A2
6768,2661,Santosh Hiremath,25,M,A1
6769,2661,Prakash Rao,30,M,A2
6770,2661,Shruthi Kumar,33,F,A3
6771,2661,Vijay Naik,30,M,A4
6772,2662,Shivakumar Joshi,21,M,A1
6773,2662,Shruthi Singh,21,F,A2
6774,2663,Anil Kumar,24,M,A1
6775,2663,Sudeep Patil,35,M,A2
6776,2663,Sudeep Bhat,27,M,A3
6777,2663,Anil Patil,29,M,A4
6778,2664,Sunil Yadav,25,M,A1
6779,2664,Rakesh Reddy,22,M,A2
6780,2665,Arun Reddy,28,M,A1
6781,2666,Prakash Singh,30,M,A1
6782,2666,Vinay Shetty,29,M,A2
6783,2667,Santosh Desai,34,M,A1
6784,2668,Sudeep Singh,21,M,A1
6785,2668,Nithin Desai,22,M,A2
6786,2668,Shivakumar Bhat,27,M,A3
6787,2669,Darshan Patil,25,M,A1
6788,2669,Abhishek Gowda,30,M,A2
6789,2670,Rakesh Kulkarni,34,M,A1
6790,2670,Prakash Gowda,34,M,A2
6791,2670,Rashmi Joshi,27,F,A3
6792,2671,Darshan Patil,33,M,A1
6793,2671,Pooja Rao,29,T,A2
6794,2672,Puneeth Sharma,26,M,A1
6795,2672,Divya Kulkarni,30,F,A2
6796,2672,Prakash Rao,57,M,A3
6797,2673,Manjunath Yadav,20,M,A1
6798,2673,Manjunath Bhat,23,M,A2
6799,2674,Karthik Yadav,28,M,A1
6800,2674,Abhishek Joshi,23,M,A2
6801,2675,Karthik Joshi,32,M,A1
6802,2676,Vijay Kumar,31,M,A1
6803,2676,Bhagya Hegde,22,F,A2
6804,2676,Darshan Desai,24,T,A3
6805,2676,Manjunath Gowda,33,M,A4
6806,2677,Divya Hiremath,29,F,A1
6807,2678,Sudeep Reddy,33,M,A1
6808,2679,Suresh Rao,31,M,A1
6809,2679,Manjunath Patil,20,M,A2
6810,2680,Puneeth Singh,30,M,A1
6811,2680,Darshan Sharma,20,M,A2
6812,2680,Santosh Rao,32,M,A3
6813,2680,Santosh Patil,28,M,A4
6814,2681,Vinay Bhat,62,M,A1
6815,2682,Shivakumar Rao,32,M,A1
6816,2682,Geetha Hegde,29,F,A2
6817,2682,Shivakumar Kulkarni,41,M,A3
6818,2683,Pradeep Kulkarni,24,M,A1
6819,2683,Vinay Hiremath,27,M,A2
6820,2683,Karthik Shetty,34,M,A3
6821,2684,Santosh Reddy,61,M,A1
6822,2684,Anil Bhat,35,M,A2
6823,2684,Rakesh Hegde,34,M,A3
6824,2684,Prakash Kulkarni,26,M,A4
6825,2685,Suresh Hiremath,34,M,A1
6826,2685,Nithin Desai,30,M,A2
6827,2685,Darshan Bhat,27,M,A3
6828,2685,Pradeep Yadav,53,M,A4
6829,2686,Manjunath Desai,29,M,A1
6830,2686,Santosh Desai,46,M,A2
6831,2687,Vijay Gowda,35,M,A1
6832,2687,Suma Kumar,28,F,A2
6833,2687,Vinay Sharma,31,M,A3
6834,2687,Darshan Kulkarni,32,M,A4
6835,2688,Arun Patil,26,M,A1
6836,2688,Asha Hiremath,34,F,A2
6837,2688,Basavaraj Gowda,23,M,A3
6838,2688,Puneeth Patil,22,M,A4
6839,2689,Anil Naik,32,M,A1
6840,2689,Shivakumar Gowda,21,M,A2
6841,2689,Ramesh Gowda,25,M,A3
6842,2690,Sunil Singh,29,M,A1
6843,2691,Karthik Shetty,33,M,A1
6844,2691,Nithin Desai,30,M,A2
6845,2691,Arun Hegde,31,M,A3
6846,2692,Nithin Bhat,34,M,A1
6847,2692,Arun Singh,29,M,A2
6848,2693,Basavaraj Joshi,30,M,A1
6849,2693,Basavaraj Patil,32,M,A2
6850,2693,Basavaraj Joshi,33,M,A3
6851,2693,Vijay Gowda,23,M,A4
6852,2694,Nithin Gowda,33,M,A1
6853,2694,Puneeth Rao,30,T,A2
6854,2694,Shivakumar Bhat,53,M,A3
6855,2694,Swathi Naik,30,F,A4
6856,2695,Santosh Sharma,31,M,A1
6857,2695,Anil Kumar,23,M,A2
6858,2695,Manjunath Hiremath,27,M,A3
6859,2696,Sangeetha Yadav,34,F,A1
6860,2696,Rekha Gowda,65,F,A2
6861,2697,Kiran Shetty,28,M,A1
6862,2697,Nithin Joshi,21,M,A2
6863,2697,Arun Naik,21,M,A3
6864,2698,Darshan Rao,21,M,A1
6865,2698,Nithin Joshi,20,M,A2
6866,2698,Vinay Singh,35,M,A3
6867,2698,Ramesh Kulkarni,25,M,A4
6868,2699,Sunil Sharma,34,M,A1
6869,2699,Santosh Kulkarni,24,M,A2
6870,2699,Darshan Reddy,19,M,A3
6871,2700,Nithin Reddy,27,M,A1
6872,2700,Ramesh Kumar,20,M,A2
6873,2700,Basavaraj Rao,23,M,A3
6874,2701,Darshan Shetty,33,M,A1
6875,2702,Rakesh Hiremath,20,M,A1
6876,2703,Rakesh Kulkarni,40,M,A1
6877,2703,Vinay Yadav,28,M,A2
6878,2704,Ramesh Hegde,39,M,A1
6879,2704,Prakash Bhat,20,M,A2
6880,2704,Kiran Kumar,55,T,A3
6881,2704,Roopa Yadav,35,T,A4
6882,2705,Karthik Singh,37,M,A1
6883,2705,Nithin Kulkarni,35,M,A2
6884,2705,Rakesh Reddy,27,M,A3
6885,2706,Sudeep Kulkarni,33,M,A1
6886,2706,Nithin Sharma,22,M,A2
6887,2707,Ramesh Hegde,22,M,A1
6888,2707,Kiran Desai,25,M,A2
6889,2708,Arun Joshi,39,M,A1
6890,2708,Pradeep Yadav,22,M,A2
6891,2709,Abhishek Gowda,21,M,A1
6892,2710,Sudeep Kulkarni,45,M,A1
6893,2711,Prakash Shetty,31,M,A1
6894,2711,Pradeep Shetty,61,M,A2
6895,2711,Vinay Shetty,21,M,A3
6896,2712,Nithin Desai,29,M,A1
6897,2712,Sangeetha Bhat,30,F,A2
6898,2712,Pradeep Desai,39,M,A3
6899,2712,Kiran Hiremath,23,M,A4
6900,2713,Abhishek Joshi,30,M,A1
6901,2713,Pradeep Hiremath,23,M,A2
6902,2713,Darshan Joshi,21,M,A3
6903,2714,Puneeth Kumar,20,M,A1
6904,2714,Sahana Singh,31,F,A2
6905,2715,Vijay Kumar,31,M,A1
6906,2716,Manjunath Shetty,57,M,A1
6907,2716,Abhishek Hegde,21,M,A2
6908,2716,Mahesh Hegde,31,M,A3
6909,2717,Basavaraj Yadav,35,M,A1
6910,2717,Pradeep Sharma,24,M,A2
6911,2717,Bhagya Joshi,29,F,A3
6912,2718,Vijay Hegde,49,M,A1
6913,2719,Vijay Naik,32,M,A1
6914,2719,Vinay Patil,23,M,A2
6915,2719,Vinay Hiremath,43,M,A3
6916,2719,Karthik Hegde,26,M,A4
6917,2720,Ramesh Gowda,26,M,A1
6918,2720,Anusha Singh,33,F,A2
6919,2720,Sunil Hegde,30,T,A3
6920,2720,Mahesh Bhat,21,M,A4
6921,2721,Rakesh Kulkarni,28,M,A1
6922,2721,Kavya Desai,23,F,A2
6923,2721,Abhishek Hiremath,25,M,A3
6924,2722,Sunil Singh,21,M,A1
6925,2722,Darshan Singh,52,M,A2
6926,2722,Vinay Desai,35,M,A3
6927,2722,Vinay Gowda,20,M,A4
6928,2723,Mahesh Desai,49,M,A1
6929,2724,Vinay Singh,20,M,A1
6930,2724,Rakesh Yadav,32,M,A2
6931,2724,Abhishek Kumar,32,M,A3
6932,2725,Sudeep Hiremath,35,M,A1
6933,2725,Abhishek Rao,34,M,A2
6934,2725,Mahesh Desai,27,M,A3
6935,2725,Shivakumar Sharma,30,M,A4
6936,2726,Basavaraj Reddy,26,T,A1
6937,2726,Rekha Hegde,25,F,A2
6938,2727,Anil Naik,21,M,A1
6939,2727,Vijay Kulkarni,35,M,A2
6940,2727,Prakash Reddy,63,M,A3
6941,2728,Rakesh Reddy,34,M,A1
6942,2728,Pradeep Shetty,58,M,A2
6943,2728,Kiran Bhat,22,M,A3
6944,2729,Vijay Kulkarni,31,M,A1
6945,2729,Darshan Kumar,28,M,A2
6946,2729,Vinay Sharma,32,M,A3
6947,2730,Asha Joshi,39,F,A1
6948,2731,Arun Naik,21,M,A1
6949,2731,Vijay Reddy,26,M,A2
6950,2731,Arun Joshi,32,M,A3
6951,2731,Pradeep Joshi,40,M,A4
6952,2732,Mahesh Patil,35,M,A1
6953,2732,Roopa Hiremath,30,F,A2
6954,2733,Karthik Joshi,28,M,A1
6955,2734,Anil Desai,31,M,A1
6956,2734,Shivakumar Singh,31,M,A2
6957,2735,Arun Hiremath,20,M,A1
6958,2735,Pooja Gowda,25,F,A2
6959,2735,Ramya Shetty,33,F,A3
6960,2736,Manjunath Bhat,50,M,A1
6961,2736,Darshan Naik,24,M,A2
6962,2736,Shivakumar Sharma,33,M,A3
6963,2737,Anil Reddy,21,M,A1
6964,2737,Sudeep Kumar,21,M,A2
6965,2738,Pradeep Joshi,30,M,A1
6966,2738,Vijay Shetty,24,M,A2
6967,2738,Darshan Rao,27,M,A3
6968,2738,Prakash Gowda,43,M,A4
6969,2739,Karthik Bhat,34,M,A1
6970,2740,Prakash Naik,31,M,A1
6971,2740,Suresh Shetty,25,M,A2
6972,2740,Sunil Desai,31,M,A3
6973,2741,Manjunath Reddy,21,M,A1
6974,2742,Anusha Patil,23,F,A1
6975,2742,Ramya Hiremath,33,T,A2
6976,2742,Mahesh Kulkarni,24,M,A3
6977,2742,Pradeep Joshi,32,M,A4
6978,2743,Abhishek Kumar,28,M,A1
6979,2743,Basavaraj Hegde,39,M,A2
6980,2743,Arun Sharma,21,M,A3
6981,2744,Arun Joshi,21,M,A1
6982,2744,Rakesh Desai,20,M,A2
6983,2744,Mahesh Yadav,21,M,A3
6984,2744,Puneeth Kumar,20,M,A4
6985,2745,Karthik Joshi,34,M,A1
6986,2745,Rashmi Kumar,32,F,A2
6987,2746,Vinay Hiremath,28,M,A1
6988,2746,Karthik Bhat,22,M,A2
6989,2746,Karthik Kulkarni,31,M,A3
6990,2747,Prakash Rao,24,M,A1
6991,2748,Ramesh Desai,21,M,A1
6992,2748,Asha Shetty,22,F,A2
6993,2748,Santosh Hiremath,35,M,A3
6994,2748,Vinay Gowda,26,M,A4
6995,2749,Pradeep Bhat,22,M,A1
6996,2749,Shivakumar Gowda,32,M,A2
6997,2749,Vijay Shetty,35,M,A3
6998,2750,Pradeep Sharma,22,M,A1
6999,2750,Prakash Kumar,34,M,A2
7000,2750,Vijay Rao,32,M,A3
7001,2751,Darshan Naik,27,M,A1
7002,2751,Kiran Yadav,28,M,A2
7003,2752,Mahesh Gowda,34,M,A1
7004,2753,Divya Hiremath,35,F,A1
7005,2753,Santosh Desai,33,M,A2
7006,2753,Rashmi Kulkarni,22,F,A3
7007,2753,Shilpa Rao,55,F,A4
7008,2754,Prakash Rao,47,M,A1
7009,2754,Sunil Desai,32,M,A2
7010,2755,Karthik Bhat,20,M,A1
7011,2756,Vijay Kumar,57,M,A1
7012,2757,Santosh Kumar,34,M,A1
7013,2757,Kiran Bhat,33,M,A2
7014,2758,Abhishek Gowda,63,M,A1
7015,2758,Suresh Singh,53,M,A2
7016,2759,Mahesh Joshi,33,M,A1
7017,2759,Sunil Singh,18,M,A2
7018,2759,Shivakumar Rao,40,M,A3
7019,2759,Ramesh Singh,28,M,A4
7020,2760,Karthik Patil,63,M,A1
7021,2760,Pradeep Reddy,25,M,A2
7022,2761,Rashmi Singh,30,F,A1
7023,2761,Prakash Shetty,27,M,A2
7024,2761,Arun Patil,20,M,A3
7025,2761,Suresh Yadav,25,M,A4
7026,2762,Geetha Hiremath,30,F,A1
7027,2762,Kiran Reddy,28,M,A2
7028,2762,Prakash Shetty,20,M,A3
7029,2763,Anusha Rao,28,F,A1
7030,2763,Vijay Sharma,28,M,A2
7031,2763,Mahesh Joshi,55,M,A3
7032,2763,Darshan Joshi,32,M,A4
7033,2764,Shivakumar Sharma,27,M,A1
7034,2765,Pradeep Yadav,58,M,A1
7035,2766,Pradeep Yadav,30,M,A1
7036,2766,Suresh Hiremath,29,M,A2
7037,2767,Vijay Reddy,35,M,A1
7038,2767,Suresh Patil,28,M,A2
7039,2767,Darshan Bhat,25,M,A3
7040,2768,Puneeth Kumar,53,M,A1
7041,2768,Kiran Shetty,22,M,A2
7042,2769,Darshan Singh,22,M,A1
7043,2769,Kiran Rao,31,M,A2
7044,2769,Rekha Rao,24,T,A3
7045,2770,Anil Reddy,31,M,A1
7046,2770,Divya Hiremath,20,F,A2
7047,2771,Manjunath Hegde,26,M,A1
7048,2772,Karthik Kulkarni,29,M,A1
7049,2772,Vijay Kumar,22,M,A2
7050,2773,Abhishek Kumar,20,M,A1
7051,2773,Mahesh Yadav,19,M,A2
7052,2773,Sudeep Kulkarni,27,M,A3
7053,2774,Suresh Shetty,26,M,A1
7054,2774,Rakesh Patil,22,M,A2
7055,2774,Mahesh Yadav,31,M,A3
7056,2775,Anil Gowda,24,M,A1
7057,2775,Pooja Sharma,55,F,A2
7058,2775,Kiran Bhat,27,M,A3
7059,2775,Abhishek Naik,33,M,A4
7060,2776,Kiran Sharma,34,M,A1
7061,2776,Shivakumar Kulkarni,32,M,A2
7062,2776,Puneeth Hegde,32,M,A3
7063,2777,Vinay Shetty,26,T,A1
7064,2777,Vijay Singh,29,M,A2
7065,2777,Rakesh Kulkarni,25,M,A3
7066,2778,Rakesh Bhat,42,M,A1
7067,2778,Abhishek Kulkarni,26,M,A2
7068,2779,Arun Singh,19,M,A1
7069,2779,Sunil Hegde,27,M,A2
7070,2779,Meghana Kulkarni,24,F,A3
7071,2779,Sunil Naik,31,M,A4
7072,2780,Basavaraj Hegde,32,M,A1
7073,2780,Sunil Desai,25,M,A2
7074,2780,Shivakumar Gowda,30,M,A3
7075,2780,Sunil Yadav,35,M,A4
7076,2781,Ramya Sharma,20,F,A1
7077,2781,Rashmi Sharma,28,F,A2
7078,2781,Sunil Bhat,31,M,A3
7079,2782,Bhagya Naik,27,T,A1
7080,2782,Kiran Singh,20,M,A2
7081,2782,Mahesh Hiremath,21,M,A3
7082,2783,Arun Bhat,38,M,A1
7083,2783,Anusha Singh,24,F,A2
7084,2783,Puneeth Yadav,31,M,A3
7085,2784,Sudeep Desai,30,M,A1
7086,2784,Kiran Kulkarni,33,M,A2
7087,2785,Sahana Patil,24,F,A1
7088,2786,Asha Gowda,22,T,A1
7089,2786,Puneeth Patil,29,M,A2
7090,2786,Rashmi Sharma,28,F,A3
7091,2787,Basavaraj Singh,28,M,A1
7092,2787,Santosh Kumar,35,M,A2
7093,2788,Sunil Singh,23,M,A1
7094,2788,Suresh Gowda,34,M,A2
7095,2788,Basavaraj Naik,18,M,A3
7096,2788,Basavaraj Desai,20,M,A4
7097,2789,Nithin Hiremath,40,M,A1
7098,2790,Nithin Sharma,29,M,A1
7099,2791,Arun Kumar,22,M,A1
7100,2791,Darshan Joshi,28,M,A2
7101,2791,Ramya Shetty,34,F,A3
7102,2791,Sudeep Naik,35,M,A4
7103,2792,Sunil Desai,25,M,A1
7104,2792,Pradeep Gowda,23,M,A2
7105,2792,Darshan Naik,24,M,A3
7106,2792,Kiran Naik,28,M,A4
7107,2793,Santosh Kumar,24,M,A1
7108,2794,Sudeep Yadav,33,M,A1
7109,2794,Darshan Reddy,28,M,A2
7110,2794,Vijay Naik,54,M,A3
7111,2795,Pradeep Kumar,25,M,A1
7112,2796,Pooja Reddy,31,F,A1
7113,2796,Geetha Singh,34,F,A2
7114,2796,Sudeep Naik,25,M,A3
7115,2797,Ramesh Bhat,35,M,A1
7116,2798,Santosh Hiremath,42,M,A1
7117,2798,Prakash Naik,29,M,A2
7118,2798,Vijay Sharma,30,M,A3
7119,2798,Vinay Joshi,35,M,A4
7120,2799,Manjunath Shetty,21,M,A1
7121,2800,Santosh Shetty,24,M,A1
7122,2801,Darshan Rao,48,M,A1
7123,2801,Ramesh Singh,47,M,A2
7124,2801,Vijay Joshi,32,M,A3
7125,2801,Prakash Singh,21,M,A4
7126,2802,Nithin Bhat,22,M,A1
7127,2803,Kiran Kulkarni,30,M,A1
7128,2803,Shivakumar Bhat,34,M,A2
7129,2803,Vijay Reddy,53,M,A3
7130,2803,Suresh Yadav,34,M,A4
7131,2804,Sangeetha Sharma,25,F,A1
7132,2804,Sudeep Hiremath,25,M,A2
7133,2804,Rakesh Naik,27,M,A3
7134,2805,Shivakumar Singh,60,M,A1
7135,2806,Kiran Patil,28,M,A1
7136,2806,Arun Patil,52,M,A2
7137,2807,Darshan Yadav,38,M,A1
7138,2808,Puneeth Yadav,32,M,A1
7139,2809,Vinay Yadav,27,M,A1
7140,2809,Anil Rao,34,M,A2
7141,2809,Darshan Bhat,22,M,A3
7142,2809,Mahesh Kumar,65,M,A4
7143,2810,Mahesh Yadav,20,M,A1
7144,2811,Karthik Joshi,60,M,A1
7145,2811,Sudeep Shetty,33,M,A2
7146,2811,Nithin Sharma,45,M,A3
7147,2811,Vinay Yadav,34,M,A4
7148,2812,Puneeth Rao,33,M,A1
7149,2813,Meghana Desai,34,F,A1
7150,2813,Nithin Singh,31,M,A2
7151,2814,Shilpa Kumar,30,F,A1
7152,2814,Kiran Joshi,61,M,A2
7153,2814,Shivakumar Rao,31,M,A3
7154,2814,Prakash Shetty,49,M,A4
7155,2815,Santosh Hegde,21,M,A1
7156,2815,Suma Kumar,21,F,A2
7157,2816,Kiran Patil,26,M,A1
7158,2816,Karthik Hegde,35,M,A2
7159,2817,Darshan Rao,47,M,A1
7160,2817,Kiran Reddy,30,M,A2
7161,2818,Arun Naik,35,M,A1
7162,2819,Pradeep Kulkarni,26,M,A1
7163,2819,Santosh Patil,21,M,A2
7164,2819,Suresh Naik,28,M,A3
7165,2819,Sunil Patil,26,M,A4
7166,2820,Suresh Hegde,31,M,A1
7167,2820,Santosh Yadav,47,M,A2
7168,2820,Vinay Kulkarni,24,M,A3
7169,2820,Pradeep Bhat,56,M,A4
7170,2821,Pradeep Naik,33,M,A1
7171,2821,Pradeep Kumar,32,M,A2
7172,2821,Pradeep Kumar,58,M,A3
7173,2822,Sunil Kulkarni,22,M,A1
7174,2822,Puneeth Kulkarni,33,M,A2
7175,2823,Kiran Joshi,27,M,A1
7176,2824,Prakash Rao,32,M,A1
7177,2825,Santosh Shetty,33,M,A1
7178,2826,Arun Hegde,34,M,A1
7179,2827,Pradeep Patil,31,M,A1
7180,2827,Mahesh Shetty,33,M,A2
7181,2827,Shivakumar Desai,35,M,A3
7182,2828,Mahesh Bhat,48,M,A1
7183,2829,Manjunath Gowda,33,M,A1
7184,2829,Nithin Bhat,26,M,A2
7185,2829,Karthik Hiremath,28,M,A3
7186,2830,Anil Desai,29,M,A1
7187,2830,Swathi Reddy,26,F,A2
7188,2830,Arun Rao,41,M,A3
7189,2831,Sunil Singh,35,M,A1
7190,2831,Nithin Sharma,21,M,A2
7191,2832,Anil Shetty,31,M,A1
7192,2832,Mahesh Sharma,28,M,A2
7193,2832,Rakesh Kulkarni,31,M,A3
7194,2832,Sahana Hegde,35,F,A4
7195,2833,Suresh Singh,46,M,A1
7196,2833,Ramesh Kulkarni,30,M,A2
7197,2834,Shivakumar Singh,27,M,A1
7198,2834,Ramesh Joshi,34,M,A2
7199,2835,Suresh Singh,22,M,A1
7200,2835,Rakesh Hegde,53,M,A2
7201,2835,Sudeep Singh,42,M,A3
7202,2836,Basavaraj Hegde,20,M,A1
7203,2837,Shivakumar Patil,28,M,A1
7204,2837,Karthik Kumar,33,M,A2
7205,2837,Sunil Reddy,30,M,A3
7206,2838,Kiran Reddy,26,M,A1
7207,2838,Darshan Desai,34,M,A2
7208,2838,Manjunath Joshi,39,M,A3
7209,2838,Abhishek Singh,58,M,A4
7210,2839,Abhishek Rao,39,M,A1
7211,2839,Sahana Sharma,24,F,A2
7212,2839,Basavaraj Joshi,44,M,A3
7213,2839,Anil Reddy,25,M,A4
7214,2840,Vijay Hiremath,55,M,A1
7215,2840,Shivakumar Singh,27,M,A2
7216,2840,Arun Kumar,55,M,A3
7217,2840,Darshan Bhat,35,M,A4
7218,2841,Nithin Rao,30,M,A1
7219,2842,Rakesh Gowda,60,M,A1
7220,2842,Basavaraj Kumar,28,M,A2
7221,2842,Santosh Hiremath,23,M,A3
7222,2842,Shivakumar Shetty,31,M,A4
7223,2843,Sangeetha Rao,27,F,A1
7224,2844,Nithin Kumar,31,M,A1
7225,2844,Rakesh Singh,29,M,A2
7226,2844,Ramesh Kumar,32,M,A3
7227,2844,Nithin Sharma,31,M,A4
7228,2845,Bhagya Shetty,27,F,A1
7229,2845,Rakesh Reddy,32,M,A2
7230,2845,Karthik Desai,30,M,A3
7231,2845,Manjunath Rao,33,M,A4
7232,2846,Puneeth Hiremath,27,M,A1
7233,2847,Kiran Sharma,41,M,A1
7234,2848,Santosh Joshi,22,M,A1
7235,2849,Rekha Joshi,32,F,A1
7236,2849,Suresh Sharma,51,M,A2
7237,2850,Shivakumar Hiremath,24,M,A1
7238,2850,Geetha Joshi,27,F,A2
7239,2850,Rakesh Desai,36,M,A3
7240,2850,Sunil Hegde,22,M,A4
7241,2851,Karthik Yadav,34,M,A1
7242,2851,Prakash Joshi,31,M,A2
7243,2851,Puneeth Shetty,20,M,A3
7244,2851,Pradeep Naik,20,M,A4
7245,2852,Puneeth Naik,33,M,A1
7246,2852,Meghana Desai,46,F,A2
7247,2852,Karthik Desai,33,M,A3
7248,2853,Arun Rao,38,M,A1
7249,2853,Divya Desai,33,T,A2
7250,2853,Shivakumar Rao,28,M,A3
7251,2854,Swathi Hiremath,26,F,A1
7252,2854,Arun Rao,21,M,A2
7253,2854,Vinay Bhat,33,M,A3
7254,2855,Abhishek Shetty,50,M,A1
7255,2855,Manjunath Gowda,26,M,A2
7256,2856,Santosh Sharma,54,M,A1
7257,2856,Abhishek Kulkarni,30,M,A2
7258,2856,Karthik Desai,32,M,A3
7259,2856,Mahesh Joshi,26,M,A4
7260,2857,Sunil Kumar,34,M,A1
7261,2857,Kiran Singh,27,M,A2
7262,2857,Prakash Sharma,32,M,A3
7263,2857,Prakash Rao,26,M,A4
7264,2858,Darshan Bhat,27,M,A1
7265,2859,Puneeth Yadav,33,M,A1
7266,2859,Shruthi Desai,28,F,A2
7267,2859,Anil Naik,29,M,A3
7268,2859,Mahesh Rao,27,M,A4
7269,2860,Basavaraj Hegde,23,M,A1
7270,2860,Shivakumar Hegde,32,M,A2
7271,2861,Ramya Reddy,34,F,A1
7272,2862,Vinay Rao,25,M,A1
7273,2862,Shivakumar Gowda,22,M,A2
7274,2863,Karthik Rao,33,M,A1
7275,2864,Shivakumar Singh,28,M,A1
7276,2864,Manjunath Bhat,20,M,A2
7277,2865,Sudeep Sharma,32,M,A1
7278,2865,Sunil Desai,22,M,A2
7279,2866,Manjunath Gowda,23,M,A1
7280,2866,Vijay Shetty,27,M,A2
7281,2866,Suresh Naik,46,M,A3
7282,2866,Vinay Patil,24,M,A4
7283,2867,Arun Kulkarni,24,M,A1
7284,2868,Manjunath Rao,26,M,A1
7285,2868,Pradeep Gowda,56,M,A2
7286,2869,Kiran Hegde,22,M,A1
7287,2869,Sunil Bhat,31,M,A2
7288,2869,Karthik Naik,57,M,A3
7289,2869,Kiran Joshi,51,M,A4
7290,2870,Vijay Hegde,39,M,A1
7291,2870,Manjunath Hegde,23,M,A2
7292,2871,Sahana Sharma,35,F,A1
7293,2871,Basavaraj Rao,31,M,A2
7294,2871,Manjunath Desai,21,M,A3
7295,2871,Kiran Desai,29,M,A4
7296,2872,Karthik Patil,25,M,A1
7297,2873,Mahesh Hiremath,62,M,A1
7298,2873,Mahesh Kulkarni,33,M,A2
7299,2874,Karthik Shetty,26,M,A1
7300,2874,Karthik Singh,27,M,A2
7301,2874,Shivakumar Hiremath,27,M,A3
7302,2875,Anil Reddy,23,M,A1
7303,2875,Mahesh Reddy,50,M,A2
7304,2875,Abhishek Kulkarni,25,M,A3
7305,2876,Ramya Patil,34,F,A1
7306,2876,Basavaraj Joshi,34,M,A2
7307,2877,Vijay Joshi,23,M,A1
7308,2877,Rakesh Hiremath,21,M,A2
7309,2878,Abhishek Naik,35,M,A1
7310,2879,Nithin Hiremath,22,M,A1
7311,2880,Arun Yadav,30,M,A1
7312,2881,Mahesh Sharma,35,M,A1
7313,2881,Ramesh Kulkarni,21,M,A2
7314,2882,Shilpa Sharma,35,F,A1
7315,2882,Darshan Hiremath,33,M,A2
7316,2882,Sunil Shetty,55,M,A3
7317,2883,Sunil Gowda,22,M,A1
7318,2883,Vinay Bhat,23,M,A2
7319,2884,Rakesh Bhat,25,M,A1
7320,2884,Arun Desai,46,M,A2
7321,2884,Arun Rao,35,M,A3
7322,2885,Rakesh Hegde,29,M,A1
7323,2886,Nithin Reddy,35,M,A1
7324,2886,Sunil Kulkarni,22,M,A2
7325,2887,Arun Sharma,29,M,A1
7326,2887,Swathi Kumar,29,F,A2
7327,2888,Puneeth Hegde,29,M,A1
7328,2888,Suresh Kulkarni,22,M,A2
7329,2888,Shruthi Patil,20,F,A3
7330,2888,Bhagya Yadav,59,F,A4
7331,2889,Sudeep Rao,35,M,A1
7332,2889,Shilpa Sharma,22,T,A2
7333,2889,Divya Kulkarni,32,F,A3
7334,2889,Sahana Kumar,34,F,A4
7335,2890,Vijay Kumar,23,M,A1
7336,2890,Puneeth Hegde,27,M,A2
7337,2891,Nithin Bhat,24,M,A1
7338,2891,Darshan Kulkarni,27,M,A2
7339,2891,Puneeth Hiremath,34,M,A3
7340,2892,Mahesh Joshi,25,M,A1
7341,2892,Nithin Singh,20,M,A2
7342,2893,Pradeep Kumar,30,M,A1
7343,2893,Prakash Desai,35,M,A2
7344,2894,Rakesh Hegde,25,M,A1
7345,2894,Rakesh Desai,20,M,A2
7346,2894,Ramesh Shetty,23,M,A3
7347,2895,Vijay Naik,27,M,A1
7348,2895,Vinay Kumar,44,M,A2
7349,2895,Arun Hiremath,24,M,A3
7350,2895,Darshan Bhat,28,M,A4
7351,2896,Suresh Bhat,26,M,A1
7352,2896,Sangeetha Naik,26,T,A2
7353,2896,Anil Yadav,33,M,A3
7354,2897,Sudeep Hiremath,21,M,A1
7355,2897,Puneeth Gowda,31,M,A2
7356,2898,Vijay Yadav,48,M,A1
7357,2898,Arun Reddy,25,M,A2
7358,2899,Meghana Hiremath,34,F,A1
7359,2899,Arun Singh,31,M,A2
7360,2899,Basavaraj Kumar,25,M,A3
7361,2899,Santosh Reddy,30,M,A4
7362,2900,Puneeth Bhat,29,M,A1
7363,2900,Basavaraj Naik,26,M,A2
7364,2901,Vinay Joshi,29,M,A1
7365,2901,Nithin Sharma,32,M,A2
7366,2901,Anil Desai,29,M,A3
7367,2901,Arun Naik,64,M,A4
7368,2902,Mahesh Hiremath,33,M,A1
7369,2902,Rekha Patil,30,F,A2
7370,2903,Nithin Singh,33,M,A1
7371,2904,Ramesh Hiremath,22,M,A1
7372,2905,Santosh Patil,26,M,A1
7373,2905,Mahesh Yadav,31,M,A2
7374,2905,Karthik Patil,23,M,A3
7375,2906,Mahesh Bhat,31,M,A1
7376,2907,Darshan Rao,50,M,A1
7377,2907,Sunil Bhat,20,M,A2
7378,2907,Nithin Singh,24,M,A3
7379,2907,Anil Kumar,21,M,A4
7380,2908,Sunil Reddy,48,M,A1
7381,2908,Darshan Joshi,27,M,A2
7382,2908,Santosh Yadav,24,M,A3
7383,2908,Vijay Kumar,35,M,A4
7384,2909,Arun Kulkarni,59,M,A1
7385,2909,Manjunath Patil,55,M,A2
7386,2909,Vinay Naik,34,M,A3
7387,2909,Darshan Sharma,63,M,A4
7388,2910,Puneeth Joshi,24,M,A1
7389,2910,Sahana Shetty,25,F,A2
7390,2911,Puneeth Hegde,27,M,A1
7391,2911,Puneeth Bhat,21,M,A2
7392,2912,Basavaraj Shetty,29,M,A1
7393,2912,Pradeep Yadav,21,M,A2
7394,2912,Karthik Hegde,33,M,A3
7395,2913,Anil Hiremath,30,M,A1
7396,2914,Darshan Sharma,27,M,A1
7397,2914,Basavaraj Hegde,34,M,A2
7398,2914,Darshan Kulkarni,23,M,A3
7399,2914,Sangeetha Joshi,32,T,A4
7400,2915,Sudeep Shetty,56,M,A1
7401,2915,Mahesh Patil,27,M,A2
7402,2916,Shivakumar Hiremath,33,M,A1
7403,2916,Ramesh Rao,39,M,A2
7404,2917,Divya Bhat,47,F,A1
7405,2917,Sunil Gowda,41,M,A2
7406,2917,Ramesh Kumar,53,M,A3
7407,2917,Sudeep Hiremath,53,M,A4
7408,2918,Sudeep Rao,41,M,A1
7409,2918,Arun Hiremath,40,M,A2
7410,2918,Santosh Desai,24,M,A3
7411,2919,Santosh Shetty,22,M,A1
7412,2920,Puneeth Rao,32,M,A1
7413,2920,Vijay Hiremath,32,M,A2
7414,2920,Suresh Hiremath,34,M,A3
7415,2921,Karthik Shetty,33,M,A1
7416,2921,Kiran Sharma,28,M,A2
7417,2921,Ramesh Naik,24,M,A3
7418,2921,Sudeep Desai,30,M,A4
7419,2922,Santosh Patil,65,M,A1
7420,2922,Shilpa Shetty,28,F,A2
7421,2923,Vinay Patil,25,M,A1
7422,2923,Shilpa Shetty,38,T,A2
7423,2923,Abhishek Rao,33,M,A3
7424,2923,Prakash Patil,22,M,A4
7425,2924,Rakesh Kumar,23,M,A1
7426,2924,Mahesh Gowda,29,M,A2
7427,2925,Shivakumar Desai,29,M,A1
7428,2926,Sunil Hiremath,30,M,A1
7429,2926,Rakesh Kulkarni,27,M,A2
7430,2926,Manjunath Yadav,35,M,A3
7431,2927,Santosh Gowda,33,M,A1
7432,2927,Shivakumar Bhat,64,M,A2
7433,2927,Suresh Kulkarni,31,M,A3
7434,2927,Ramesh Desai,25,M,A4
7435,2928,Pooja Shetty,45,F,A1
7436,2929,Rakesh Patil,26,M,A1
7437,2929,Karthik Hiremath,53,M,A2
7438,2930,Ramesh Sharma,64,M,A1
7439,2931,Manjunath Kumar,22,M,A1
7440,2931,Mahesh Reddy,42,M,A2
7441,2931,Suresh Kulkarni,45,M,A3
7442,2931,Karthik Gowda,32,M,A4
7443,2932,Mahesh Naik,23,M,A1
7444,2932,Puneeth Kulkarni,35,M,A2
7445,2932,Nithin Gowda,33,M,A3
7446,2933,Puneeth Desai,21,M,A1
7447,2933,Sudeep Naik,58,M,A2
7448,2933,Puneeth Naik,30,M,A3
7449,2934,Kiran Bhat,48,M,A1
7450,2934,Shivakumar Kulkarni,27,M,A2
7451,2934,Sangeetha Shetty,23,F,A3
7452,2935,Sunil Reddy,40,M,A1
7453,2935,Nithin Hiremath,51,M,A2
7454,2935,Ramesh Kulkarni,28,M,A3
7455,2935,Suresh Desai,29,M,A4
7456,2936,Manjunath Kumar,60,M,A1
7457,2936,Manjunath Kumar,25,T,A2
7458,2936,Nithin Kumar,35,M,A3
7459,2936,Nithin Sharma,20,M,A4
7460,2937,Sunil Gowda,28,M,A1
7461,2937,Anil Gowda,26,M,A2
7462,2937,Suresh Reddy,38,M,A3
7463,2938,Mahesh Sharma,35,M,A1
7464,2938,Vijay Hiremath,34,M,A2
7465,2938,Pradeep Desai,28,M,A3
7466,2939,Puneeth Patil,34,M,A1
7467,2940,Abhishek Sharma,23,M,A1
7468,2940,Sunil Hegde,23,M,A2
7469,2940,Suresh Naik,65,M,A3
7470,2941,Ramesh Desai,29,M,A1
7471,2942,Anil Naik,39,M,A1
7472,2942,Prakash Desai,42,M,A2
7473,2943,Prakash Kumar,40,M,A1
7474,2943,Rakesh Yadav,52,M,A2
7475,2943,Kiran Kulkarni,25,M,A3
7476,2944,Anusha Desai,46,F,A1
7477,2944,Sunil Singh,31,M,A2
7478,2945,Sahana Yadav,24,F,A1
7479,2945,Puneeth Sharma,59,M,A2
7480,2946,Manjunath Patil,35,M,A1
7481,2947,Ramesh Bhat,20,M,A1
7482,2947,Santosh Reddy,26,M,A2
7483,2948,Vijay Reddy,34,M,A1
7484,2949,Abhishek Shetty,30,M,A1
7485,2949,Pradeep Rao,31,M,A2
7486,2949,Arun Hegde,20,M,A3
7487,2950,Geetha Patil,26,F,A1
7488,2950,Mahesh Yadav,32,M,A2
7489,2951,Basavaraj Kulkarni,23,M,A1
7490,2951,Shilpa Reddy,24,F,A2
7491,2952,Shivakumar Desai,29,M,A1
7492,2952,Roopa Naik,35,F,A2
7493,2952,Sunil Singh,30,M,A3
7494,2952,Puneeth Kulkarni,29,M,A4
7495,2953,Rakesh Bhat,27,M,A1
7496,2954,Ramesh Desai,24,M,A1
7497,2954,Kiran Desai,26,M,A2
7498,2954,Karthik Yadav,31,M,A3
7499,2955,Divya Reddy,42,F,A1
7500,2956,Bhagya Singh,51,F,A1
7501,2957,Arun Hegde,38,M,A1
7502,2957,Kavya Patil,27,F,A2
7503,2958,Basavaraj Rao,29,M,A1
7504,2958,Santosh Kumar,59,M,A2
7505,2958,Abhishek Hegde,21,M,A3
7506,2959,Pradeep Naik,35,M,A1
7507,2960,Mahesh Joshi,34,M,A1
7508,2961,Mahesh Reddy,60,M,A1
7509,2962,Rakesh Kumar,30,M,A1
7510,2962,Vijay Singh,26,M,A2
7511,2963,Karthik Sharma,28,M,A1
7512,2964,Sudeep Kulkarni,31,M,A1
7513,2964,Nithin Shetty,27,M,A2
7514,2965,Sunil Patil,47,M,A1
7515,2965,Darshan Yadav,58,M,A2
7516,2966,Anil Rao,20,M,A1
7517,2966,Arun Reddy,27,M,A2
7518,2966,Abhishek Patil,40,M,A3
7519,2967,Manjunath Sharma,40,M,A1
7520,2967,Sunil Patil,31,M,A2
7521,2967,Kiran Hiremath,34,M,A3
7522,2968,Mahesh Sharma,32,M,A1
7523,2968,Anil Gowda,21,M,A2
7524,2968,Geetha Bhat,27,F,A3
7525,2969,Santosh Hegde,20,M,A1
7526,2969,Arun Reddy,48,M,A2
7527,2969,Suresh Shetty,34,M,A3
7528,2969,Abhishek Gowda,63,M,A4
7529,2970,Manjunath Rao,26,M,A1
7530,2971,Pradeep Hegde,37,M,A1
7531,2971,Prakash Bhat,24,M,A2
7532,2971,Sudeep Patil,32,M,A3
7533,2972,Shivakumar Reddy,29,M,A1
7534,2972,Vinay Hegde,22,M,A2
7535,2972,Kiran Gowda,20,M,A3
7536,2973,Sudeep Reddy,33,M,A1
7537,2973,Suresh Sharma,23,M,A2
7538,2974,Shivakumar Patil,32,M,A1
7539,2974,Anil Patil,23,M,A2
7540,2974,Pradeep Kumar,21,M,A3
7541,2974,Nithin Naik,23,M,A4
7542,2975,Vinay Kumar,35,M,A1
7543,2975,Sunil Hegde,24,M,A2
7544,2975,Suresh Sharma,41,M,A3
7545,2976,Ramesh Joshi,25,M,A1
7546,2976,Sunil Reddy,33,T,A2
7547,2977,Geetha Joshi,33,F,A1
7548,2978,Rakesh Reddy,28,M,A1
7549,2978,Santosh Sharma,60,M,A2
7550,2978,Prakash Gowda,21,M,A3
7551,2979,Sangeetha Singh,33,F,A1
7552,2980,Puneeth Desai,26,M,A1
7553,2981,Basavaraj Yadav,27,M,A1
7554,2981,Vinay Hegde,35,M,A2
7555,2982,Prakash Rao,21,M,A1
7556,2982,Anusha Kumar,58,F,A2
7557,2982,Rakesh Patil,24,M,A3
7558,2983,Pradeep Kumar,62,M,A1
7559,2983,Pradeep Hiremath,28,M,A2
7560,2983,Mahesh Hegde,25,M,A3
7561,2983,Prakash Kumar,22,M,A4
7562,2984,Ramesh Hiremath,21,M,A1
7563,2984,Sunil Patil,25,M,A2
7564,2984,Sahana Gowda,26,F,A3
7565,2984,Ramesh Kulkarni,35,M,A4
7566,2985,Arun Rao,34,M,A1
7567,2985,Ramya Naik,34,F,A2
7568,2985,Sunil Naik,28,M,A3
7569,2986,Shivakumar Desai,26,M,A1
7570,2987,Arun Hegde,28,M,A1
7571,2987,Rakesh Hegde,20,M,A2
7572,2987,Ramesh Yadav,30,M,A3
7573,2988,Pradeep Hiremath,46,M,A1
7574,2989,Karthik Bhat,27,M,A1
7575,2989,Mahesh Rao,20,M,A2
7576,2990,Anil Kulkarni,43,M,A1
7577,2991,Sunil Yadav,30,M,A1
7578,2992,Pradeep Singh,20,M,A1
7579,2993,Rakesh Gowda,30,M,A1
7580,2993,Sunil Yadav,59,M,A2
7581,2993,Manjunath Sharma,27,M,A3
7582,2993,Puneeth Desai,24,M,A4
7583,2994,Prakash Joshi,30,M,A1
7584,2994,Darshan Singh,20,M,A2
7585,2994,Sangeetha Hiremath,24,F,A3
7586,2995,Meghana Kumar,31,F,A1
7587,2995,Arun Joshi,23,M,A2
7588,2995,Rakesh Hiremath,38,M,A3
7589,2995,Santosh Gowda,31,M,A4
7590,2996,Vijay Joshi,33,M,A1
7591,2996,Karthik Naik,25,M,A2
7592,2996,Meghana Gowda,32,F,A3
7593,2996,Darshan Shetty,21,M,A4
7594,2997,Shivakumar Reddy,55,M,A1
7595,2997,Kiran Reddy,34,M,A2
7596,2997,Abhishek Kulkarni,22,M,A3
7597,2998,Anil Reddy,23,M,A1
7598,2998,Prakash Desai,18,M,A2
7599,2998,Suresh Naik,34,M,A3
7600,2998,Nithin Joshi,32,M,A4
7601,2999,Ramesh Joshi,22,M,A1
7602,2999,Prakash Hegde,25,M,A2
7603,3000,Manjunath Sharma,29,M,A1
7604,3001,Vijay Reddy,33,M,A1
7605,3001,Arun Desai,21,M,A2
7606,3002,Kavya Rao,28,F,A1
7607,3002,Mahesh Bhat,23,M,A2
7608,3002,Karthik Desai,21,M,A3
7609,3003,Anusha Singh,21,F,A1
7610,3003,Prakash Bhat,34,M,A2
7611,3003,Kiran Joshi,21,M,A3
7612,3003,Basavaraj Joshi,65,M,A4
7613,3004,Prakash Reddy,20,M,A1
7614,3005,Vinay Sharma,20,M,A1
7615,3005,Anil Hiremath,31,M,A2
7616,3005,Ramesh Gowda,20,M,A3
7617,3006,Vinay Gowda,20,M,A1
7618,3006,Rakesh Patil,20,M,A2
7619,3006,Prakash Patil,25,M,A3
7620,3006,Abhishek Bhat,20,M,A4
7621,3007,Suma Rao,20,F,A1
7622,3007,Ramesh Kulkarni,19,M,A2
7623,3007,Vijay Hegde,31,M,A3
7624,3008,Sudeep Singh,20,M,A1
7625,3008,Arun Desai,24,M,A2
7626,3008,Prakash Gowda,28,M,A3
7627,3009,Darshan Sharma,22,M,A1
7628,3009,Mahesh Hiremath,32,M,A2
7629,3009,Puneeth Reddy,26,M,A3
7630,3009,Pradeep Desai,35,M,A4
7631,3010,Anil Hegde,20,M,A1
7632,3010,Divya Joshi,63,T,A2
7633,3010,Rakesh Yadav,23,M,A3
7634,3011,Sunil Rao,28,M,A1
7635,3011,Vijay Yadav,39,M,A2
7636,3011,Anil Hiremath,26,M,A3
7637,3012,Mahesh Bhat,35,M,A1
7638,3012,Sunil Shetty,33,T,A2
7639,3012,Rakesh Yadav,32,M,A3
7640,3013,Darshan Rao,31,M,A1
7641,3014,Suresh Gowda,32,M,A1
7642,3014,Sunil Joshi,56,M,A2
7643,3015,Asha Kumar,26,F,A1
7644,3015,Karthik Reddy,21,M,A2
7645,3015,Rakesh Bhat,27,M,A3
7646,3015,Mahesh Sharma,32,M,A4
7647,3016,Sahana Kumar,34,F,A1
7648,3016,Ramya Bhat,40,F,A2
7649,3017,Mahesh Naik,24,M,A1
7650,3017,Bhagya Patil,22,F,A2
7651,3017,Nithin Gowda,23,M,A3
7652,3017,Vinay Desai,31,M,A4
7653,3018,Anil Patil,28,M,A1
7654,3019,Ramesh Desai,31,M,A1
7655,3019,Arun Patil,28,M,A2
7656,3020,Karthik Hiremath,33,M,A1
7657,3020,Shivakumar Yadav,26,M,A2
7658,3020,Abhishek Desai,23,M,A3
7659,3020,Shilpa Bhat,60,F,A4
7660,3021,Shivakumar Patil,25,M,A1
7661,3021,Shivakumar Reddy,45,M,A2
7662,3022,Sunil Singh,34,M,A1
7663,3023,Shivakumar Joshi,22,M,A1
7664,3024,Darshan Hiremath,53,M,A1
7665,3024,Pradeep Naik,35,M,A2
7666,3024,Shivakumar Rao,25,M,A3
7667,3025,Rakesh Kulkarni,30,M,A1
7668,3026,Manjunath Singh,57,M,A1
7669,3026,Sudeep Desai,25,M,A2
7670,3026,Pradeep Bhat,22,M,A3
7671,3026,Basavaraj Sharma,34,M,A4
7672,3027,Puneeth Patil,31,M,A1
7673,3027,Shilpa Hegde,30,F,A2
7674,3027,Sudeep Gowda,32,M,A3
7675,3028,Shivakumar Gowda,23,M,A1
7676,3028,Arun Bhat,24,M,A2
7677,3028,Abhishek Bhat,53,M,A3
7678,3028,Shivakumar Gowda,30,M,A4
7679,3029,Darshan Rao,32,M,A1
7680,3029,Abhishek Hiremath,20,M,A2
7681,3030,Mahesh Naik,34,M,A1
7682,3030,Abhishek Kulkarni,39,M,A2
7683,3031,Abhishek Hegde,43,M,A1
7684,3031,Prakash Gowda,29,M,A2
7685,3032,Karthik Kulkarni,29,M,A1
7686,3033,Shilpa Shetty,32,F,A1
7687,3033,Santosh Shetty,28,M,A2
7688,3033,Sunil Kumar,24,M,A3
7689,3033,Ramesh Bhat,29,M,A4
7690,3034,Suresh Shetty,38,M,A1
7691,3034,Puneeth Bhat,52,M,A2
7692,3034,Pradeep Joshi,29,M,A3
7693,3034,Bhagya Yadav,25,F,A4
7694,3035,Sangeetha Kumar,23,F,A1
7695,3035,Abhishek Yadav,22,M,A2
7696,3036,Abhishek Yadav,28,M,A1
7697,3036,Karthik Joshi,63,M,A2
7698,3036,Basavaraj Hegde,35,M,A3
7699,3037,Nithin Shetty,28,M,A1
7700,3037,Shivakumar Naik,29,M,A2
7701,3037,Geetha Joshi,32,F,A3
7702,3037,Bhagya Naik,33,F,A4
7703,3038,Karthik Naik,64,M,A1
7704,3038,Abhishek Desai,29,M,A2
7705,3038,Basavaraj Kumar,20,M,A3
7706,3039,Vijay Kumar,23,M,A1
7707,3039,Suma Singh,48,F,A2
7708,3040,Mahesh Hegde,35,M,A1
7709,3040,Manjunath Desai,33,M,A2
7710,3040,Shruthi Shetty,27,F,A3
7711,3041,Vinay Singh,21,M,A1
7712,3041,Suresh Bhat,35,M,A2
7713,3041,Sahana Bhat,33,F,A3
7714,3041,Arun Desai,56,M,A4
7715,3042,Arun Bhat,56,M,A1
7716,3043,Sunil Reddy,31,M,A1
7717,3043,Prakash Reddy,21,M,A2
7718,3043,Prakash Rao,20,M,A3
7719,3044,Prakash Patil,34,M,A1
7720,3045,Karthik Shetty,33,M,A1
7721,3045,Vijay Kulkarni,19,M,A2
7722,3045,Shivakumar Gowda,30,M,A3
7723,3046,Puneeth Hegde,33,M,A1
7724,3046,Sunil Yadav,28,M,A2
7725,3046,Kiran Bhat,22,M,A3
7726,3047,Kiran Naik,24,M,A1
7727,3047,Sunil Patil,20,M,A2
7728,3048,Anusha Singh,27,F,A1
7729,3049,Sunil Shetty,24,M,A1
7730,3050,Manjunath Yadav,31,M,A1
7731,3051,Manjunath Sharma,27,M,A1
7732,3051,Rekha Singh,34,F,A2
7733,3052,Sunil Yadav,34,M,A1
7734,3052,Sudeep Desai,33,M,A2
7735,3052,Sahana Yadav,33,F,A3
7736,3053,Pradeep Sharma,24,M,A1
7737,3054,Sudeep Hegde,25,M,A1
7738,3054,Rakesh Yadav,28,M,A2
7739,3054,Arun Patil,21,M,A3
7740,3055,Basavaraj Kulkarni,30,M,A1
7741,3056,Pradeep Sharma,20,M,A1
7742,3056,Rakesh Shetty,32,M,A2
7743,3057,Santosh Rao,33,M,A1
7744,3057,Abhishek Reddy,65,M,A2
7745,3057,Sunil Rao,42,M,A3
7746,3058,Shivakumar Yadav,33,M,A1
7747,3058,Kiran Gowda,31,M,A2
7748,3058,Vijay Kulkarni,55,M,A3
7749,3059,Pradeep Joshi,28,M,A1
7750,3060,Rakesh Kulkarni,23,M,A1
7751,3060,Rakesh Joshi,32,M,A2
7752,3060,Rakesh Rao,45,M,A3
7753,3061,Karthik Singh,34,M,A1
7754,3061,Arun Reddy,33,M,A2
7755,3061,Sunil Hiremath,25,M,A3
7756,3061,Ramesh Gowda,24,M,A4
7757,3062,Vinay Kumar,28,M,A1
7758,3063,Santosh Hiremath,22,M,A1
7759,3063,Bhagya Hiremath,34,F,A2
7760,3063,Sunil Naik,33,M,A3
7761,3063,Basavaraj Patil,18,M,A4
7762,3064,Basavaraj Kumar,56,M,A1
7763,3065,Kiran Kumar,31,M,A1
7764,3066,Sunil Shetty,24,M,A1
7765,3066,Shivakumar Joshi,65,M,A2
7766,3067,Vijay Hiremath,27,M,A1
7767,3067,Karthik Singh,19,M,A2
7768,3068,Pooja Shetty,61,T,A1
7769,3068,Rakesh Bhat,28,M,A2
7770,3068,Kiran Yadav,32,M,A3
7771,3068,Sudeep Yadav,31,M,A4
7772,3069,Karthik Kumar,34,M,A1
7773,3069,Mahesh Bhat,50,M,A2
7774,3070,Basavaraj Yadav,28,M,A1
7775,3071,Darshan Shetty,22,M,A1
7776,3071,Nithin Bhat,24,M,A2
7777,3072,Sunil Rao,32,M,A1
7778,3073,Shruthi Singh,34,F,A1
7779,3073,Sudeep Joshi,30,M,A2
7780,3074,Suresh Hiremath,28,M,A1
7781,3074,Arun Sharma,57,M,A2
7782,3075,Rakesh Patil,37,M,A1
7783,3076,Basavaraj Joshi,20,M,A1
7784,3076,Asha Kumar,34,F,A2
7785,3076,Sunil Kumar,34,M,A3
7786,3076,Ramesh Gowda,54,M,A4
7787,3077,Vinay Singh,24,M,A1
7788,3077,Prakash Naik,33,M,A2
7789,3078,Ramesh Naik,20,M,A1
7790,3079,Sunil Joshi,24,M,A1
7791,3079,Anusha Hegde,28,T,A2
7792,3080,Rekha Naik,56,T,A1
7793,3080,Basavaraj Patil,38,M,A2
7794,3080,Suresh Sharma,47,M,A3
7795,3081,Ramesh Sharma,24,M,A1
7796,3082,Rakesh Bhat,21,M,A1
7797,3082,Prakash Hegde,32,M,A2
7798,3082,Arun Sharma,33,M,A3
7799,3082,Prakash Patil,20,M,A4
7800,3083,Suresh Gowda,34,M,A1
7801,3084,Kiran Hiremath,26,M,A1
7802,3084,Vinay Gowda,30,M,A2
7803,3084,Nithin Yadav,35,M,A3
7804,3084,Pradeep Joshi,20,M,A4
7805,3085,Arun Joshi,23,M,A1
7806,3085,Abhishek Kumar,34,M,A2
7807,3085,Arun Joshi,30,M,A3
7808,3086,Sunil Yadav,21,M,A1
7809,3086,Sunil Hegde,30,M,A2
7810,3086,Ramesh Hiremath,31,M,A3
7811,3086,Basavaraj Sharma,32,M,A4
7812,3087,Darshan Hiremath,27,M,A1
7813,3087,Shruthi Hegde,48,F,A2
7814,3088,Sudeep Naik,25,M,A1
7815,3088,Sudeep Sharma,22,M,A2
7816,3089,Suresh Bhat,34,M,A1
7817,3089,Sudeep Joshi,22,M,A2
7818,3089,Kiran Sharma,32,M,A3
7819,3090,Rakesh Sharma,27,M,A1
7820,3090,Sudeep Rao,35,M,A2
7821,3090,Santosh Reddy,33,M,A3
7822,3091,Abhishek Shetty,29,M,A1
7823,3091,Vijay Hiremath,28,M,A2
7824,3091,Ramesh Shetty,49,M,A3
7825,3091,Puneeth Desai,49,M,A4
7826,3092,Kiran Singh,30,M,A1
7827,3093,Vijay Joshi,26,M,A1
7828,3094,Arun Sharma,27,M,A1
7829,3094,Manjunath Naik,35,M,A2
7830,3094,Abhishek Hegde,19,M,A3
7831,3094,Nithin Singh,32,T,A4
7832,3095,Karthik Kumar,29,M,A1
7833,3095,Sudeep Naik,21,M,A2
7834,3095,Vinay Joshi,21,M,A3
7835,3095,Rekha Hiremath,33,T,A4
7836,3096,Kavya Gowda,23,F,A1
7837,3096,Karthik Gowda,24,M,A2
7838,3096,Suresh Gowda,27,M,A3
7839,3096,Sangeetha Patil,33,T,A4
7840,3097,Rakesh Desai,27,M,A1
7841,3097,Divya Sharma,30,F,A2
7842,3098,Sangeetha Kumar,26,F,A1
7843,3098,Shivakumar Patil,53,M,A2
7844,3098,Sunil Singh,51,M,A3
7845,3099,Karthik Shetty,28,M,A1
7846,3099,Basavaraj Bhat,26,M,A2
7847,3100,Sudeep Singh,21,M,A1
7848,3100,Nithin Shetty,29,M,A2
7849,3100,Puneeth Rao,30,M,A3
7850,3100,Mahesh Kulkarni,23,M,A4
7851,3101,Abhishek Yadav,41,M,A1
7852,3102,Rekha Hiremath,22,F,A1
7853,3102,Anil Singh,25,M,A2
7854,3102,Nithin Bhat,26,M,A3
7855,3103,Basavaraj Joshi,55,M,A1
7856,3103,Shivakumar Joshi,26,M,A2
7857,3103,Geetha Yadav,26,F,A3
7858,3104,Arun Kumar,24,M,A1
7859,3104,Sunil Bhat,25,M,A2
7860,3105,Mahesh Hegde,35,M,A1
7861,3105,Karthik Joshi,33,M,A2
7862,3106,Anusha Kulkarni,37,F,A1
7863,3106,Mahesh Singh,20,M,A2
7864,3106,Puneeth Kulkarni,33,M,A3
7865,3106,Shivakumar Shetty,26,M,A4
7866,3107,Kiran Gowda,20,M,A1
7867,3107,Pradeep Kulkarni,32,M,A2
7868,3107,Rakesh Rao,34,M,A3
7869,3107,Basavaraj Shetty,21,M,A4
7870,3108,Geetha Hegde,28,F,A1
7871,3108,Sunil Yadav,29,M,A2
7872,3108,Manjunath Hegde,22,M,A3
7873,3108,Pooja Sharma,22,F,A4
7874,3109,Abhishek Hegde,37,M,A1
7875,3109,Abhishek Rao,32,M,A2
7876,3109,Prakash Kumar,24,M,A3
7877,3110,Abhishek Shetty,48,M,A1
7878,3110,Shivakumar Bhat,34,M,A2
7879,3110,Vinay Reddy,27,M,A3
7880,3110,Prakash Kulkarni,33,M,A4
7881,3111,Puneeth Naik,21,M,A1
7882,3112,Kiran Yadav,21,M,A1
7883,3113,Santosh Patil,18,M,A1
7884,3113,Swathi Sharma,32,F,A2
7885,3113,Swathi Hegde,25,F,A3
7886,3114,Sunil Yadav,23,M,A1
7887,3115,Puneeth Reddy,19,M,A1
7888,3116,Vinay Hegde,44,M,A1
7889,3117,Abhishek Kumar,31,M,A1
7890,3118,Nithin Bhat,24,M,A1
7891,3118,Geetha Patil,27,F,A2
7892,3118,Vijay Hiremath,29,M,A3
7893,3118,Nithin Desai,62,M,A4
7894,3119,Ramesh Patil,45,M,A1
7895,3119,Vijay Singh,34,M,A2
7896,3120,Pradeep Hegde,26,M,A1
7897,3120,Shilpa Joshi,48,F,A2
7898,3120,Manjunath Gowda,27,M,A3
7899,3120,Pradeep Bhat,25,M,A4
7900,3121,Ramesh Bhat,22,M,A1
7901,3121,Arun Yadav,49,M,A2
7902,3121,Abhishek Yadav,20,M,A3
7903,3122,Kiran Hegde,20,M,A1
7904,3122,Nithin Yadav,21,M,A2
7905,3122,Ramya Desai,30,T,A3
7906,3122,Ramya Hiremath,21,F,A4
7907,3123,Vijay Kumar,28,M,A1
7908,3123,Darshan Joshi,26,M,A2
7909,3123,Vinay Bhat,57,M,A3
7910,3124,Sudeep Patil,29,M,A1
7911,3124,Shilpa Rao,21,F,A2
7912,3125,Ramesh Shetty,32,M,A1
7913,3125,Vijay Kumar,55,M,A2
7914,3125,Swathi Sharma,35,F,A3
7915,3126,Suresh Singh,35,M,A1
7916,3127,Prakash Gowda,34,M,A1
7917,3127,Basavaraj Shetty,27,M,A2
7918,3127,Shivakumar Singh,26,M,A3
7919,3127,Suresh Shetty,31,M,A4
7920,3128,Rashmi Rao,32,F,A1
7921,3129,Santosh Reddy,21,M,A1
7922,3129,Sudeep Sharma,53,M,A2
7923,3129,Basavaraj Reddy,28,M,A3
7924,3130,Mahesh Yadav,36,M,A1
7925,3131,Shivakumar Joshi,28,M,A1
7926,3131,Vijay Rao,32,M,A2
7927,3131,Arun Reddy,22,M,A3
7928,3132,Vijay Patil,22,M,A1
7929,3132,Rakesh Hegde,32,M,A2
7930,3132,Darshan Sharma,34,M,A3
7931,3133,Karthik Bhat,60,M,A1
7932,3133,Mahesh Sharma,26,M,A2
7933,3133,Sunil Reddy,22,M,A3
7934,3133,Anil Naik,56,M,A4
7935,3134,Ramesh Gowda,26,M,A1
7936,3134,Shivakumar Bhat,31,M,A2
7937,3134,Rakesh Reddy,30,M,A3
7938,3135,Darshan Singh,27,M,A1
7939,3135,Santosh Gowda,33,M,A2
7940,3135,Suresh Singh,23,M,A3
7941,3135,Kiran Kumar,59,M,A4
7942,3136,Basavaraj Singh,34,M,A1
7943,3137,Anil Naik,65,M,A1
7944,3137,Meghana Patil,58,F,A2
7945,3137,Puneeth Desai,31,M,A3
7946,3137,Sahana Yadav,42,F,A4
7947,3138,Manjunath Kulkarni,28,M,A1
7948,3139,Abhishek Kumar,33,M,A1
7949,3139,Pradeep Joshi,20,M,A2
7950,3139,Kavya Kulkarni,30,T,A3
7951,3140,Manjunath Sharma,30,M,A1
7952,3140,Basavaraj Reddy,18,M,A2
7953,3140,Sangeetha Shetty,41,F,A3
7954,3141,Prakash Bhat,24,M,A1
7955,3142,Rashmi Desai,63,F,A1
7956,3142,Nithin Bhat,22,M,A2
7957,3142,Abhishek Yadav,44,M,A3
7958,3143,Roopa Hegde,24,F,A1
7959,3143,Darshan Reddy,41,M,A2
7960,3143,Sudeep Reddy,28,M,A3
7961,3144,Vinay Sharma,34,M,A1
7962,3145,Kiran Shetty,23,M,A1
7963,3145,Pradeep Hegde,22,M,A2
7964,3145,Pradeep Gowda,21,M,A3
7965,3145,Anil Hiremath,23,M,A4
7966,3146,Nithin Joshi,24,M,A1
7967,3146,Shivakumar Desai,32,M,A2
7968,3146,Suresh Rao,65,M,A3
7969,3147,Sudeep Sharma,41,M,A1
7970,3147,Abhishek Yadav,31,M,A2
7971,3147,Rakesh Desai,24,M,A3
7972,3148,Pradeep Hiremath,27,M,A1
7973,3148,Sudeep Patil,33,M,A2
7974,3148,Arun Shetty,24,M,A3
7975,3149,Suresh Naik,34,M,A1
7976,3149,Darshan Gowda,20,M,A2
7977,3149,Abhishek Joshi,20,M,A3
7978,3150,Karthik Shetty,24,M,A1
7979,3150,Vijay Patil,58,M,A2
7980,3150,Darshan Hiremath,61,M,A3
7981,3150,Karthik Kulkarni,34,M,A4
7982,3151,Sudeep Naik,34,M,A1
7983,3151,Sudeep Singh,31,M,A2
7984,3151,Sunil Singh,32,M,A3
7985,3151,Darshan Kumar,40,M,A4
7986,3152,Manjunath Reddy,21,M,A1
7987,3153,Manjunath Kumar,32,M,A1
7988,3154,Mahesh Desai,35,M,A1
7989,3155,Santosh Kumar,21,M,A1
7990,3155,Anil Singh,24,M,A2
7991,3155,Manjunath Joshi,32,M,A3
7992,3156,Manjunath Shetty,65,M,A1
7993,3157,Kiran Joshi,22,M,A1
7994,3157,Prakash Singh,27,M,A2
7995,3157,Ramesh Reddy,26,M,A3
7996,3158,Nithin Naik,22,M,A1
7997,3159,Kavya Rao,25,F,A1
7998,3159,Roopa Yadav,32,F,A2
7999,3159,Abhishek Kulkarni,22,M,A3
8000,3159,Basavaraj Shetty,34,M,A4
8001,3160,Nithin Kumar,22,M,A1
8002,3160,Puneeth Kumar,50,M,A2
8003,3160,Sunil Gowda,31,M,A3
8004,3160,Puneeth Yadav,20,M,A4
8005,3161,Darshan Singh,21,M,A1
8006,3161,Rakesh Hiremath,34,M,A2
8007,3161,Sudeep Kulkarni,28,M,A3
8008,3162,Divya Gowda,18,F,A1
8009,3163,Basavaraj Kulkarni,31,M,A1
8010,3163,Ramesh Kumar,25,M,A2
8011,3163,Pradeep Shetty,24,M,A3
8012,3164,Anusha Desai,44,F,A1
8013,3164,Puneeth Shetty,31,M,A2
8014,3164,Ramesh Patil,56,M,A3
8015,3165,Vijay Shetty,25,M,A1
8016,3165,Basavaraj Gowda,35,M,A2
8017,3166,Vinay Joshi,37,M,A1
8018,3166,Sunil Patil,33,M,A2
8019,3166,Anil Reddy,32,M,A3
8020,3167,Pradeep Singh,29,M,A1
8021,3167,Suresh Kulkarni,24,M,A2
8022,3167,Abhishek Reddy,26,M,A3
8023,3167,Mahesh Reddy,36,M,A4
8024,3168,Rakesh Desai,27,M,A1
8025,3169,Suresh Joshi,23,M,A1
8026,3170,Sunil Hiremath,33,M,A1
8027,3171,Basavaraj Rao,65,M,A1
8028,3172,Puneeth Singh,27,M,A1
8029,3172,Anil Kumar,32,M,A2
8030,3172,Darshan Reddy,23,M,A3
8031,3173,Pradeep Reddy,30,M,A1
8032,3173,Suresh Singh,28,M,A2
8033,3174,Mahesh Joshi,20,M,A1
8034,3174,Anil Shetty,24,M,A2
8035,3174,Sunil Sharma,29,M,A3
8036,3175,Sunil Kulkarni,57,M,A1
8037,3175,Shivakumar Hegde,34,M,A2
8038,3175,Basavaraj Reddy,32,M,A3
8039,3176,Geetha Sharma,22,F,A1
8040,3176,Pradeep Naik,22,M,A2
8041,3176,Darshan Reddy,45,M,A3
8042,3177,Manjunath Kulkarni,26,M,A1
8043,3177,Vinay Kumar,32,M,A2
8044,3177,Nithin Hiremath,43,M,A3
8045,3177,Sahana Hegde,26,F,A4
8046,3178,Mahesh Bhat,24,M,A1
8047,3178,Abhishek Desai,50,M,A2
8048,3178,Vijay Gowda,31,M,A3
8049,3178,Ramesh Gowda,44,M,A4
8050,3179,Vijay Reddy,47,M,A1
8051,3179,Puneeth Kulkarni,33,M,A2
8052,3179,Arun Hegde,20,M,A3
8053,3180,Rakesh Hiremath,30,M,A1
8054,3181,Vijay Bhat,26,M,A1
8055,3182,Puneeth Hegde,27,M,A1
8056,3183,Rakesh Kumar,32,M,A1
8057,3183,Darshan Joshi,20,M,A2
8058,3183,Pooja Joshi,61,F,A3
8059,3184,Manjunath Bhat,28,M,A1
8060,3184,Suresh Bhat,26,M,A2
8061,3185,Ramesh Joshi,35,M,A1
8062,3185,Abhishek Gowda,23,M,A2
8063,3185,Puneeth Gowda,28,M,A3
8064,3186,Pradeep Joshi,23,M,A1
8065,3186,Arun Desai,41,M,A2
8066,3186,Karthik Gowda,57,M,A3
8067,3186,Kavya Shetty,22,F,A4
8068,3187,Puneeth Naik,26,M,A1
8069,3187,Basavaraj Singh,21,M,A2
8070,3188,Sahana Rao,20,F,A1
8071,3188,Darshan Joshi,35,M,A2
8072,3189,Abhishek Hiremath,26,M,A1
8073,3189,Santosh Sharma,24,M,A2
8074,3189,Anil Patil,29,M,A3
8075,3189,Mahesh Yadav,29,M,A4
8076,3190,Shivakumar Reddy,22,M,A1
8077,3190,Pradeep Naik,32,M,A2
8078,3191,Rakesh Hegde,28,M,A1
8079,3191,Vijay Shetty,59,M,A2
8080,3192,Anil Desai,48,M,A1
8081,3192,Ramesh Reddy,48,M,A2
8082,3192,Sudeep Kulkarni,35,M,A3
8083,3193,Pradeep Naik,28,M,A1
8084,3194,Kavya Hiremath,25,F,A1
8085,3195,Santosh Joshi,30,M,A1
8086,3195,Prakash Sharma,49,T,A2
8087,3195,Vijay Sharma,33,M,A3
8088,3196,Basavaraj Naik,27,M,A1
8089,3196,Darshan Yadav,30,M,A2
8090,3196,Sudeep Sharma,26,M,A3
8091,3197,Nithin Rao,22,M,A1
8092,3197,Nithin Sharma,27,M,A2
8093,3197,Basavaraj Reddy,59,M,A3
8094,3198,Abhishek Hiremath,32,M,A1
8095,3198,Vinay Kulkarni,21,M,A2
8096,3199,Sunil Shetty,38,M,A1
8097,3199,Vinay Rao,29,M,A2
8098,3199,Basavaraj Joshi,32,M,A3
8099,3200,Kiran Shetty,24,M,A1
8100,3200,Pradeep Kumar,26,M,A2
8101,3200,Abhishek Rao,25,T,A3
8102,3200,Arun Naik,28,M,A4
8103,3201,Vinay Desai,35,M,A1
8104,3201,Sunil Naik,35,M,A2
8105,3201,Abhishek Hiremath,23,M,A3
8106,3201,Karthik Sharma,24,M,A4
8107,3202,Manjunath Rao,28,T,A1
8108,3202,Pradeep Singh,27,M,A2
8109,3202,Shivakumar Bhat,33,M,A3
8110,3203,Divya Desai,51,F,A1
8111,3203,Arun Reddy,21,M,A2
8112,3203,Ramesh Desai,29,M,A3
8113,3204,Ramesh Desai,27,M,A1
8114,3204,Anil Gowda,31,M,A2
8115,3204,Mahesh Bhat,28,M,A3
8116,3204,Ramesh Hiremath,25,M,A4
8117,3205,Ramesh Kumar,32,M,A1
8118,3205,Anil Sharma,23,M,A2
8119,3205,Abhishek Gowda,29,M,A3
8120,3205,Prakash Hiremath,23,M,A4
8121,3206,Sudeep Reddy,22,M,A1
8122,3206,Arun Yadav,59,M,A2
8123,3206,Abhishek Sharma,21,M,A3
8124,3206,Suresh Hegde,32,M,A4
8125,3207,Karthik Rao,29,M,A1
8126,3207,Arun Hegde,30,M,A2
8127,3208,Karthik Rao,27,M,A1
8128,3208,Manjunath Hiremath,28,M,A2
8129,3208,Karthik Singh,32,M,A3
8130,3209,Prakash Naik,50,M,A1
8131,3209,Shivakumar Desai,34,M,A2
8132,3210,Sudeep Hiremath,28,M,A1
8133,3210,Basavaraj Patil,28,M,A2
8134,3210,Nithin Hegde,29,M,A3
8135,3210,Pradeep Gowda,21,M,A4
8136,3211,Pradeep Hegde,43,M,A1
8137,3211,Sudeep Patil,20,M,A2
8138,3211,Kiran Joshi,26,M,A3
8139,3211,Nithin Singh,34,M,A4
8140,3212,Ramesh Shetty,29,M,A1
8141,3212,Pradeep Hiremath,33,M,A2
8142,3213,Vinay Sharma,31,M,A1
8143,3213,Nithin Gowda,32,M,A2
8144,3213,Karthik Sharma,32,M,A3
8145,3213,Arun Reddy,28,M,A4
8146,3214,Mahesh Sharma,33,M,A1
8147,3214,Pradeep Shetty,56,M,A2
8148,3214,Ramesh Yadav,26,M,A3
8149,3214,Manjunath Patil,30,M,A4
8150,3215,Vinay Bhat,24,M,A1
8151,3215,Ramesh Joshi,25,M,A2
8152,3215,Manjunath Yadav,27,M,A3
8153,3216,Suresh Rao,26,M,A1
8154,3217,Rekha Patil,26,F,A1
8155,3218,Puneeth Naik,34,M,A1
8156,3218,Kavya Hegde,28,F,A2
8157,3218,Rakesh Kumar,22,M,A3
8158,3219,Manjunath Yadav,32,M,A1
8159,3219,Suresh Kulkarni,25,M,A2
8160,3219,Santosh Hiremath,34,M,A3
8161,3219,Karthik Shetty,32,M,A4
8162,3220,Shivakumar Patil,35,M,A1
8163,3220,Anil Kulkarni,33,M,A2
8164,3220,Manjunath Bhat,55,M,A3
8165,3220,Nithin Hiremath,28,M,A4
8166,3221,Anusha Reddy,48,F,A1
8167,3221,Rakesh Shetty,26,M,A2
8168,3221,Rakesh Desai,25,M,A3
8169,3221,Pradeep Rao,24,M,A4
8170,3222,Kiran Patil,31,M,A1
8171,3222,Darshan Patil,26,M,A2
8172,3223,Manjunath Kumar,23,M,A1
8173,3223,Vijay Hegde,28,M,A2
8174,3223,Manjunath Joshi,30,M,A3
8175,3223,Vijay Hiremath,21,M,A4
8176,3224,Anil Gowda,28,M,A1
8177,3224,Basavaraj Kumar,20,M,A2
8178,3224,Ramesh Singh,33,M,A3
8179,3224,Suresh Singh,35,M,A4
8180,3225,Karthik Patil,31,M,A1
8181,3225,Mahesh Kumar,29,M,A2
8182,3225,Manjunath Shetty,48,M,A3
8183,3225,Karthik Patil,26,M,A4
8184,3226,Sahana Sharma,26,F,A1
8185,3226,Rakesh Kulkarni,28,M,A2
8186,3226,Anil Yadav,26,M,A3
8187,3227,Karthik Hiremath,23,M,A1
8188,3227,Sudeep Patil,61,M,A2
8189,3227,Mahesh Hegde,30,M,A3
8190,3227,Ramesh Gowda,22,M,A4
8191,3228,Sudeep Hiremath,21,M,A1
8192,3228,Vijay Singh,48,M,A2
8193,3228,Pradeep Singh,28,M,A3
8194,3229,Vijay Sharma,36,M,A1
8195,3229,Puneeth Kulkarni,43,M,A2
8196,3229,Shivakumar Kumar,63,M,A3
8197,3230,Suresh Desai,56,M,A1
8198,3231,Mahesh Yadav,25,M,A1
8199,3231,Pradeep Yadav,46,M,A2
8200,3231,Kiran Desai,32,M,A3
8201,3231,Sunil Hiremath,31,M,A4
8202,3232,Pradeep Sharma,29,M,A1
8203,3233,Suresh Naik,23,M,A1
8204,3233,Pradeep Sharma,24,M,A2
8205,3233,Mahesh Desai,31,M,A3
8206,3233,Rakesh Desai,27,M,A4
8207,3234,Sudeep Hiremath,34,M,A1
8208,3234,Manjunath Yadav,34,M,A2
8209,3234,Sudeep Kumar,30,M,A3
8210,3235,Puneeth Kumar,29,M,A1
8211,3236,Nithin Patil,35,M,A1
8212,3237,Kiran Sharma,58,M,A1
8213,3238,Suresh Desai,29,M,A1
8214,3238,Karthik Hiremath,35,M,A2
8215,3238,Kiran Bhat,59,M,A3
8216,3238,Kavya Singh,28,T,A4
8217,3239,Abhishek Hegde,23,M,A1
8218,3239,Karthik Naik,29,T,A2
8219,3239,Karthik Hiremath,31,M,A3
8220,3240,Vinay Shetty,34,M,A1
8221,3240,Roopa Shetty,23,F,A2
8222,3240,Vinay Naik,30,M,A3
8223,3240,Rakesh Desai,20,M,A4
8224,3241,Anil Kulkarni,26,M,A1
8225,3242,Shivakumar Yadav,28,M,A1
8226,3242,Prakash Sharma,36,M,A2
8227,3243,Pradeep Hiremath,22,M,A1
8228,3243,Ramya Gowda,28,F,A2
8229,3244,Swathi Reddy,27,F,A1
8230,3244,Shivakumar Kumar,21,M,A2
8231,3244,Anil Hegde,42,M,A3
8232,3245,Shivakumar Yadav,22,M,A1
8233,3245,Manjunath Reddy,29,M,A2
8234,3245,Roopa Kumar,27,F,A3
8235,3245,Basavaraj Hegde,34,M,A4
8236,3246,Santosh Reddy,25,M,A1
8237,3246,Ramesh Bhat,27,M,A2
8238,3247,Rekha Kulkarni,22,F,A1
8239,3247,Darshan Rao,21,M,A2
8240,3247,Meghana Shetty,28,F,A3
8241,3247,Nithin Desai,24,M,A4
8242,3248,Rakesh Naik,28,M,A1
8243,3248,Ramesh Sharma,29,M,A2
8244,3248,Karthik Kulkarni,28,M,A3
8245,3248,Shivakumar Hegde,37,M,A4
8246,3249,Manjunath Hegde,23,M,A1
8247,3250,Anil Kulkarni,29,M,A1
8248,3250,Pooja Naik,28,F,A2
8249,3251,Sangeetha Singh,25,F,A1
8250,3251,Abhishek Kulkarni,32,M,A2
8251,3251,Kiran Reddy,24,M,A3
8252,3251,Vijay Kulkarni,22,M,A4
8253,3252,Karthik Sharma,32,M,A1
8254,3252,Sunil Rao,20,M,A2
8255,3252,Prakash Rao,49,M,A3
8256,3253,Darshan Yadav,36,M,A1
8257,3254,Mahesh Naik,54,M,A1
8258,3255,Sudeep Shetty,24,M,A1
8259,3255,Rakesh Reddy,21,M,A2
8260,3255,Anil Gowda,27,M,A3
8261,3256,Puneeth Yadav,28,M,A1
8262,3256,Sudeep Bhat,35,M,A2
8263,3257,Vijay Shetty,29,M,A1
8264,3257,Mahesh Hiremath,62,M,A2
8265,3258,Meghana Hiremath,22,T,A1
8266,3258,Basavaraj Joshi,28,M,A2
8267,3258,Vinay Rao,47,M,A3
8268,3259,Darshan Kumar,24,M,A1
8269,3260,Anil Kulkarni,22,M,A1
8270,3260,Pradeep Gowda,34,M,A2
8271,3260,Vinay Hiremath,59,M,A3
8272,3261,Pradeep Rao,35,M,A1
8273,3261,Nithin Shetty,36,M,A2
8274,3261,Suresh Kulkarni,33,M,A3
8275,3262,Karthik Reddy,31,T,A1
8276,3262,Pradeep Sharma,25,M,A2
8277,3263,Santosh Hiremath,32,M,A1
8278,3263,Puneeth Sharma,29,M,A2
8279,3263,Prakash Shetty,23,M,A3
8280,3264,Arun Gowda,19,M,A1
8281,3264,Sahana Patil,31,F,A2
8282,3265,Nithin Yadav,33,M,A1
8283,3265,Suresh Patil,29,M,A2
8284,3265,Mahesh Gowda,31,M,A3
8285,3265,Santosh Shetty,35,M,A4
8286,3266,Abhishek Hegde,21,M,A1
8287,3266,Sudeep Joshi,32,M,A2
8288,3266,Prakash Rao,23,M,A3
8289,3266,Roopa Gowda,52,F,A4
8290,3267,Darshan Patil,39,M,A1
8291,3267,Prakash Yadav,30,M,A2
8292,3267,Sudeep Gowda,22,M,A3
8293,3267,Vijay Shetty,28,M,A4
8294,3268,Santosh Joshi,23,M,A1
8295,3268,Rashmi Bhat,54,F,A2
8296,3268,Arun Hegde,20,M,A3
8297,3268,Ramya Sharma,64,F,A4
8298,3269,Sudeep Singh,24,M,A1
8299,3270,Suma Patil,21,F,A1
8300,3270,Sahana Patil,22,F,A2
8301,3271,Suma Hegde,27,F,A1
8302,3271,Pooja Desai,26,F,A2
8303,3272,Manjunath Bhat,26,M,A1
8304,3273,Karthik Singh,30,M,A1
8305,3273,Darshan Kulkarni,36,M,A2
8306,3274,Santosh Kulkarni,35,M,A1
8307,3274,Arun Bhat,33,M,A2
8308,3274,Arun Yadav,21,M,A3
8309,3275,Nithin Patil,32,M,A1
8310,3275,Sunil Shetty,21,M,A2
8311,3275,Shivakumar Yadav,35,M,A3
8312,3276,Abhishek Gowda,58,M,A1
8313,3276,Basavaraj Joshi,26,M,A2
8314,3276,Ramesh Rao,30,M,A3
8315,3276,Arun Joshi,60,M,A4
8316,3277,Abhishek Kumar,32,M,A1
8317,3277,Vijay Sharma,33,M,A2
8318,3277,Rakesh Kumar,50,M,A3
8319,3277,Pradeep Hiremath,34,M,A4
8320,3278,Ramya Rao,32,F,A1
8321,3278,Rashmi Naik,25,F,A2
8322,3278,Basavaraj Gowda,33,M,A3
8323,3278,Arun Shetty,30,M,A4
8324,3279,Ramesh Bhat,31,M,A1
8325,3279,Manjunath Kulkarni,35,M,A2
8326,3280,Kiran Patil,60,M,A1
8327,3280,Manjunath Gowda,41,M,A2
8328,3281,Anil Shetty,41,M,A1
8329,3281,Vijay Hiremath,35,M,A2
8330,3281,Bhagya Desai,22,F,A3
8331,3281,Pooja Kulkarni,25,F,A4
8332,3282,Rakesh Yadav,32,M,A1
8333,3283,Rekha Bhat,26,T,A1
8334,3283,Vijay Hiremath,35,M,A2
8335,3284,Pradeep Naik,32,M,A1
8336,3284,Anusha Singh,24,F,A2
8337,3285,Kiran Hegde,24,M,A1
8338,3285,Prakash Hegde,33,M,A2
8339,3285,Shivakumar Sharma,35,M,A3
8340,3286,Sudeep Singh,28,M,A1
8341,3286,Shilpa Hegde,20,F,A2
8342,3286,Shilpa Yadav,31,F,A3
8343,3287,Rekha Yadav,28,F,A1
8344,3287,Nithin Shetty,23,M,A2
8345,3287,Sudeep Gowda,27,M,A3
8346,3288,Kiran Reddy,21,M,A1
8347,3288,Basavaraj Desai,54,M,A2
8348,3288,Mahesh Hiremath,31,M,A3
8349,3288,Bhagya Desai,22,F,A4
8350,3289,Darshan Gowda,29,M,A1
8351,3289,Abhishek Singh,45,M,A2
8352,3289,Shivakumar Joshi,21,M,A3
8353,3290,Karthik Kulkarni,33,M,A1
8354,3290,Puneeth Rao,31,M,A2
8355,3291,Anil Joshi,29,M,A1
8356,3291,Rakesh Desai,25,M,A2
8357,3292,Vijay Naik,22,M,A1
8358,3292,Prakash Kulkarni,21,M,A2
8359,3292,Santosh Patil,26,M,A3
8360,3292,Santosh Patil,30,M,A4
8361,3293,Vinay Naik,23,M,A1
8362,3293,Suresh Bhat,23,M,A2
8363,3294,Kiran Singh,29,M,A1
8364,3294,Kiran Yadav,31,M,A2
8365,3295,Anil Kulkarni,21,M,A1
8366,3296,Abhishek Singh,32,M,A1
8367,3296,Suresh Kumar,61,M,A2
8368,3296,Shilpa Patil,34,F,A3
8369,3296,Vinay Kulkarni,22,M,A4
8370,3297,Manjunath Yadav,49,M,A1
8371,3297,Darshan Bhat,31,M,A2
8372,3297,Vijay Reddy,18,M,A3
8373,3298,Sudeep Naik,35,M,A1
8374,3299,Darshan Patil,27,M,A1
8375,3300,Darshan Joshi,25,M,A1
8376,3300,Ramesh Sharma,31,M,A2
8377,3300,Anil Hegde,32,M,A3
8378,3301,Karthik Gowda,26,M,A1
8379,3302,Sunil Reddy,28,M,A1
8380,3302,Mahesh Desai,64,M,A2
8381,3302,Kavya Reddy,30,F,A3
8382,3303,Rakesh Naik,33,M,A1
8383,3304,Mahesh Naik,20,M,A1
8384,3304,Ramya Reddy,63,F,A2
8385,3304,Manjunath Bhat,21,M,A3
8386,3305,Darshan Singh,27,M,A1
8387,3305,Arun Shetty,61,M,A2
8388,3306,Rakesh Yadav,54,M,A1
8389,3307,Prakash Desai,39,M,A1
8390,3308,Roopa Kulkarni,31,F,A1
8391,3308,Bhagya Bhat,35,F,A2
8392,3309,Vinay Hegde,28,M,A1
8393,3309,Nithin Hiremath,32,M,A2
8394,3309,Suresh Kumar,34,M,A3
8395,3309,Vinay Yadav,21,M,A4
8396,3310,Mahesh Desai,20,M,A1
8397,3310,Basavaraj Rao,33,M,A2
8398,3311,Shivakumar Hiremath,56,M,A1
8399,3311,Swathi Naik,58,F,A2
8400,3311,Mahesh Sharma,25,M,A3
8401,3312,Sudeep Hegde,30,M,A1
8402,3312,Puneeth Gowda,32,T,A2
8403,3312,Arun Reddy,35,M,A3
8404,3313,Darshan Hegde,33,M,A1
8405,3313,Abhishek Gowda,25,M,A2
8406,3314,Basavaraj Yadav,22,M,A1
8407,3314,Arun Singh,30,M,A2
8408,3315,Karthik Shetty,20,M,A1
8409,3316,Darshan Rao,52,M,A1
8410,3317,Nithin Sharma,32,M,A1
8411,3317,Rakesh Hiremath,34,M,A2
8412,3318,Santosh Reddy,30,M,A1
8413,3319,Vijay Yadav,24,M,A1
8414,3319,Vijay Hegde,53,M,A2
8415,3319,Shivakumar Hiremath,58,M,A3
8416,3319,Anil Joshi,25,M,A4
8417,3320,Karthik Patil,26,M,A1
8418,3320,Sudeep Kulkarni,33,M,A2
8419,3320,Sudeep Reddy,30,M,A3
8420,3320,Darshan Shetty,43,M,A4
8421,3321,Santosh Desai,23,M,A1
8422,3322,Santosh Gowda,29,M,A1
8423,3322,Darshan Naik,20,M,A2
8424,3322,Karthik Kumar,27,M,A3
8425,3322,Ramesh Rao,31,M,A4
8426,3323,Shivakumar Reddy,30,M,A1
8427,3323,Vinay Kumar,50,M,A2
8428,3323,Kiran Reddy,28,M,A3
8429,3324,Kiran Kulkarni,25,M,A1
8430,3324,Santosh Rao,28,M,A2
8431,3324,Sudeep Hegde,33,M,A3
8432,3325,Kiran Hiremath,33,M,A1
8433,3325,Vijay Reddy,34,M,A2
8434,3326,Rakesh Patil,33,M,A1
8435,3326,Shilpa Reddy,25,F,A2
8436,3327,Mahesh Hiremath,28,M,A1
8437,3328,Shivakumar Patil,32,M,A1
8438,3328,Puneeth Sharma,24,M,A2
8439,3328,Puneeth Patil,29,M,A3
8440,3329,Roopa Joshi,23,F,A1
8441,3329,Kiran Shetty,28,M,A2
8442,3329,Vijay Desai,25,M,A3
8443,3329,Anil Sharma,32,T,A4
8444,3330,Prakash Singh,30,M,A1
8445,3331,Anil Naik,25,M,A1
8446,3332,Kiran Patil,29,M,A1
8447,3332,Karthik Shetty,35,M,A2
8448,3332,Vijay Yadav,58,M,A3
8449,3332,Anil Kumar,26,M,A4
8450,3333,Mahesh Shetty,23,M,A1
8451,3333,Kiran Sharma,30,M,A2
8452,3334,Kiran Gowda,26,M,A1
8453,3334,Shivakumar Hegde,20,M,A2
8454,3334,Shivakumar Singh,34,M,A3
8455,3334,Kiran Bhat,26,M,A4
8456,3335,Sunil Kulkarni,33,M,A1
8457,3335,Shivakumar Singh,28,M,A2
8458,3335,Santosh Hegde,28,M,A3
8459,3335,Arun Gowda,35,M,A4
8460,3336,Prakash Kulkarni,22,M,A1
8461,3336,Vijay Desai,34,M,A2
8462,3336,Sunil Gowda,25,M,A3
8463,3337,Vinay Hegde,19,M,A1
8464,3338,Suresh Patil,27,M,A1
8465,3338,Pradeep Naik,21,M,A2
8466,3339,Manjunath Rao,21,M,A1
8467,3340,Manjunath Bhat,27,M,A1
8468,3340,Sudeep Hiremath,25,M,A2
8469,3341,Sudeep Joshi,34,M,A1
8470,3341,Manjunath Yadav,53,M,A2
8471,3342,Puneeth Sharma,19,M,A1
8472,3342,Karthik Gowda,30,M,A2
8473,3342,Vinay Rao,65,M,A3
8474,3342,Pradeep Hegde,21,M,A4
8475,3343,Sunil Sharma,27,M,A1
8476,3343,Basavaraj Reddy,36,M,A2
8477,3343,Prakash Patil,34,M,A3
8478,3344,Nithin Singh,25,M,A1
8479,3344,Sunil Joshi,29,M,A2
8480,3344,Meghana Singh,43,F,A3
8481,3345,Prakash Joshi,23,M,A1
8482,3345,Suresh Hegde,50,M,A2
8483,3346,Mahesh Singh,28,M,A1
8484,3347,Darshan Shetty,34,M,A1
8485,3348,Darshan Joshi,31,M,A1
8486,3348,Divya Shetty,52,F,A2
8487,3349,Meghana Hiremath,28,F,A1
8488,3349,Nithin Rao,21,M,A2
8489,3349,Puneeth Gowda,23,M,A3
8490,3350,Abhishek Kulkarni,21,M,A1
8491,3351,Shilpa Patil,22,F,A1
8492,3351,Swathi Joshi,26,F,A2
8493,3352,Anil Hiremath,35,M,A1
8494,3352,Puneeth Desai,32,M,A2
8495,3352,Abhishek Naik,24,M,A3
8496,3353,Basavaraj Patil,32,M,A1
8497,3353,Vinay Rao,31,M,A2
8498,3353,Manjunath Gowda,26,M,A3
8499,3353,Karthik Hegde,29,M,A4
8500,3354,Ramesh Sharma,34,M,A1
8501,3354,Suresh Yadav,35,M,A2
8502,3355,Suma Hegde,33,F,A1
8503,3355,Sunil Shetty,22,M,A2
8504,3355,Abhishek Kulkarni,54,M,A3
8505,3355,Suresh Hegde,26,M,A4
8506,3356,Prakash Sharma,32,M,A1
8507,3356,Anil Naik,30,M,A2
8508,3356,Santosh Kumar,33,M,A3
8509,3357,Nithin Gowda,29,M,A1
8510,3357,Kiran Naik,25,M,A2
8511,3357,Karthik Yadav,33,M,A3
8512,3357,Puneeth Shetty,52,M,A4
8513,3358,Karthik Bhat,35,M,A1
8514,3358,Santosh Gowda,22,M,A2
8515,3359,Puneeth Desai,20,M,A1
8516,3359,Abhishek Gowda,32,M,A2
8517,3359,Kiran Desai,20,M,A3
8518,3360,Pradeep Patil,21,M,A1
8519,3360,Kiran Reddy,32,M,A2
8520,3360,Suma Joshi,35,F,A3
8521,3361,Karthik Desai,23,M,A1
8522,3361,Darshan Shetty,28,M,A2
8523,3361,Karthik Hiremath,23,M,A3
8524,3362,Suma Rao,23,F,A1
8525,3362,Vinay Kumar,23,M,A2
8526,3362,Roopa Bhat,21,F,A3
8527,3363,Abhishek Desai,30,M,A1
8528,3363,Pradeep Bhat,22,M,A2
8529,3363,Puneeth Kulkarni,24,M,A3
8530,3363,Kiran Naik,24,M,A4
8531,3364,Vijay Hiremath,22,M,A1
8532,3364,Shivakumar Gowda,34,M,A2
8533,3365,Abhishek Rao,32,M,A1
8534,3365,Puneeth Hegde,25,M,A2
8535,3365,Prakash Kumar,22,M,A3
8536,3365,Rekha Naik,35,F,A4
8537,3366,Santosh Sharma,22,M,A1
8538,3367,Karthik Rao,31,M,A1
8539,3367,Prakash Desai,20,M,A2
8540,3368,Vijay Sharma,21,M,A1
8541,3369,Nithin Hiremath,25,M,A1
8542,3369,Sudeep Kulkarni,52,M,A2
8543,3369,Darshan Shetty,24,M,A3
8544,3369,Suresh Bhat,30,M,A4
8545,3370,Darshan Hiremath,21,M,A1
8546,3371,Suresh Kumar,29,M,A1
8547,3371,Suresh Yadav,32,M,A2
8548,3371,Sahana Gowda,31,F,A3
8549,3371,Suresh Yadav,21,M,A4
8550,3372,Sunil Sharma,23,M,A1
8551,3373,Vijay Kumar,22,M,A1
8552,3374,Arun Reddy,31,M,A1
8553,3375,Puneeth Patil,30,M,A1
8554,3376,Asha Rao,21,F,A1
8555,3376,Sangeetha Joshi,26,F,A2
8556,3376,Shilpa Singh,29,F,A3
8557,3376,Darshan Naik,33,M,A4
8558,3377,Shilpa Hiremath,24,T,A1
8559,3377,Nithin Gowda,20,M,A2
8560,3377,Manjunath Singh,32,M,A3
8561,3378,Darshan Joshi,49,T,A1
8562,3379,Santosh Rao,21,M,A1
8563,3380,Puneeth Gowda,53,M,A1
8564,3380,Puneeth Reddy,20,M,A2
8565,3380,Rakesh Shetty,36,M,A3
8566,3380,Suma Bhat,33,F,A4
8567,3381,Arun Singh,27,M,A1
8568,3381,Vinay Desai,20,M,A2
8569,3381,Sunil Kumar,25,M,A3
8570,3382,Kiran Hiremath,21,M,A1
8571,3382,Ramesh Reddy,27,M,A2
8572,3382,Vijay Bhat,25,M,A3
8573,3382,Vinay Naik,33,M,A4
8574,3383,Geetha Bhat,50,F,A1
8575,3383,Prakash Shetty,56,M,A2
8576,3384,Puneeth Kumar,22,M,A1
8577,3384,Vinay Hiremath,45,M,A2
8578,3385,Manjunath Hiremath,30,M,A1
8579,3385,Rashmi Desai,34,F,A2
8580,3385,Darshan Kulkarni,34,M,A3
8581,3385,Sudeep Hiremath,31,M,A4
8582,3386,Darshan Reddy,43,M,A1
8583,3386,Arun Rao,21,M,A2
8584,3386,Anusha Desai,34,F,A3
8585,3386,Puneeth Reddy,27,M,A4
8586,3387,Vijay Gowda,28,M,A1
8587,3388,Mahesh Singh,27,M,A1
8588,3388,Shivakumar Rao,40,M,A2
8589,3388,Puneeth Hiremath,52,M,A3
8590,3388,Nithin Bhat,30,M,A4
8591,3389,Rakesh Yadav,28,M,A1
8592,3389,Santosh Gowda,30,M,A2
8593,3389,Sunil Kulkarni,55,M,A3
8594,3389,Meghana Singh,35,F,A4
8595,3390,Shivakumar Reddy,45,M,A1
8596,3390,Mahesh Naik,32,M,A2
8597,3390,Nithin Hiremath,23,M,A3
8598,3391,Nithin Rao,25,M,A1
8599,3391,Divya Gowda,27,F,A2
8600,3392,Puneeth Naik,32,M,A1
8601,3392,Kiran Rao,35,M,A2
8602,3392,Sudeep Kumar,30,M,A3
8603,3392,Rakesh Hegde,26,M,A4
8604,3393,Manjunath Rao,21,M,A1
8605,3393,Vinay Singh,24,M,A2
8606,3394,Rakesh Yadav,21,M,A1
8607,3394,Ramesh Patil,25,M,A2
8608,3394,Shivakumar Rao,34,M,A3
8609,3394,Karthik Kumar,34,M,A4
8610,3395,Darshan Joshi,30,M,A1
8611,3396,Suresh Sharma,25,M,A1
8612,3396,Vinay Kumar,26,M,A2
8613,3396,Sahana Desai,31,F,A3
8614,3397,Manjunath Sharma,30,M,A1
8615,3397,Karthik Hegde,64,M,A2
8616,3397,Ramesh Joshi,20,M,A3
8617,3397,Vijay Kumar,32,M,A4
8618,3398,Santosh Patil,40,M,A1
8619,3398,Abhishek Rao,22,M,A2
8620,3399,Karthik Naik,24,M,A1
8621,3400,Abhishek Joshi,49,M,A1
8622,3400,Arun Gowda,24,M,A2
8623,3400,Sunil Yadav,28,M,A3
8624,3400,Manjunath Yadav,32,M,A4
8625,3401,Basavaraj Kulkarni,21,M,A1
8626,3402,Manjunath Kumar,26,M,A1
8627,3402,Arun Shetty,27,M,A2
8628,3403,Vijay Bhat,27,M,A1
8629,3403,Suresh Naik,42,T,A2
8630,3404,Shivakumar Hegde,30,M,A1
8631,3404,Sudeep Joshi,21,M,A2
8632,3404,Arun Hegde,23,M,A3
8633,3404,Arun Naik,54,M,A4
8634,3405,Shivakumar Reddy,33,M,A1
8635,3405,Pradeep Hiremath,27,M,A2
8636,3405,Vinay Singh,20,M,A3
8637,3406,Rakesh Sharma,25,M,A1
8638,3406,Karthik Rao,21,M,A2
8639,3407,Sangeetha Kumar,45,F,A1
8640,3408,Basavaraj Kumar,28,M,A1
8641,3409,Darshan Reddy,51,M,A1
8642,3409,Vijay Hegde,28,M,A2
8643,3410,Kiran Shetty,35,M,A1
8644,3410,Suresh Naik,33,M,A2
8645,3410,Sudeep Kumar,23,M,A3
8646,3410,Sudeep Singh,24,M,A4
8647,3411,Abhishek Reddy,26,M,A1
8648,3412,Arun Naik,30,M,A1
8649,3412,Suresh Desai,34,M,A2
8650,3413,Pradeep Joshi,22,M,A1
8651,3413,Arun Gowda,20,T,A2
8652,3414,Ramesh Singh,51,M,A1
8653,3414,Roopa Hegde,29,F,A2
8654,3415,Puneeth Hegde,35,M,A1
8655,3416,Manjunath Hiremath,50,M,A1
8656,3417,Manjunath Hiremath,31,M,A1
8657,3417,Darshan Reddy,20,M,A2
8658,3417,Nithin Sharma,23,M,A3
8659,3418,Sunil Reddy,20,M,A1
8660,3418,Suresh Singh,21,M,A2
8661,3418,Shivakumar Desai,24,M,A3
8662,3418,Swathi Desai,30,F,A4
8663,3419,Mahesh Reddy,34,M,A1
8664,3420,Prakash Hegde,30,M,A1
8665,3420,Santosh Desai,22,M,A2
8666,3421,Abhishek Singh,21,M,A1
8667,3422,Abhishek Rao,39,M,A1
8668,3422,Sudeep Patil,22,M,A2
8669,3423,Arun Hiremath,19,M,A1
8670,3424,Mahesh Singh,59,M,A1
8671,3424,Arun Hiremath,20,M,A2
8672,3425,Darshan Hiremath,41,M,A1
8673,3426,Sudeep Patil,39,M,A1
8674,3427,Kavya Sharma,26,F,A1
8675,3427,Anusha Rao,24,F,A2
8676,3428,Shivakumar Kulkarni,34,M,A1
8677,3428,Puneeth Bhat,26,M,A2
8678,3428,Karthik Joshi,32,M,A3
8679,3429,Abhishek Joshi,24,M,A1
8680,3429,Puneeth Desai,28,M,A2
8681,3429,Basavaraj Yadav,31,M,A3
8682,3429,Arun Hiremath,20,M,A4
8683,3430,Pradeep Kumar,29,M,A1
8684,3430,Puneeth Gowda,32,M,A2
8685,3430,Sunil Bhat,33,M,A3
8686,3430,Kiran Sharma,30,M,A4
8687,3431,Santosh Kumar,28,M,A1
8688,3431,Arun Bhat,31,M,A2
8689,3431,Santosh Hiremath,22,M,A3
8690,3431,Swathi Rao,23,F,A4
8691,3432,Karthik Desai,32,M,A1
8692,3432,Sudeep Joshi,31,M,A2
8693,3432,Sudeep Kulkarni,20,M,A3
8694,3433,Shivakumar Singh,20,M,A1
8695,3433,Darshan Bhat,50,M,A2
8696,3434,Pradeep Reddy,28,M,A1
8697,3434,Santosh Hegde,57,M,A2
8698,3434,Basavaraj Joshi,29,M,A3
8699,3434,Prakash Sharma,22,M,A4
8700,3435,Suresh Naik,21,M,A1
8701,3435,Suma Hiremath,20,F,A2
8702,3435,Shivakumar Kulkarni,62,M,A3
8703,3435,Shivakumar Naik,31,M,A4
8704,3436,Suresh Naik,35,M,A1
8705,3437,Suresh Patil,27,M,A1
8706,3437,Mahesh Desai,20,M,A2
8707,3437,Ramesh Patil,30,M,A3
8708,3438,Puneeth Kulkarni,21,M,A1
8709,3438,Shivakumar Patil,26,M,A2
8710,3438,Pradeep Desai,20,M,A3
8711,3438,Prakash Naik,27,M,A4
8712,3439,Suresh Kumar,28,M,A1
8713,3439,Karthik Bhat,24,T,A2
8714,3439,Basavaraj Patil,29,M,A3
8715,3440,Vinay Shetty,58,M,A1
8716,3440,Anusha Desai,35,T,A2
8717,3441,Ramesh Rao,30,M,A1
8718,3441,Puneeth Rao,27,M,A2
8719,3441,Manjunath Singh,36,M,A3
8720,3441,Santosh Hegde,23,M,A4
8721,3442,Vijay Sharma,34,M,A1
8722,3443,Swathi Gowda,25,F,A1
8723,3443,Basavaraj Sharma,22,M,A2
8724,3444,Manjunath Reddy,31,M,A1
8725,3444,Darshan Kumar,63,M,A2
8726,3444,Abhishek Desai,42,M,A3
8727,3445,Suresh Shetty,29,M,A1
8728,3446,Basavaraj Shetty,22,M,A1
8729,3446,Abhishek Shetty,28,M,A2
8730,3446,Sunil Singh,30,M,A3
8731,3446,Sudeep Shetty,26,M,A4
8732,3447,Puneeth Desai,28,M,A1
8733,3448,Vijay Sharma,24,M,A1
8734,3448,Sunil Gowda,31,M,A2
8735,3448,Basavaraj Kulkarni,21,M,A3
8736,3449,Arun Reddy,41,M,A1
8737,3450,Karthik Shetty,53,M,A1
8738,3450,Anil Gowda,35,M,A2
8739,3450,Kiran Kumar,32,M,A3
8740,3450,Pradeep Kulkarni,30,M,A4
8741,3451,Suresh Naik,62,M,A1
8742,3451,Shivakumar Gowda,54,T,A2
8743,3452,Arun Kulkarni,21,M,A1
8744,3453,Divya Hiremath,29,F,A1
8745,3454,Kiran Patil,28,M,A1
8746,3454,Santosh Gowda,32,M,A2
8747,3454,Suresh Sharma,23,M,A3
8748,3455,Basavaraj Yadav,27,M,A1
8749,3455,Karthik Bhat,31,M,A2
8750,3455,Sudeep Gowda,51,M,A3
8751,3455,Sunil Reddy,23,M,A4
8752,3456,Abhishek Shetty,29,M,A1
8753,3456,Anil Rao,31,M,A2
8754,3457,Sangeetha Rao,42,F,A1
8755,3457,Darshan Desai,30,M,A2
8756,3458,Suresh Sharma,25,M,A1
8757,3458,Arun Sharma,24,M,A2
8758,3458,Arun Kulkarni,34,M,A3
8759,3459,Darshan Yadav,24,M,A1
8760,3459,Darshan Rao,22,M,A2
8761,3459,Arun Naik,30,M,A3
8762,3460,Vijay Kulkarni,33,M,A1
8763,3460,Mahesh Kumar,33,M,A2
8764,3460,Santosh Hegde,34,M,A3
8765,3460,Sudeep Reddy,23,M,A4
8766,3461,Rakesh Naik,26,M,A1
8767,3461,Prakash Kumar,23,M,A2
8768,3461,Mahesh Yadav,35,M,A3
8769,3462,Darshan Hiremath,20,M,A1
8770,3462,Prakash Hegde,31,M,A2
8771,3462,Sunil Desai,41,M,A3
8772,3463,Vinay Patil,35,M,A1
8773,3463,Prakash Bhat,38,M,A2
8774,3463,Puneeth Kumar,26,M,A3
8775,3464,Ramya Bhat,23,F,A1
8776,3464,Prakash Hiremath,33,M,A2
8777,3464,Kiran Bhat,33,M,A3
8778,3465,Santosh Sharma,29,M,A1
8779,3465,Suresh Rao,22,M,A2
8780,3466,Suresh Naik,20,M,A1
8781,3466,Santosh Sharma,22,M,A2
8782,3467,Kiran Gowda,51,M,A1
8783,3468,Kiran Kumar,28,M,A1
8784,3468,Pradeep Shetty,63,M,A2
8785,3469,Suresh Yadav,32,M,A1
8786,3469,Darshan Joshi,25,M,A2
8787,3469,Kiran Reddy,35,M,A3
8788,3470,Vijay Kumar,30,M,A1
8789,3470,Darshan Rao,29,M,A2
8790,3471,Vijay Desai,58,M,A1
8791,3472,Basavaraj Desai,49,M,A1
8792,3472,Manjunath Kumar,30,M,A2
8793,3472,Puneeth Kulkarni,28,M,A3
8794,3473,Darshan Kumar,46,M,A1
8795,3473,Manjunath Rao,25,M,A2
8796,3473,Vinay Kumar,23,M,A3
8797,3474,Arun Shetty,20,M,A1
8798,3475,Abhishek Bhat,40,M,A1
8799,3475,Geetha Rao,27,F,A2
8800,3475,Vinay Bhat,35,M,A3
8801,3475,Ramesh Hiremath,29,M,A4
8802,3476,Pradeep Yadav,22,M,A1
8803,3476,Puneeth Joshi,39,M,A2
8804,3476,Rakesh Hiremath,28,M,A3
8805,3477,Basavaraj Desai,29,M,A1
8806,3477,Puneeth Singh,31,M,A2
8807,3477,Darshan Hegde,21,M,A3
8808,3478,Manjunath Sharma,35,M,A1
8809,3478,Nithin Yadav,33,M,A2
8810,3478,Ramesh Joshi,57,M,A3
8811,3479,Prakash Singh,27,M,A1
8812,3479,Abhishek Shetty,22,M,A2
8813,3479,Swathi Singh,34,F,A3
8814,3480,Sunil Patil,26,M,A1
8815,3481,Vijay Gowda,38,M,A1
8816,3481,Anusha Kumar,20,F,A2
8817,3481,Pradeep Singh,34,M,A3
8818,3482,Shruthi Hiremath,49,F,A1
8819,3483,Darshan Naik,28,M,A1
8820,3483,Sudeep Kulkarni,24,M,A2
8821,3483,Pradeep Bhat,61,M,A3
8822,3484,Nithin Rao,33,M,A1
8823,3484,Vinay Desai,30,M,A2
8824,3485,Shivakumar Sharma,24,M,A1
8825,3485,Rakesh Hegde,30,M,A2
8826,3485,Rakesh Patil,25,M,A3
8827,3485,Abhishek Gowda,35,M,A4
8828,3486,Vijay Rao,33,M,A1
8829,3486,Mahesh Gowda,40,M,A2
8830,3486,Anusha Desai,27,F,A3
8831,3486,Karthik Reddy,35,M,A4
8832,3487,Anil Kumar,29,M,A1
8833,3488,Mahesh Rao,28,M,A1
8834,3489,Pradeep Hegde,29,M,A1
8835,3489,Manjunath Reddy,63,M,A2
8836,3489,Puneeth Rao,26,M,A3
8837,3489,Pradeep Yadav,34,M,A4
8838,3490,Anil Singh,31,M,A1
8839,3490,Prakash Naik,24,M,A2
8840,3491,Abhishek Kulkarni,28,M,A1
8841,3491,Darshan Singh,25,M,A2
8842,3491,Karthik Yadav,47,M,A3
8843,3491,Puneeth Shetty,39,M,A4
8844,3492,Vijay Reddy,22,M,A1
8845,3493,Abhishek Naik,26,M,A1
8846,3494,Darshan Gowda,31,M,A1
8847,3494,Darshan Hiremath,30,M,A2
8848,3495,Pradeep Reddy,24,M,A1
8849,3495,Shivakumar Desai,64,M,A2
8850,3495,Vinay Kulkarni,24,M,A3
8851,3495,Prakash Bhat,20,M,A4
8852,3496,Basavaraj Hegde,29,M,A1
8853,3496,Shivakumar Gowda,22,M,A2
8854,3497,Arun Joshi,29,M,A1
8855,3497,Kiran Desai,26,M,A2
8856,3497,Suresh Kumar,34,M,A3
8857,3498,Mahesh Kumar,34,T,A1
8858,3498,Shilpa Desai,31,F,A2
8859,3499,Santosh Gowda,37,M,A1
8860,3500,Puneeth Reddy,35,M,A1
8861,3500,Abhishek Naik,33,M,A2
8862,3501,Swathi Reddy,51,T,A1
8863,3502,Shivakumar Patil,35,M,A1
8864,3502,Anusha Kulkarni,48,F,A2
8865,3502,Rekha Hegde,31,F,A3
8866,3502,Nithin Naik,25,M,A4
8867,3503,Shruthi Yadav,26,T,A1
8868,3503,Swathi Joshi,26,T,A2
8869,3503,Pradeep Singh,32,M,A3
8870,3504,Vijay Rao,47,M,A1
8871,3505,Arun Patil,33,M,A1
8872,3506,Pradeep Singh,43,M,A1
8873,3507,Arun Naik,62,M,A1
8874,3507,Arun Hiremath,28,M,A2
8875,3507,Suresh Gowda,30,M,A3
8876,3507,Arun Rao,34,M,A4
8877,3508,Abhishek Kumar,26,M,A1
8878,3508,Swathi Kumar,31,F,A2
8879,3508,Sudeep Yadav,34,M,A3
8880,3508,Pooja Singh,41,F,A4
8881,3509,Sudeep Hiremath,42,T,A1
8882,3509,Ramesh Hegde,23,M,A2
8883,3509,Vinay Patil,27,M,A3
8884,3509,Darshan Naik,21,M,A4
8885,3510,Shilpa Joshi,18,F,A1
8886,3511,Prakash Joshi,31,M,A1
8887,3512,Arun Hiremath,20,M,A1
8888,3512,Vinay Singh,32,T,A2
8889,3512,Anusha Singh,45,F,A3
8890,3512,Anusha Patil,24,F,A4
8891,3513,Nithin Kulkarni,26,M,A1
8892,3513,Arun Patil,20,M,A2
8893,3514,Shilpa Gowda,25,F,A1
8894,3514,Mahesh Shetty,25,M,A2
8895,3515,Sangeetha Naik,22,F,A1
8896,3516,Roopa Rao,63,F,A1
8897,3516,Abhishek Patil,28,M,A2
8898,3516,Prakash Gowda,20,M,A3
8899,3516,Arun Kumar,34,M,A4
8900,3517,Ramesh Gowda,30,M,A1
8901,3517,Prakash Patil,30,M,A2
8902,3517,Nithin Joshi,23,M,A3
8903,3518,Rekha Bhat,22,F,A1
8904,3519,Arun Kulkarni,40,M,A1
8905,3520,Mahesh Kulkarni,34,M,A1
8906,3520,Karthik Naik,29,M,A2
8907,3520,Vinay Kumar,40,M,A3
8908,3521,Vijay Naik,31,M,A1
8909,3521,Prakash Joshi,62,M,A2
8910,3521,Nithin Kulkarni,32,M,A3
8911,3521,Vijay Kulkarni,54,M,A4
8912,3522,Rekha Singh,53,T,A1
8913,3523,Puneeth Kumar,22,M,A1
8914,3524,Prakash Kumar,26,M,A1
8915,3525,Mahesh Kumar,26,M,A1
8916,3525,Pradeep Gowda,21,M,A2
8917,3525,Suresh Desai,31,M,A3
8918,3525,Santosh Joshi,65,M,A4
8919,3526,Kavya Singh,31,F,A1
8920,3526,Basavaraj Hiremath,34,M,A2
8921,3526,Suresh Singh,54,M,A3
8922,3526,Mahesh Reddy,33,M,A4
8923,3527,Suresh Kumar,32,M,A1
8924,3527,Manjunath Kumar,24,M,A2
8925,3527,Manjunath Bhat,22,M,A3
8926,3527,Puneeth Sharma,49,M,A4
8927,3528,Ramesh Bhat,30,M,A1
8928,3528,Sudeep Rao,25,M,A2
8929,3528,Nithin Joshi,23,M,A3
8930,3529,Abhishek Hiremath,42,M,A1
8931,3529,Sudeep Patil,24,M,A2
8932,3529,Anil Kumar,26,M,A3
8933,3530,Prakash Joshi,29,M,A1
8934,3530,Kiran Kumar,21,M,A2
8935,3531,Vijay Joshi,40,M,A1
8936,3532,Roopa Shetty,33,F,A1
8937,3532,Manjunath Gowda,31,M,A2
8938,3532,Rakesh Hegde,29,M,A3
8939,3532,Kiran Hegde,34,M,A4
8940,3533,Mahesh Kulkarni,45,M,A1
8941,3533,Kiran Yadav,31,M,A2
8942,3534,Arun Kumar,34,M,A1
8943,3534,Suma Reddy,25,T,A2
8944,3534,Swathi Sharma,23,F,A3
8945,3534,Kiran Hiremath,33,M,A4
8946,3535,Prakash Shetty,35,M,A1
8947,3535,Basavaraj Sharma,50,M,A2
8948,3535,Sudeep Hegde,20,M,A3
8949,3536,Kavya Reddy,22,F,A1
8950,3536,Suresh Reddy,28,M,A2
8951,3537,Prakash Reddy,58,M,A1
8952,3537,Rakesh Bhat,28,M,A2
8953,3537,Sunil Gowda,24,M,A3
8954,3537,Sudeep Shetty,24,M,A4
8955,3538,Pradeep Naik,24,M,A1
8956,3538,Basavaraj Hegde,24,M,A2
8957,3538,Vinay Singh,26,M,A3
8958,3539,Vijay Kumar,26,M,A1
8959,3539,Ramesh Rao,26,M,A2
8960,3539,Nithin Sharma,62,M,A3
8961,3540,Sudeep Sharma,36,M,A1
8962,3540,Ramesh Naik,48,M,A2
8963,3540,Sudeep Kulkarni,31,M,A3
8964,3541,Pradeep Joshi,60,M,A1
8965,3541,Prakash Rao,31,M,A2
8966,3541,Vinay Reddy,20,M,A3
8967,3542,Prakash Hegde,48,M,A1
8968,3542,Arun Kumar,34,M,A2
8969,3542,Mahesh Kulkarni,30,M,A3
8970,3542,Puneeth Kumar,34,M,A4
8971,3543,Rakesh Singh,24,M,A1
8972,3544,Darshan Gowda,26,M,A1
8973,3545,Sunil Hegde,35,M,A1
8974,3545,Santosh Sharma,32,M,A2
8975,3545,Sudeep Gowda,47,M,A3
8976,3546,Anusha Kumar,30,T,A1
8977,3546,Karthik Rao,24,M,A2
8978,3546,Vinay Reddy,22,M,A3
8979,3546,Shilpa Sharma,34,T,A4
8980,3547,Geetha Yadav,22,F,A1
8981,3547,Mahesh Joshi,24,M,A2
8982,3547,Santosh Rao,60,M,A3
8983,3547,Abhishek Singh,33,M,A4
8984,3548,Abhishek Rao,25,M,A1
8985,3549,Rakesh Yadav,54,M,A1
8986,3549,Anil Shetty,48,M,A2
8987,3550,Nithin Singh,33,M,A1
8988,3550,Ramesh Desai,24,M,A2
8989,3551,Santosh Rao,19,M,A1
8990,3551,Anil Rao,25,M,A2
8991,3551,Arun Patil,23,M,A3
8992,3551,Ramya Gowda,29,T,A4
8993,3552,Shruthi Kulkarni,57,F,A1
8994,3553,Ramesh Naik,20,M,A1
8995,3553,Basavaraj Hiremath,26,M,A2
8996,3554,Pooja Patil,25,F,A1
8997,3554,Abhishek Shetty,43,M,A2
8998,3554,Kiran Naik,29,M,A3
8999,3554,Rakesh Joshi,32,M,A4
9000,3555,Kiran Desai,20,M,A1
9001,3555,Karthik Sharma,31,M,A2
9002,3555,Santosh Bhat,33,M,A3
9003,3555,Pooja Reddy,26,F,A4
9004,3556,Anil Singh,40,M,A1
9005,3556,Nithin Bhat,34,M,A2
9006,3557,Sudeep Patil,36,M,A1
9007,3557,Mahesh Reddy,35,M,A2
9008,3558,Manjunath Shetty,29,M,A1
9009,3558,Bhagya Rao,22,F,A2
9010,3559,Sudeep Naik,28,M,A1
9011,3559,Basavaraj Joshi,30,M,A2
9012,3559,Rashmi Kulkarni,29,F,A3
9013,3560,Puneeth Reddy,61,M,A1
9014,3561,Karthik Yadav,33,M,A1
9015,3562,Pradeep Kumar,22,M,A1
9016,3562,Prakash Kulkarni,27,M,A2
9017,3562,Vijay Yadav,35,M,A3
9018,3563,Arun Hiremath,24,M,A1
9019,3563,Ramesh Rao,23,M,A2
9020,3563,Manjunath Bhat,27,M,A3
9021,3564,Vijay Bhat,35,M,A1
9022,3564,Nithin Desai,54,M,A2
9023,3564,Arun Rao,33,M,A3
9024,3565,Rakesh Joshi,41,M,A1
9025,3566,Mahesh Singh,23,M,A1
9026,3566,Pradeep Joshi,34,M,A2
9027,3566,Prakash Singh,24,M,A3
9028,3567,Roopa Desai,32,F,A1
9029,3567,Vinay Kulkarni,28,M,A2
9030,3567,Abhishek Naik,49,M,A3
9031,3568,Ramesh Singh,29,M,A1
9032,3568,Rakesh Shetty,32,M,A2
9033,3568,Basavaraj Joshi,43,M,A3
9034,3569,Pooja Shetty,28,F,A1
9035,3569,Shivakumar Kulkarni,30,M,A2
9036,3570,Anil Kumar,31,M,A1
9037,3571,Shivakumar Desai,26,M,A1
9038,3571,Vijay Patil,35,M,A2
9039,3572,Ramesh Kumar,55,M,A1
9040,3572,Mahesh Patil,52,M,A2
9041,3573,Vinay Hegde,21,M,A1
9042,3573,Sudeep Singh,28,M,A2
9043,3573,Darshan Desai,29,M,A3
9044,3574,Rakesh Reddy,35,M,A1
9045,3574,Prakash Joshi,22,M,A2
9046,3575,Pooja Naik,34,T,A1
9047,3575,Nithin Shetty,32,M,A2
9048,3576,Vinay Singh,28,M,A1
9049,3576,Anil Hiremath,25,M,A2
9050,3576,Manjunath Hegde,26,M,A3
9051,3577,Rakesh Rao,22,M,A1
9052,3577,Darshan Sharma,24,M,A2
9053,3577,Puneeth Kulkarni,34,M,A3
9054,3577,Vinay Gowda,23,M,A4
9055,3578,Pradeep Gowda,30,M,A1
9056,3578,Pradeep Hiremath,30,M,A2
9057,3578,Darshan Rao,30,M,A3
9058,3578,Karthik Kulkarni,24,M,A4
9059,3579,Rakesh Patil,26,M,A1
9060,3579,Mahesh Patil,32,M,A2
9061,3579,Shivakumar Rao,31,M,A3
9062,3580,Nithin Kumar,31,M,A1
9063,3580,Divya Hiremath,19,F,A2
9064,3580,Sudeep Shetty,30,M,A3
9065,3580,Karthik Hiremath,37,M,A4
9066,3581,Arun Rao,30,M,A1
9067,3581,Pradeep Gowda,18,M,A2
9068,3581,Sunil Shetty,18,M,A3
9069,3581,Puneeth Naik,30,M,A4
9070,3582,Rashmi Reddy,42,F,A1
9071,3583,Shivakumar Patil,63,M,A1
9072,3583,Prakash Naik,22,M,A2
9073,3583,Kiran Gowda,31,M,A3
9074,3584,Roopa Gowda,62,F,A1
9075,3584,Manjunath Kulkarni,33,M,A2
9076,3585,Puneeth Rao,38,M,A1
9077,3585,Santosh Naik,61,M,A2
9078,3585,Manjunath Patil,35,M,A3
9079,3585,Nithin Kumar,20,M,A4
9080,3586,Suresh Patil,20,M,A1
9081,3587,Sunil Hiremath,21,M,A1
9082,3588,Rakesh Sharma,32,M,A1
9083,3588,Meghana Gowda,22,F,A2
9084,3588,Arun Naik,27,M,A3
9085,3589,Rakesh Sharma,19,M,A1
9086,3590,Darshan Shetty,28,M,A1
9087,3591,Rakesh Desai,62,M,A1
9088,3591,Prakash Gowda,25,M,A2
9089,3592,Manjunath Reddy,20,M,A1
9090,3592,Sahana Desai,22,F,A2
9091,3592,Anil Hiremath,29,M,A3
9092,3592,Darshan Shetty,42,M,A4
9093,3593,Mahesh Bhat,57,M,A1
9094,3593,Shivakumar Shetty,23,M,A2
9095,3593,Vijay Kulkarni,65,M,A3
9096,3593,Abhishek Reddy,22,M,A4
9097,3594,Basavaraj Singh,22,M,A1
9098,3594,Pradeep Gowda,27,M,A2
9099,3594,Mahesh Rao,31,M,A3
9100,3595,Karthik Singh,33,M,A1
9101,3596,Pradeep Kulkarni,56,M,A1
9102,3597,Mahesh Sharma,32,M,A1
9103,3597,Prakash Patil,65,M,A2
9104,3597,Abhishek Kumar,54,M,A3
9105,3597,Vinay Kumar,25,M,A4
9106,3598,Sunil Patil,26,M,A1
9107,3598,Rekha Sharma,33,F,A2
9108,3599,Sudeep Joshi,24,M,A1
9109,3599,Divya Kumar,35,F,A2
9110,3599,Manjunath Kumar,20,M,A3
9111,3600,Prakash Yadav,53,T,A1
9112,3601,Mahesh Bhat,61,M,A1
9113,3601,Karthik Joshi,21,M,A2
9114,3601,Mahesh Kumar,26,M,A3
9115,3601,Santosh Rao,65,M,A4
9116,3602,Manjunath Desai,32,M,A1
9117,3602,Ramesh Rao,30,M,A2
9118,3603,Sudeep Joshi,24,M,A1
9119,3603,Sudeep Sharma,21,M,A2
9120,3603,Vinay Desai,20,M,A3
9121,3603,Shivakumar Yadav,34,M,A4
9122,3604,Nithin Yadav,21,M,A1
9123,3605,Shivakumar Bhat,58,M,A1
9124,3605,Basavaraj Kumar,33,M,A2
9125,3605,Geetha Naik,35,F,A3
9126,3606,Manjunath Reddy,28,M,A1
9127,3606,Vijay Gowda,26,M,A2
9128,3607,Shruthi Joshi,33,F,A1
9129,3607,Basavaraj Rao,28,M,A2
9130,3607,Kavya Bhat,26,F,A3
9131,3607,Prakash Rao,26,M,A4
9132,3608,Sunil Singh,25,M,A1
9133,3608,Rakesh Reddy,27,M,A2
9134,3608,Ramesh Joshi,31,M,A3
9135,3609,Roopa Hiremath,35,F,A1
9136,3609,Arun Kulkarni,27,M,A2
9137,3609,Suresh Rao,20,M,A3
9138,3609,Prakash Kumar,29,M,A4
9139,3610,Anil Rao,23,M,A1
9140,3611,Karthik Patil,32,M,A1
9141,3611,Shruthi Naik,28,F,A2
9142,3611,Ramesh Yadav,28,M,A3
9143,3611,Darshan Patil,65,M,A4
9144,3612,Suresh Joshi,44,M,A1
9145,3612,Bhagya Shetty,21,F,A2
9146,3612,Ramesh Naik,33,M,A3
9147,3613,Manjunath Gowda,21,M,A1
9148,3613,Kiran Rao,30,M,A2
9149,3613,Sahana Kulkarni,23,F,A3
9150,3613,Puneeth Singh,51,M,A4
9151,3614,Anil Singh,22,M,A1
9152,3614,Kiran Sharma,20,M,A2
9153,3614,Prakash Desai,28,M,A3
9154,3614,Ramesh Hegde,22,M,A4
9155,3615,Darshan Rao,59,M,A1
9156,3616,Basavaraj Bhat,26,M,A1
9157,3616,Sudeep Rao,20,M,A2
9158,3617,Vinay Kulkarni,32,M,A1
9159,3617,Vijay Sharma,31,M,A2
9160,3618,Puneeth Reddy,29,M,A1
9161,3619,Shruthi Singh,26,F,A1
9162,3619,Karthik Singh,30,M,A2
9163,3619,Basavaraj Sharma,31,M,A3
9164,3619,Sudeep Shetty,34,M,A4
9165,3620,Sunil Gowda,35,M,A1
9166,3620,Suresh Kulkarni,35,M,A2
9167,3620,Manjunath Kulkarni,63,M,A3
9168,3620,Puneeth Reddy,29,M,A4
9169,3621,Anil Hiremath,24,M,A1
9170,3621,Arun Sharma,62,M,A2
9171,3622,Ramesh Naik,26,M,A1
9172,3623,Sunil Kumar,24,M,A1
9173,3623,Pradeep Reddy,21,M,A2
9174,3623,Shivakumar Hiremath,25,M,A3
9175,3624,Anil Joshi,47,M,A1
9176,3624,Vijay Desai,31,M,A2
9177,3625,Arun Gowda,55,M,A1
9178,3625,Arun Kumar,22,M,A2
9179,3625,Santosh Hegde,20,M,A3
9180,3625,Kiran Kulkarni,62,M,A4
9181,3626,Manjunath Bhat,28,M,A1
9182,3627,Anil Kumar,23,M,A1
9183,3627,Nithin Reddy,27,M,A2
9184,3628,Vinay Bhat,20,M,A1
9185,3629,Ramesh Sharma,34,M,A1
9186,3630,Shivakumar Gowda,33,M,A1
9187,3630,Karthik Reddy,55,M,A2
9188,3630,Pradeep Patil,25,M,A3
9189,3631,Shruthi Yadav,50,F,A1
9190,3631,Suresh Kumar,44,M,A2
9191,3632,Vijay Sharma,23,M,A1
9192,3632,Swathi Hiremath,34,F,A2
9193,3632,Rakesh Desai,47,M,A3
9194,3633,Manjunath Joshi,33,M,A1
9195,3633,Abhishek Shetty,29,M,A2
9196,3634,Darshan Yadav,23,M,A1
9197,3635,Darshan Hiremath,64,M,A1
9198,3635,Manjunath Naik,22,M,A2
9199,3636,Pooja Kumar,29,F,A1
9200,3636,Rekha Singh,43,F,A2
9201,3636,Karthik Gowda,22,M,A3
9202,3636,Vijay Yadav,24,M,A4
9203,3637,Pradeep Joshi,20,M,A1
9204,3637,Anil Joshi,27,M,A2
9205,3637,Nithin Bhat,24,M,A3
9206,3638,Rakesh Shetty,32,M,A1
9207,3638,Suresh Joshi,31,T,A2
9208,3638,Abhishek Hegde,28,M,A3
9209,3639,Sudeep Reddy,52,M,A1
9210,3639,Mahesh Desai,52,M,A2
9211,3640,Geetha Yadav,29,F,A1
9212,3640,Prakash Hegde,27,M,A2
9213,3640,Ramesh Singh,24,M,A3
9214,3641,Darshan Kulkarni,31,M,A1
9215,3642,Arun Kumar,57,M,A1
9216,3642,Meghana Rao,47,F,A2
9217,3642,Mahesh Kumar,43,M,A3
9218,3643,Mahesh Rao,61,M,A1
9219,3644,Vijay Gowda,35,M,A1
9220,3644,Anusha Kulkarni,24,F,A2
9221,3644,Vinay Joshi,23,M,A3
9222,3645,Karthik Naik,22,M,A1
9223,3645,Santosh Desai,31,M,A2
9224,3646,Rekha Joshi,29,F,A1
9225,3646,Vijay Hegde,32,M,A2
9226,3646,Abhishek Singh,26,M,A3
9227,3646,Mahesh Hiremath,23,M,A4
9228,3647,Nithin Bhat,28,M,A1
9229,3647,Prakash Sharma,24,M,A2
9230,3647,Prakash Singh,33,M,A3
9231,3647,Shruthi Rao,32,T,A4
9232,3648,Karthik Bhat,30,M,A1
9233,3648,Abhishek Reddy,42,M,A2
9234,3649,Sunil Hiremath,35,M,A1
9235,3650,Mahesh Singh,27,M,A1
9236,3650,Shivakumar Yadav,27,M,A2
9237,3650,Darshan Joshi,32,M,A3
9238,3650,Nithin Shetty,43,M,A4
9239,3651,Geetha Singh,27,F,A1
9240,3652,Sunil Kulkarni,20,M,A1
9241,3652,Rekha Kumar,24,F,A2
9242,3652,Suma Reddy,24,F,A3
9243,3653,Rakesh Hiremath,32,M,A1
9244,3653,Asha Bhat,28,F,A2
9245,3653,Anil Kulkarni,26,M,A3
9246,3653,Anil Naik,22,M,A4
9247,3654,Karthik Gowda,28,M,A1
9248,3654,Shilpa Naik,25,F,A2
9249,3654,Kiran Sharma,26,M,A3
9250,3655,Rekha Hiremath,64,F,A1
9251,3655,Suresh Reddy,25,M,A2
9252,3655,Karthik Hegde,32,M,A3
9253,3656,Sunil Gowda,63,M,A1
9254,3656,Mahesh Bhat,34,M,A2
9255,3656,Nithin Naik,21,M,A3
9256,3657,Abhishek Bhat,40,M,A1
9257,3657,Shivakumar Singh,33,M,A2
9258,3657,Anil Rao,32,M,A3
9259,3658,Mahesh Hegde,26,M,A1
9260,3658,Mahesh Hegde,57,M,A2
9261,3659,Sunil Naik,22,M,A1
9262,3659,Vinay Patil,42,M,A2
9263,3659,Sunil Singh,22,M,A3
9264,3660,Anusha Joshi,38,F,A1
9265,3660,Pradeep Rao,44,M,A2
9266,3660,Pradeep Desai,48,M,A3
9267,3661,Vijay Joshi,30,M,A1
9268,3662,Karthik Naik,20,M,A1
9269,3662,Puneeth Kulkarni,22,M,A2
9270,3663,Karthik Rao,30,M,A1
9271,3664,Karthik Sharma,27,M,A1
9272,3664,Puneeth Kumar,22,M,A2
9273,3664,Arun Desai,23,M,A3
9274,3664,Darshan Singh,29,M,A4
9275,3665,Sudeep Joshi,31,M,A1
9276,3665,Kiran Joshi,34,M,A2
9277,3666,Rakesh Reddy,22,M,A1
9278,3667,Pradeep Kulkarni,23,M,A1
9279,3668,Sangeetha Naik,46,F,A1
9280,3668,Vijay Desai,21,M,A2
9281,3668,Nithin Bhat,62,M,A3
9282,3669,Darshan Kulkarni,35,M,A1
9283,3669,Ramesh Hegde,32,M,A2
9284,3670,Anil Sharma,32,M,A1
9285,3670,Sunil Reddy,23,M,A2
9286,3670,Kiran Singh,29,M,A3
9287,3670,Shruthi Gowda,45,F,A4
9288,3671,Santosh Shetty,30,M,A1
9289,3672,Vinay Reddy,30,M,A1
9290,3672,Suresh Singh,45,M,A2
9291,3672,Sunil Hiremath,22,M,A3
9292,3673,Pradeep Kulkarni,45,M,A1
9293,3673,Darshan Rao,33,M,A2
9294,3674,Suresh Patil,28,M,A1
9295,3675,Anil Joshi,26,M,A1
9296,3675,Karthik Singh,35,M,A2
9297,3675,Vijay Desai,32,M,A3
9298,3676,Basavaraj Patil,30,M,A1
9299,3677,Sudeep Yadav,45,M,A1
9300,3678,Ramesh Naik,35,M,A1
9301,3678,Pradeep Hegde,27,M,A2
9302,3678,Puneeth Patil,21,M,A3
9303,3678,Mahesh Yadav,27,M,A4
9304,3679,Kiran Reddy,54,M,A1
9305,3679,Sudeep Kulkarni,33,M,A2
9306,3679,Rakesh Joshi,29,M,A3
9307,3679,Vinay Patil,29,M,A4
9308,3680,Sudeep Rao,30,M,A1
9309,3680,Kiran Naik,20,M,A2
9310,3680,Santosh Kulkarni,32,M,A3
9311,3681,Puneeth Hegde,21,M,A1
9312,3682,Sunil Kumar,61,M,A1
9313,3682,Puneeth Kumar,24,M,A2
9314,3683,Sudeep Naik,56,M,A1
9315,3683,Shivakumar Bhat,26,M,A2
9316,3684,Sangeetha Rao,32,F,A1
9317,3684,Vinay Hegde,51,M,A2
9318,3685,Suresh Rao,29,M,A1
9319,3685,Kiran Reddy,27,M,A2
9320,3685,Ramesh Kumar,33,M,A3
9321,3686,Ramesh Patil,54,M,A1
9322,3686,Rakesh Sharma,27,M,A2
9323,3686,Mahesh Yadav,34,M,A3
9324,3687,Suma Joshi,34,F,A1
9325,3687,Sunil Hegde,41,M,A2
9326,3687,Ramesh Patil,35,M,A3
9327,3687,Sudeep Singh,26,M,A4
9328,3688,Pooja Gowda,34,F,A1
9329,3688,Anil Naik,65,M,A2
9330,3688,Karthik Joshi,32,M,A3
9331,3688,Pradeep Yadav,22,M,A4
9332,3689,Pooja Reddy,20,F,A1
9333,3690,Karthik Reddy,30,M,A1
9334,3690,Vinay Hiremath,28,M,A2
9335,3690,Manjunath Kulkarni,60,M,A3
9336,3691,Shivakumar Hegde,30,M,A1
9337,3691,Vinay Hegde,30,M,A2
9338,3691,Nithin Kulkarni,55,M,A3
9339,3692,Puneeth Desai,23,M,A1
9340,3693,Roopa Reddy,26,F,A1
9341,3694,Prakash Shetty,27,M,A1
9342,3695,Prakash Hiremath,34,M,A1
9343,3695,Puneeth Joshi,31,M,A2
9344,3695,Darshan Naik,35,M,A3
9345,3695,Santosh Sharma,35,M,A4
9346,3696,Shilpa Hegde,25,F,A1
9347,3696,Mahesh Joshi,29,M,A2
9348,3696,Darshan Singh,23,M,A3
9349,3696,Pradeep Joshi,36,M,A4
9350,3697,Mahesh Singh,32,M,A1
9351,3697,Bhagya Singh,23,F,A2
9352,3698,Pradeep Reddy,29,M,A1
9353,3698,Prakash Bhat,24,M,A2
9354,3698,Asha Desai,23,F,A3
9355,3698,Vinay Naik,39,M,A4
9356,3699,Abhishek Shetty,20,M,A1
9357,3700,Kiran Naik,32,M,A1
9358,3700,Darshan Shetty,61,M,A2
9359,3700,Suresh Reddy,38,M,A3
9360,3701,Meghana Naik,32,F,A1
9361,3702,Puneeth Rao,33,M,A1
9362,3702,Rakesh Sharma,36,M,A2
9363,3703,Vinay Kumar,27,M,A1
9364,3703,Abhishek Reddy,32,M,A2
9365,3703,Abhishek Kulkarni,28,T,A3
9366,3704,Prakash Bhat,49,M,A1
9367,3704,Pradeep Shetty,30,M,A2
9368,3705,Ramesh Kulkarni,25,M,A1
9369,3705,Puneeth Joshi,18,M,A2
9370,3706,Santosh Rao,32,M,A1
9371,3707,Abhishek Naik,23,M,A1
9372,3707,Ramesh Patil,21,M,A2
9373,3708,Anil Sharma,63,M,A1
9374,3708,Kiran Shetty,56,M,A2
9375,3708,Prakash Shetty,29,M,A3
9376,3708,Ramesh Gowda,22,M,A4
9377,3709,Nithin Kumar,20,M,A1
9378,3709,Manjunath Kumar,28,M,A2
9379,3709,Prakash Kulkarni,28,M,A3
9380,3710,Vinay Desai,24,M,A1
9381,3710,Karthik Hegde,64,M,A2
9382,3710,Ramesh Bhat,37,M,A3
9383,3710,Nithin Kulkarni,30,M,A4
9384,3711,Darshan Kumar,26,M,A1
9385,3711,Suma Gowda,30,F,A2
9386,3711,Basavaraj Desai,20,M,A3
9387,3712,Vinay Bhat,24,M,A1
9388,3713,Manjunath Singh,28,M,A1
9389,3713,Ramya Desai,26,F,A2
9390,3713,Vijay Joshi,31,M,A3
9391,3713,Darshan Naik,30,M,A4
9392,3714,Sudeep Gowda,24,M,A1
9393,3715,Shivakumar Gowda,28,M,A1
9394,3715,Ramesh Kumar,23,M,A2
9395,3715,Abhishek Sharma,30,M,A3
9396,3716,Arun Reddy,29,M,A1
9397,3716,Sangeetha Hegde,27,F,A2
9398,3717,Asha Gowda,58,F,A1
9399,3717,Nithin Kumar,34,M,A2
9400,3717,Karthik Rao,27,M,A3
9401,3717,Basavaraj Rao,33,M,A4
9402,3718,Basavaraj Bhat,28,M,A1
9403,3718,Prakash Patil,27,M,A2
9404,3719,Vijay Naik,28,M,A1
9405,3720,Ramesh Bhat,30,M,A1
9406,3720,Divya Kumar,26,F,A2
9407,3721,Karthik Naik,27,M,A1
9408,3721,Darshan Gowda,20,M,A2
9409,3722,Darshan Kumar,28,M,A1
9410,3722,Manjunath Shetty,23,M,A2
9411,3723,Vinay Sharma,33,M,A1
9412,3723,Mahesh Hegde,62,M,A2
9413,3724,Rakesh Shetty,31,M,A1
9414,3724,Nithin Yadav,65,M,A2
9415,3725,Arun Naik,21,T,A1
9416,3726,Puneeth Hiremath,56,T,A1
9417,3726,Swathi Reddy,25,T,A2
9418,3726,Anil Naik,24,M,A3
9419,3727,Vijay Patil,27,M,A1
9420,3728,Kiran Reddy,29,M,A1
9421,3728,Darshan Rao,27,M,A2
9422,3728,Manjunath Kulkarni,22,M,A3
9423,3729,Vinay Rao,24,M,A1
9424,3729,Basavaraj Naik,20,M,A2
9425,3729,Kiran Gowda,47,M,A3
9426,3730,Ramesh Reddy,22,M,A1
9427,3730,Rekha Gowda,26,F,A2
9428,3731,Santosh Sharma,20,M,A1
9429,3731,Arun Shetty,56,M,A2
9430,3731,Roopa Yadav,32,F,A3
9431,3732,Basavaraj Sharma,35,M,A1
9432,3732,Karthik Sharma,22,M,A2
9433,3733,Prakash Joshi,60,M,A1
9434,3733,Abhishek Reddy,39,M,A2
9435,3733,Suresh Naik,29,M,A3
9436,3733,Rakesh Patil,20,M,A4
9437,3734,Karthik Kumar,23,M,A1
9438,3735,Ramesh Yadav,35,M,A1
9439,3735,Pooja Singh,31,F,A2
9440,3735,Pradeep Shetty,56,M,A3
9441,3736,Nithin Reddy,21,M,A1
9442,3736,Darshan Gowda,31,M,A2
9443,3736,Nithin Kulkarni,30,M,A3
9444,3736,Rakesh Joshi,37,M,A4
9445,3737,Suma Singh,21,F,A1
9446,3737,Vijay Shetty,65,M,A2
9447,3737,Asha Hegde,19,F,A3
9448,3737,Shilpa Kumar,21,F,A4
9449,3738,Santosh Naik,23,M,A1
9450,3738,Karthik Gowda,32,M,A2
9451,3738,Vinay Kumar,34,M,A3
9452,3738,Shivakumar Singh,26,M,A4
9453,3739,Anil Rao,32,M,A1
9454,3740,Anil Gowda,35,M,A1
9455,3740,Suresh Hegde,28,M,A2
9456,3740,Ramesh Reddy,20,T,A3
9457,3741,Sunil Sharma,54,M,A1
9458,3742,Ramesh Kulkarni,22,M,A1
9459,3742,Shivakumar Kumar,28,T,A2
9460,3742,Basavaraj Naik,25,M,A3
9461,3742,Sudeep Kumar,29,M,A4
9462,3743,Vijay Sharma,23,M,A1
9463,3743,Vinay Kumar,24,M,A2
9464,3743,Basavaraj Naik,29,M,A3
9465,3743,Pradeep Kumar,45,T,A4
9466,3744,Basavaraj Patil,18,M,A1
9467,3745,Basavaraj Patil,28,M,A1
9468,3745,Prakash Patil,18,M,A2
9469,3746,Ramesh Shetty,28,M,A1
9470,3747,Arun Kulkarni,46,M,A1
9471,3748,Geetha Shetty,31,F,A1
9472,3748,Anusha Naik,27,F,A2
9473,3749,Sudeep Hiremath,41,M,A1
9474,3749,Shivakumar Kulkarni,24,M,A2
9475,3750,Sunil Kulkarni,33,M,A1
9476,3751,Manjunath Rao,35,M,A1
9477,3751,Suresh Joshi,22,M,A2
9478,3751,Suresh Sharma,21,M,A3
9479,3752,Suresh Joshi,58,M,A1
9480,3753,Shruthi Desai,54,F,A1
9481,3753,Manjunath Desai,37,M,A2
9482,3753,Mahesh Gowda,33,M,A3
9483,3754,Kiran Yadav,25,M,A1
9484,3755,Puneeth Naik,23,M,A1
9485,3755,Kavya Reddy,20,F,A2
9486,3756,Pradeep Kumar,26,M,A1
9487,3756,Santosh Singh,23,M,A2
9488,3756,Swathi Desai,28,F,A3
9489,3757,Pradeep Kumar,56,M,A1
9490,3757,Vijay Bhat,33,M,A2
9491,3757,Pradeep Shetty,24,M,A3
9492,3757,Suresh Shetty,33,M,A4
9493,3758,Prakash Joshi,57,M,A1
9494,3759,Rakesh Joshi,25,M,A1
9495,3760,Nithin Naik,19,M,A1
9496,3760,Basavaraj Yadav,25,M,A2
9497,3761,Karthik Naik,21,M,A1
9498,3761,Kiran Shetty,21,M,A2
9499,3761,Sunil Rao,30,M,A3
9500,3762,Suma Patil,26,T,A1
9501,3763,Prakash Rao,21,M,A1
9502,3763,Arun Sharma,27,M,A2
9503,3763,Sudeep Desai,30,M,A3
9504,3764,Abhishek Patil,32,M,A1
9505,3764,Basavaraj Reddy,29,M,A2
9506,3765,Rakesh Rao,21,M,A1
9507,3765,Puneeth Kumar,64,M,A2
9508,3765,Anil Kumar,31,M,A3
9509,3766,Abhishek Naik,20,M,A1
9510,3766,Sunil Hiremath,27,M,A2
9511,3767,Basavaraj Shetty,22,M,A1
9512,3767,Suresh Rao,50,M,A2
9513,3767,Pooja Hiremath,31,F,A3
9514,3768,Anil Hiremath,24,M,A1
9515,3768,Santosh Kumar,46,M,A2
9516,3768,Kiran Gowda,24,M,A3
9517,3768,Mahesh Shetty,20,M,A4
9518,3769,Sudeep Reddy,31,M,A1
9519,3770,Pooja Desai,57,F,A1
9520,3770,Anil Sharma,28,M,A2
9521,3770,Abhishek Sharma,40,M,A3
9522,3771,Puneeth Singh,47,M,A1
9523,3771,Asha Bhat,27,F,A2
9524,3772,Ramya Rao,63,F,A1
9525,3772,Manjunath Reddy,27,M,A2
9526,3772,Arun Joshi,34,M,A3
9527,3772,Shruthi Kulkarni,24,F,A4
9528,3773,Mahesh Kulkarni,29,M,A1
9529,3774,Basavaraj Kumar,26,M,A1
9530,3774,Sudeep Sharma,28,M,A2
9531,3775,Manjunath Naik,27,M,A1
9532,3775,Rakesh Bhat,25,M,A2
9533,3775,Prakash Joshi,18,M,A3
9534,3776,Basavaraj Patil,25,M,A1
9535,3776,Santosh Hiremath,30,M,A2
9536,3776,Pooja Kulkarni,32,F,A3
9537,3777,Santosh Reddy,29,M,A1
9538,3777,Darshan Joshi,28,M,A2
9539,3777,Sunil Patil,20,M,A3
9540,3777,Karthik Hiremath,29,M,A4
9541,3778,Darshan Yadav,27,M,A1
9542,3778,Ramesh Reddy,32,M,A2
9543,3779,Nithin Patil,32,M,A1
9544,3779,Mahesh Sharma,29,M,A2
9545,3780,Nithin Yadav,33,M,A1
9546,3781,Divya Hegde,36,T,A1
9547,3781,Basavaraj Naik,25,M,A2
9548,3781,Kiran Hiremath,30,M,A3
9549,3782,Vijay Hegde,48,M,A1
9550,3783,Nithin Singh,33,M,A1
9551,3784,Prakash Gowda,35,M,A1
9552,3784,Roopa Kulkarni,19,F,A2
9553,3784,Vijay Rao,34,M,A3
9554,3785,Darshan Kulkarni,28,M,A1
9555,3785,Santosh Desai,35,M,A2
9556,3785,Basavaraj Yadav,33,M,A3
9557,3785,Suresh Desai,23,M,A4
9558,3786,Santosh Gowda,23,M,A1
9559,3786,Sunil Joshi,37,M,A2
9560,3786,Pradeep Shetty,19,M,A3
9561,3786,Prakash Gowda,22,M,A4
9562,3787,Abhishek Bhat,20,M,A1
9563,3787,Anil Kulkarni,27,M,A2
9564,3787,Ramesh Kulkarni,59,M,A3
9565,3788,Vinay Bhat,32,M,A1
9566,3788,Sunil Bhat,32,M,A2
9567,3788,Kiran Gowda,35,T,A3
9568,3789,Puneeth Kumar,26,M,A1
9569,3789,Rakesh Bhat,62,M,A2
9570,3789,Suresh Gowda,28,M,A3
9571,3790,Sunil Sharma,26,M,A1
9572,3790,Karthik Naik,28,M,A2
9573,3791,Vinay Sharma,64,M,A1
9574,3792,Arun Hegde,34,M,A1
9575,3792,Prakash Rao,23,M,A2
9576,3792,Anil Bhat,34,M,A3
9577,3792,Arun Naik,39,M,A4
9578,3793,Ramesh Yadav,56,M,A1
9579,3793,Karthik Sharma,23,M,A2
9580,3794,Nithin Joshi,41,M,A1
9581,3794,Abhishek Reddy,31,M,A2
9582,3794,Pradeep Singh,21,M,A3
9583,3794,Vinay Yadav,33,M,A4
9584,3795,Nithin Kulkarni,36,M,A1
9585,3795,Vinay Shetty,26,M,A2
9586,3795,Pradeep Naik,33,M,A3
9587,3796,Sunil Desai,33,M,A1
9588,3797,Darshan Gowda,24,M,A1
9589,3797,Anil Joshi,32,M,A2
9590,3797,Karthik Gowda,33,M,A3
9591,3798,Nithin Hegde,20,M,A1
9592,3799,Ramesh Rao,59,M,A1
9593,3799,Shivakumar Hiremath,29,M,A2
9594,3799,Anil Desai,24,M,A3
9595,3800,Anil Hegde,31,M,A1
9596,3800,Basavaraj Hegde,23,M,A2
9597,3800,Abhishek Hiremath,32,M,A3
9598,3801,Manjunath Bhat,23,M,A1
9599,3801,Santosh Sharma,33,M,A2
9600,3801,Rekha Hiremath,26,F,A3
9601,3802,Sudeep Reddy,31,M,A1
9602,3803,Ramya Patil,35,F,A1
9603,3803,Pradeep Patil,28,M,A2
9604,3804,Nithin Patil,64,M,A1
9605,3804,Vijay Sharma,25,M,A2
9606,3804,Abhishek Shetty,26,M,A3
9607,3805,Mahesh Gowda,22,M,A1
9608,3805,Pooja Gowda,20,F,A2
9609,3805,Meghana Yadav,21,F,A3
9610,3805,Manjunath Singh,35,M,A4
9611,3806,Suresh Rao,28,M,A1
9612,3806,Mahesh Joshi,32,M,A2
9613,3806,Santosh Joshi,26,M,A3
9614,3806,Basavaraj Singh,31,M,A4
9615,3807,Pradeep Hegde,34,M,A1
9616,3807,Kiran Rao,42,M,A2
9617,3807,Santosh Singh,36,M,A3
9618,3808,Pradeep Shetty,29,M,A1
9619,3809,Arun Hegde,29,M,A1
9620,3809,Sudeep Patil,34,M,A2
9621,3810,Nithin Naik,23,M,A1
9622,3811,Santosh Patil,31,M,A1
9623,3811,Darshan Hegde,35,M,A2
9624,3811,Anil Desai,24,M,A3
9625,3811,Sudeep Shetty,21,M,A4
9626,3812,Karthik Patil,21,M,A1
9627,3812,Puneeth Hegde,31,M,A2
9628,3813,Arun Shetty,24,M,A1
9629,3813,Anil Kulkarni,64,M,A2
9630,3814,Abhishek Kulkarni,22,M,A1
9631,3814,Vijay Shetty,30,M,A2
9632,3814,Darshan Patil,23,M,A3
9633,3814,Shivakumar Joshi,33,M,A4
9634,3815,Vinay Shetty,35,M,A1
9635,3815,Roopa Hegde,41,F,A2
9636,3815,Shivakumar Naik,34,M,A3
9637,3816,Sangeetha Patil,19,F,A1
9638,3817,Darshan Reddy,34,M,A1
9639,3817,Santosh Rao,34,M,A2
9640,3817,Sunil Kulkarni,26,M,A3
9641,3818,Sudeep Naik,28,M,A1
9642,3819,Meghana Yadav,21,F,A1
9643,3820,Vinay Reddy,25,M,A1
9644,3820,Sudeep Gowda,27,M,A2
9645,3821,Ramesh Hegde,23,M,A1
9646,3821,Suresh Yadav,64,M,A2
9647,3822,Darshan Joshi,28,M,A1
9648,3823,Puneeth Naik,22,M,A1
9649,3823,Pooja Hiremath,28,F,A2
9650,3823,Vijay Hiremath,25,M,A3
9651,3824,Anil Rao,33,M,A1
9652,3824,Santosh Sharma,26,M,A2
9653,3825,Shruthi Joshi,30,F,A1
9654,3825,Rakesh Joshi,61,M,A2
9655,3825,Shivakumar Kulkarni,30,M,A3
9656,3825,Suresh Patil,25,M,A4
9657,3826,Sunil Gowda,41,M,A1
9658,3827,Vinay Bhat,49,M,A1
9659,3827,Vinay Rao,48,M,A2
9660,3827,Rakesh Sharma,46,M,A3
9661,3827,Rekha Patil,51,F,A4
9662,3828,Sunil Reddy,59,M,A1
9663,3828,Asha Singh,21,F,A2
9664,3828,Pooja Naik,44,F,A3
9665,3829,Darshan Hiremath,33,M,A1
9666,3829,Santosh Hiremath,26,M,A2
9667,3829,Puneeth Naik,22,M,A3
9668,3829,Darshan Kumar,21,M,A4
9669,3830,Arun Naik,29,M,A1
9670,3830,Vinay Kumar,22,M,A2
9671,3831,Anil Hiremath,24,M,A1
9672,3831,Rekha Hiremath,26,F,A2
9673,3832,Shivakumar Bhat,48,M,A1
9674,3833,Pradeep Singh,29,M,A1
9675,3833,Pradeep Shetty,30,M,A2
9676,3833,Karthik Patil,25,M,A3
9677,3833,Arun Naik,55,M,A4
9678,3834,Vinay Shetty,28,M,A1
9679,3834,Anusha Yadav,48,F,A2
9680,3835,Asha Hegde,24,F,A1
9681,3835,Abhishek Hiremath,34,M,A2
9682,3836,Anil Kulkarni,20,M,A1
9683,3836,Shivakumar Shetty,24,M,A2
9684,3837,Kavya Rao,58,F,A1
9685,3837,Pradeep Singh,35,M,A2
9686,3837,Arun Yadav,59,M,A3
9687,3838,Shivakumar Naik,23,M,A1
9688,3838,Mahesh Shetty,22,T,A2
9689,3839,Anil Sharma,34,M,A1
9690,3839,Mahesh Gowda,32,M,A2
9691,3839,Puneeth Singh,30,M,A3
9692,3840,Nithin Singh,28,M,A1
9693,3840,Shivakumar Desai,27,M,A2
9694,3840,Darshan Joshi,33,M,A3
9695,3841,Karthik Sharma,28,M,A1
9696,3841,Arun Yadav,26,M,A2
9697,3841,Karthik Yadav,31,M,A3
9698,3841,Karthik Hiremath,29,M,A4
9699,3842,Arun Rao,21,M,A1
9700,3842,Shilpa Reddy,32,F,A2
9701,3843,Karthik Singh,21,M,A1
9702,3843,Vijay Sharma,31,M,A2
9703,3843,Kavya Patil,20,F,A3
9704,3844,Suma Naik,22,F,A1
9705,3845,Sahana Singh,33,F,A1
9706,3845,Divya Hiremath,21,F,A2
9707,3845,Anil Reddy,26,M,A3
9708,3846,Asha Hegde,35,F,A1
9709,3846,Anil Kulkarni,27,M,A2
9710,3846,Shivakumar Bhat,49,M,A3
9711,3846,Kiran Desai,46,M,A4
9712,3847,Suresh Yadav,35,M,A1
9713,3847,Sahana Kumar,27,F,A2
9714,3847,Mahesh Singh,58,M,A3
9715,3847,Prakash Rao,20,M,A4
9716,3848,Manjunath Kulkarni,28,M,A1
9717,3848,Anil Shetty,33,M,A2
9718,3849,Sudeep Hegde,29,M,A1
9719,3849,Rashmi Naik,19,F,A2
9720,3850,Ramesh Naik,30,M,A1
9721,3850,Vijay Bhat,28,M,A2
9722,3851,Arun Naik,32,M,A1
9723,3851,Arun Desai,26,M,A2
9724,3852,Vinay Patil,23,M,A1
9725,3853,Karthik Shetty,21,M,A1
9726,3854,Ramesh Reddy,31,M,A1
9727,3854,Suma Kumar,35,F,A2
9728,3854,Sunil Yadav,34,M,A3
9729,3854,Sudeep Yadav,28,M,A4
9730,3855,Kiran Naik,27,M,A1
9731,3855,Anil Kulkarni,23,M,A2
9732,3855,Arun Joshi,35,M,A3
9733,3856,Ramesh Gowda,34,M,A1
9734,3856,Shivakumar Kulkarni,31,M,A2
9735,3857,Sudeep Singh,31,M,A1
9736,3857,Kiran Joshi,62,M,A2
9737,3857,Mahesh Kumar,22,M,A3
9738,3857,Basavaraj Bhat,28,M,A4
9739,3858,Manjunath Bhat,35,M,A1
9740,3858,Darshan Rao,48,M,A2
9741,3858,Suresh Desai,22,M,A3
9742,3859,Vinay Hiremath,24,M,A1
9743,3859,Darshan Gowda,30,M,A2
9744,3859,Ramesh Rao,33,M,A3
9745,3859,Sudeep Reddy,31,M,A4
9746,3860,Manjunath Reddy,34,M,A1
9747,3860,Kiran Kumar,29,M,A2
9748,3860,Geetha Bhat,46,F,A3
9749,3861,Shivakumar Joshi,30,M,A1
9750,3861,Anil Yadav,27,M,A2
9751,3862,Rakesh Naik,32,M,A1
9752,3862,Suresh Reddy,31,M,A2
9753,3863,Puneeth Bhat,27,M,A1
9754,3864,Manjunath Hiremath,25,T,A1
9755,3865,Vijay Gowda,54,M,A1
9756,3865,Karthik Bhat,23,M,A2
9757,3865,Ramya Shetty,30,F,A3
9758,3866,Vinay Hegde,34,M,A1
9759,3866,Nithin Joshi,22,M,A2
9760,3867,Arun Yadav,49,M,A1
9761,3867,Anil Joshi,21,M,A2
9762,3867,Kiran Singh,24,M,A3
9763,3867,Ramya Kulkarni,35,F,A4
9764,3868,Pradeep Singh,34,M,A1
9765,3868,Darshan Rao,28,M,A2
9766,3868,Prakash Hiremath,31,M,A3
9767,3869,Rakesh Kulkarni,25,M,A1
9768,3869,Prakash Naik,18,M,A2
9769,3870,Suma Hiremath,33,F,A1
9770,3870,Arun Sharma,23,M,A2
9771,3870,Vinay Kumar,26,M,A3
9772,3871,Mahesh Joshi,22,T,A1
9773,3871,Prakash Patil,59,M,A2
9774,3871,Ramya Hegde,60,F,A3
9775,3872,Vinay Reddy,33,M,A1
9776,3872,Santosh Bhat,25,M,A2
9777,3872,Basavaraj Shetty,60,M,A3
9778,3872,Prakash Singh,33,M,A4
9779,3873,Santosh Naik,29,M,A1
9780,3873,Vinay Patil,35,M,A2
9781,3874,Abhishek Rao,32,M,A1
9782,3874,Ramesh Shetty,35,M,A2
9783,3875,Vinay Rao,30,M,A1
9784,3875,Ramesh Rao,20,M,A2
9785,3875,Darshan Hiremath,30,M,A3
9786,3875,Abhishek Shetty,20,M,A4
9787,3876,Sangeetha Hegde,23,F,A1
9788,3877,Anil Naik,20,M,A1
9789,3877,Meghana Shetty,54,F,A2
9790,3877,Kiran Yadav,44,M,A3
9791,3877,Vijay Singh,54,M,A4
9792,3878,Puneeth Sharma,28,M,A1
9793,3878,Divya Bhat,34,F,A2
9794,3878,Abhishek Kulkarni,23,M,A3
9795,3878,Abhishek Sharma,22,M,A4
9796,3879,Ramesh Gowda,26,M,A1
9797,3879,Mahesh Shetty,19,M,A2
9798,3879,Arun Kulkarni,22,M,A3
9799,3879,Santosh Shetty,24,M,A4
9800,3880,Mahesh Patil,31,M,A1
9801,3880,Rakesh Shetty,28,M,A2
9802,3881,Puneeth Naik,65,M,A1
9803,3881,Vijay Rao,34,M,A2
9804,3881,Arun Shetty,20,M,A3
9805,3881,Anil Shetty,41,M,A4
9806,3882,Sunil Joshi,39,M,A1
9807,3882,Santosh Gowda,30,M,A2
9808,3882,Suresh Gowda,21,M,A3
9809,3882,Rakesh Joshi,23,M,A4
9810,3883,Basavaraj Hiremath,21,M,A1
9811,3883,Ramesh Naik,21,M,A2
9812,3884,Basavaraj Kumar,51,M,A1
9813,3884,Sunil Hiremath,33,M,A2
9814,3884,Arun Hiremath,57,M,A3
9815,3884,Puneeth Reddy,29,M,A4
9816,3885,Suma Hiremath,33,F,A1
9817,3885,Sudeep Hiremath,33,M,A2
9818,3885,Anil Shetty,37,M,A3
9819,3885,Mahesh Joshi,32,T,A4
9820,3886,Rakesh Kumar,32,M,A1
9821,3887,Suresh Joshi,27,M,A1
9822,3887,Puneeth Hegde,21,M,A2
9823,3887,Nithin Sharma,24,M,A3
9824,3887,Darshan Singh,28,M,A4
9825,3888,Darshan Gowda,26,M,A1
9826,3889,Arun Hegde,33,M,A1
9827,3890,Nithin Rao,49,M,A1
9828,3891,Swathi Hiremath,35,F,A1
9829,3892,Darshan Singh,47,M,A1
9830,3892,Pooja Reddy,35,F,A2
9831,3893,Karthik Patil,21,M,A1
9832,3894,Suresh Hiremath,21,M,A1
9833,3894,Karthik Reddy,29,M,A2
9834,3894,Darshan Kumar,44,M,A3
9835,3895,Darshan Joshi,28,M,A1
9836,3896,Sunil Kulkarni,59,M,A1
9837,3896,Kiran Sharma,23,M,A2
9838,3897,Kiran Singh,21,M,A1
9839,3897,Shivakumar Gowda,30,T,A2
9840,3898,Sunil Yadav,33,M,A1
9841,3899,Karthik Rao,18,M,A1
9842,3899,Karthik Sharma,29,M,A2
9843,3899,Prakash Sharma,24,M,A3
9844,3900,Rakesh Desai,34,M,A1
9845,3900,Nithin Kumar,23,M,A2
9846,3901,Mahesh Shetty,27,M,A1
9847,3902,Sunil Sharma,23,M,A1
9848,3902,Rakesh Shetty,39,M,A2
9849,3902,Basavaraj Reddy,34,M,A3
9850,3902,Arun Reddy,24,M,A4
9851,3903,Divya Kumar,28,F,A1
9852,3904,Kavya Hiremath,42,F,A1
9853,3904,Arun Hiremath,23,M,A2
9854,3904,Pooja Gowda,34,F,A3
9855,3905,Rashmi Naik,20,F,A1
9856,3905,Prakash Shetty,23,M,A2
9857,3905,Darshan Rao,22,M,A3
9858,3905,Pooja Joshi,25,F,A4
9859,3906,Anil Hegde,35,M,A1
9860,3906,Arun Desai,27,M,A2
9861,3907,Anil Gowda,29,M,A1
9862,3907,Vinay Rao,53,M,A2
9863,3907,Arun Kulkarni,35,M,A3
9864,3908,Meghana Bhat,34,F,A1
9865,3909,Sunil Sharma,25,M,A1
9866,3909,Pradeep Hegde,20,M,A2
9867,3909,Sudeep Hegde,22,M,A3
9868,3910,Sudeep Hegde,32,M,A1
9869,3910,Pradeep Kulkarni,23,M,A2
9870,3911,Vijay Bhat,25,M,A1
9871,3911,Anusha Naik,24,F,A2
9872,3912,Rashmi Desai,21,F,A1
9873,3912,Prakash Naik,35,M,A2
9874,3913,Kavya Patil,37,F,A1
9875,3913,Mahesh Sharma,25,M,A2
9876,3914,Suresh Kulkarni,29,M,A1
9877,3914,Sudeep Reddy,31,T,A2
9878,3914,Arun Hiremath,38,M,A3
9879,3914,Anil Joshi,23,M,A4
9880,3915,Basavaraj Sharma,20,M,A1
9881,3916,Bhagya Rao,49,F,A1
9882,3916,Shivakumar Yadav,33,M,A2
9883,3917,Swathi Reddy,31,F,A1
9884,3917,Basavaraj Gowda,20,M,A2
9885,3917,Shivakumar Reddy,25,M,A3
9886,3918,Suresh Patil,25,M,A1
9887,3919,Vinay Sharma,20,M,A1
9888,3919,Prakash Bhat,26,M,A2
9889,3920,Sunil Reddy,35,M,A1
9890,3920,Ramesh Hegde,26,M,A2
9891,3920,Suma Reddy,65,T,A3
9892,3920,Manjunath Kulkarni,20,M,A4
9893,3921,Santosh Sharma,26,M,A1
9894,3921,Suresh Singh,19,M,A2
9895,3922,Karthik Shetty,62,M,A1
9896,3922,Darshan Naik,31,M,A2
9897,3922,Shivakumar Bhat,23,M,A3
9898,3923,Puneeth Singh,35,M,A1
9899,3923,Sudeep Reddy,30,M,A2
9900,3924,Kiran Reddy,32,M,A1
9901,3924,Nithin Joshi,26,M,A2
9902,3925,Shivakumar Reddy,19,M,A1
9903,3926,Basavaraj Reddy,22,M,A1
9904,3926,Bhagya Kumar,20,T,A2
9905,3926,Manjunath Hiremath,18,M,A3
9906,3926,Roopa Sharma,28,F,A4
9907,3927,Kiran Reddy,23,M,A1
9908,3928,Mahesh Joshi,25,M,A1
9909,3929,Shivakumar Shetty,33,M,A1
9910,3929,Abhishek Desai,21,M,A2
9911,3929,Prakash Shetty,26,M,A3
9912,3930,Mahesh Desai,26,M,A1
9913,3930,Arun Hiremath,20,M,A2
9914,3930,Karthik Rao,22,M,A3
9915,3931,Shivakumar Rao,34,M,A1
9916,3931,Darshan Joshi,21,M,A2
9917,3932,Rakesh Singh,31,M,A1
9918,3932,Arun Naik,20,M,A2
9919,3932,Shruthi Gowda,37,F,A3
9920,3932,Puneeth Joshi,21,M,A4
9921,3933,Pradeep Hegde,26,M,A1
9922,3933,Basavaraj Patil,29,M,A2
9923,3933,Ramya Gowda,26,F,A3
9924,3933,Pradeep Bhat,28,M,A4
9925,3934,Abhishek Desai,30,M,A1
9926,3935,Rashmi Hegde,26,F,A1
9927,3935,Manjunath Sharma,35,M,A2
9928,3936,Darshan Patil,33,M,A1
9929,3936,Nithin Bhat,34,M,A2
9930,3937,Anil Joshi,49,M,A1
9931,3937,Abhishek Rao,25,M,A2
9932,3937,Santosh Shetty,28,M,A3
9933,3937,Suresh Kulkarni,53,M,A4
9934,3938,Sudeep Naik,28,M,A1
9935,3938,Suresh Patil,34,M,A2
9936,3939,Rakesh Reddy,33,M,A1
9937,3939,Darshan Patil,22,M,A2
9938,3939,Darshan Bhat,31,M,A3
9939,3939,Nithin Sharma,26,M,A4
9940,3940,Mahesh Rao,32,M,A1
9941,3940,Rakesh Shetty,18,M,A2
9942,3940,Rakesh Shetty,23,M,A3
9943,3941,Prakash Gowda,26,M,A1
9944,3941,Arun Rao,30,M,A2
9945,3941,Pradeep Yadav,32,T,A3
9946,3941,Darshan Reddy,22,M,A4
9947,3942,Shivakumar Rao,26,M,A1
9948,3942,Shivakumar Bhat,21,M,A2
9949,3942,Sangeetha Sharma,35,F,A3
9950,3942,Anil Shetty,32,M,A4
9951,3943,Rekha Bhat,29,F,A1
9952,3943,Vinay Rao,31,M,A2
9953,3944,Puneeth Naik,30,M,A1
9954,3944,Manjunath Singh,24,M,A2
9955,3944,Puneeth Kulkarni,64,M,A3
9956,3945,Arun Hiremath,34,M,A1
9957,3945,Santosh Shetty,33,M,A2
9958,3945,Divya Sharma,32,F,A3
9959,3946,Anil Kulkarni,23,M,A1
9960,3946,Asha Bhat,29,F,A2
9961,3946,Sunil Sharma,24,M,A3
9962,3947,Vinay Sharma,23,M,A1
9963,3947,Nithin Shetty,35,M,A2
9964,3947,Rekha Singh,30,F,A3
9965,3948,Abhishek Shetty,31,M,A1
9966,3949,Anil Singh,28,M,A1
9967,3950,Nithin Sharma,39,M,A1
9968,3950,Swathi Hegde,27,F,A2
9969,3950,Manjunath Reddy,27,M,A3
9970,3950,Rakesh Hegde,35,M,A4
9971,3951,Pradeep Singh,35,M,A1
9972,3951,Suma Hegde,45,F,A2
9973,3951,Suma Yadav,35,T,A3
9974,3951,Kiran Gowda,49,M,A4
9975,3952,Darshan Rao,20,M,A1
9976,3952,Karthik Kulkarni,26,M,A2
9977,3952,Darshan Reddy,43,M,A3
9978,3953,Vinay Desai,24,M,A1
9979,3954,Shivakumar Naik,30,M,A1
9980,3954,Nithin Reddy,25,T,A2
9981,3955,Vinay Sharma,21,M,A1
9982,3956,Shruthi Hiremath,33,F,A1
9983,3956,Vinay Sharma,21,M,A2
9984,3956,Shivakumar Kulkarni,32,M,A3
9985,3957,Sahana Desai,21,F,A1
9986,3958,Ramya Patil,26,F,A1
9987,3958,Shruthi Bhat,32,F,A2
9988,3958,Nithin Reddy,35,M,A3
9989,3958,Mahesh Joshi,20,M,A4
9990,3959,Arun Patil,30,M,A1
9991,3959,Darshan Gowda,37,M,A2
9992,3959,Arun Hiremath,63,M,A3
9993,3960,Pradeep Bhat,32,M,A1
9994,3960,Mahesh Kumar,37,M,A2
9995,3961,Kavya Joshi,33,F,A1
9996,3962,Anil Naik,23,M,A1
9997,3963,Sunil Kulkarni,34,M,A1
9998,3964,Karthik Kumar,59,M,A1
9999,3964,Sahana Joshi,61,F,A2
10000,3964,Shivakumar Yadav,21,M,A3
10001,3965,Sudeep Kulkarni,36,M,A1
10002,3965,Kiran Joshi,40,M,A2
10003,3965,Manjunath Rao,34,M,A3
10004,3966,Vinay Yadav,22,M,A1
10005,3966,Asha Shetty,20,T,A2
10006,3966,Puneeth Hiremath,30,M,A3
10007,3967,Suresh Hiremath,25,M,A1
10008,3968,Sunil Hiremath,34,M,A1
10009,3969,Vinay Desai,43,M,A1
10010,3969,Manjunath Hiremath,25,M,A2
10011,3969,Kiran Naik,32,M,A3
10012,3969,Kiran Desai,20,M,A4
10013,3970,Manjunath Sharma,35,M,A1
10014,3970,Vijay Desai,60,M,A2
10015,3970,Shivakumar Gowda,26,M,A3
10016,3970,Anil Shetty,22,M,A4
10017,3971,Basavaraj Shetty,23,M,A1
10018,3971,Kiran Patil,20,M,A2
10019,3972,Geetha Desai,54,F,A1
10020,3973,Suresh Rao,23,M,A1
10021,3973,Nithin Joshi,23,M,A2
10022,3974,Anil Hiremath,54,M,A1
10023,3974,Abhishek Naik,25,M,A2
10024,3975,Abhishek Reddy,28,M,A1
10025,3975,Vinay Shetty,32,M,A2
10026,3975,Pradeep Patil,22,M,A3
10027,3975,Anil Yadav,26,M,A4
10028,3976,Sunil Naik,59,M,A1
10029,3977,Basavaraj Singh,28,M,A1
10030,3977,Abhishek Reddy,34,M,A2
10031,3977,Mahesh Gowda,37,M,A3
10032,3978,Basavaraj Kumar,46,M,A1
10033,3978,Sangeetha Rao,29,F,A2
10034,3979,Arun Gowda,21,M,A1
10035,3980,Ramya Desai,21,F,A1
10036,3981,Abhishek Sharma,25,M,A1
10037,3981,Shilpa Singh,23,F,A2
10038,3981,Puneeth Reddy,21,M,A3
10039,3981,Shruthi Hiremath,40,F,A4
10040,3982,Vinay Hiremath,48,M,A1
10041,3982,Arun Reddy,45,M,A2
10042,3982,Santosh Singh,46,M,A3
10043,3982,Vijay Yadav,24,M,A4
10044,3983,Prakash Sharma,29,M,A1
10045,3983,Manjunath Bhat,30,M,A2
10046,3983,Shivakumar Sharma,30,M,A3
10047,3983,Basavaraj Joshi,61,M,A4
10048,3984,Sudeep Hegde,21,M,A1
10049,3985,Karthik Hegde,20,M,A1
10050,3985,Santosh Hiremath,26,M,A2
10051,3986,Suresh Yadav,29,M,A1
10052,3986,Mahesh Desai,29,M,A2
10053,3986,Puneeth Hiremath,51,M,A3
10054,3986,Anusha Hegde,40,F,A4
10055,3987,Sudeep Joshi,46,M,A1
10056,3988,Anil Rao,51,M,A1
10057,3988,Rekha Gowda,20,F,A2
10058,3988,Sunil Sharma,23,M,A3
10059,3988,Ramesh Singh,35,M,A4
10060,3989,Manjunath Reddy,31,M,A1
10061,3990,Shilpa Joshi,30,F,A1
10062,3990,Mahesh Hegde,61,M,A2
10063,3990,Darshan Joshi,43,M,A3
10064,3990,Arun Rao,32,M,A4
10065,3991,Rakesh Joshi,30,M,A1
10066,3991,Darshan Hiremath,23,M,A2
10067,3992,Vinay Yadav,30,M,A1
10068,3993,Basavaraj Desai,26,M,A1
10069,3994,Anil Shetty,28,M,A1
10070,3994,Suresh Bhat,22,M,A2
10071,3994,Kiran Desai,31,M,A3
10072,3995,Vinay Joshi,31,M,A1
10073,3995,Mahesh Hegde,34,M,A2
10074,3995,Kiran Shetty,29,M,A3
10075,3995,Pradeep Patil,18,M,A4
10076,3996,Basavaraj Shetty,26,M,A1
10077,3996,Arun Hegde,53,M,A2
10078,3996,Abhishek Joshi,36,M,A3
10079,3996,Ramesh Desai,45,M,A4
10080,3997,Basavaraj Sharma,31,T,A1
10081,3997,Puneeth Bhat,25,M,A2
10082,3998,Basavaraj Sharma,46,M,A1
10083,3999,Vinay Rao,25,M,A1
10084,4000,Geetha Sharma,29,T,A1
10085,4000,Suma Reddy,57,F,A2
10086,4000,Darshan Gowda,33,M,A3
10087,4000,Abhishek Shetty,20,M,A4
10088,4001,Santosh Joshi,29,M,A1
10089,4001,Karthik Rao,25,M,A2
10090,4001,Sangeetha Desai,20,F,A3
10091,4001,Arun Rao,22,M,A4
10092,4002,Abhishek Patil,28,M,A1
10093,4002,Pradeep Yadav,63,M,A2
10094,4003,Prakash Naik,60,M,A1
10095,4003,Bhagya Kumar,32,F,A2
10096,4004,Vinay Hiremath,29,M,A1
10097,4004,Divya Rao,28,F,A2
10098,4004,Shivakumar Kumar,33,M,A3
10099,4004,Manjunath Shetty,25,M,A4
10100,4005,Sunil Singh,25,M,A1
10101,4005,Kiran Rao,63,M,A2
10102,4006,Anil Rao,31,M,A1
10103,4006,Sudeep Yadav,32,M,A2
10104,4006,Abhishek Rao,39,M,A3
10105,4007,Suma Joshi,46,F,A1
10106,4007,Nithin Kumar,25,T,A2
10107,4007,Abhishek Kulkarni,28,M,A3
10108,4007,Prakash Sharma,33,M,A4
10109,4008,Santosh Rao,32,M,A1
10110,4008,Darshan Desai,27,M,A2
10111,4008,Rakesh Kulkarni,22,M,A3
10112,4009,Pradeep Singh,49,M,A1
10113,4009,Santosh Naik,33,M,A2
10114,4009,Rakesh Joshi,49,M,A3
10115,4009,Mahesh Sharma,22,M,A4
10116,4010,Anil Gowda,24,M,A1
10117,4010,Abhishek Gowda,22,M,A2
10118,4010,Ramesh Patil,22,M,A3
10119,4011,Sunil Kulkarni,26,M,A1
10120,4011,Pooja Joshi,28,F,A2
10121,4011,Prakash Joshi,26,M,A3
10122,4012,Shivakumar Rao,23,M,A1
10123,4012,Puneeth Patil,50,M,A2
10124,4012,Rakesh Kulkarni,50,M,A3
10125,4013,Suresh Joshi,30,M,A1
10126,4013,Swathi Bhat,48,F,A2
10127,4013,Sahana Reddy,23,F,A3
10128,4014,Rashmi Hiremath,32,T,A1
10129,4014,Sudeep Desai,29,M,A2
10130,4014,Darshan Shetty,27,M,A3
10131,4015,Suresh Desai,22,M,A1
10132,4015,Sudeep Rao,32,M,A2
10133,4015,Prakash Kulkarni,20,M,A3
10134,4016,Nithin Hegde,59,M,A1
10135,4016,Anil Naik,20,M,A2
10136,4017,Anil Joshi,59,M,A1
10137,4017,Basavaraj Desai,31,M,A2
10138,4017,Karthik Sharma,33,M,A3
10139,4017,Shruthi Hiremath,59,F,A4
10140,4018,Karthik Naik,33,M,A1
10141,4018,Nithin Singh,35,M,A2
10142,4018,Darshan Kulkarni,25,M,A3
10143,4019,Vijay Singh,56,M,A1
10144,4020,Arun Hegde,31,M,A1
10145,4021,Abhishek Hiremath,41,M,A1
10146,4021,Kiran Shetty,24,M,A2
10147,4022,Arun Patil,38,M,A1
10148,4022,Vinay Naik,29,M,A2
10149,4023,Anil Rao,26,M,A1
10150,4023,Nithin Naik,28,M,A2
10151,4024,Santosh Shetty,30,M,A1
10152,4024,Arun Shetty,31,M,A2
10153,4024,Vijay Kulkarni,20,M,A3
10154,4024,Suresh Joshi,33,M,A4
10155,4025,Nithin Hiremath,27,M,A1
10156,4026,Arun Yadav,22,M,A1
10157,4026,Prakash Desai,62,M,A2
10158,4027,Darshan Desai,56,M,A1
10159,4027,Pradeep Yadav,26,M,A2
10160,4028,Sudeep Desai,27,M,A1
10161,4028,Kavya Singh,24,F,A2
10162,4029,Sunil Joshi,33,M,A1
10163,4029,Darshan Shetty,28,M,A2
10164,4030,Rakesh Patil,26,M,A1
10165,4031,Divya Naik,32,F,A1
10166,4031,Kiran Gowda,27,M,A2
10167,4031,Nithin Bhat,42,M,A3
10168,4031,Abhishek Gowda,30,M,A4
10169,4032,Puneeth Joshi,29,M,A1
10170,4032,Karthik Gowda,52,M,A2
10171,4033,Anil Naik,42,M,A1
10172,4033,Prakash Kumar,47,M,A2
10173,4033,Pradeep Desai,21,M,A3
10174,4034,Anil Desai,24,M,A1
10175,4034,Karthik Reddy,35,M,A2
10176,4034,Prakash Kumar,20,M,A3
10177,4035,Anil Naik,28,M,A1
10178,4035,Pooja Hiremath,26,F,A2
10179,4035,Basavaraj Naik,20,M,A3
10180,4036,Karthik Singh,33,M,A1
10181,4036,Puneeth Joshi,24,M,A2
10182,4036,Vijay Hegde,20,M,A3
10183,4037,Darshan Yadav,35,M,A1
10184,4037,Abhishek Patil,30,M,A2
10185,4037,Rekha Joshi,34,F,A3
10186,4037,Rekha Sharma,39,T,A4
10187,4038,Nithin Gowda,21,M,A1
10188,4038,Rashmi Desai,32,F,A2
10189,4038,Swathi Yadav,26,F,A3
10190,4039,Prakash Bhat,28,M,A1
10191,4039,Anil Shetty,38,M,A2
10192,4039,Prakash Patil,27,M,A3
10193,4039,Kiran Reddy,24,M,A4
10194,4040,Arun Kulkarni,27,M,A1
10195,4040,Ramesh Patil,33,M,A2
10196,4040,Darshan Hiremath,43,M,A3
10197,4041,Abhishek Hiremath,22,M,A1
10198,4041,Darshan Shetty,33,M,A2
10199,4041,Kiran Singh,56,M,A3
10200,4041,Nithin Joshi,20,M,A4
10201,4042,Kavya Bhat,28,F,A1
10202,4042,Prakash Desai,30,M,A2
10203,4042,Darshan Singh,31,M,A3
10204,4042,Basavaraj Hiremath,55,M,A4
10205,4043,Darshan Bhat,23,M,A1
10206,4043,Roopa Reddy,24,F,A2
10207,4044,Kiran Hegde,29,M,A1
10208,4044,Shilpa Naik,23,F,A2
10209,4044,Shivakumar Shetty,31,M,A3
10210,4044,Nithin Kumar,30,M,A4
10211,4045,Santosh Bhat,19,M,A1
10212,4045,Darshan Rao,23,M,A2
10213,4046,Prakash Hegde,44,M,A1
10214,4047,Vinay Shetty,61,M,A1
10215,4047,Mahesh Desai,28,M,A2
10216,4047,Suresh Singh,21,M,A3
10217,4047,Manjunath Yadav,29,M,A4
10218,4048,Rekha Singh,41,F,A1
10219,4048,Kiran Kumar,45,M,A2
10220,4049,Prakash Bhat,27,M,A1
10221,4049,Nithin Kumar,20,M,A2
10222,4049,Darshan Desai,46,M,A3
10223,4049,Puneeth Kumar,23,M,A4
10224,4050,Vijay Sharma,61,M,A1
10225,4051,Vinay Patil,22,M,A1
10226,4051,Vijay Joshi,38,M,A2
10227,4051,Karthik Kulkarni,31,M,A3
10228,4051,Shilpa Singh,29,F,A4
10229,4052,Suresh Gowda,32,M,A1
10230,4052,Arun Naik,26,M,A2
10231,4053,Arun Rao,24,M,A1
10232,4053,Ramya Bhat,25,F,A2
10233,4054,Kiran Patil,65,M,A1
10234,4054,Rekha Yadav,28,F,A2
10235,4054,Puneeth Kulkarni,34,M,A3
10236,4055,Santosh Gowda,55,M,A1
10237,4055,Mahesh Hegde,27,M,A2
10238,4055,Asha Kumar,25,F,A3
10239,4056,Basavaraj Yadav,25,M,A1
10240,4056,Kiran Patil,24,M,A2
10241,4056,Santosh Kulkarni,34,M,A3
10242,4057,Rashmi Reddy,55,F,A1
10243,4057,Abhishek Desai,20,M,A2
10244,4057,Sudeep Singh,46,M,A3
10245,4058,Ramesh Gowda,30,M,A1
10246,4058,Santosh Joshi,24,M,A2
10247,4059,Vijay Hiremath,27,M,A1
10248,4059,Darshan Bhat,18,M,A2
10249,4059,Ramesh Rao,28,M,A3
10250,4060,Vinay Singh,18,M,A1
10251,4060,Vinay Bhat,30,M,A2
10252,4061,Basavaraj Reddy,28,M,A1
10253,4061,Mahesh Singh,54,M,A2
10254,4061,Basavaraj Rao,31,M,A3
10255,4062,Nithin Shetty,31,M,A1
10256,4062,Asha Sharma,23,T,A2
10257,4063,Santosh Naik,33,M,A1
10258,4064,Manjunath Rao,22,M,A1
10259,4064,Puneeth Sharma,34,M,A2
10260,4064,Shivakumar Bhat,27,M,A3
10261,4065,Shivakumar Naik,34,M,A1
10262,4066,Vijay Gowda,23,M,A1
10263,4066,Pradeep Patil,27,M,A2
10264,4066,Basavaraj Desai,21,M,A3
10265,4066,Suresh Yadav,21,M,A4
10266,4067,Suresh Yadav,30,M,A1
10267,4067,Rakesh Desai,26,M,A2
10268,4067,Vijay Bhat,22,M,A3
10269,4068,Shilpa Reddy,35,F,A1
10270,4068,Abhishek Joshi,24,M,A2
10271,4068,Suresh Bhat,22,M,A3
10272,4069,Karthik Kulkarni,24,M,A1
10273,4069,Ramesh Shetty,23,M,A2
10274,4070,Nithin Reddy,24,M,A1
10275,4070,Darshan Rao,21,M,A2
10276,4071,Shivakumar Sharma,28,M,A1
10277,4072,Manjunath Reddy,23,M,A1
10278,4072,Meghana Desai,20,F,A2
10279,4072,Manjunath Shetty,61,M,A3
10280,4072,Nithin Kumar,30,M,A4
10281,4073,Sunil Kulkarni,27,M,A1
10282,4073,Mahesh Yadav,44,M,A2
10283,4074,Shivakumar Patil,22,M,A1
10284,4074,Basavaraj Shetty,21,M,A2
10285,4074,Rakesh Hegde,29,M,A3
10286,4075,Pradeep Rao,29,M,A1
10287,4076,Shilpa Shetty,20,F,A1
10288,4076,Pradeep Gowda,44,M,A2
10289,4076,Sudeep Rao,22,M,A3
10290,4076,Nithin Kumar,20,M,A4
10291,4077,Ramya Patil,55,F,A1
10292,4078,Ramya Kulkarni,21,F,A1
10293,4078,Suresh Hegde,20,M,A2
10294,4078,Sudeep Hiremath,23,M,A3
10295,4079,Divya Sharma,24,F,A1
10296,4079,Meghana Yadav,24,F,A2
10297,4080,Prakash Kulkarni,59,M,A1
10298,4080,Sangeetha Kulkarni,32,F,A2
10299,4080,Suresh Bhat,33,M,A3
10300,4081,Pradeep Reddy,29,M,A1
10301,4082,Vijay Gowda,28,M,A1
10302,4082,Rakesh Gowda,64,M,A2
10303,4083,Puneeth Bhat,36,M,A1
10304,4083,Anil Rao,31,M,A2
10305,4083,Roopa Naik,32,F,A3
10306,4084,Santosh Naik,29,M,A1
10307,4084,Ramesh Joshi,33,M,A2
10308,4084,Anil Shetty,22,M,A3
10309,4085,Vinay Shetty,23,M,A1
10310,4085,Pooja Singh,25,F,A2
10311,4085,Puneeth Reddy,22,M,A3
10312,4085,Mahesh Rao,23,M,A4
10313,4086,Vinay Bhat,35,M,A1
10314,4087,Darshan Reddy,33,M,A1
10315,4087,Puneeth Hegde,22,M,A2
10316,4087,Shivakumar Joshi,30,M,A3
10317,4088,Puneeth Kumar,23,M,A1
10318,4088,Mahesh Kulkarni,38,M,A2
10319,4089,Prakash Yadav,60,M,A1
10320,4089,Asha Hiremath,34,F,A2
10321,4089,Kiran Bhat,25,M,A3
10322,4090,Shivakumar Sharma,65,M,A1
10323,4090,Rakesh Singh,48,M,A2
10324,4090,Prakash Shetty,24,M,A3
10325,4090,Ramesh Reddy,21,M,A4
10326,4091,Manjunath Gowda,35,M,A1
10327,4091,Santosh Hiremath,28,M,A2
10328,4092,Nithin Hiremath,25,M,A1
10329,4092,Mahesh Reddy,59,M,A2
10330,4092,Santosh Bhat,18,M,A3
10331,4092,Darshan Gowda,25,M,A4
10332,4093,Ramesh Hiremath,42,M,A1
10333,4093,Kiran Desai,31,M,A2
10334,4093,Puneeth Joshi,33,M,A3
10335,4093,Darshan Gowda,31,M,A4
10336,4094,Rakesh Desai,26,M,A1
10337,4094,Sunil Kumar,29,M,A2
10338,4095,Arun Gowda,34,M,A1
10339,4095,Vijay Hiremath,33,M,A2
10340,4095,Nithin Bhat,22,M,A3
10341,4095,Shivakumar Hiremath,20,M,A4
10342,4096,Ramesh Reddy,29,M,A1
10343,4097,Vijay Patil,36,M,A1
10344,4097,Sudeep Gowda,49,M,A2
10345,4097,Puneeth Bhat,52,M,A3
10346,4098,Kavya Hegde,28,F,A1
10347,4099,Puneeth Reddy,18,M,A1
10348,4099,Manjunath Bhat,22,M,A2
10349,4099,Mahesh Yadav,63,M,A3
10350,4099,Rakesh Naik,21,M,A4
10351,4100,Anusha Yadav,24,F,A1
10352,4100,Vinay Reddy,28,M,A2
10353,4101,Manjunath Bhat,42,M,A1
10354,4101,Arun Yadav,22,M,A2
10355,4101,Anil Patil,21,M,A3
10356,4102,Sahana Sharma,21,F,A1
10357,4103,Vijay Reddy,20,M,A1
10358,4104,Darshan Gowda,47,M,A1
10359,4104,Abhishek Sharma,44,M,A2
10360,4104,Suresh Gowda,31,M,A3
10361,4105,Sunil Shetty,44,M,A1
10362,4105,Arun Kulkarni,34,M,A2
10363,4105,Abhishek Naik,27,M,A3
10364,4105,Shruthi Kumar,28,F,A4
10365,4106,Darshan Joshi,27,M,A1
10366,4106,Karthik Yadav,24,M,A2
10367,4107,Manjunath Shetty,48,M,A1
10368,4107,Vijay Singh,20,T,A2
10369,4107,Kiran Patil,62,M,A3
10370,4107,Darshan Shetty,42,M,A4
10371,4108,Rashmi Bhat,27,F,A1
10372,4108,Darshan Gowda,30,M,A2
10373,4108,Abhishek Hegde,35,M,A3
10374,4109,Suresh Shetty,24,M,A1
10375,4109,Kiran Reddy,33,M,A2
10376,4109,Kiran Desai,34,M,A3
10377,4109,Sunil Gowda,22,M,A4
10378,4110,Karthik Gowda,59,M,A1
10379,4111,Pooja Gowda,20,F,A1
10380,4112,Abhishek Patil,51,M,A1
10381,4112,Rashmi Hegde,32,F,A2
10382,4113,Kiran Singh,22,M,A1
10383,4113,Ramesh Rao,23,M,A2
10384,4113,Pradeep Bhat,22,M,A3
10385,4114,Nithin Shetty,30,M,A1
10386,4114,Prakash Bhat,27,M,A2
10387,4114,Puneeth Kumar,23,M,A3
10388,4114,Sunil Shetty,26,M,A4
10389,4115,Darshan Sharma,28,M,A1
10390,4116,Prakash Patil,29,M,A1
10391,4117,Shilpa Naik,20,F,A1
10392,4118,Shivakumar Kumar,29,M,A1
10393,4118,Roopa Hegde,26,F,A2
10394,4118,Basavaraj Bhat,22,M,A3
10395,4118,Anil Desai,32,M,A4
10396,4119,Puneeth Bhat,31,M,A1
10397,4119,Anil Kulkarni,30,M,A2
10398,4119,Rakesh Bhat,33,M,A3
10399,4119,Sudeep Kulkarni,31,M,A4
10400,4120,Karthik Naik,40,M,A1
10401,4121,Basavaraj Joshi,22,M,A1
10402,4121,Kiran Kulkarni,32,M,A2
10403,4121,Meghana Shetty,23,F,A3
10404,4122,Santosh Hegde,37,M,A1
10405,4122,Prakash Desai,35,M,A2
10406,4122,Suresh Hiremath,23,M,A3
10407,4122,Geetha Reddy,25,F,A4
10408,4123,Anil Rao,30,M,A1
10409,4123,Sangeetha Hiremath,33,F,A2
10410,4123,Shruthi Kulkarni,22,F,A3
10411,4124,Puneeth Kulkarni,29,M,A1
10412,4124,Sudeep Singh,60,M,A2
10413,4124,Basavaraj Reddy,23,M,A3
10414,4125,Manjunath Sharma,32,M,A1
10415,4126,Puneeth Patil,32,M,A1
10416,4126,Shivakumar Hiremath,35,M,A2
10417,4126,Ramesh Desai,32,M,A3
10418,4126,Rakesh Sharma,34,M,A4
10419,4127,Nithin Joshi,31,M,A1
10420,4127,Rekha Sharma,20,F,A2
10421,4128,Vinay Yadav,32,M,A1
10422,4129,Puneeth Desai,24,M,A1
10423,4129,Suresh Naik,25,M,A2
10424,4129,Puneeth Gowda,22,M,A3
10425,4129,Basavaraj Desai,37,M,A4
10426,4130,Divya Hegde,24,F,A1
10427,4130,Sahana Hegde,28,F,A2
10428,4131,Shivakumar Gowda,33,M,A1
10429,4131,Mahesh Joshi,29,M,A2
10430,4132,Nithin Joshi,35,M,A1
10431,4132,Vijay Patil,35,M,A2
10432,4132,Rashmi Sharma,30,F,A3
10433,4133,Nithin Naik,43,M,A1
10434,4134,Sunil Kulkarni,32,M,A1
10435,4134,Sudeep Bhat,33,M,A2
10436,4134,Meghana Sharma,24,F,A3
10437,4134,Darshan Bhat,34,M,A4
10438,4135,Anil Reddy,35,M,A1
10439,4135,Vijay Sharma,65,M,A2
10440,4136,Nithin Joshi,19,M,A1
10441,4137,Nithin Singh,23,M,A1
10442,4137,Vinay Hiremath,47,M,A2
10443,4137,Ramesh Shetty,52,M,A3
10444,4138,Nithin Sharma,20,M,A1
10445,4138,Santosh Rao,24,M,A2
10446,4138,Sangeetha Patil,28,T,A3
10447,4139,Darshan Hegde,38,M,A1
10448,4139,Rakesh Joshi,30,M,A2
10449,4140,Kiran Joshi,30,M,A1
10450,4140,Divya Desai,28,F,A2
10451,4140,Santosh Bhat,32,M,A3
10452,4140,Abhishek Rao,35,M,A4
10453,4141,Darshan Bhat,21,M,A1
10454,4141,Darshan Naik,46,M,A2
10455,4141,Puneeth Kulkarni,33,M,A3
10456,4142,Anil Reddy,24,M,A1
10457,4143,Sunil Desai,22,M,A1
10458,4144,Prakash Kulkarni,20,M,A1
10459,4145,Divya Kulkarni,31,F,A1
10460,4146,Vinay Hiremath,18,M,A1
10461,4146,Puneeth Kulkarni,32,M,A2
10462,4146,Prakash Bhat,41,M,A3
10463,4146,Basavaraj Rao,34,M,A4
10464,4147,Karthik Desai,53,M,A1
10465,4147,Basavaraj Shetty,29,M,A2
10466,4148,Nithin Naik,34,M,A1
10467,4148,Manjunath Kulkarni,28,M,A2
10468,4149,Rakesh Hiremath,25,M,A1
10469,4150,Shivakumar Rao,24,M,A1
10470,4151,Divya Hegde,23,F,A1
10471,4151,Nithin Naik,24,M,A2
10472,4151,Rakesh Sharma,30,M,A3
10473,4151,Sudeep Bhat,31,M,A4
10474,4152,Divya Yadav,30,F,A1
10475,4152,Karthik Kulkarni,20,M,A2
10476,4153,Mahesh Hegde,20,M,A1
10477,4153,Shivakumar Kumar,24,M,A2
10478,4153,Vijay Naik,34,M,A3
10479,4154,Santosh Desai,35,M,A1
10480,4154,Sunil Hegde,33,M,A2
10481,4154,Basavaraj Reddy,26,M,A3
10482,4155,Sunil Kulkarni,47,M,A1
10483,4155,Pradeep Singh,46,M,A2
10484,4156,Arun Reddy,26,M,A1
10485,4156,Arun Patil,35,M,A2
10486,4156,Sunil Kulkarni,28,M,A3
10487,4156,Nithin Shetty,24,M,A4
10488,4157,Prakash Reddy,36,M,A1
10489,4157,Pradeep Reddy,33,M,A2
10490,4157,Asha Sharma,24,F,A3
10491,4158,Nithin Joshi,23,M,A1
10492,4158,Sudeep Sharma,35,M,A2
10493,4158,Anil Hegde,30,M,A3
10494,4159,Arun Reddy,46,M,A1
10495,4159,Sunil Naik,26,M,A2
10496,4159,Kavya Patil,27,F,A3
10497,4160,Suresh Kumar,28,M,A1
10498,4161,Divya Hegde,33,F,A1
10499,4162,Kiran Yadav,30,M,A1
10500,4162,Ramesh Hiremath,33,M,A2
10501,4162,Ramesh Rao,43,M,A3
10502,4162,Suresh Hiremath,27,T,A4
10503,4163,Suma Naik,25,F,A1
10504,4163,Puneeth Hegde,26,M,A2
10505,4164,Sunil Singh,24,M,A1
10506,4164,Pradeep Yadav,61,M,A2
10507,4164,Ramesh Gowda,35,M,A3
10508,4164,Arun Hegde,20,M,A4
10509,4165,Abhishek Hegde,26,M,A1
10510,4165,Prakash Rao,35,M,A2
10511,4165,Shivakumar Reddy,25,M,A3
10512,4166,Nithin Hegde,22,M,A1
10513,4166,Pooja Hiremath,35,F,A2
10514,4166,Anil Gowda,33,M,A3
10515,4167,Sunil Joshi,32,M,A1
10516,4167,Mahesh Yadav,21,M,A2
10517,4168,Puneeth Shetty,26,M,A1
10518,4168,Shivakumar Desai,32,T,A2
10519,4168,Suresh Naik,26,M,A3
10520,4169,Suresh Reddy,26,M,A1
10521,4169,Vijay Joshi,34,M,A2
10522,4170,Mahesh Shetty,53,M,A1
10523,4170,Pradeep Sharma,34,M,A2
10524,4171,Shivakumar Bhat,26,M,A1
10525,4171,Anil Desai,22,M,A2
10526,4171,Sudeep Hegde,60,M,A3
10527,4172,Puneeth Kulkarni,54,M,A1
10528,4172,Basavaraj Hiremath,30,M,A2
10529,4173,Ramesh Desai,34,M,A1
10530,4173,Pradeep Bhat,35,M,A2
10531,4173,Manjunath Hiremath,54,M,A3
10532,4174,Prakash Reddy,24,M,A1
10533,4174,Shivakumar Gowda,19,M,A2
10534,4175,Anil Hiremath,25,M,A1
10535,4175,Darshan Yadav,31,M,A2
10536,4176,Puneeth Desai,59,M,A1
10537,4177,Mahesh Shetty,20,M,A1
10538,4178,Rakesh Gowda,56,M,A1
10539,4178,Sudeep Sharma,22,M,A2
10540,4178,Suresh Patil,58,M,A3
10541,4179,Shivakumar Desai,45,M,A1
10542,4179,Sudeep Bhat,35,M,A2
10543,4179,Bhagya Hegde,25,F,A3
10544,4179,Shivakumar Sharma,22,M,A4
10545,4180,Rakesh Rao,27,M,A1
10546,4180,Abhishek Shetty,43,M,A2
10547,4180,Prakash Naik,30,M,A3
10548,4180,Vijay Patil,21,M,A4
10549,4181,Pradeep Naik,34,M,A1
10550,4182,Shruthi Hiremath,21,F,A1
10551,4182,Abhishek Hiremath,33,M,A2
10552,4182,Abhishek Gowda,22,T,A3
10553,4182,Asha Kulkarni,35,F,A4
10554,4183,Vinay Desai,25,M,A1
10555,4184,Shilpa Kumar,27,F,A1
10556,4185,Rakesh Kumar,29,M,A1
10557,4185,Rekha Yadav,64,F,A2
10558,4186,Vinay Patil,42,M,A1
10559,4187,Santosh Reddy,28,M,A1
10560,4188,Puneeth Kulkarni,33,M,A1
10561,4188,Anil Rao,34,M,A2
10562,4189,Mahesh Sharma,33,M,A1
10563,4190,Shivakumar Kulkarni,32,M,A1
10564,4190,Darshan Yadav,24,M,A2
10565,4190,Nithin Shetty,35,M,A3
10566,4191,Sunil Gowda,34,M,A1
10567,4191,Pooja Hegde,28,F,A2
10568,4192,Nithin Reddy,29,T,A1
10569,4193,Shivakumar Patil,34,M,A1
10570,4193,Pradeep Kumar,26,M,A2
10571,4193,Rakesh Joshi,31,M,A3
10572,4193,Pradeep Gowda,43,M,A4
10573,4194,Asha Hiremath,31,F,A1
10574,4195,Karthik Desai,32,M,A1
10575,4195,Santosh Reddy,29,M,A2
10576,4195,Arun Kulkarni,51,M,A3
10577,4196,Sudeep Sharma,29,M,A1
10578,4196,Arun Singh,36,M,A2
10579,4197,Shivakumar Reddy,35,M,A1
10580,4198,Karthik Yadav,26,M,A1
10581,4198,Kiran Rao,43,M,A2
10582,4199,Puneeth Desai,25,M,A1
10583,4199,Abhishek Desai,28,M,A2
10584,4200,Ramesh Hegde,20,M,A1
10585,4200,Sudeep Hiremath,30,M,A2
10586,4201,Darshan Desai,21,M,A1
10587,4201,Vijay Singh,33,M,A2
10588,4201,Vinay Kulkarni,37,M,A3
10589,4202,Basavaraj Hegde,21,M,A1
10590,4202,Pradeep Hegde,21,M,A2
10591,4202,Puneeth Bhat,35,M,A3
10592,4202,Manjunath Kumar,35,M,A4
10593,4203,Mahesh Yadav,21,M,A1
10594,4203,Vinay Reddy,49,M,A2
10595,4203,Anil Sharma,42,M,A3
10596,4203,Abhishek Hegde,29,M,A4
10597,4204,Shivakumar Hiremath,33,M,A1
10598,4204,Nithin Shetty,52,M,A2
10599,4204,Pradeep Kulkarni,30,M,A3
10600,4205,Santosh Sharma,27,M,A1
10601,4205,Basavaraj Rao,55,M,A2
10602,4205,Vijay Singh,31,M,A3
10603,4206,Kiran Joshi,43,M,A1
10604,4206,Sunil Kulkarni,26,M,A2
10605,4206,Santosh Rao,31,M,A3
10606,4207,Pradeep Desai,24,M,A1
10607,4208,Vijay Sharma,60,M,A1
10608,4208,Vinay Kumar,25,M,A2
10609,4209,Suma Reddy,20,F,A1
10610,4209,Shilpa Bhat,22,F,A2
10611,4209,Darshan Desai,22,M,A3
10612,4209,Nithin Patil,44,M,A4
10613,4210,Puneeth Patil,20,M,A1
10614,4210,Karthik Bhat,28,M,A2
10615,4211,Nithin Rao,22,M,A1
10616,4212,Anil Reddy,23,M,A1
10617,4212,Prakash Kulkarni,27,M,A2
10618,4212,Arun Patil,21,M,A3
10619,4213,Prakash Patil,34,M,A1
10620,4213,Geetha Hegde,35,F,A2
10621,4214,Sunil Yadav,27,M,A1
10622,4214,Abhishek Yadav,29,M,A2
10623,4215,Puneeth Sharma,46,M,A1
10624,4216,Prakash Joshi,30,M,A1
10625,4216,Vinay Yadav,32,M,A2
10626,4216,Asha Reddy,25,F,A3
10627,4217,Shivakumar Yadav,51,M,A1
10628,4217,Karthik Yadav,31,M,A2
10629,4217,Prakash Sharma,59,M,A3
10630,4217,Sudeep Hiremath,35,M,A4
10631,4218,Arun Hiremath,29,M,A1
10632,4218,Puneeth Shetty,29,M,A2
10633,4218,Mahesh Joshi,28,M,A3
10634,4219,Karthik Shetty,28,M,A1
10635,4219,Kiran Gowda,22,M,A2
10636,4220,Sunil Gowda,24,T,A1
10637,4220,Santosh Bhat,23,M,A2
10638,4220,Kavya Joshi,26,F,A3
10639,4221,Rakesh Shetty,31,M,A1
10640,4221,Suresh Kumar,25,M,A2
10641,4221,Shivakumar Shetty,28,M,A3
10642,4222,Santosh Bhat,35,M,A1
10643,4222,Manjunath Kulkarni,25,M,A2
10644,4223,Roopa Kumar,43,F,A1
10645,4223,Arun Bhat,31,M,A2
10646,4223,Prakash Naik,43,M,A3
10647,4224,Vijay Kulkarni,26,M,A1
10648,4225,Santosh Rao,34,M,A1
10649,4225,Kiran Kulkarni,30,M,A2
10650,4225,Basavaraj Reddy,52,M,A3
10651,4226,Darshan Reddy,23,M,A1
10652,4226,Shivakumar Yadav,28,M,A2
10653,4226,Puneeth Shetty,57,M,A3
10654,4226,Nithin Sharma,32,M,A4
10655,4227,Sudeep Gowda,30,M,A1
10656,4227,Rashmi Joshi,22,F,A2
10657,4228,Manjunath Kumar,22,M,A1
10658,4229,Arun Patil,24,M,A1
10659,4230,Santosh Kumar,20,M,A1
10660,4230,Puneeth Kumar,22,M,A2
10661,4230,Karthik Sharma,29,M,A3
10662,4231,Mahesh Singh,25,M,A1
10663,4232,Pradeep Sharma,25,M,A1
10664,4232,Arun Gowda,27,M,A2
10665,4232,Vinay Patil,34,M,A3
10666,4232,Kiran Bhat,26,M,A4
10667,4233,Pradeep Reddy,46,M,A1
10668,4234,Shilpa Rao,20,F,A1
10669,4235,Santosh Naik,35,M,A1
10670,4236,Sudeep Gowda,48,M,A1
10671,4237,Rashmi Hegde,31,F,A1
10672,4237,Manjunath Naik,24,M,A2
10673,4237,Santosh Joshi,23,M,A3
10674,4238,Vinay Reddy,35,M,A1
10675,4239,Basavaraj Gowda,23,M,A1
10676,4240,Manjunath Desai,65,M,A1
10677,4240,Prakash Patil,32,M,A2
10678,4241,Darshan Desai,19,T,A1
10679,4241,Mahesh Sharma,26,M,A2
10680,4241,Arun Desai,22,M,A3
10681,4241,Manjunath Gowda,26,T,A4
10682,4242,Prakash Reddy,32,M,A1
10683,4242,Puneeth Rao,26,M,A2
10684,4242,Sunil Yadav,23,M,A3
10685,4243,Vinay Reddy,35,M,A1
10686,4243,Nithin Singh,26,M,A2
10687,4243,Sunil Shetty,22,M,A3
10688,4244,Rashmi Kulkarni,25,F,A1
10689,4245,Ramya Sharma,54,F,A1
10690,4246,Ramya Gowda,29,T,A1
10691,4247,Karthik Desai,62,M,A1
10692,4248,Mahesh Yadav,21,M,A1
10693,4248,Shivakumar Kulkarni,42,M,A2
10694,4248,Meghana Kumar,23,F,A3
10695,4249,Karthik Patil,20,M,A1
10696,4249,Karthik Kulkarni,20,M,A2
10697,4249,Shilpa Reddy,28,T,A3
10698,4250,Shivakumar Naik,47,T,A1
10699,4250,Suresh Desai,34,M,A2
10700,4251,Ramesh Hiremath,29,M,A1
10701,4251,Suresh Desai,59,M,A2
10702,4251,Kiran Bhat,27,M,A3
10703,4252,Asha Reddy,51,F,A1
10704,4253,Prakash Naik,27,M,A1
10705,4253,Shilpa Singh,24,F,A2
10706,4254,Pradeep Singh,34,M,A1
10707,4254,Sudeep Kumar,30,M,A2
10708,4255,Arun Kulkarni,25,M,A1
10709,4256,Darshan Patil,29,M,A1
10710,4256,Suresh Yadav,25,M,A2
10711,4256,Pradeep Shetty,23,M,A3
10712,4256,Sudeep Patil,20,M,A4
10713,4257,Divya Desai,48,F,A1
10714,4258,Darshan Bhat,20,M,A1
10715,4258,Basavaraj Sharma,23,M,A2
10716,4258,Sunil Joshi,53,T,A3
10717,4258,Manjunath Naik,24,M,A4
10718,4259,Shilpa Sharma,21,F,A1
10719,4259,Mahesh Yadav,55,M,A2
10720,4260,Mahesh Hiremath,22,M,A1
10721,4260,Suresh Rao,50,M,A2
10722,4260,Rakesh Gowda,52,M,A3
10723,4260,Prakash Singh,26,M,A4
10724,4261,Ramesh Kumar,22,M,A1
10725,4261,Basavaraj Kulkarni,29,M,A2
10726,4261,Sangeetha Hegde,28,F,A3
10727,4261,Sunil Reddy,20,M,A4
10728,4262,Nithin Yadav,30,M,A1
10729,4263,Shivakumar Sharma,31,M,A1
10730,4263,Shivakumar Kulkarni,28,M,A2
10731,4263,Rakesh Sharma,25,M,A3
10732,4264,Prakash Hegde,47,M,A1
10733,4264,Anusha Yadav,28,F,A2
10734,4265,Nithin Bhat,39,M,A1
10735,4266,Darshan Yadav,34,M,A1
10736,4266,Arun Yadav,29,M,A2
10737,4266,Kiran Reddy,20,M,A3
10738,4266,Darshan Kumar,36,M,A4
10739,4267,Vijay Gowda,46,M,A1
10740,4267,Darshan Sharma,22,M,A2
10741,4268,Ramesh Rao,64,M,A1
10742,4268,Rakesh Shetty,22,M,A2
10743,4268,Vijay Bhat,34,M,A3
10744,4269,Rakesh Kumar,23,M,A1
10745,4269,Darshan Gowda,25,M,A2
10746,4269,Abhishek Rao,24,M,A3
10747,4269,Anil Hiremath,20,M,A4
10748,4270,Sudeep Rao,30,M,A1
10749,4271,Sunil Patil,24,M,A1
10750,4272,Basavaraj Gowda,53,M,A1
10751,4272,Suresh Hegde,29,M,A2
10752,4273,Ramesh Patil,27,M,A1
10753,4273,Darshan Kulkarni,28,M,A2
10754,4274,Santosh Bhat,26,M,A1
10755,4274,Shivakumar Rao,34,M,A2
10756,4274,Puneeth Sharma,35,M,A3
10757,4275,Sunil Reddy,26,M,A1
10758,4275,Pooja Naik,27,F,A2
10759,4275,Arun Gowda,34,M,A3
10760,4276,Santosh Hegde,33,M,A1
10761,4277,Darshan Sharma,23,M,A1
10762,4277,Nithin Naik,32,M,A2
10763,4278,Vijay Patil,27,M,A1
10764,4278,Arun Sharma,41,M,A2
10765,4278,Basavaraj Bhat,29,M,A3
10766,4278,Pradeep Patil,22,M,A4
10767,4279,Kiran Patil,25,M,A1
10768,4279,Pradeep Patil,35,M,A2
10769,4279,Pradeep Gowda,26,M,A3
10770,4280,Basavaraj Desai,20,M,A1
10771,4280,Sunil Hegde,24,M,A2
10772,4281,Rakesh Singh,46,M,A1
10773,4281,Sunil Reddy,24,M,A2
10774,4282,Vijay Naik,50,M,A1
10775,4283,Suresh Yadav,29,M,A1
10776,4283,Manjunath Hegde,55,M,A2
10777,4283,Basavaraj Joshi,34,M,A3
10778,4284,Mahesh Joshi,63,M,A1
10779,4285,Puneeth Sharma,26,M,A1
10780,4285,Nithin Reddy,26,M,A2
10781,4285,Nithin Kumar,28,M,A3
10782,4285,Nithin Reddy,25,M,A4
10783,4286,Nithin Singh,22,M,A1
10784,4286,Geetha Patil,19,F,A2
10785,4287,Prakash Sharma,26,M,A1
10786,4287,Anil Patil,39,M,A2
10787,4287,Karthik Joshi,27,M,A3
10788,4288,Manjunath Bhat,26,M,A1
10789,4288,Sangeetha Reddy,29,F,A2
10790,4288,Manjunath Reddy,20,M,A3
10791,4288,Kiran Shetty,21,M,A4
10792,4289,Rakesh Sharma,35,M,A1
10793,4290,Pradeep Bhat,50,M,A1
10794,4290,Sunil Shetty,22,M,A2
10795,4290,Darshan Joshi,27,M,A3
10796,4291,Ramesh Bhat,31,M,A1
10797,4292,Ramesh Rao,28,M,A1
10798,4292,Ramesh Naik,32,M,A2
10799,4292,Rakesh Sharma,19,M,A3
10800,4292,Santosh Gowda,52,M,A4
10801,4293,Vijay Kulkarni,27,T,A1
10802,4293,Karthik Naik,51,M,A2
10803,4293,Mahesh Bhat,20,M,A3
10804,4293,Prakash Yadav,24,M,A4
10805,4294,Nithin Kumar,32,M,A1
10806,4294,Santosh Kumar,29,M,A2
10807,4294,Manjunath Reddy,28,M,A3
10808,4295,Suresh Hegde,30,M,A1
10809,4295,Prakash Bhat,23,M,A2
10810,4295,Ramesh Yadav,35,M,A3
10811,4296,Ramesh Kumar,29,M,A1
10812,4296,Karthik Bhat,21,M,A2
10813,4297,Puneeth Rao,63,M,A1
10814,4297,Basavaraj Kumar,27,M,A2
10815,4298,Rashmi Singh,35,F,A1
10816,4299,Arun Joshi,39,M,A1
10817,4299,Shivakumar Kumar,23,M,A2
10818,4299,Basavaraj Gowda,20,M,A3
10819,4300,Anil Rao,25,M,A1
10820,4301,Prakash Kulkarni,25,M,A1
10821,4302,Karthik Yadav,20,M,A1
10822,4303,Bhagya Kumar,62,F,A1
10823,4303,Meghana Hiremath,27,F,A2
10824,4303,Rakesh Kumar,33,M,A3
10825,4304,Pradeep Kulkarni,34,M,A1
10826,4304,Pradeep Singh,58,M,A2
10827,4304,Roopa Hiremath,24,F,A3
10828,4305,Abhishek Kumar,44,M,A1
10829,4305,Puneeth Hiremath,32,M,A2
10830,4305,Roopa Hegde,26,F,A3
10831,4306,Prakash Yadav,63,M,A1
10832,4306,Mahesh Kulkarni,24,M,A2
10833,4306,Asha Sharma,25,T,A3
10834,4306,Basavaraj Desai,38,M,A4
10835,4307,Arun Gowda,21,M,A1
10836,4307,Santosh Kumar,29,M,A2
10837,4307,Nithin Yadav,30,M,A3
10838,4308,Kiran Kulkarni,21,M,A1
10839,4308,Sunil Bhat,36,M,A2
10840,4308,Vinay Hegde,30,M,A3
10841,4308,Shilpa Bhat,22,F,A4
10842,4309,Karthik Sharma,32,M,A1
10843,4310,Ramesh Kulkarni,25,M,A1
10844,4310,Basavaraj Singh,23,M,A2
10845,4310,Darshan Gowda,25,M,A3
10846,4311,Shilpa Patil,26,F,A1
10847,4311,Bhagya Gowda,26,F,A2
10848,4311,Pradeep Yadav,57,M,A3
10849,4311,Rashmi Hiremath,25,F,A4
10850,4312,Darshan Rao,28,M,A1
10851,4312,Rakesh Shetty,29,M,A2
10852,4313,Pooja Patil,24,F,A1
10853,4314,Karthik Joshi,30,M,A1
10854,4314,Sudeep Shetty,32,M,A2
10855,4314,Abhishek Naik,33,M,A3
10856,4314,Suresh Desai,20,T,A4
10857,4315,Sahana Patil,28,F,A1
10858,4315,Ramesh Hiremath,20,M,A2
10859,4315,Basavaraj Kumar,41,M,A3
10860,4316,Vijay Yadav,41,M,A1
10861,4316,Ramesh Reddy,22,M,A2
10862,4316,Shivakumar Hiremath,35,M,A3
10863,4316,Puneeth Gowda,27,M,A4
10864,4317,Shivakumar Kulkarni,27,M,A1
10865,4317,Rakesh Patil,35,M,A2
10866,4318,Suresh Hiremath,41,M,A1
10867,4318,Vinay Rao,21,M,A2
10868,4318,Sunil Kumar,65,M,A3
10869,4319,Pooja Hegde,30,F,A1
10870,4319,Pradeep Gowda,31,M,A2
10871,4319,Ramesh Gowda,50,M,A3
10872,4320,Suresh Sharma,58,M,A1
10873,4320,Anil Desai,23,M,A2
10874,4320,Sudeep Naik,34,M,A3
10875,4321,Vinay Hiremath,27,M,A1
10876,4322,Swathi Desai,44,F,A1
10877,4322,Karthik Sharma,35,M,A2
10878,4323,Vijay Desai,26,M,A1
10879,4323,Arun Patil,23,M,A2
10880,4323,Sudeep Kulkarni,25,M,A3
10881,4323,Mahesh Gowda,28,M,A4
10882,4324,Rashmi Bhat,23,F,A1
10883,4325,Vijay Reddy,54,M,A1
10884,4325,Ramesh Kumar,25,M,A2
10885,4326,Vinay Rao,27,M,A1
10886,4326,Manjunath Hiremath,35,M,A2
10887,4326,Karthik Hegde,20,M,A3
10888,4327,Prakash Reddy,18,M,A1
10889,4327,Sudeep Singh,42,M,A2
10890,4327,Vijay Hiremath,32,M,A3
10891,4328,Kiran Kumar,32,M,A1
10892,4328,Vijay Singh,34,M,A2
10893,4328,Nithin Gowda,31,M,A3
10894,4329,Vinay Kumar,28,M,A1
10895,4329,Rakesh Hegde,51,M,A2
10896,4329,Nithin Shetty,41,M,A3
10897,4329,Shivakumar Hegde,37,M,A4
10898,4330,Nithin Yadav,31,M,A1
10899,4330,Prakash Singh,60,M,A2
10900,4330,Vinay Desai,31,M,A3
10901,4330,Anusha Gowda,54,F,A4
10902,4331,Sudeep Gowda,23,M,A1
10903,4331,Sunil Kumar,45,M,A2
10904,4331,Divya Shetty,32,F,A3
10905,4332,Vijay Gowda,33,M,A1
10906,4332,Prakash Rao,35,M,A2
10907,4332,Suresh Bhat,23,M,A3
10908,4333,Pradeep Desai,30,M,A1
10909,4333,Suresh Rao,52,M,A2
10910,4334,Santosh Patil,56,M,A1
10911,4335,Prakash Kumar,27,M,A1
10912,4335,Shivakumar Patil,27,M,A2
10913,4335,Nithin Sharma,24,M,A3
10914,4335,Pradeep Hegde,22,M,A4
10915,4336,Rakesh Sharma,28,M,A1
10916,4336,Santosh Singh,62,M,A2
10917,4336,Anil Shetty,26,M,A3
10918,4337,Prakash Kulkarni,20,M,A1
10919,4337,Manjunath Shetty,23,M,A2
10920,4337,Roopa Gowda,25,F,A3
10921,4338,Rakesh Naik,21,M,A1
10922,4338,Arun Kulkarni,27,M,A2
10923,4338,Sahana Sharma,30,F,A3
10924,4338,Rakesh Kulkarni,28,M,A4
10925,4339,Puneeth Kulkarni,27,M,A1
10926,4339,Shilpa Desai,32,F,A2
10927,4339,Basavaraj Naik,44,M,A3
10928,4339,Karthik Rao,33,M,A4
10929,4340,Ramya Kulkarni,27,F,A1
10930,4340,Vijay Naik,35,M,A2
10931,4340,Shivakumar Bhat,25,T,A3
10932,4341,Suma Gowda,62,F,A1
10933,4341,Basavaraj Naik,27,M,A2
10934,4342,Mahesh Hegde,29,M,A1
10935,4342,Anil Rao,26,M,A2
10936,4342,Prakash Kumar,22,M,A3
10937,4343,Kiran Reddy,32,M,A1
10938,4343,Vinay Reddy,32,M,A2
10939,4343,Nithin Bhat,27,M,A3
10940,4344,Suresh Naik,30,M,A1
10941,4344,Karthik Joshi,48,M,A2
10942,4344,Vijay Kulkarni,24,M,A3
10943,4344,Nithin Patil,35,M,A4
10944,4345,Anil Kumar,64,M,A1
10945,4345,Vinay Patil,31,M,A2
10946,4346,Abhishek Naik,63,M,A1
10947,4346,Vinay Kumar,21,M,A2
10948,4347,Suresh Patil,29,M,A1
10949,4347,Shilpa Kulkarni,54,F,A2
10950,4348,Suresh Gowda,27,M,A1
10951,4349,Sudeep Bhat,33,M,A1
10952,4350,Anil Bhat,29,M,A1
10953,4350,Karthik Naik,47,M,A2
10954,4350,Mahesh Hegde,26,M,A3
10955,4351,Roopa Reddy,34,F,A1
10956,4351,Santosh Kulkarni,31,M,A2
10957,4351,Vinay Singh,48,M,A3
10958,4351,Puneeth Bhat,23,M,A4
10959,4352,Darshan Singh,26,M,A1
10960,4352,Arun Gowda,31,M,A2
10961,4352,Santosh Rao,25,M,A3
10962,4353,Kiran Rao,34,M,A1
10963,4353,Kiran Desai,56,M,A2
10964,4353,Ramesh Kumar,21,M,A3
10965,4354,Kiran Naik,50,M,A1
10966,4354,Vijay Bhat,41,M,A2
10967,4354,Karthik Shetty,21,M,A3
10968,4354,Pooja Gowda,24,F,A4
10969,4355,Ramesh Gowda,25,T,A1
10970,4355,Puneeth Kulkarni,23,M,A2
10971,4355,Vinay Singh,32,M,A3
10972,4355,Ramya Patil,25,F,A4
10973,4356,Prakash Singh,49,M,A1
10974,4356,Suresh Naik,23,M,A2
10975,4356,Kiran Bhat,23,M,A3
10976,4356,Santosh Sharma,30,M,A4
10977,4357,Arun Shetty,32,M,A1
10978,4358,Mahesh Sharma,27,M,A1
10979,4358,Nithin Naik,38,M,A2
10980,4358,Karthik Shetty,22,M,A3
10981,4358,Roopa Gowda,53,F,A4
10982,4359,Karthik Rao,30,M,A1
10983,4359,Rakesh Desai,35,M,A2
10984,4359,Kiran Rao,35,M,A3
10985,4360,Nithin Bhat,51,M,A1
10986,4361,Vinay Shetty,51,M,A1
10987,4362,Suresh Singh,44,M,A1
10988,4363,Basavaraj Yadav,26,M,A1
10989,4363,Sunil Yadav,20,M,A2
10990,4363,Basavaraj Patil,33,M,A3
10991,4363,Pradeep Bhat,26,M,A4
10992,4364,Arun Reddy,22,M,A1
10993,4364,Anusha Shetty,47,F,A2
10994,4364,Shivakumar Hiremath,31,M,A3
10995,4365,Pradeep Bhat,32,M,A1
10996,4365,Prakash Rao,20,M,A2
10997,4365,Kiran Rao,22,M,A3
10998,4366,Vinay Yadav,27,M,A1
10999,4366,Basavaraj Joshi,32,M,A2
11000,4366,Pradeep Gowda,33,M,A3
11001,4366,Santosh Kumar,33,M,A4
11002,4367,Arun Kulkarni,20,M,A1
11003,4368,Suma Joshi,35,F,A1
11004,4368,Ramesh Rao,33,M,A2
11005,4368,Santosh Hegde,25,M,A3
11006,4368,Asha Naik,28,F,A4
11007,4369,Kiran Kulkarni,42,M,A1
11008,4370,Manjunath Kumar,30,M,A1
11009,4370,Shivakumar Hiremath,21,M,A2
11010,4370,Sudeep Yadav,35,M,A3
11011,4371,Ramesh Reddy,35,M,A1
11012,4371,Puneeth Joshi,33,M,A2
11013,4371,Manjunath Singh,21,M,A3
11014,4372,Rakesh Rao,28,M,A1
11015,4372,Vinay Patil,31,M,A2
11016,4372,Darshan Desai,47,M,A3
11017,4372,Kiran Kulkarni,29,M,A4
11018,4373,Manjunath Kumar,28,M,A1
11019,4373,Sunil Shetty,44,M,A2
11020,4374,Basavaraj Joshi,20,M,A1
11021,4374,Sunil Hiremath,24,M,A2
11022,4374,Roopa Naik,31,F,A3
11023,4375,Sunil Sharma,55,M,A1
11024,4376,Shivakumar Desai,32,T,A1
11025,4376,Kiran Bhat,50,M,A2
11026,4377,Nithin Reddy,22,M,A1
11027,4378,Abhishek Shetty,23,M,A1
11028,4379,Rakesh Gowda,31,M,A1
11029,4379,Asha Hegde,31,F,A2
11030,4379,Basavaraj Bhat,30,M,A3
11031,4379,Ramesh Patil,25,M,A4
11032,4380,Puneeth Hiremath,30,M,A1
11033,4380,Karthik Gowda,29,M,A2
11034,4380,Shivakumar Bhat,25,M,A3
11035,4381,Nithin Yadav,55,M,A1
11036,4382,Vinay Kumar,25,M,A1
11037,4382,Vijay Naik,26,M,A2
11038,4383,Vijay Singh,25,M,A1
11039,4384,Asha Hegde,42,F,A1
11040,4385,Pradeep Bhat,31,M,A1
11041,4385,Suresh Joshi,23,M,A2
11042,4385,Arun Naik,22,M,A3
11043,4385,Vijay Patil,35,M,A4
11044,4386,Karthik Naik,20,M,A1
11045,4387,Manjunath Singh,31,M,A1
11046,4387,Bhagya Kulkarni,27,F,A2
11047,4387,Kiran Sharma,30,M,A3
11048,4387,Darshan Naik,31,M,A4
11049,4388,Vinay Bhat,29,M,A1
11050,4388,Vinay Shetty,30,M,A2
11051,4388,Mahesh Hegde,25,M,A3
11052,4388,Sudeep Hegde,35,T,A4
11053,4389,Puneeth Desai,24,M,A1
11054,4389,Shivakumar Joshi,22,M,A2
11055,4389,Rekha Yadav,29,F,A3
11056,4390,Shivakumar Naik,29,M,A1
11057,4391,Sahana Sharma,27,F,A1
11058,4391,Kiran Bhat,30,M,A2
11059,4391,Puneeth Yadav,23,M,A3
11060,4392,Bhagya Bhat,28,F,A1
11061,4392,Suresh Hegde,22,M,A2
11062,4392,Sangeetha Yadav,21,F,A3
11063,4393,Sudeep Rao,59,M,A1
11064,4393,Pradeep Desai,21,M,A2
11065,4394,Vinay Joshi,35,M,A1
11066,4394,Puneeth Kumar,21,M,A2
11067,4395,Suresh Singh,33,M,A1
11068,4396,Rakesh Gowda,43,M,A1
11069,4396,Karthik Shetty,20,M,A2
11070,4397,Suresh Rao,28,M,A1
11071,4398,Basavaraj Sharma,56,M,A1
11072,4398,Pooja Rao,26,F,A2
11073,4399,Basavaraj Patil,29,M,A1
11074,4399,Rakesh Hegde,28,M,A2
11075,4399,Vijay Rao,44,M,A3
11076,4399,Rakesh Patil,39,M,A4
11077,4400,Prakash Kulkarni,23,M,A1
11078,4401,Santosh Hiremath,25,M,A1
11079,4401,Darshan Desai,55,M,A2
11080,4401,Shilpa Reddy,45,F,A3
11081,4401,Pooja Singh,27,F,A4
11082,4402,Puneeth Shetty,50,M,A1
11083,4402,Puneeth Gowda,32,M,A2
11084,4402,Shivakumar Bhat,35,M,A3
11085,4403,Anusha Rao,31,F,A1
11086,4403,Sunil Shetty,23,M,A2
11087,4403,Basavaraj Rao,35,M,A3
11088,4403,Santosh Naik,27,M,A4
11089,4404,Karthik Yadav,33,M,A1
11090,4404,Manjunath Bhat,40,M,A2
11091,4404,Sudeep Hiremath,36,M,A3
11092,4404,Sunil Gowda,31,M,A4
11093,4405,Suresh Hegde,33,M,A1
11094,4405,Puneeth Desai,48,M,A2
11095,4406,Nithin Kumar,32,M,A1
11096,4406,Santosh Singh,21,M,A2
11097,4407,Manjunath Desai,47,M,A1
11098,4407,Asha Gowda,21,F,A2
11099,4408,Sangeetha Joshi,20,F,A1
11100,4409,Bhagya Shetty,20,F,A1
11101,4409,Nithin Hegde,29,M,A2
11102,4409,Puneeth Reddy,23,M,A3
11103,4409,Santosh Bhat,31,M,A4
11104,4410,Shruthi Singh,29,F,A1
11105,4410,Mahesh Sharma,26,M,A2
11106,4410,Vijay Bhat,34,M,A3
11107,4410,Basavaraj Sharma,58,M,A4
11108,4411,Nithin Gowda,45,M,A1
11109,4412,Basavaraj Shetty,22,M,A1
11110,4412,Santosh Gowda,35,M,A2
11111,4413,Puneeth Hegde,26,M,A1
11112,4413,Abhishek Yadav,21,M,A2
11113,4414,Darshan Reddy,20,M,A1
11114,4414,Manjunath Sharma,21,M,A2
11115,4414,Rashmi Sharma,32,F,A3
11116,4415,Arun Kulkarni,32,M,A1
11117,4415,Mahesh Rao,20,M,A2
11118,4415,Kiran Hegde,30,M,A3
11119,4416,Sudeep Kulkarni,25,M,A1
11120,4417,Vijay Singh,33,M,A1
11121,4417,Basavaraj Shetty,31,M,A2
11122,4417,Basavaraj Singh,65,M,A3
11123,4418,Pradeep Sharma,34,M,A1
11124,4418,Suresh Patil,65,M,A2
11125,4418,Rakesh Reddy,29,M,A3
11126,4419,Sudeep Patil,40,M,A1
11127,4419,Darshan Hegde,63,M,A2
11128,4419,Darshan Bhat,22,M,A3
11129,4420,Arun Naik,28,M,A1
11130,4420,Vijay Sharma,60,M,A2
11131,4420,Sangeetha Shetty,22,F,A3
11132,4420,Vinay Kulkarni,23,M,A4
11133,4421,Manjunath Shetty,21,M,A1
11134,4421,Manjunath Hiremath,32,M,A2
11135,4422,Mahesh Hiremath,28,M,A1
11136,4422,Manjunath Joshi,29,M,A2
11137,4423,Prakash Bhat,24,M,A1
11138,4423,Kiran Gowda,26,M,A2
11139,4423,Ramesh Desai,50,M,A3
11140,4423,Kiran Yadav,27,M,A4
11141,4424,Anil Hegde,29,M,A1
11142,4424,Darshan Hiremath,21,M,A2
11143,4424,Manjunath Kumar,24,M,A3
11144,4424,Arun Desai,47,M,A4
11145,4425,Sunil Hegde,31,M,A1
11146,4425,Ramesh Reddy,31,M,A2
11147,4425,Vinay Hegde,31,M,A3
11148,4425,Sunil Sharma,28,M,A4
11149,4426,Vijay Joshi,32,M,A1
11150,4427,Rekha Rao,51,F,A1
11151,4428,Abhishek Kulkarni,35,M,A1
11152,4428,Abhishek Kumar,24,M,A2
11153,4428,Darshan Hegde,25,M,A3
11154,4429,Rekha Yadav,20,F,A1
11155,4429,Abhishek Patil,25,M,A2
11156,4429,Santosh Patil,55,M,A3
11157,4430,Arun Shetty,65,M,A1
11158,4431,Shivakumar Desai,33,M,A1
11159,4431,Suresh Rao,42,M,A2
11160,4432,Anil Reddy,22,M,A1
11161,4432,Kiran Bhat,21,M,A2
11162,4432,Shivakumar Desai,26,M,A3
11163,4432,Karthik Patil,62,M,A4
11164,4433,Pradeep Sharma,26,M,A1
11165,4433,Mahesh Singh,32,M,A2
11166,4433,Nithin Rao,35,M,A3
11167,4433,Vijay Hegde,29,T,A4
11168,4434,Nithin Shetty,64,M,A1
11169,4434,Shivakumar Singh,30,M,A2
11170,4434,Sudeep Shetty,22,M,A3
11171,4434,Kiran Desai,33,M,A4
11172,4435,Darshan Patil,48,M,A1
11173,4436,Rakesh Singh,25,M,A1
11174,4436,Prakash Desai,20,M,A2
11175,4436,Sunil Shetty,21,M,A3
11176,4437,Abhishek Desai,22,M,A1
11177,4437,Swathi Hiremath,21,F,A2
11178,4437,Puneeth Sharma,20,M,A3
11179,4437,Abhishek Sharma,22,M,A4
11180,4438,Vijay Rao,46,M,A1
11181,4439,Karthik Kumar,52,M,A1
11182,4440,Basavaraj Singh,21,M,A1
11183,4440,Sahana Yadav,27,T,A2
11184,4441,Puneeth Hiremath,26,M,A1
11185,4441,Puneeth Singh,27,M,A2
11186,4442,Vijay Kulkarni,28,M,A1
11187,4442,Ramesh Singh,31,M,A2
11188,4442,Pradeep Patil,47,M,A3
11189,4443,Kiran Singh,27,M,A1
11190,4443,Pradeep Bhat,21,M,A2
11191,4443,Mahesh Rao,20,M,A3
11192,4443,Anil Hegde,43,M,A4
11193,4444,Shivakumar Rao,27,M,A1
11194,4444,Manjunath Patil,43,M,A2
11195,4444,Kiran Rao,24,M,A3
11196,4445,Nithin Hegde,28,M,A1
11197,4446,Manjunath Yadav,29,M,A1
11198,4446,Sunil Desai,33,M,A2
11199,4446,Manjunath Joshi,21,M,A3
11200,4447,Bhagya Naik,30,F,A1
11201,4447,Pradeep Sharma,31,M,A2
11202,4447,Karthik Kumar,33,T,A3
11203,4448,Manjunath Bhat,22,M,A1
11204,4448,Shivakumar Bhat,20,M,A2
11205,4449,Shilpa Rao,49,F,A1
11206,4450,Vinay Gowda,25,M,A1
11207,4450,Anil Shetty,45,M,A2
11208,4450,Sunil Bhat,28,M,A3
11209,4451,Karthik Reddy,24,M,A1
11210,4451,Darshan Shetty,32,M,A2
11211,4452,Pradeep Kulkarni,31,M,A1
11212,4452,Puneeth Kumar,24,M,A2
11213,4453,Rakesh Singh,30,M,A1
11214,4453,Darshan Rao,23,M,A2
11215,4453,Anil Rao,33,M,A3
11216,4453,Santosh Hegde,23,M,A4
11217,4454,Basavaraj Patil,34,M,A1
11218,4455,Prakash Rao,34,M,A1
11219,4455,Karthik Kumar,34,M,A2
11220,4455,Suresh Joshi,46,M,A3
11221,4456,Shilpa Naik,61,F,A1
11222,4456,Ramesh Singh,33,M,A2
11223,4456,Pradeep Reddy,22,M,A3
11224,4456,Prakash Hegde,34,M,A4
11225,4457,Kiran Bhat,25,M,A1
11226,4457,Shruthi Bhat,33,F,A2
11227,4457,Manjunath Gowda,35,M,A3
11228,4458,Puneeth Sharma,64,M,A1
11229,4458,Pradeep Kulkarni,23,M,A2
11230,4458,Karthik Joshi,22,M,A3
11231,4458,Sunil Patil,30,M,A4
11232,4459,Kiran Yadav,31,M,A1
11233,4459,Mahesh Kumar,49,M,A2
11234,4459,Sangeetha Sharma,41,F,A3
11235,4460,Santosh Joshi,33,M,A1
11236,4460,Sunil Rao,23,M,A2
11237,4460,Sunil Desai,35,M,A3
11238,4461,Shivakumar Hegde,35,M,A1
11239,4461,Arun Hiremath,24,M,A2
11240,4461,Puneeth Hiremath,33,M,A3
11241,4461,Basavaraj Joshi,55,M,A4
11242,4462,Nithin Kulkarni,25,M,A1
11243,4462,Suresh Gowda,31,M,A2
11244,4462,Pradeep Naik,26,M,A3
11245,4463,Vijay Hiremath,20,M,A1
11246,4463,Vinay Hegde,24,M,A2
11247,4464,Rakesh Yadav,21,M,A1
11248,4464,Ramya Yadav,33,F,A2
11249,4464,Ramesh Reddy,42,M,A3
11250,4465,Kiran Kulkarni,21,M,A1
11251,4465,Kavya Yadav,35,F,A2
11252,4465,Anil Reddy,25,M,A3
11253,4466,Pradeep Gowda,29,M,A1
11254,4466,Abhishek Kulkarni,37,M,A2
11255,4467,Pooja Kumar,29,F,A1
11256,4467,Santosh Desai,29,M,A2
11257,4468,Sudeep Desai,27,M,A1
11258,4468,Anil Reddy,24,M,A2
11259,4468,Basavaraj Bhat,35,M,A3
11260,4469,Anusha Kumar,24,F,A1
11261,4469,Sunil Joshi,25,M,A2
11262,4469,Sahana Joshi,21,F,A3
11263,4470,Darshan Kumar,30,M,A1
11264,4470,Santosh Naik,31,M,A2
11265,4470,Vinay Desai,22,M,A3
11266,4470,Sunil Joshi,30,M,A4
11267,4471,Karthik Rao,21,M,A1
11268,4471,Anil Singh,26,M,A2
11269,4472,Puneeth Hegde,22,M,A1
11270,4473,Kiran Joshi,60,M,A1
11271,4474,Suresh Desai,20,M,A1
11272,4474,Anil Yadav,30,M,A2
11273,4474,Basavaraj Hegde,32,M,A3
11274,4474,Anil Hiremath,29,M,A4
11275,4475,Prakash Hegde,39,M,A1
11276,4475,Mahesh Yadav,41,M,A2
11277,4475,Manjunath Patil,32,M,A3
11278,4476,Suresh Rao,29,M,A1
11279,4476,Abhishek Patil,22,M,A2
11280,4476,Bhagya Kumar,32,F,A3
11281,4476,Sunil Kumar,23,M,A4
11282,4477,Shilpa Shetty,32,F,A1
11283,4478,Pradeep Rao,31,M,A1
11284,4478,Puneeth Kulkarni,27,M,A2
11285,4478,Karthik Naik,62,M,A3
11286,4478,Anil Hiremath,20,M,A4
11287,4479,Karthik Gowda,23,M,A1
11288,4480,Mahesh Desai,35,M,A1
11289,4480,Ramesh Sharma,28,M,A2
11290,4481,Shruthi Gowda,32,F,A1
11291,4481,Rakesh Bhat,28,M,A2
11292,4481,Anil Reddy,26,M,A3
11293,4482,Karthik Gowda,20,M,A1
11294,4482,Arun Naik,29,M,A2
11295,4482,Puneeth Singh,34,M,A3
11296,4483,Nithin Hiremath,30,M,A1
11297,4483,Prakash Hiremath,24,M,A2
11298,4483,Sudeep Gowda,44,M,A3
11299,4484,Vinay Hegde,41,M,A1
11300,4485,Santosh Kumar,22,M,A1
11301,4485,Kavya Yadav,41,F,A2
11302,4485,Prakash Hiremath,22,M,A3
11303,4486,Swathi Naik,23,F,A1
11304,4486,Darshan Desai,32,M,A2
11305,4486,Arun Kulkarni,29,M,A3
11306,4486,Kavya Singh,54,F,A4
11307,4487,Prakash Hegde,25,M,A1
11308,4487,Swathi Naik,39,F,A2
11309,4488,Sudeep Hegde,27,M,A1
11310,4488,Shilpa Gowda,21,F,A2
11311,4489,Rakesh Singh,23,M,A1
11312,4489,Manjunath Kulkarni,32,M,A2
11313,4490,Sunil Joshi,27,M,A1
11314,4490,Bhagya Singh,22,F,A2
11315,4491,Anil Hiremath,25,M,A1
11316,4491,Vijay Sharma,45,M,A2
11317,4491,Suresh Kumar,21,M,A3
11318,4491,Meghana Singh,21,F,A4
11319,4492,Basavaraj Kulkarni,23,M,A1
11320,4492,Darshan Joshi,34,M,A2
11321,4492,Vijay Yadav,20,M,A3
11322,4492,Nithin Naik,49,M,A4
11323,4493,Sunil Rao,40,M,A1
11324,4493,Nithin Hegde,31,M,A2
11325,4494,Suresh Yadav,24,M,A1
11326,4494,Sudeep Gowda,32,M,A2
11327,4494,Mahesh Hiremath,32,M,A3
11328,4495,Rakesh Kumar,30,M,A1
11329,4495,Darshan Desai,23,M,A2
11330,4495,Mahesh Gowda,22,M,A3
11331,4495,Santosh Shetty,34,M,A4
11332,4496,Anil Sharma,56,M,A1
11333,4496,Manjunath Kulkarni,26,M,A2
11334,4497,Prakash Sharma,33,M,A1
11335,4497,Arun Yadav,20,M,A2
11336,4497,Pradeep Shetty,27,M,A3
11337,4498,Anil Kulkarni,28,M,A1
11338,4498,Nithin Naik,35,M,A2
11339,4499,Arun Hiremath,33,M,A1
11340,4499,Pradeep Yadav,24,M,A2
11341,4499,Swathi Hiremath,25,F,A3
11342,4499,Arun Hiremath,25,M,A4
11343,4500,Abhishek Reddy,51,M,A1
11344,4501,Santosh Singh,32,M,A1
11345,4501,Pradeep Naik,58,M,A2
11346,4501,Darshan Desai,35,M,A3
11347,4502,Meghana Hegde,26,F,A1
11348,4502,Nithin Desai,33,M,A2
11349,4502,Puneeth Shetty,24,M,A3
11350,4503,Santosh Desai,22,M,A1
11351,4504,Mahesh Yadav,26,M,A1
11352,4505,Darshan Rao,27,M,A1
11353,4505,Rashmi Shetty,33,F,A2
11354,4505,Pradeep Rao,22,M,A3
11355,4505,Vijay Joshi,25,M,A4
11356,4506,Asha Sharma,28,F,A1
11357,4507,Karthik Bhat,31,M,A1
11358,4507,Basavaraj Patil,21,M,A2
11359,4507,Shivakumar Patil,21,M,A3
11360,4508,Bhagya Hiremath,27,F,A1
11361,4509,Roopa Naik,32,F,A1
11362,4510,Rakesh Desai,24,M,A1
11363,4510,Sudeep Gowda,29,M,A2
11364,4510,Kavya Singh,26,F,A3
11365,4510,Basavaraj Desai,31,M,A4
11366,4511,Darshan Hiremath,21,M,A1
11367,4511,Basavaraj Hegde,32,M,A2
11368,4511,Suresh Joshi,35,M,A3
11369,4511,Prakash Joshi,27,M,A4
11370,4512,Nithin Reddy,27,M,A1
11371,4512,Pradeep Joshi,24,M,A2
11372,4512,Vinay Kulkarni,29,M,A3
11373,4512,Basavaraj Bhat,30,M,A4
11374,4513,Basavaraj Naik,24,M,A1
11375,4513,Manjunath Hiremath,41,M,A2
11376,4513,Kiran Kumar,25,M,A3
11377,4514,Ramesh Patil,24,M,A1
11378,4514,Rakesh Bhat,59,M,A2
11379,4514,Arun Rao,23,M,A3
11380,4515,Ramesh Shetty,25,M,A1
11381,4516,Abhishek Desai,24,M,A1
11382,4517,Shivakumar Rao,59,M,A1
11383,4517,Abhishek Singh,22,M,A2
11384,4517,Anil Joshi,30,M,A3
11385,4517,Karthik Desai,46,M,A4
11386,4518,Puneeth Rao,33,M,A1
11387,4519,Sunil Kumar,31,M,A1
11388,4519,Sudeep Kumar,22,M,A2
11389,4519,Nithin Reddy,33,M,A3
11390,4520,Puneeth Hegde,23,M,A1
11391,4520,Basavaraj Reddy,18,M,A2
11392,4521,Prakash Naik,30,M,A1
11393,4521,Darshan Joshi,25,M,A2
11394,4522,Vijay Kumar,29,M,A1
11395,4522,Mahesh Sharma,32,M,A2
11396,4522,Abhishek Joshi,29,M,A3
11397,4523,Karthik Hiremath,22,M,A1
11398,4523,Sudeep Sharma,23,M,A2
11399,4523,Manjunath Shetty,50,M,A3
11400,4523,Basavaraj Kumar,57,M,A4
11401,4524,Santosh Gowda,30,M,A1
11402,4524,Sudeep Gowda,35,M,A2
11403,4524,Suma Sharma,25,F,A3
11404,4524,Rakesh Hegde,26,M,A4
11405,4525,Sudeep Singh,31,M,A1
11406,4526,Mahesh Desai,50,M,A1
11407,4526,Shivakumar Joshi,29,M,A2
11408,4527,Ramesh Shetty,24,M,A1
11409,4527,Geetha Rao,20,F,A2
11410,4527,Sunil Gowda,29,M,A3
11411,4528,Divya Kulkarni,31,F,A1
11412,4528,Roopa Hiremath,37,F,A2
11413,4529,Vijay Kumar,52,M,A1
11414,4530,Mahesh Kulkarni,28,M,A1
11415,4531,Vijay Reddy,25,M,A1
11416,4531,Shivakumar Joshi,24,T,A2
11417,4531,Prakash Patil,20,M,A3
11418,4531,Basavaraj Kumar,27,M,A4
11419,4532,Puneeth Joshi,31,M,A1
11420,4532,Karthik Sharma,22,M,A2
11421,4533,Nithin Reddy,23,M,A1
11422,4533,Arun Rao,34,M,A2
11423,4533,Shivakumar Patil,57,M,A3
11424,4534,Rakesh Yadav,57,M,A1
11425,4534,Vijay Hiremath,34,M,A2
11426,4534,Sudeep Gowda,56,M,A3
11427,4535,Rakesh Kulkarni,34,M,A1
11428,4535,Prakash Gowda,47,M,A2
11429,4536,Santosh Bhat,26,M,A1
11430,4537,Santosh Rao,30,M,A1
11431,4537,Sunil Sharma,51,M,A2
11432,4537,Kiran Shetty,28,M,A3
11433,4537,Prakash Gowda,21,T,A4
11434,4538,Rashmi Rao,33,F,A1
11435,4538,Abhishek Desai,49,M,A2
11436,4539,Karthik Rao,53,M,A1
11437,4539,Sudeep Kumar,34,M,A2
11438,4540,Meghana Rao,35,F,A1
11439,4540,Abhishek Desai,23,M,A2
11440,4540,Suresh Hiremath,35,M,A3
11441,4541,Nithin Singh,25,M,A1
11442,4542,Anil Shetty,35,M,A1
11443,4542,Prakash Hiremath,21,M,A2
11444,4542,Kiran Kulkarni,34,M,A3
11445,4542,Kiran Kumar,46,M,A4
11446,4543,Darshan Reddy,31,M,A1
11447,4543,Suresh Joshi,63,M,A2
11448,4543,Abhishek Desai,25,M,A3
11449,4544,Manjunath Hegde,26,M,A1
11450,4544,Rakesh Patil,32,M,A2
11451,4545,Sunil Bhat,57,M,A1
11452,4546,Anil Joshi,21,M,A1
11453,4546,Prakash Patil,50,M,A2
11454,4546,Ramesh Desai,18,M,A3
11455,4546,Abhishek Naik,21,M,A4
11456,4547,Basavaraj Shetty,31,M,A1
11457,4547,Abhishek Yadav,26,M,A2
11458,4548,Nithin Hegde,26,M,A1
11459,4549,Ramesh Kulkarni,34,M,A1
11460,4549,Basavaraj Desai,24,M,A2
11461,4549,Arun Singh,24,M,A3
11462,4550,Rakesh Desai,26,M,A1
11463,4550,Kavya Gowda,30,F,A2
11464,4550,Ramesh Naik,54,M,A3
11465,4551,Puneeth Patil,23,M,A1
11466,4551,Ramesh Desai,30,M,A2
11467,4551,Pradeep Naik,28,M,A3
11468,4551,Rashmi Joshi,26,F,A4
11469,4552,Santosh Naik,48,M,A1
11470,4552,Pradeep Joshi,20,M,A2
11471,4552,Suresh Gowda,27,M,A3
11472,4552,Anil Reddy,24,M,A4
11473,4553,Suresh Bhat,23,M,A1
11474,4553,Abhishek Desai,24,M,A2
11475,4554,Vinay Gowda,65,M,A1
11476,4554,Santosh Shetty,21,M,A2
11477,4554,Ramesh Desai,32,M,A3
11478,4555,Ramesh Naik,25,M,A1
11479,4555,Shruthi Joshi,35,F,A2
11480,4556,Prakash Singh,20,T,A1
11481,4556,Vinay Joshi,22,M,A2
11482,4556,Arun Bhat,22,M,A3
11483,4557,Rakesh Kumar,35,M,A1
11484,4557,Sahana Patil,61,F,A2
11485,4557,Nithin Gowda,35,M,A3
11486,4558,Rakesh Hiremath,29,M,A1
11487,4558,Shivakumar Desai,33,M,A2
11488,4558,Vinay Hegde,22,M,A3
11489,4559,Karthik Hegde,29,M,A1
11490,4559,Arun Kulkarni,31,M,A2
11491,4559,Basavaraj Patil,34,M,A3
11492,4560,Abhishek Kulkarni,22,M,A1
11493,4560,Suresh Kumar,30,M,A2
11494,4561,Darshan Hegde,26,M,A1
11495,4562,Ramesh Gowda,31,M,A1
11496,4562,Mahesh Hegde,20,M,A2
11497,4562,Vinay Gowda,32,M,A3
11498,4563,Karthik Joshi,33,M,A1
11499,4564,Rakesh Singh,27,M,A1
11500,4565,Abhishek Yadav,45,M,A1
11501,4565,Shivakumar Patil,39,M,A2
11502,4566,Arun Shetty,33,M,A1
11503,4566,Rakesh Rao,27,M,A2
11504,4566,Vijay Kumar,33,M,A3
11505,4566,Meghana Kulkarni,59,F,A4
11506,4567,Shivakumar Kulkarni,28,M,A1
11507,4567,Sudeep Hiremath,35,M,A2
11508,4567,Prakash Naik,43,M,A3
11509,4568,Ramesh Kumar,34,M,A1
11510,4569,Sunil Kumar,56,M,A1
11511,4569,Sahana Singh,23,F,A2
11512,4569,Santosh Bhat,23,M,A3
11513,4570,Shivakumar Sharma,20,M,A1
11514,4570,Anil Hegde,40,M,A2
11515,4571,Mahesh Rao,21,M,A1
11516,4571,Manjunath Hegde,25,M,A2
11517,4572,Suma Joshi,31,T,A1
11518,4573,Nithin Gowda,31,M,A1
11519,4573,Rakesh Hegde,21,M,A2
11520,4573,Basavaraj Hiremath,24,M,A3
11521,4573,Rakesh Sharma,32,M,A4
11522,4574,Vinay Kumar,23,M,A1
11523,4574,Pradeep Bhat,31,M,A2
11524,4574,Shruthi Joshi,35,F,A3
11525,4574,Puneeth Joshi,27,M,A4
11526,4575,Sudeep Joshi,33,M,A1
11527,4575,Puneeth Yadav,45,M,A2
11528,4575,Shivakumar Yadav,21,M,A3
11529,4576,Darshan Yadav,26,M,A1
11530,4576,Kiran Bhat,33,M,A2
11531,4577,Abhishek Reddy,20,M,A1
11532,4577,Karthik Hiremath,32,M,A2
11533,4578,Darshan Naik,28,M,A1
11534,4578,Mahesh Shetty,23,M,A2
11535,4578,Shivakumar Kulkarni,26,M,A3
11536,4579,Basavaraj Patil,34,M,A1
11537,4579,Sudeep Bhat,20,M,A2
11538,4580,Pradeep Hiremath,31,M,A1
11539,4580,Nithin Kulkarni,34,M,A2
11540,4581,Arun Hiremath,29,M,A1
11541,4581,Rekha Rao,32,F,A2
11542,4581,Nithin Yadav,34,M,A3
11543,4582,Abhishek Desai,21,M,A1
11544,4582,Kiran Kulkarni,32,M,A2
11545,4582,Basavaraj Naik,35,M,A3
11546,4583,Karthik Joshi,22,M,A1
11547,4583,Vijay Kumar,25,M,A2
11548,4583,Prakash Reddy,24,M,A3
11549,4583,Abhishek Joshi,33,M,A4
11550,4584,Rakesh Shetty,23,M,A1
11551,4584,Kavya Gowda,30,F,A2
11552,4584,Basavaraj Joshi,51,M,A3
11553,4584,Vijay Singh,44,M,A4
11554,4585,Shivakumar Shetty,39,M,A1
11555,4586,Anil Desai,29,M,A1
11556,4586,Abhishek Naik,42,M,A2
11557,4587,Ramya Shetty,26,F,A1
11558,4588,Basavaraj Joshi,31,M,A1
11559,4588,Karthik Gowda,65,M,A2
11560,4589,Mahesh Bhat,34,M,A1
11561,4589,Meghana Singh,31,F,A2
11562,4589,Rakesh Hegde,32,M,A3
11563,4590,Shivakumar Singh,29,M,A1
11564,4590,Geetha Joshi,31,F,A2
11565,4591,Sunil Kulkarni,31,M,A1
11566,4591,Puneeth Patil,28,M,A2
11567,4592,Abhishek Hiremath,21,M,A1
11568,4592,Shivakumar Gowda,31,M,A2
11569,4592,Ramesh Bhat,22,M,A3
11570,4593,Suresh Bhat,35,M,A1
11571,4593,Shivakumar Gowda,33,M,A2
11572,4593,Rakesh Naik,25,M,A3
11573,4593,Mahesh Kumar,31,M,A4
11574,4594,Basavaraj Yadav,23,M,A1
11575,4594,Arun Gowda,30,M,A2
11576,4594,Darshan Kumar,25,M,A3
11577,4594,Nithin Gowda,33,M,A4
11578,4595,Kiran Shetty,34,M,A1
11579,4595,Suresh Patil,24,M,A2
11580,4596,Suresh Kumar,24,M,A1
11581,4596,Manjunath Kulkarni,20,M,A2
11582,4596,Mahesh Joshi,32,M,A3
11583,4597,Ramesh Rao,49,M,A1
11584,4597,Suresh Sharma,64,M,A2
11585,4598,Basavaraj Rao,31,M,A1
11586,4598,Nithin Desai,25,M,A2
11587,4599,Sudeep Reddy,31,M,A1
11588,4600,Abhishek Yadav,20,M,A1
11589,4600,Rakesh Rao,29,M,A2
11590,4600,Darshan Shetty,25,M,A3
11591,4601,Arun Gowda,29,M,A1
11592,4602,Shivakumar Hiremath,33,M,A1
11593,4603,Abhishek Joshi,49,M,A1
11594,4604,Pradeep Rao,33,M,A1
11595,4604,Arun Kulkarni,32,M,A2
11596,4605,Darshan Hegde,20,M,A1
11597,4606,Vijay Patil,21,M,A1
11598,4606,Karthik Patil,24,M,A2
11599,4606,Shilpa Shetty,26,T,A3
11600,4607,Arun Patil,31,M,A1
11601,4608,Shivakumar Hegde,25,M,A1
11602,4608,Suresh Shetty,35,M,A2
11603,4609,Prakash Hiremath,26,M,A1
11604,4610,Abhishek Sharma,32,M,A1
11605,4610,Basavaraj Singh,20,M,A2
11606,4610,Arun Yadav,21,M,A3
11607,4610,Anil Hegde,24,M,A4
11608,4611,Mahesh Hiremath,31,M,A1
11609,4612,Nithin Joshi,29,M,A1
11610,4612,Rakesh Kulkarni,60,M,A2
11611,4613,Sudeep Kumar,21,M,A1
11612,4613,Karthik Reddy,35,M,A2
11613,4613,Vijay Hegde,22,M,A3
11614,4614,Manjunath Rao,22,M,A1
11615,4615,Pradeep Shetty,30,T,A1
11616,4616,Manjunath Hiremath,31,M,A1
11617,4616,Basavaraj Hiremath,22,M,A2
11618,4616,Kiran Kumar,23,T,A3
11619,4616,Kiran Shetty,27,M,A4
11620,4617,Arun Joshi,30,M,A1
11621,4617,Anil Hiremath,51,M,A2
11622,4617,Suresh Singh,20,M,A3
11623,4618,Sudeep Rao,31,M,A1
11624,4619,Shivakumar Naik,22,M,A1
11625,4619,Mahesh Hegde,60,M,A2
11626,4620,Karthik Hegde,24,M,A1
11627,4620,Mahesh Kulkarni,41,M,A2
11628,4620,Prakash Kulkarni,32,M,A3
11629,4620,Mahesh Kulkarni,18,M,A4
11630,4621,Suresh Joshi,61,M,A1
11631,4621,Shilpa Shetty,35,F,A2
11632,4621,Rakesh Kumar,29,M,A3
11633,4621,Manjunath Kumar,29,M,A4
11634,4622,Suma Bhat,32,F,A1
11635,4623,Sudeep Kumar,35,M,A1
11636,4623,Basavaraj Hegde,41,M,A2
11637,4624,Nithin Naik,30,M,A1
11638,4624,Ramesh Sharma,30,M,A2
11639,4624,Puneeth Bhat,46,M,A3
11640,4625,Shivakumar Hegde,21,M,A1
11641,4625,Darshan Hegde,32,M,A2
11642,4625,Anusha Rao,20,T,A3
11643,4625,Vijay Singh,24,M,A4
11644,4626,Divya Sharma,21,F,A1
11645,4626,Asha Kumar,19,F,A2
11646,4626,Prakash Hegde,33,M,A3
11647,4626,Rakesh Shetty,33,M,A4
11648,4627,Ramesh Shetty,26,M,A1
11649,4628,Mahesh Kulkarni,22,M,A1
11650,4628,Santosh Hegde,32,M,A2
11651,4628,Mahesh Patil,30,M,A3
11652,4629,Karthik Singh,21,M,A1
11653,4630,Rashmi Desai,63,F,A1
11654,4631,Anil Yadav,61,M,A1
11655,4631,Prakash Reddy,22,M,A2
11656,4632,Anil Naik,33,M,A1
11657,4633,Pradeep Shetty,32,M,A1
11658,4633,Bhagya Yadav,24,F,A2
11659,4634,Sunil Kulkarni,23,T,A1
11660,4634,Arun Hegde,43,M,A2
11661,4634,Abhishek Joshi,31,M,A3
11662,4634,Darshan Gowda,64,M,A4
11663,4635,Sudeep Reddy,27,M,A1
11664,4635,Arun Reddy,23,M,A2
11665,4636,Roopa Kumar,20,F,A1
11666,4636,Vinay Naik,21,M,A2
11667,4636,Geetha Hegde,33,F,A3
11668,4637,Anil Hiremath,23,M,A1
11669,4638,Santosh Rao,28,M,A1
11670,4639,Vinay Sharma,51,M,A1
11671,4640,Kiran Kumar,26,M,A1
11672,4640,Pooja Singh,40,F,A2
11673,4640,Vijay Hiremath,28,M,A3
11674,4641,Shivakumar Bhat,26,M,A1
11675,4641,Anil Shetty,27,M,A2
11676,4642,Vijay Hiremath,34,M,A1
11677,4643,Bhagya Hegde,31,F,A1
11678,4643,Pradeep Gowda,56,M,A2
11679,4644,Vinay Desai,25,M,A1
11680,4644,Roopa Joshi,22,F,A2
11681,4645,Mahesh Gowda,30,M,A1
11682,4645,Sudeep Gowda,31,M,A2
11683,4646,Karthik Patil,30,M,A1
11684,4646,Rakesh Patil,27,M,A2
11685,4646,Rakesh Yadav,26,M,A3
11686,4646,Ramesh Joshi,23,M,A4
11687,4647,Rakesh Shetty,41,M,A1
11688,4647,Anil Singh,26,M,A2
11689,4647,Darshan Singh,62,M,A3
11690,4647,Prakash Singh,25,M,A4
11691,4648,Basavaraj Naik,32,M,A1
11692,4649,Shivakumar Singh,23,M,A1
11693,4649,Darshan Reddy,23,M,A2
11694,4649,Puneeth Sharma,53,M,A3
11695,4650,Nithin Singh,20,M,A1
11696,4650,Puneeth Kulkarni,25,M,A2
11697,4650,Santosh Hegde,21,M,A3
11698,4650,Abhishek Desai,29,M,A4
11699,4651,Puneeth Hegde,30,M,A1
11700,4651,Abhishek Kulkarni,36,M,A2
11701,4652,Rakesh Shetty,33,M,A1
11702,4652,Darshan Kumar,19,M,A2
11703,4652,Pradeep Hiremath,20,M,A3
11704,4653,Arun Singh,34,M,A1
11705,4653,Anusha Reddy,27,F,A2
11706,4654,Kiran Rao,21,M,A1
11707,4654,Manjunath Hiremath,25,M,A2
11708,4654,Karthik Joshi,33,M,A3
11709,4655,Darshan Hegde,25,M,A1
11710,4655,Asha Bhat,28,F,A2
11711,4655,Karthik Gowda,19,M,A3
11712,4655,Vijay Rao,29,M,A4
11713,4656,Vijay Sharma,29,M,A1
11714,4656,Meghana Sharma,33,F,A2
11715,4657,Mahesh Gowda,31,M,A1
11716,4658,Rakesh Shetty,20,M,A1
11717,4658,Sangeetha Naik,22,F,A2
11718,4659,Rakesh Shetty,30,M,A1
11719,4659,Manjunath Naik,27,M,A2
11720,4659,Sudeep Bhat,24,M,A3
11721,4659,Kiran Joshi,55,M,A4
11722,4660,Sudeep Kulkarni,50,M,A1
11723,4660,Vinay Naik,24,M,A2
11724,4660,Puneeth Hegde,21,M,A3
11725,4661,Arun Kulkarni,21,M,A1
11726,4662,Vijay Hiremath,33,M,A1
11727,4662,Puneeth Shetty,60,M,A2
11728,4662,Abhishek Yadav,32,M,A3
11729,4662,Santosh Shetty,31,M,A4
11730,4663,Puneeth Yadav,28,M,A1
11731,4664,Rakesh Joshi,23,M,A1
11732,4665,Nithin Kumar,36,M,A1
11733,4665,Rakesh Kumar,35,M,A2
11734,4665,Karthik Hiremath,33,M,A3
11735,4665,Ramya Sharma,31,F,A4
11736,4666,Shivakumar Hegde,27,M,A1
11737,4667,Abhishek Kumar,30,M,A1
11738,4668,Sunil Gowda,24,M,A1
11739,4668,Vijay Bhat,32,M,A2
11740,4668,Abhishek Desai,20,M,A3
11741,4669,Rakesh Rao,27,M,A1
11742,4669,Puneeth Reddy,36,M,A2
11743,4669,Abhishek Bhat,55,M,A3
11744,4670,Darshan Joshi,32,M,A1
11745,4670,Ramya Shetty,33,F,A2
11746,4670,Sunil Sharma,25,M,A3
11747,4671,Shivakumar Shetty,33,M,A1
11748,4671,Geetha Kumar,33,F,A2
11749,4672,Kavya Naik,31,F,A1
11750,4672,Darshan Yadav,34,M,A2
11751,4672,Anil Shetty,21,M,A3
11752,4672,Darshan Hegde,27,M,A4
11753,4673,Rekha Patil,23,F,A1
11754,4674,Suresh Patil,28,M,A1
11755,4674,Prakash Naik,31,M,A2
11756,4674,Shivakumar Hegde,27,M,A3
11757,4675,Roopa Kumar,50,F,A1
11758,4676,Vinay Rao,54,M,A1
11759,4677,Sahana Bhat,26,F,A1
11760,4677,Kiran Desai,30,M,A2
11761,4678,Darshan Singh,24,M,A1
11762,4678,Vijay Patil,25,M,A2
11763,4678,Darshan Shetty,19,M,A3
11764,4679,Darshan Sharma,32,M,A1
11765,4680,Arun Kulkarni,26,M,A1
11766,4680,Pradeep Reddy,32,M,A2
11767,4681,Sunil Singh,22,M,A1
11768,4681,Sunil Hiremath,32,M,A2
11769,4682,Nithin Kulkarni,42,M,A1
11770,4682,Bhagya Yadav,25,F,A2
11771,4682,Arun Patil,34,M,A3
11772,4682,Kiran Hiremath,29,M,A4
11773,4683,Darshan Gowda,58,M,A1
11774,4683,Basavaraj Desai,24,M,A2
11775,4683,Prakash Shetty,28,M,A3
11776,4684,Kavya Patil,27,F,A1
11777,4685,Nithin Desai,30,M,A1
11778,4685,Sahana Desai,32,F,A2
11779,4685,Sudeep Rao,37,M,A3
11780,4686,Pradeep Naik,33,M,A1
11781,4686,Rekha Hegde,38,F,A2
11782,4686,Pradeep Patil,30,M,A3
11783,4686,Arun Desai,31,M,A4
11784,4687,Santosh Kulkarni,29,M,A1
11785,4687,Suresh Yadav,22,M,A2
11786,4687,Meghana Rao,23,F,A3
11787,4688,Arun Reddy,39,M,A1
11788,4688,Darshan Rao,35,M,A2
11789,4688,Manjunath Hegde,22,M,A3
11790,4689,Shruthi Naik,35,F,A1
11791,4689,Kiran Rao,22,M,A2
11792,4690,Basavaraj Singh,25,M,A1
11793,4691,Prakash Gowda,24,M,A1
11794,4691,Shruthi Rao,22,F,A2
11795,4691,Shruthi Hegde,34,F,A3
11796,4691,Abhishek Joshi,33,M,A4
11797,4692,Shivakumar Kumar,29,M,A1
11798,4692,Kiran Rao,22,M,A2
11799,4693,Anil Hegde,34,M,A1
11800,4693,Karthik Joshi,30,M,A2
11801,4693,Puneeth Kulkarni,26,M,A3
11802,4693,Karthik Reddy,28,M,A4
11803,4694,Anil Reddy,35,M,A1
11804,4694,Shivakumar Hiremath,25,T,A2
11805,4695,Puneeth Hegde,33,M,A1
11806,4696,Sunil Yadav,23,M,A1
11807,4696,Darshan Joshi,21,M,A2
11808,4697,Rakesh Hegde,30,M,A1
11809,4697,Vinay Singh,20,M,A2
11810,4698,Prakash Kumar,63,M,A1
11811,4698,Vijay Bhat,26,M,A2
11812,4698,Meghana Bhat,31,F,A3
11813,4698,Sudeep Desai,26,M,A4
11814,4699,Pradeep Kumar,31,M,A1
11815,4699,Arun Bhat,22,M,A2
11816,4699,Karthik Singh,31,M,A3
11817,4700,Karthik Singh,21,M,A1
11818,4700,Basavaraj Shetty,25,M,A2
11819,4700,Karthik Desai,34,M,A3
11820,4701,Abhishek Desai,41,M,A1
11821,4701,Anil Hegde,31,M,A2
11822,4702,Darshan Gowda,27,M,A1
11823,4703,Manjunath Bhat,24,M,A1
11824,4703,Basavaraj Hiremath,26,M,A2
11825,4704,Manjunath Kulkarni,23,M,A1
11826,4705,Anil Shetty,22,T,A1
11827,4705,Manjunath Hiremath,21,M,A2
11828,4705,Shivakumar Gowda,21,M,A3
11829,4705,Sudeep Kulkarni,35,M,A4
11830,4706,Manjunath Desai,47,M,A1
11831,4707,Kiran Gowda,20,M,A1
11832,4707,Rakesh Naik,20,M,A2
11833,4707,Manjunath Kulkarni,24,M,A3
11834,4707,Karthik Hegde,27,M,A4
11835,4708,Manjunath Reddy,28,M,A1
11836,4708,Karthik Hiremath,21,M,A2
11837,4709,Vijay Desai,28,M,A1
11838,4709,Shivakumar Rao,29,M,A2
11839,4710,Sudeep Singh,28,M,A1
11840,4711,Nithin Naik,21,M,A1
11841,4711,Shivakumar Bhat,26,M,A2
11842,4711,Prakash Patil,28,M,A3
11843,4712,Arun Bhat,31,M,A1
11844,4713,Nithin Gowda,28,M,A1
11845,4713,Prakash Sharma,25,T,A2
11846,4714,Sudeep Bhat,26,M,A1
11847,4714,Vijay Kulkarni,27,M,A2
11848,4715,Shivakumar Joshi,33,M,A1
11849,4715,Arun Gowda,22,M,A2
11850,4715,Ramesh Naik,33,M,A3
11851,4716,Vijay Joshi,27,M,A1
11852,4716,Shivakumar Joshi,61,M,A2
11853,4716,Mahesh Singh,31,M,A3
11854,4717,Vinay Desai,26,M,A1
11855,4717,Sudeep Sharma,23,M,A2
11856,4717,Rakesh Shetty,37,M,A3
11857,4718,Ramesh Reddy,22,M,A1
11858,4718,Ramesh Naik,30,M,A2
11859,4719,Vijay Singh,34,M,A1
11860,4720,Mahesh Bhat,25,M,A1
11861,4720,Abhishek Hegde,20,M,A2
11862,4721,Puneeth Hegde,22,M,A1
11863,4721,Prakash Gowda,30,M,A2
11864,4722,Suresh Singh,21,M,A1
11865,4722,Shivakumar Shetty,32,M,A2
11866,4722,Rekha Hegde,25,F,A3
11867,4723,Darshan Kulkarni,21,M,A1
11868,4724,Shivakumar Shetty,30,M,A1
11869,4724,Swathi Hegde,20,F,A2
11870,4724,Suresh Yadav,20,M,A3
11871,4725,Mahesh Rao,35,T,A1
11872,4726,Suresh Kulkarni,20,M,A1
11873,4726,Puneeth Hiremath,28,M,A2
11874,4726,Sudeep Patil,25,M,A3
11875,4727,Arun Sharma,27,M,A1
11876,4728,Shivakumar Kumar,59,M,A1
11877,4728,Sudeep Yadav,32,M,A2
11878,4729,Manjunath Rao,27,M,A1
11879,4729,Ramesh Hegde,21,M,A2
11880,4729,Abhishek Rao,57,M,A3
11881,4729,Vinay Reddy,56,M,A4
11882,4730,Sudeep Shetty,25,M,A1
11883,4730,Sahana Reddy,22,F,A2
11884,4731,Santosh Yadav,40,M,A1
11885,4732,Arun Rao,25,M,A1
11886,4733,Puneeth Kulkarni,21,M,A1
11887,4733,Sudeep Yadav,38,M,A2
11888,4733,Santosh Kumar,20,M,A3
11889,4733,Sahana Reddy,19,F,A4
11890,4734,Swathi Kulkarni,33,F,A1
11891,4734,Mahesh Kumar,35,M,A2
11892,4734,Sudeep Singh,34,M,A3
11893,4734,Rashmi Gowda,26,F,A4
11894,4735,Basavaraj Hiremath,26,M,A1
11895,4735,Basavaraj Patil,31,M,A2
11896,4735,Prakash Joshi,32,M,A3
11897,4735,Asha Kulkarni,37,F,A4
11898,4736,Abhishek Rao,26,M,A1
11899,4737,Mahesh Shetty,34,M,A1
11900,4737,Basavaraj Joshi,26,M,A2
11901,4737,Bhagya Hegde,63,F,A3
11902,4737,Mahesh Gowda,31,M,A4
11903,4738,Nithin Singh,51,M,A1
11904,4739,Darshan Patil,23,M,A1
11905,4739,Pooja Shetty,23,F,A2
11906,4740,Basavaraj Shetty,34,M,A1
11907,4740,Vijay Desai,31,M,A2
11908,4740,Mahesh Shetty,32,M,A3
11909,4741,Vijay Singh,21,M,A1
11910,4741,Puneeth Joshi,20,M,A2
11911,4741,Asha Patil,32,F,A3
11912,4742,Basavaraj Kumar,24,M,A1
11913,4742,Anil Naik,41,M,A2
11914,4743,Vijay Singh,28,M,A1
11915,4743,Mahesh Patil,54,M,A2
11916,4743,Vijay Shetty,23,M,A3
11917,4743,Rakesh Naik,34,M,A4
11918,4744,Rakesh Sharma,22,M,A1
11919,4744,Roopa Gowda,42,T,A2
11920,4745,Pooja Kumar,34,F,A1
11921,4745,Darshan Gowda,51,T,A2
11922,4746,Suma Hiremath,42,F,A1
11923,4747,Shivakumar Kulkarni,26,M,A1
11924,4748,Pradeep Singh,35,M,A1
11925,4748,Mahesh Naik,25,M,A2
11926,4749,Sunil Shetty,21,M,A1
11927,4749,Anusha Kulkarni,20,F,A2
11928,4749,Sunil Hegde,47,M,A3
11929,4750,Sudeep Hegde,22,M,A1
11930,4750,Vijay Desai,32,M,A2
11931,4750,Basavaraj Singh,52,M,A3
11932,4750,Vinay Joshi,56,M,A4
11933,4751,Mahesh Singh,60,M,A1
11934,4751,Basavaraj Gowda,20,M,A2
11935,4751,Prakash Hegde,35,M,A3
11936,4751,Anil Hiremath,21,M,A4
11937,4752,Ramesh Desai,25,M,A1
11938,4752,Swathi Joshi,34,F,A2
11939,4752,Arun Bhat,26,M,A3
11940,4753,Prakash Yadav,33,M,A1
11941,4753,Prakash Reddy,55,M,A2
11942,4753,Sudeep Desai,26,M,A3
11943,4754,Abhishek Gowda,29,M,A1
11944,4755,Prakash Patil,18,M,A1
11945,4755,Vijay Shetty,42,T,A2
11946,4756,Vinay Hegde,34,M,A1
11947,4757,Ramesh Gowda,25,M,A1
11948,4757,Darshan Yadav,27,M,A2
11949,4757,Rakesh Joshi,58,M,A3
11950,4757,Santosh Hegde,21,M,A4
11951,4758,Santosh Kumar,33,M,A1
11952,4759,Arun Gowda,24,M,A1
11953,4759,Rakesh Reddy,23,M,A2
11954,4759,Mahesh Kumar,20,M,A3
11955,4760,Santosh Bhat,25,M,A1
11956,4760,Vijay Sharma,30,M,A2
11957,4760,Anusha Rao,32,F,A3
11958,4760,Sudeep Desai,35,M,A4
11959,4761,Karthik Rao,24,M,A1
11960,4762,Rakesh Patil,30,M,A1
11961,4762,Rashmi Rao,40,F,A2
11962,4762,Arun Hegde,33,M,A3
11963,4762,Shruthi Bhat,27,F,A4
11964,4763,Suresh Gowda,27,M,A1
11965,4764,Vijay Hiremath,34,M,A1
11966,4764,Mahesh Bhat,34,M,A2
11967,4765,Kiran Gowda,34,M,A1
11968,4765,Meghana Rao,25,F,A2
11969,4765,Mahesh Rao,34,M,A3
11970,4766,Darshan Hiremath,35,M,A1
11971,4766,Pradeep Rao,32,M,A2
11972,4766,Vijay Singh,33,M,A3
11973,4767,Pradeep Hiremath,31,M,A1
11974,4767,Basavaraj Patil,29,M,A2
11975,4768,Santosh Reddy,23,M,A1
11976,4768,Rakesh Gowda,20,M,A2
11977,4768,Pradeep Desai,27,M,A3
11978,4768,Vijay Joshi,41,M,A4
11979,4769,Manjunath Bhat,33,M,A1
11980,4770,Santosh Kumar,21,M,A1
11981,4770,Manjunath Sharma,30,M,A2
11982,4770,Karthik Joshi,32,M,A3
11983,4771,Abhishek Sharma,31,M,A1
11984,4771,Shivakumar Singh,51,M,A2
11985,4771,Santosh Singh,28,M,A3
11986,4771,Suresh Desai,31,M,A4
11987,4772,Ramesh Rao,26,M,A1
11988,4772,Sudeep Reddy,28,M,A2
11989,4772,Santosh Kulkarni,34,M,A3
11990,4773,Rakesh Reddy,26,M,A1
11991,4773,Kiran Sharma,27,M,A2
11992,4774,Pradeep Singh,31,M,A1
11993,4775,Darshan Hegde,53,M,A1
11994,4776,Shruthi Gowda,23,F,A1
11995,4776,Darshan Gowda,56,M,A2
11996,4776,Nithin Kumar,30,M,A3
11997,4776,Rakesh Gowda,31,M,A4
11998,4777,Divya Gowda,27,F,A1
11999,4777,Basavaraj Kumar,35,M,A2
12000,4777,Kavya Sharma,32,F,A3
12001,4778,Suma Singh,20,T,A1
12002,4778,Rakesh Gowda,22,M,A2
12003,4778,Shivakumar Singh,32,M,A3
12004,4778,Ramesh Yadav,31,M,A4
12005,4779,Suma Hiremath,29,F,A1
12006,4779,Shivakumar Naik,44,T,A2
12007,4779,Vinay Desai,19,M,A3
12008,4780,Mahesh Bhat,23,M,A1
12009,4780,Vinay Yadav,32,M,A2
12010,4780,Divya Kulkarni,23,F,A3
12011,4780,Sunil Bhat,30,M,A4
12012,4781,Sunil Kumar,30,M,A1
12013,4781,Nithin Singh,31,M,A2
12014,4781,Swathi Shetty,18,F,A3
12015,4781,Sudeep Hiremath,27,M,A4
12016,4782,Suresh Hiremath,21,M,A1
12017,4782,Anil Hegde,25,M,A2
12018,4782,Shivakumar Singh,24,M,A3
12019,4782,Sudeep Yadav,30,M,A4
12020,4783,Meghana Rao,24,F,A1
12021,4783,Swathi Kumar,23,F,A2
12022,4784,Prakash Naik,25,M,A1
12023,4784,Shruthi Patil,20,F,A2
12024,4784,Kiran Shetty,25,M,A3
12025,4785,Pradeep Patil,32,M,A1
12026,4785,Nithin Hegde,35,M,A2
12027,4785,Prakash Yadav,24,M,A3
12028,4786,Suma Gowda,32,F,A1
12029,4786,Nithin Naik,33,M,A2
12030,4786,Suma Naik,58,F,A3
12031,4787,Abhishek Kumar,24,M,A1
12032,4787,Sunil Bhat,25,M,A2
12033,4788,Abhishek Desai,33,M,A1
12034,4788,Shilpa Desai,30,F,A2
12035,4788,Puneeth Shetty,29,M,A3
12036,4789,Darshan Rao,60,M,A1
12037,4789,Prakash Kumar,35,M,A2
12038,4790,Rakesh Gowda,18,M,A1
12039,4790,Kiran Hiremath,22,M,A2
12040,4790,Abhishek Gowda,31,M,A3
12041,4791,Suresh Kulkarni,58,M,A1
12042,4791,Basavaraj Shetty,25,M,A2
12043,4792,Bhagya Reddy,28,F,A1
12044,4793,Kiran Joshi,31,M,A1
12045,4793,Sudeep Naik,23,M,A2
12046,4794,Arun Reddy,30,M,A1
12047,4795,Kiran Naik,25,M,A1
12048,4795,Sudeep Rao,22,M,A2
12049,4795,Puneeth Hegde,24,M,A3
12050,4796,Meghana Joshi,52,F,A1
12051,4796,Shivakumar Desai,20,M,A2
12052,4796,Abhishek Reddy,35,M,A3
12053,4797,Prakash Rao,23,M,A1
12054,4797,Darshan Hegde,34,M,A2
12055,4798,Vinay Gowda,62,M,A1
12056,4798,Pooja Singh,21,F,A2
12057,4799,Sangeetha Yadav,25,T,A1
12058,4799,Roopa Sharma,33,F,A2
12059,4799,Basavaraj Shetty,25,M,A3
12060,4800,Anil Naik,25,M,A1
12061,4800,Manjunath Reddy,28,M,A2
12062,4801,Anil Sharma,23,M,A1
12063,4802,Divya Reddy,33,F,A1
12064,4803,Sahana Hegde,22,F,A1
12065,4803,Mahesh Gowda,54,M,A2
12066,4804,Santosh Kumar,33,M,A1
12067,4805,Vijay Shetty,31,M,A1
12068,4806,Puneeth Sharma,31,M,A1
12069,4806,Santosh Yadav,22,T,A2
12070,4806,Sunil Gowda,28,M,A3
12071,4807,Rakesh Kumar,22,M,A1
12072,4807,Arun Gowda,27,M,A2
12073,4808,Basavaraj Kumar,25,M,A1
12074,4808,Manjunath Sharma,21,M,A2
12075,4809,Arun Gowda,46,M,A1
12076,4809,Sunil Rao,26,M,A2
12077,4810,Karthik Naik,26,M,A1
12078,4810,Prakash Rao,21,M,A2
12079,4811,Mahesh Shetty,35,M,A1
12080,4811,Puneeth Gowda,20,M,A2
12081,4811,Suresh Sharma,26,M,A3
12082,4812,Asha Reddy,30,F,A1
12083,4813,Rakesh Sharma,49,M,A1
12084,4813,Sunil Shetty,27,M,A2
12085,4813,Santosh Sharma,23,M,A3
12086,4814,Ramesh Gowda,20,M,A1
12087,4814,Abhishek Shetty,25,M,A2
12088,4814,Mahesh Hiremath,21,M,A3
12089,4815,Sudeep Gowda,23,M,A1
12090,4815,Santosh Kulkarni,24,M,A2
12091,4815,Abhishek Shetty,35,M,A3
12092,4815,Sunil Patil,19,M,A4
12093,4816,Puneeth Shetty,27,M,A1
12094,4816,Basavaraj Kumar,47,M,A2
12095,4817,Sunil Rao,31,M,A1
12096,4817,Suresh Reddy,34,M,A2
12097,4817,Pradeep Rao,34,M,A3
12098,4818,Manjunath Gowda,23,M,A1
12099,4818,Santosh Sharma,28,M,A2
12100,4819,Prakash Hiremath,24,M,A1
12101,4819,Anil Yadav,24,M,A2
12102,4820,Shivakumar Shetty,30,M,A1
12103,4820,Mahesh Desai,28,M,A2
12104,4821,Rakesh Gowda,23,M,A1
12105,4821,Suresh Yadav,22,M,A2
12106,4822,Nithin Hiremath,33,M,A1
12107,4822,Ramya Sharma,26,F,A2
12108,4822,Puneeth Desai,41,M,A3
12109,4822,Nithin Singh,35,M,A4
12110,4823,Darshan Hiremath,50,M,A1
12111,4823,Manjunath Patil,25,M,A2
12112,4823,Kavya Bhat,30,F,A3
12113,4823,Vijay Naik,28,M,A4
12114,4824,Rashmi Sharma,28,F,A1
12115,4824,Anusha Bhat,27,F,A2
12116,4824,Roopa Gowda,31,F,A3
12117,4824,Arun Shetty,51,M,A4
12118,4825,Sudeep Hegde,34,M,A1
12119,4826,Anil Shetty,23,M,A1
12120,4826,Santosh Gowda,25,M,A2
12121,4827,Shivakumar Kulkarni,26,M,A1
12122,4827,Pradeep Patil,25,M,A2
12123,4827,Abhishek Kulkarni,25,M,A3
12124,4827,Vinay Shetty,25,M,A4
12125,4828,Vijay Naik,34,M,A1
12126,4828,Anil Bhat,32,M,A2
12127,4828,Nithin Joshi,27,M,A3
12128,4828,Rakesh Kulkarni,44,M,A4
12129,4829,Anil Rao,22,M,A1
12130,4829,Shivakumar Desai,25,M,A2
12131,4830,Darshan Naik,33,M,A1
12132,4830,Anil Joshi,26,M,A2
12133,4831,Ramesh Reddy,26,M,A1
12134,4832,Vinay Kulkarni,32,M,A1
12135,4832,Rekha Naik,35,T,A2
12136,4832,Vijay Patil,25,T,A3
12137,4833,Santosh Patil,35,M,A1
12138,4834,Nithin Reddy,30,M,A1
12139,4834,Ramesh Reddy,29,M,A2
12140,4834,Anil Naik,20,M,A3
12141,4835,Anil Singh,29,M,A1
12142,4835,Shilpa Kulkarni,23,F,A2
12143,4836,Pradeep Sharma,32,M,A1
12144,4836,Manjunath Kumar,26,M,A2
12145,4837,Rakesh Shetty,20,M,A1
12146,4838,Shivakumar Reddy,24,M,A1
12147,4838,Vijay Singh,29,M,A2
12148,4838,Rakesh Rao,31,M,A3
12149,4838,Vijay Rao,35,M,A4
12150,4839,Manjunath Kulkarni,30,M,A1
12151,4840,Pooja Rao,24,F,A1
12152,4841,Ramesh Desai,34,M,A1
12153,4841,Shivakumar Gowda,20,M,A2
12154,4842,Nithin Rao,23,T,A1
12155,4842,Anil Gowda,35,M,A2
12156,4842,Shivakumar Sharma,31,M,A3
12157,4843,Santosh Desai,29,M,A1
12158,4843,Nithin Patil,23,M,A2
12159,4843,Ramesh Rao,34,M,A3
12160,4844,Vinay Desai,65,M,A1
12161,4844,Shivakumar Sharma,34,M,A2
12162,4845,Kiran Rao,34,M,A1
12163,4845,Basavaraj Hiremath,25,M,A2
12164,4845,Puneeth Rao,26,M,A3
12165,4846,Arun Naik,35,M,A1
12166,4846,Santosh Hiremath,23,M,A2
12167,4846,Abhishek Gowda,34,M,A3
12168,4846,Sudeep Kulkarni,24,M,A4
12169,4847,Sunil Naik,32,M,A1
12170,4847,Sunil Rao,32,M,A2
12171,4847,Ramesh Singh,21,M,A3
12172,4847,Darshan Bhat,20,M,A4
12173,4848,Kavya Naik,29,F,A1
12174,4849,Pradeep Hegde,28,M,A1
12175,4849,Arun Rao,34,M,A2
12176,4850,Vinay Hegde,28,M,A1
12177,4851,Mahesh Desai,23,M,A1
12178,4852,Sunil Kulkarni,25,M,A1
12179,4852,Mahesh Reddy,26,M,A2
12180,4852,Puneeth Kumar,64,M,A3
12181,4853,Vinay Gowda,26,M,A1
12182,4854,Suresh Hiremath,53,M,A1
12183,4855,Sudeep Hegde,18,M,A1
12184,4855,Santosh Yadav,23,M,A2
12185,4855,Kiran Reddy,31,M,A3
12186,4855,Sunil Desai,38,M,A4
12187,4856,Ramesh Singh,27,M,A1
12188,4856,Sunil Reddy,25,M,A2
12189,4856,Kiran Reddy,18,M,A3
12190,4857,Vijay Patil,61,M,A1
12191,4857,Suresh Naik,23,M,A2
12192,4858,Abhishek Sharma,25,M,A1
12193,4858,Santosh Rao,31,M,A2
12194,4859,Anusha Gowda,31,F,A1
12195,4859,Santosh Sharma,34,M,A2
12196,4860,Vijay Kumar,32,M,A1
12197,4860,Karthik Bhat,31,M,A2
12198,4860,Anusha Hegde,26,F,A3
12199,4861,Ramesh Patil,34,M,A1
12200,4862,Meghana Hiremath,26,T,A1
12201,4862,Manjunath Gowda,28,M,A2
12202,4863,Manjunath Hiremath,28,M,A1
12203,4863,Suma Hiremath,32,F,A2
12204,4863,Sunil Gowda,62,M,A3
12205,4863,Arun Yadav,27,M,A4
12206,4864,Anil Reddy,31,M,A1
12207,4864,Rakesh Shetty,39,M,A2
12208,4864,Rekha Gowda,24,F,A3
12209,4865,Basavaraj Singh,54,M,A1
12210,4865,Rakesh Singh,33,M,A2
12211,4865,Anil Yadav,28,M,A3
12212,4865,Rakesh Patil,21,M,A4
12213,4866,Vinay Yadav,32,M,A1
12214,4866,Suresh Hegde,23,M,A2
12215,4866,Kiran Kulkarni,33,M,A3
12216,4866,Arun Gowda,21,M,A4
12217,4867,Mahesh Bhat,21,M,A1
12218,4867,Basavaraj Naik,33,M,A2
12219,4867,Santosh Naik,25,M,A3
12220,4868,Prakash Bhat,47,M,A1
12221,4868,Santosh Bhat,52,M,A2
12222,4869,Pradeep Reddy,33,M,A1
12223,4870,Sahana Joshi,28,F,A1
12224,4870,Sangeetha Desai,34,F,A2
12225,4870,Mahesh Hegde,32,M,A3
12226,4870,Karthik Kulkarni,37,M,A4
12227,4871,Meghana Reddy,31,F,A1
12228,4871,Shruthi Yadav,20,F,A2
12229,4872,Shivakumar Hegde,28,M,A1
12230,4873,Sunil Shetty,35,M,A1
12231,4873,Puneeth Desai,33,M,A2
12232,4873,Suresh Patil,25,M,A3
12233,4874,Puneeth Kulkarni,30,M,A1
12234,4874,Kiran Reddy,37,M,A2
12235,4874,Rakesh Sharma,33,M,A3
12236,4874,Karthik Shetty,50,M,A4
12237,4875,Vinay Hiremath,25,M,A1
12238,4875,Sunil Naik,35,M,A2
12239,4875,Sunil Kulkarni,33,M,A3
12240,4875,Prakash Naik,28,M,A4
12241,4876,Sudeep Patil,22,M,A1
12242,4876,Sahana Kulkarni,23,T,A2
12243,4876,Nithin Shetty,25,M,A3
12244,4876,Nithin Shetty,23,M,A4
12245,4877,Abhishek Sharma,22,M,A1
12246,4878,Sunil Reddy,25,M,A1
12247,4878,Arun Kumar,28,M,A2
12248,4878,Puneeth Hegde,33,M,A3
12249,4879,Anil Kumar,20,M,A1
12250,4879,Prakash Hegde,34,M,A2
12251,4880,Rakesh Kulkarni,24,M,A1
12252,4880,Sahana Patil,32,F,A2
12253,4880,Vinay Hiremath,62,M,A3
12254,4880,Sunil Hegde,30,M,A4
12255,4881,Vijay Bhat,25,M,A1
12256,4881,Rekha Bhat,20,F,A2
12257,4882,Ramya Bhat,20,F,A1
12258,4882,Roopa Kumar,30,F,A2
12259,4882,Mahesh Naik,35,M,A3
12260,4882,Santosh Patil,28,M,A4
12261,4883,Suresh Reddy,28,M,A1
12262,4883,Shivakumar Rao,31,M,A2
12263,4884,Darshan Sharma,27,M,A1
12264,4884,Geetha Hegde,60,F,A2
12265,4884,Shilpa Naik,60,F,A3
12266,4884,Rakesh Hiremath,40,M,A4
12267,4885,Sudeep Rao,30,M,A1
12268,4886,Anusha Bhat,35,F,A1
12269,4886,Santosh Hiremath,31,M,A2
12270,4886,Nithin Sharma,32,M,A3
12271,4887,Vinay Kulkarni,25,M,A1
12272,4887,Manjunath Sharma,33,M,A2
12273,4888,Mahesh Reddy,22,M,A1
12274,4889,Kiran Kulkarni,35,M,A1
12275,4889,Vinay Desai,39,M,A2
12276,4889,Basavaraj Shetty,22,M,A3
12277,4890,Puneeth Singh,35,M,A1
12278,4890,Ramesh Yadav,20,M,A2
12279,4890,Basavaraj Desai,22,M,A3
12280,4891,Anusha Gowda,30,F,A1
12281,4891,Sudeep Yadav,25,M,A2
12282,4891,Vinay Desai,54,M,A3
12283,4891,Sudeep Naik,21,M,A4
12284,4892,Suma Bhat,29,F,A1
12285,4892,Kiran Gowda,29,M,A2
12286,4893,Santosh Kulkarni,27,M,A1
12287,4893,Swathi Patil,43,F,A2
12288,4893,Santosh Kumar,29,M,A3
12289,4894,Arun Joshi,61,M,A1
12290,4894,Manjunath Kumar,33,M,A2
12291,4894,Suresh Sharma,27,M,A3
12292,4895,Mahesh Naik,34,M,A1
12293,4895,Sahana Hiremath,24,F,A2
12294,4895,Ramesh Shetty,27,M,A3
12295,4895,Arun Kumar,30,M,A4
12296,4896,Manjunath Naik,52,M,A1
12297,4897,Arun Reddy,18,M,A1
12298,4897,Basavaraj Singh,34,M,A2
12299,4897,Prakash Desai,53,M,A3
12300,4898,Asha Desai,21,F,A1
12301,4898,Suma Joshi,30,F,A2
12302,4899,Basavaraj Sharma,23,M,A1
12303,4899,Karthik Shetty,33,M,A2
12304,4900,Ramesh Gowda,30,M,A1
12305,4900,Ramesh Joshi,33,M,A2
12306,4900,Darshan Naik,20,M,A3
12307,4901,Sunil Patil,28,M,A1
12308,4901,Kiran Singh,33,M,A2
12309,4902,Geetha Joshi,43,F,A1
12310,4902,Santosh Yadav,34,M,A2
12311,4902,Rakesh Yadav,32,M,A3
12312,4902,Rakesh Hegde,31,M,A4
12313,4903,Rashmi Singh,30,F,A1
12314,4903,Suresh Rao,31,M,A2
12315,4903,Abhishek Desai,23,M,A3
12316,4903,Mahesh Shetty,48,M,A4
12317,4904,Manjunath Reddy,25,M,A1
12318,4905,Manjunath Hegde,31,M,A1
12319,4905,Nithin Kulkarni,35,M,A2
12320,4905,Arun Shetty,41,M,A3
12321,4905,Prakash Kulkarni,33,M,A4
12322,4906,Vijay Rao,28,M,A1
12323,4907,Sunil Kulkarni,33,M,A1
12324,4908,Anil Yadav,44,M,A1
12325,4908,Rakesh Hiremath,33,M,A2
12326,4909,Pradeep Patil,40,M,A1
12327,4909,Shivakumar Joshi,26,M,A2
12328,4909,Suma Reddy,30,F,A3
12329,4910,Darshan Hiremath,22,M,A1
12330,4910,Kavya Sharma,19,F,A2
12331,4910,Anil Singh,21,M,A3
12332,4911,Puneeth Joshi,29,M,A1
12333,4911,Pradeep Naik,27,M,A2
12334,4911,Divya Joshi,34,F,A3
12335,4911,Vinay Yadav,22,M,A4
12336,4912,Anil Rao,32,M,A1
12337,4912,Vijay Singh,31,M,A2
12338,4912,Abhishek Sharma,22,M,A3
12339,4913,Karthik Patil,33,M,A1
12340,4913,Anil Kumar,30,M,A2
12341,4913,Vinay Hegde,53,M,A3
12342,4913,Vijay Naik,33,M,A4
12343,4914,Shivakumar Joshi,22,M,A1
12344,4914,Roopa Yadav,25,F,A2
12345,4914,Kavya Reddy,27,F,A3
12346,4915,Arun Reddy,39,M,A1
12347,4915,Vijay Naik,30,M,A2
12348,4916,Karthik Yadav,21,M,A1
12349,4916,Anil Bhat,31,M,A2
12350,4916,Puneeth Bhat,26,M,A3
12351,4916,Nithin Patil,33,M,A4
12352,4917,Puneeth Hegde,55,M,A1
12353,4917,Arun Patil,58,M,A2
12354,4918,Anil Gowda,20,M,A1
12355,4918,Vijay Reddy,32,M,A2
12356,4918,Sudeep Kumar,35,M,A3
12357,4918,Bhagya Shetty,33,T,A4
12358,4919,Vijay Shetty,21,M,A1
12359,4919,Pradeep Naik,23,M,A2
12360,4919,Santosh Sharma,30,M,A3
12361,4920,Prakash Yadav,30,M,A1
12362,4920,Vijay Hegde,20,M,A2
12363,4920,Basavaraj Kulkarni,29,M,A3
12364,4920,Darshan Kulkarni,28,M,A4
12365,4921,Suresh Singh,60,M,A1
12366,4921,Mahesh Reddy,35,M,A2
12367,4922,Vinay Singh,29,M,A1
12368,4922,Pradeep Kulkarni,30,M,A2
12369,4922,Mahesh Sharma,44,M,A3
12370,4923,Puneeth Yadav,37,M,A1
12371,4923,Arun Gowda,53,M,A2
12372,4923,Karthik Rao,34,M,A3
12373,4923,Kavya Gowda,26,F,A4
12374,4924,Darshan Sharma,20,M,A1
12375,4925,Vinay Kumar,22,M,A1
12376,4925,Suresh Patil,28,M,A2
12377,4925,Vijay Joshi,29,M,A3
12378,4925,Abhishek Gowda,23,M,A4
12379,4926,Sudeep Kulkarni,25,M,A1
12380,4926,Mahesh Kumar,44,M,A2
12381,4926,Karthik Patil,25,M,A3
12382,4926,Anusha Naik,33,F,A4
12383,4927,Shivakumar Naik,62,M,A1
12384,4928,Kiran Shetty,22,T,A1
12385,4928,Abhishek Gowda,59,M,A2
12386,4928,Arun Patil,27,M,A3
12387,4928,Mahesh Joshi,34,M,A4
12388,4929,Pradeep Reddy,33,M,A1
12389,4929,Sudeep Desai,30,M,A2
12390,4930,Karthik Kulkarni,59,M,A1
12391,4931,Abhishek Hegde,20,M,A1
12392,4931,Manjunath Yadav,64,M,A2
12393,4932,Shilpa Rao,22,F,A1
12394,4933,Manjunath Desai,26,M,A1
12395,4933,Basavaraj Naik,31,M,A2
12396,4933,Rekha Gowda,23,T,A3
12397,4933,Vinay Joshi,29,M,A4
12398,4934,Kiran Desai,22,M,A1
12399,4934,Divya Rao,31,F,A2
12400,4934,Vinay Hegde,61,M,A3
12401,4934,Rakesh Bhat,65,M,A4
12402,4935,Bhagya Joshi,45,F,A1
12403,4936,Puneeth Reddy,27,M,A1
12404,4936,Divya Rao,20,F,A2
12405,4936,Rakesh Reddy,29,M,A3
12406,4937,Basavaraj Singh,37,M,A1
12407,4937,Rakesh Shetty,22,M,A2
12408,4938,Mahesh Hegde,32,M,A1
12409,4938,Rakesh Yadav,25,M,A2
12410,4939,Anil Kulkarni,35,M,A1
12411,4940,Arun Joshi,22,M,A1
12412,4940,Swathi Kulkarni,35,F,A2
12413,4940,Shivakumar Rao,28,M,A3
12414,4941,Anil Gowda,29,T,A1
12415,4942,Manjunath Naik,52,M,A1
12416,4942,Rakesh Kumar,18,M,A2
12417,4942,Vijay Rao,28,M,A3
12418,4943,Manjunath Rao,23,M,A1
12419,4943,Ramesh Yadav,61,M,A2
12420,4944,Rekha Hiremath,38,F,A1
12421,4944,Ramesh Kulkarni,34,M,A2
12422,4944,Kiran Desai,25,M,A3
12423,4944,Abhishek Sharma,22,M,A4
12424,4945,Sunil Bhat,20,M,A1
12425,4945,Ramesh Gowda,30,M,A2
12426,4946,Prakash Desai,21,M,A1
12427,4947,Nithin Hiremath,26,M,A1
12428,4947,Karthik Shetty,27,M,A2
12429,4947,Abhishek Yadav,25,M,A3
12430,4947,Suma Hiremath,30,F,A4
12431,4948,Kiran Desai,23,M,A1
12432,4948,Pradeep Rao,31,M,A2
12433,4948,Prakash Bhat,33,M,A3
12434,4948,Arun Hiremath,31,M,A4
12435,4949,Sunil Hegde,64,M,A1
12436,4950,Anil Kulkarni,36,M,A1
12437,4951,Geetha Desai,21,F,A1
12438,4952,Nithin Gowda,34,M,A1
12439,4952,Abhishek Shetty,23,M,A2
12440,4952,Anil Kulkarni,24,M,A3
12441,4952,Shivakumar Joshi,21,M,A4
12442,4953,Divya Singh,29,F,A1
12443,4953,Manjunath Patil,63,M,A2
12444,4954,Pradeep Shetty,29,M,A1
12445,4954,Karthik Shetty,22,M,A2
12446,4955,Suresh Reddy,62,M,A1
12447,4956,Bhagya Kumar,28,F,A1
12448,4956,Meghana Sharma,28,F,A2
12449,4956,Prakash Patil,29,M,A3
12450,4956,Rashmi Kumar,27,F,A4
12451,4957,Sudeep Gowda,24,M,A1
12452,4958,Puneeth Patil,32,M,A1
12453,4958,Shivakumar Reddy,62,M,A2
12454,4959,Ramesh Sharma,30,M,A1
12455,4959,Sangeetha Kulkarni,27,F,A2
12456,4959,Ramesh Rao,22,M,A3
12457,4960,Darshan Yadav,34,M,A1
12458,4960,Prakash Naik,34,M,A2
12459,4961,Shivakumar Patil,22,M,A1
12460,4961,Vijay Rao,56,M,A2
12461,4962,Asha Bhat,58,F,A1
12462,4963,Santosh Rao,60,M,A1
12463,4963,Suresh Patil,47,M,A2
12464,4963,Abhishek Kumar,27,M,A3
12465,4964,Shivakumar Reddy,54,M,A1
12466,4964,Arun Sharma,25,M,A2
12467,4965,Shilpa Reddy,23,F,A1
12468,4965,Santosh Reddy,29,M,A2
12469,4965,Mahesh Joshi,21,M,A3
12470,4965,Shivakumar Shetty,29,M,A4
12471,4966,Abhishek Shetty,25,M,A1
12472,4966,Anil Kulkarni,34,M,A2
12473,4967,Pradeep Bhat,26,M,A1
12474,4967,Prakash Hiremath,30,M,A2
12475,4967,Vinay Desai,30,M,A3
12476,4967,Kiran Shetty,26,M,A4
12477,4968,Santosh Shetty,35,M,A1
12478,4968,Sunil Desai,26,M,A2
12479,4968,Sudeep Gowda,31,M,A3
12480,4968,Nithin Gowda,28,M,A4
12481,4969,Sunil Sharma,28,M,A1
12482,4969,Nithin Desai,33,M,A2
12483,4970,Vinay Hegde,23,M,A1
12484,4970,Mahesh Bhat,27,M,A2
12485,4970,Nithin Shetty,25,M,A3
12486,4971,Asha Reddy,22,F,A1
12487,4972,Abhishek Shetty,22,M,A1
12488,4973,Puneeth Yadav,25,M,A1
12489,4974,Darshan Patil,32,M,A1
12490,4974,Vijay Kulkarni,38,M,A2
12491,4975,Meghana Kulkarni,33,F,A1
12492,4975,Prakash Reddy,29,M,A2
12493,4975,Basavaraj Shetty,29,M,A3
12494,4976,Shivakumar Yadav,35,M,A1
12495,4976,Shivakumar Desai,24,M,A2
12496,4977,Mahesh Patil,22,M,A1
12497,4977,Sunil Patil,59,M,A2
12498,4977,Asha Singh,30,F,A3
12499,4978,Santosh Rao,52,M,A1
12500,4978,Santosh Kumar,48,M,A2
12501,4978,Manjunath Desai,33,M,A3
12502,4979,Puneeth Hegde,33,M,A1
12503,4979,Nithin Bhat,28,M,A2
12504,4979,Kavya Kumar,50,T,A3
12505,4979,Sunil Kulkarni,24,M,A4
12506,4980,Ramesh Sharma,25,M,A1
12507,4980,Anusha Gowda,27,T,A2
12508,4980,Kiran Yadav,41,M,A3
12509,4981,Anil Bhat,45,M,A1
12510,4981,Vijay Yadav,30,M,A2
12511,4981,Kiran Bhat,18,M,A3
12512,4982,Shivakumar Shetty,41,M,A1
12513,4982,Karthik Rao,30,M,A2
12514,4982,Pooja Desai,44,T,A3
12515,4983,Sudeep Yadav,34,M,A1
12516,4983,Karthik Hegde,30,M,A2
12517,4984,Kiran Joshi,23,M,A1
12518,4984,Basavaraj Desai,32,M,A2
12519,4985,Pradeep Kumar,56,M,A1
12520,4985,Vinay Singh,28,M,A2
12521,4985,Rakesh Joshi,28,M,A3
12522,4985,Suma Kumar,23,F,A4
12523,4986,Basavaraj Sharma,35,M,A1
12524,4986,Arun Desai,28,M,A2
12525,4987,Shruthi Yadav,35,F,A1
12526,4987,Anil Desai,26,M,A2
12527,4988,Puneeth Bhat,29,M,A1
12528,4989,Karthik Joshi,26,M,A1
12529,4989,Sunil Bhat,23,M,A2
12530,4989,Mahesh Yadav,29,M,A3
12531,4989,Vijay Singh,40,M,A4
12532,4990,Prakash Singh,30,M,A1
12533,4990,Mahesh Bhat,35,M,A2
12534,4991,Darshan Joshi,54,M,A1
12535,4992,Swathi Joshi,63,F,A1
12536,4992,Mahesh Shetty,60,M,A2
12537,4993,Suma Patil,33,F,A1
12538,4993,Ramya Yadav,20,F,A2
12539,4993,Manjunath Yadav,42,M,A3
12540,4994,Prakash Rao,36,M,A1
12541,4994,Sunil Kulkarni,34,M,A2
12542,4995,Sudeep Yadav,58,M,A1
12543,4995,Manjunath Bhat,21,M,A2
12544,4995,Basavaraj Kulkarni,25,M,A3
12545,4995,Mahesh Patil,34,M,A4
12546,4996,Pradeep Hiremath,60,M,A1
12547,4996,Vijay Gowda,30,M,A2
12548,4996,Divya Naik,33,F,A3
12549,4996,Basavaraj Kumar,30,M,A4
12550,4997,Manjunath Gowda,31,M,A1
12551,4998,Vijay Kulkarni,33,M,A1
12552,4999,Arun Naik,22,M,A1
12553,4999,Suresh Kulkarni,27,M,A2
12554,4999,Anil Naik,26,M,A3
12555,4999,Abhishek Joshi,64,M,A4
12556,5000,Abhishek Singh,29,M,A1
12557,5000,Anil Naik,34,M,A2
