ArrestSurrenderID,CaseMasterID,ArrestSurrenderTypeID,ArrestSurrenderDate,ArrestSurrenderStateId,ArrestSurrenderDistrictId,PoliceStationID,IOID,CourtID,AccusedMasterID,IsAccused,IsComplainantAccused
1,1,1,2024-04-20,29,20,1179,116,27,2,1,0
2,2,1,2025-10-31,29,4,1011,739,43,4,1,0
3,3,1,2024-08-05,29,29,1008,973,27,7,1,0
4,3,1,2024-08-05,29,10,1008,949,19,8,1,0
5,4,2,2025-01-02,29,2,1195,651,22,12,1,0
6,7,1,2025-09-06,29,25,1005,796,22,15,1,0
7,7,1,2025-09-06,29,31,1005,942,31,16,1,0
8,7,2,2025-09-06,29,8,1005,599,49,17,1,0
9,8,1,2024-04-16,29,11,1006,602,39,19,1,0
10,8,1,2024-04-16,29,7,1006,527,50,20,1,0
11,8,1,2024-04-16,29,27,1006,728,37,21,1,0
12,9,1,2024-07-27,29,22,1015,809,40,23,1,0
13,10,1,2024-03-19,29,27,1015,799,26,24,1,0
14,10,1,2024-03-19,29,2,1015,997,20,25,1,0
15,11,1,2024-08-19,29,8,1015,314,4,26,1,0
16,11,1,2024-08-19,29,26,1015,808,27,27,1,0
17,11,1,2024-08-19,29,1,1015,885,2,28,1,0
18,12,1,2025-09-23,29,31,1009,272,30,33,1,0
19,13,1,2025-01-20,29,3,1124,954,24,34,1,0
20,14,1,2025-05-24,29,3,1058,407,4,36,1,0
21,14,1,2025-05-24,29,10,1058,853,11,38,1,0
22,15,1,2024-02-29,29,9,1048,215,38,40,1,0
23,15,1,2024-02-29,29,22,1048,427,7,41,1,0
24,16,1,2024-11-02,29,30,1193,328,44,43,1,0
25,17,1,2024-10-25,29,27,1072,431,7,45,1,0
26,17,1,2024-10-25,29,6,1072,698,21,46,1,0
27,18,1,2025-12-23,29,4,1049,795,7,49,1,0
28,18,1,2025-12-23,29,31,1049,858,17,50,1,0
29,19,1,2025-04-27,29,14,1133,238,23,51,1,0
30,20,1,2025-01-14,29,21,1007,601,27,52,1,0
31,22,1,2025-11-30,29,18,1106,347,49,56,1,0
32,23,1,2026-04-19,29,6,1015,527,18,58,1,0
33,23,1,2026-04-19,29,29,1015,646,41,60,1,0
34,24,2,2024-01-31,29,17,1181,584,20,61,1,0
35,24,1,2024-01-31,29,15,1181,905,31,62,1,0
36,24,1,2024-01-31,29,22,1181,951,10,63,1,0
37,24,2,2024-01-31,29,13,1181,183,15,64,1,0
38,25,1,2025-11-08,29,24,1028,163,10,65,1,0
39,26,1,2024-05-10,29,24,1034,593,35,67,1,0
40,26,1,2024-05-10,29,2,1034,689,8,68,1,0
41,26,1,2024-05-10,29,2,1034,288,33,69,1,0
42,27,1,2024-03-21,29,4,1032,874,19,71,1,0
43,28,2,2024-06-26,29,13,1008,867,20,72,1,0
44,28,1,2024-06-26,29,16,1008,917,33,74,1,0
45,29,2,2025-08-06,29,30,1193,731,48,75,1,0
46,29,1,2025-08-06,29,15,1193,600,2,76,1,0
47,29,1,2025-08-06,29,11,1193,966,11,77,1,0
48,30,1,2025-07-29,29,3,1007,288,38,78,1,0
49,30,2,2025-07-29,29,3,1007,350,37,79,1,0
50,30,1,2025-07-29,29,23,1007,133,32,80,1,0
51,31,1,2026-04-16,29,30,1028,669,10,83,1,0
52,33,2,2026-01-28,29,25,1007,564,16,87,1,0
53,33,1,2026-01-28,29,19,1007,370,42,88,1,0
54,34,1,2026-05-09,29,4,1051,561,3,90,1,0
55,34,2,2026-05-09,29,27,1051,321,49,92,1,0
56,34,1,2026-05-09,29,13,1051,592,43,93,1,0
57,35,1,2024-10-14,29,25,1098,941,32,95,1,0
58,35,1,2024-10-14,29,5,1098,741,11,96,1,0
59,36,1,2024-07-15,29,1,1009,859,46,97,1,0
60,36,1,2024-07-15,29,21,1009,980,1,98,1,0
61,37,1,2025-01-27,29,12,1001,319,23,100,1,0
62,37,1,2025-01-27,29,15,1001,461,5,102,1,0
63,38,1,2026-05-16,29,4,1224,724,1,103,1,0
64,38,1,2026-05-16,29,25,1224,260,23,104,1,0
65,39,2,2024-06-03,29,30,1034,499,9,106,1,0
66,39,1,2024-06-03,29,26,1034,394,30,108,1,0
67,40,1,2024-02-20,29,23,1048,785,31,110,1,0
68,40,1,2024-02-20,29,27,1048,622,7,111,1,0
69,41,2,2024-08-08,29,15,1005,452,29,114,1,0
70,41,1,2024-08-08,29,26,1005,785,4,115,1,0
71,41,2,2024-08-08,29,11,1005,724,33,116,1,0
72,42,1,2024-03-02,29,3,1025,902,44,117,1,0
73,42,2,2024-03-02,29,16,1025,921,32,118,1,0
74,42,1,2024-03-02,29,8,1025,247,47,119,1,0
75,43,1,2025-12-31,29,13,1108,912,1,120,1,0
76,44,2,2025-05-27,29,10,1003,332,34,121,1,0
77,44,1,2025-05-27,29,1,1003,651,12,122,1,0
78,44,1,2025-05-27,29,4,1003,995,29,123,1,0
79,45,1,2026-04-22,29,25,1159,696,43,125,1,0
80,46,1,2024-07-07,29,9,1031,129,46,129,1,0
81,48,1,2025-06-11,29,31,1124,547,30,131,1,0
82,49,1,2026-04-24,29,3,1013,247,34,132,1,0
83,49,2,2026-04-24,29,12,1013,709,36,133,1,0
84,49,1,2026-04-24,29,4,1013,986,42,135,1,0
85,50,1,2024-08-24,29,9,1011,460,25,138,1,0
86,53,1,2025-03-31,29,31,1001,213,35,144,1,0
87,54,1,2026-06-24,29,30,1015,638,35,147,1,0
88,54,1,2026-06-24,29,29,1015,353,38,149,1,0
89,55,1,2025-01-23,29,5,1007,114,30,150,1,0
90,55,1,2025-01-23,29,26,1007,355,1,151,1,0
91,56,1,2026-05-29,29,3,1001,330,12,152,1,0
92,57,1,2024-07-31,29,31,1005,881,20,155,1,0
93,58,2,2025-07-22,29,30,1009,888,49,157,1,0
94,60,1,2026-06-27,29,5,1056,167,43,163,1,0
95,60,1,2026-06-27,29,27,1056,903,34,164,1,0
96,61,1,2025-04-14,29,19,1059,931,19,165,1,0
97,62,1,2026-04-19,29,23,1208,868,30,167,1,0
98,62,1,2026-04-19,29,7,1208,764,45,168,1,0
99,63,1,2025-07-17,29,22,1027,739,20,169,1,0
100,63,1,2025-07-17,29,25,1027,259,24,170,1,0
101,64,1,2024-03-19,29,19,1044,782,20,171,1,0
102,64,1,2024-03-19,29,14,1044,624,36,173,1,0
103,66,1,2024-03-22,29,3,1005,804,11,178,1,0
104,66,1,2024-03-22,29,15,1005,154,18,179,1,0
105,66,1,2024-03-22,29,20,1005,474,41,180,1,0
106,68,2,2025-08-14,29,18,1049,243,47,185,1,0
107,69,1,2025-06-10,29,13,1174,780,20,186,1,0
108,69,1,2025-06-10,29,4,1174,488,16,187,1,0
109,69,1,2025-06-10,29,28,1174,170,48,189,1,0
110,70,1,2025-08-01,29,25,1002,644,4,190,1,0
111,71,1,2025-04-30,29,27,1214,188,47,193,1,0
112,72,1,2026-05-14,29,8,1130,715,32,194,1,0
113,72,1,2026-05-14,29,20,1130,347,2,195,1,0
114,73,1,2024-05-22,29,25,1092,342,20,197,1,0
115,73,2,2024-05-22,29,16,1092,633,10,198,1,0
116,76,1,2024-12-23,29,9,1012,507,13,204,1,0
117,77,1,2025-03-25,29,21,1081,170,16,205,1,0
118,78,1,2025-04-26,29,7,1030,391,11,206,1,0
119,78,1,2025-04-26,29,25,1030,957,2,207,1,0
120,79,1,2024-09-26,29,17,1004,475,18,209,1,0
121,79,1,2024-09-26,29,6,1004,657,6,210,1,0
122,79,1,2024-09-26,29,12,1004,211,3,211,1,0
123,80,1,2025-05-06,29,29,1221,670,44,212,1,0
124,81,1,2024-05-20,29,17,1138,187,17,214,1,0
125,81,2,2024-05-20,29,1,1138,199,21,215,1,0
126,82,1,2025-11-30,29,26,1024,206,39,217,1,0
127,83,1,2025-06-09,29,27,1013,630,50,219,1,0
128,83,1,2025-06-09,29,12,1013,453,30,220,1,0
129,87,1,2024-09-14,29,1,1144,187,38,227,1,0
130,87,1,2024-09-14,29,6,1144,467,31,228,1,0
131,87,2,2024-09-14,29,21,1144,720,30,229,1,0
132,89,2,2025-07-30,29,11,1008,441,30,232,1,0
133,90,1,2025-12-01,29,1,1197,344,40,233,1,0
134,90,1,2025-12-01,29,15,1197,494,26,234,1,0
135,91,1,2026-01-03,29,29,1015,850,16,236,1,0
136,92,2,2025-01-04,29,9,1005,367,49,238,1,0
137,93,1,2025-03-28,29,28,1036,357,25,240,1,0
138,94,1,2025-12-31,29,18,1040,390,10,241,1,0
139,95,1,2024-09-28,29,20,1006,318,11,242,1,0
140,95,1,2024-09-28,29,15,1006,730,48,243,1,0
141,95,1,2024-09-28,29,16,1006,663,10,244,1,0
142,97,1,2025-09-13,29,11,1129,663,20,247,1,0
143,97,1,2025-09-13,29,7,1129,799,10,248,1,0
144,98,1,2024-10-07,29,2,1010,340,15,249,1,0
145,98,2,2024-10-07,29,14,1010,163,6,250,1,0
146,98,1,2024-10-07,29,8,1010,576,21,251,1,0
147,99,1,2025-07-01,29,3,1014,636,31,253,1,0
148,99,1,2025-07-01,29,9,1014,796,15,255,1,0
149,100,1,2025-11-11,29,5,1158,894,40,256,1,0
150,100,1,2025-11-11,29,3,1158,765,45,257,1,0
151,100,1,2025-11-11,29,12,1158,247,19,258,1,0
152,101,1,2025-07-24,29,10,1042,956,46,259,1,0
153,102,1,2025-03-19,29,13,1010,423,23,260,1,0
154,103,1,2026-04-22,29,21,1082,274,47,261,1,0
155,103,1,2026-04-22,29,2,1082,118,38,262,1,0
156,104,1,2025-07-14,29,27,1121,497,32,263,1,0
157,104,1,2025-07-14,29,31,1121,794,13,265,1,0
158,105,1,2026-06-12,29,29,1113,713,24,266,1,0
159,106,1,2024-07-11,29,29,1183,791,4,268,1,0
160,106,1,2024-07-11,29,9,1183,627,12,269,1,0
161,108,1,2024-05-06,29,9,1138,429,20,273,1,0
162,108,1,2024-05-06,29,22,1138,911,13,274,1,0
163,109,1,2025-09-22,29,13,1131,563,33,275,1,0
164,109,1,2025-09-22,29,7,1131,689,38,276,1,0
165,109,1,2025-09-22,29,18,1131,687,43,277,1,0
166,110,1,2025-07-29,29,28,1218,941,7,278,1,0
167,110,1,2025-07-29,29,9,1218,357,9,280,1,0
168,111,2,2025-05-23,29,4,1211,691,38,282,1,0
169,111,1,2025-05-23,29,19,1211,171,47,284,1,0
170,112,1,2024-11-30,29,25,1027,685,37,285,1,0
171,112,1,2024-11-30,29,28,1027,142,41,286,1,0
172,113,1,2025-07-22,29,31,1170,202,34,289,1,0
173,114,1,2024-07-03,29,6,1010,946,4,291,1,0
174,114,1,2024-07-03,29,30,1010,734,35,292,1,0
175,115,1,2025-06-01,29,30,1012,269,47,294,1,0
176,115,1,2025-06-01,29,22,1012,332,46,295,1,0
177,118,1,2024-08-23,29,21,1030,984,18,299,1,0
178,118,1,2024-08-23,29,25,1030,640,37,300,1,0
179,119,1,2026-01-13,29,30,1011,705,14,301,1,0
180,120,1,2025-04-07,29,18,1037,545,19,303,1,0
181,121,1,2025-06-20,29,28,1007,119,34,304,1,0
182,122,1,2026-05-23,29,4,1140,786,18,305,1,0
183,124,1,2024-04-01,29,11,1011,188,36,310,1,0
184,125,1,2025-03-25,29,2,1122,929,36,312,1,0
185,125,1,2025-03-25,29,29,1122,720,39,315,1,0
186,126,1,2024-06-23,29,16,1013,452,1,316,1,0
187,128,1,2025-04-14,29,14,1104,162,29,318,1,0
188,128,1,2025-04-14,29,14,1104,932,9,319,1,0
189,128,1,2025-04-14,29,29,1104,813,39,321,1,0
190,129,1,2025-04-28,29,18,1194,857,2,323,1,0
191,130,1,2026-04-15,29,5,1077,902,28,325,1,0
192,130,1,2026-04-15,29,30,1077,834,45,326,1,0
193,131,1,2026-04-30,29,13,1014,585,33,328,1,0
194,131,1,2026-04-30,29,21,1014,179,7,329,1,0
195,131,1,2026-04-30,29,22,1014,218,25,330,1,0
196,132,1,2025-12-05,29,9,1024,190,2,331,1,0
197,132,1,2025-12-05,29,17,1024,899,17,332,1,0
198,133,1,2024-04-17,29,8,1070,658,16,336,1,0
199,133,1,2024-04-17,29,25,1070,809,3,337,1,0
200,134,1,2026-04-17,29,8,1011,561,33,338,1,0
201,134,2,2026-04-17,29,26,1011,225,41,340,1,0
202,135,1,2025-01-19,29,10,1004,645,11,341,1,0
203,135,2,2025-01-19,29,16,1004,985,16,343,1,0
204,138,1,2024-09-29,29,3,1043,218,19,347,1,0
205,139,1,2026-04-15,29,17,1003,526,29,348,1,0
206,139,2,2026-04-15,29,12,1003,203,36,349,1,0
207,140,1,2024-11-11,29,27,1005,793,23,350,1,0
208,140,1,2024-11-11,29,14,1005,244,49,352,1,0
209,141,1,2026-05-18,29,15,1166,810,9,353,1,0
210,141,1,2026-05-18,29,17,1166,525,19,354,1,0
211,141,1,2026-05-18,29,11,1166,656,1,355,1,0
212,141,1,2026-05-18,29,3,1166,460,31,356,1,0
213,142,1,2025-09-08,29,18,1047,764,41,357,1,0
214,142,1,2025-09-08,29,4,1047,744,35,358,1,0
215,142,1,2025-09-08,29,27,1047,154,46,359,1,0
216,143,2,2024-11-11,29,20,1029,762,15,361,1,0
217,143,1,2024-11-11,29,26,1029,239,42,362,1,0
218,143,1,2024-11-11,29,28,1029,263,23,363,1,0
219,146,2,2024-04-15,29,13,1148,501,19,369,1,0
220,147,1,2024-01-26,29,9,1034,870,49,372,1,0
221,150,1,2026-05-30,29,3,1015,326,27,376,1,0
222,150,1,2026-05-30,29,14,1015,567,38,377,1,0
223,151,1,2024-04-29,29,21,1050,835,1,378,1,0
224,151,1,2024-04-29,29,13,1050,848,50,379,1,0
225,152,1,2024-05-31,29,13,1210,457,8,380,1,0
226,153,1,2025-08-06,29,6,1009,167,24,382,1,0
227,153,1,2025-08-06,29,18,1009,492,10,383,1,0
228,154,1,2025-08-28,29,20,1122,328,23,384,1,0
229,154,1,2025-08-28,29,4,1122,223,33,385,1,0
230,155,1,2024-02-10,29,7,1025,387,36,386,1,0
231,155,1,2024-02-10,29,31,1025,804,29,388,1,0
232,155,1,2024-02-10,29,23,1025,364,16,389,1,0
233,156,1,2024-09-20,29,9,1007,887,18,390,1,0
234,156,1,2024-09-20,29,23,1007,939,24,391,1,0
235,158,1,2026-01-14,29,28,1047,560,41,396,1,0
236,159,2,2024-11-06,29,2,1010,424,47,399,1,0
237,161,1,2025-07-12,29,2,1016,141,44,401,1,0
238,162,1,2025-05-30,29,29,1222,451,1,404,1,0
239,162,1,2025-05-30,29,9,1222,180,4,405,1,0
240,164,1,2026-01-09,29,12,1029,741,19,407,1,0
241,164,1,2026-01-09,29,25,1029,489,23,409,1,0
242,165,2,2024-09-05,29,15,1032,990,45,411,1,0
243,165,1,2024-09-05,29,23,1032,990,27,412,1,0
244,165,1,2024-09-05,29,3,1032,209,20,413,1,0
245,165,1,2024-09-05,29,19,1032,809,20,414,1,0
246,166,1,2024-01-07,29,26,1050,313,2,415,1,0
247,166,1,2024-01-07,29,8,1050,356,25,416,1,0
248,166,1,2024-01-07,29,14,1050,430,49,417,1,0
249,166,2,2024-01-07,29,30,1050,982,48,418,1,0
250,167,1,2026-01-30,29,30,1011,616,44,420,1,0
251,168,1,2025-05-01,29,15,1003,219,20,424,1,0
252,168,2,2025-05-01,29,11,1003,595,21,425,1,0
253,168,1,2025-05-01,29,4,1003,849,8,426,1,0
254,169,1,2026-05-12,29,3,1190,836,37,427,1,0
255,170,2,2026-02-02,29,9,1058,965,12,428,1,0
256,172,1,2025-01-19,29,2,1014,513,43,432,1,0
257,172,1,2025-01-19,29,4,1014,204,6,434,1,0
258,173,1,2025-10-27,29,27,1163,137,50,435,1,0
259,174,1,2026-03-10,29,13,1014,101,28,436,1,0
260,174,1,2026-03-10,29,4,1014,604,25,437,1,0
261,174,1,2026-03-10,29,30,1014,797,4,438,1,0
262,174,1,2026-03-10,29,8,1014,774,8,439,1,0
263,175,1,2025-01-19,29,31,1084,379,8,442,1,0
264,177,1,2026-02-07,29,18,1211,824,6,445,1,0
265,177,1,2026-02-07,29,2,1211,994,22,446,1,0
266,178,1,2025-11-16,29,23,1190,981,31,447,1,0
267,179,1,2025-07-31,29,11,1002,462,1,448,1,0
268,179,1,2025-07-31,29,30,1002,839,46,449,1,0
269,180,1,2024-12-17,29,13,1010,666,42,451,1,0
270,180,1,2024-12-17,29,31,1010,854,34,452,1,0
271,180,1,2024-12-17,29,12,1010,813,13,453,1,0
272,181,1,2025-05-01,29,10,1126,950,36,454,1,0
273,181,2,2025-05-01,29,2,1126,404,8,455,1,0
274,181,1,2025-05-01,29,8,1126,613,9,456,1,0
275,181,1,2025-05-01,29,15,1126,878,27,457,1,0
276,182,1,2025-06-29,29,23,1059,917,13,458,1,0
277,182,1,2025-06-29,29,21,1059,944,11,460,1,0
278,182,1,2025-06-29,29,4,1059,241,19,461,1,0
279,183,1,2025-05-03,29,20,1007,506,22,462,1,0
280,183,1,2025-05-03,29,26,1007,251,2,463,1,0
281,183,1,2025-05-03,29,2,1007,903,27,465,1,0
282,185,1,2026-06-01,29,11,1014,202,18,467,1,0
283,185,1,2026-06-01,29,29,1014,666,44,468,1,0
284,185,1,2026-06-01,29,14,1014,658,26,469,1,0
285,186,1,2026-02-25,29,21,1199,835,5,470,1,0
286,186,1,2026-02-25,29,30,1199,473,27,471,1,0
287,187,1,2024-08-29,29,28,1027,280,15,475,1,0
288,187,1,2024-08-29,29,25,1027,147,26,476,1,0
289,188,1,2024-06-29,29,15,1007,640,11,478,1,0
290,189,1,2024-09-16,29,20,1028,925,6,479,1,0
291,189,1,2024-09-16,29,14,1028,918,15,480,1,0
292,189,1,2024-09-16,29,26,1028,525,10,481,1,0
293,189,1,2024-09-16,29,24,1028,527,1,482,1,0
294,190,1,2026-02-09,29,19,1217,576,48,483,1,0
295,190,1,2026-02-09,29,15,1217,986,30,484,1,0
296,190,1,2026-02-09,29,7,1217,396,35,485,1,0
297,191,1,2024-01-20,29,16,1024,927,25,486,1,0
298,193,1,2024-05-14,29,21,1150,683,48,490,1,0
299,194,1,2026-04-29,29,13,1015,945,14,493,1,0
300,195,1,2026-04-03,29,22,1004,665,14,494,1,0
301,198,1,2024-11-18,29,23,1006,632,1,498,1,0
302,199,2,2025-09-07,29,16,1080,663,39,499,1,0
303,199,1,2025-09-07,29,30,1080,439,28,500,1,0
304,199,1,2025-09-07,29,5,1080,698,42,501,1,0
305,200,1,2024-07-07,29,17,1026,609,43,502,1,0
306,201,1,2025-11-19,29,12,1011,502,2,504,1,0
307,201,1,2025-11-19,29,26,1011,450,50,505,1,0
308,202,1,2025-10-24,29,3,1030,970,15,507,1,0
309,202,1,2025-10-24,29,13,1030,574,28,508,1,0
310,203,1,2025-03-10,29,23,1025,377,16,511,1,0
311,203,2,2025-03-10,29,1,1025,330,26,512,1,0
312,204,1,2026-05-28,29,11,1116,873,17,514,1,0
313,204,1,2026-05-28,29,31,1116,677,3,516,1,0
314,205,2,2024-09-04,29,14,1108,779,47,517,1,0
315,205,1,2024-09-04,29,5,1108,504,41,519,1,0
316,205,1,2024-09-04,29,6,1108,911,14,520,1,0
317,206,1,2024-02-13,29,24,1049,897,43,521,1,0
318,207,1,2024-12-05,29,17,1004,828,35,524,1,0
319,208,1,2026-03-28,29,31,1183,740,28,525,1,0
320,211,1,2025-06-05,29,24,1143,768,47,530,1,0
321,212,1,2025-06-29,29,13,1030,676,42,531,1,0
322,212,1,2025-06-29,29,22,1030,963,31,532,1,0
323,212,1,2025-06-29,29,15,1030,204,6,533,1,0
324,212,1,2025-06-29,29,23,1030,807,31,534,1,0
325,213,1,2024-04-25,29,13,1002,922,4,535,1,0
326,214,1,2025-11-05,29,18,1015,573,19,537,1,0
327,214,1,2025-11-05,29,23,1015,580,44,538,1,0
328,215,1,2026-05-03,29,22,1010,389,1,540,1,0
329,215,1,2026-05-03,29,22,1010,904,13,542,1,0
330,216,1,2024-05-07,29,24,1005,794,29,543,1,0
331,216,1,2024-05-07,29,28,1005,994,3,544,1,0
332,217,1,2025-02-13,29,1,1001,149,48,545,1,0
333,218,1,2025-08-24,29,20,1044,475,20,547,1,0
334,218,1,2025-08-24,29,6,1044,645,24,548,1,0
335,219,1,2026-06-06,29,28,1032,967,7,549,1,0
336,220,1,2024-11-09,29,12,1227,993,49,553,1,0
337,221,2,2026-03-18,29,9,1005,500,41,557,1,0
338,221,1,2026-03-18,29,25,1005,326,45,558,1,0
339,221,1,2026-03-18,29,12,1005,218,24,559,1,0
340,222,1,2024-06-13,29,7,1107,616,38,561,1,0
341,222,1,2024-06-13,29,10,1107,499,21,562,1,0
342,223,1,2025-09-17,29,25,1005,733,21,565,1,0
343,223,2,2025-09-17,29,18,1005,961,10,568,1,0
344,224,1,2024-06-01,29,3,1008,869,35,569,1,0
345,224,1,2024-06-01,29,13,1008,835,1,570,1,0
346,225,1,2025-09-24,29,13,1014,665,13,572,1,0
347,225,1,2025-09-24,29,11,1014,141,4,573,1,0
348,226,1,2024-02-14,29,7,1157,753,22,574,1,0
349,226,1,2024-02-14,29,30,1157,677,16,575,1,0
350,226,1,2024-02-14,29,11,1157,573,4,577,1,0
351,229,1,2024-01-14,29,6,1061,138,16,582,1,0
352,229,1,2024-01-14,29,1,1061,143,42,584,1,0
353,230,1,2025-08-04,29,8,1009,263,37,585,1,0
354,230,1,2025-08-04,29,31,1009,538,10,586,1,0
355,231,1,2025-04-09,29,11,1083,632,27,588,1,0
356,232,1,2025-08-26,29,26,1180,171,29,589,1,0
357,233,1,2026-05-17,29,5,1026,971,44,590,1,0
358,234,1,2025-10-15,29,23,1103,714,17,591,1,0
359,234,1,2025-10-15,29,12,1103,191,27,593,1,0
360,234,1,2025-10-15,29,28,1103,307,24,594,1,0
361,235,1,2026-04-03,29,18,1030,380,20,595,1,0
362,235,1,2026-04-03,29,14,1030,988,5,596,1,0
363,236,1,2025-05-01,29,17,1026,979,13,598,1,0
364,236,1,2025-05-01,29,22,1026,924,23,600,1,0
365,236,1,2025-05-01,29,9,1026,759,25,601,1,0
366,237,1,2025-08-18,29,18,1008,507,22,602,1,0
367,237,1,2025-08-18,29,13,1008,457,48,603,1,0
368,237,1,2025-08-18,29,3,1008,926,4,604,1,0
369,237,1,2025-08-18,29,23,1008,470,48,605,1,0
370,238,1,2024-07-19,29,5,1167,136,20,607,1,0
371,239,1,2026-01-31,29,11,1015,169,30,608,1,0
372,239,1,2026-01-31,29,19,1015,543,10,610,1,0
373,240,1,2024-02-28,29,5,1006,730,19,613,1,0
374,240,1,2024-02-28,29,28,1006,173,24,614,1,0
375,243,1,2024-11-18,29,12,1008,298,39,623,1,0
376,243,1,2024-11-18,29,9,1008,627,6,624,1,0
377,244,1,2024-12-25,29,14,1087,533,21,625,1,0
378,244,1,2024-12-25,29,22,1087,730,28,626,1,0
379,245,1,2024-03-12,29,8,1013,272,16,627,1,0
380,245,1,2024-03-12,29,2,1013,975,39,628,1,0
381,245,1,2024-03-12,29,28,1013,541,13,629,1,0
382,246,1,2025-02-26,29,19,1008,498,21,632,1,0
383,247,1,2026-06-02,29,10,1023,538,22,634,1,0
384,247,1,2026-06-02,29,25,1023,316,49,635,1,0
385,247,1,2026-06-02,29,23,1023,639,46,636,1,0
386,248,1,2025-05-03,29,24,1005,596,9,637,1,0
387,249,2,2024-08-18,29,9,1058,751,48,638,1,0
388,249,1,2024-08-18,29,21,1058,226,22,639,1,0
389,249,1,2024-08-18,29,22,1058,875,14,640,1,0
390,250,1,2025-05-29,29,9,1027,574,17,642,1,0
391,250,1,2025-05-29,29,28,1027,291,1,643,1,0
392,250,1,2025-05-29,29,12,1027,563,12,644,1,0
393,251,1,2025-05-05,29,1,1156,512,6,646,1,0
394,251,1,2025-05-05,29,24,1156,446,30,647,1,0
395,251,1,2025-05-05,29,24,1156,706,45,649,1,0
396,252,1,2025-12-09,29,8,1011,675,10,651,1,0
397,252,1,2025-12-09,29,1,1011,963,8,652,1,0
398,253,1,2024-12-10,29,28,1013,920,22,653,1,0
399,254,1,2025-09-02,29,27,1014,410,19,654,1,0
400,254,2,2025-09-02,29,27,1014,225,16,655,1,0
401,255,1,2026-04-03,29,24,1210,965,29,658,1,0
402,256,1,2025-05-14,29,10,1011,460,10,661,1,0
403,257,1,2026-04-30,29,27,1048,228,14,662,1,0
404,258,2,2026-02-21,29,4,1218,724,14,664,1,0
405,259,1,2024-06-14,29,17,1136,138,40,665,1,0
406,260,1,2024-02-20,29,16,1009,247,48,669,1,0
407,260,1,2024-02-20,29,14,1009,110,14,670,1,0
408,261,1,2025-08-15,29,5,1070,993,17,671,1,0
409,261,1,2025-08-15,29,30,1070,767,22,672,1,0
410,261,2,2025-08-15,29,9,1070,701,22,673,1,0
411,262,1,2026-04-29,29,20,1080,427,15,675,1,0
412,262,1,2026-04-29,29,26,1080,119,44,676,1,0
413,262,1,2026-04-29,29,25,1080,591,34,677,1,0
414,263,1,2026-05-14,29,30,1005,216,9,678,1,0
415,264,1,2026-02-01,29,11,1048,354,36,679,1,0
416,264,2,2026-02-01,29,9,1048,745,28,680,1,0
417,264,1,2026-02-01,29,4,1048,728,33,681,1,0
418,265,1,2024-05-22,29,25,1040,198,27,682,1,0
419,265,1,2024-05-22,29,27,1040,841,20,683,1,0
420,266,2,2025-01-13,29,16,1004,891,44,687,1,0
421,267,1,2026-03-01,29,17,1013,908,33,688,1,0
422,267,1,2026-03-01,29,15,1013,867,34,689,1,0
423,268,1,2025-10-20,29,17,1055,263,21,692,1,0
424,268,1,2025-10-20,29,20,1055,879,24,693,1,0
425,270,2,2026-04-10,29,24,1002,474,33,696,1,0
426,271,1,2025-11-10,29,14,1015,471,28,698,1,0
427,272,1,2025-08-02,29,19,1176,119,43,699,1,0
428,275,1,2025-05-08,29,9,1047,290,15,705,1,0
429,276,1,2025-03-05,29,28,1124,602,34,706,1,0
430,276,1,2025-03-05,29,28,1124,366,49,707,1,0
431,277,1,2024-08-05,29,14,1048,739,16,709,1,0
432,277,1,2024-08-05,29,9,1048,291,22,710,1,0
433,278,1,2024-02-26,29,4,1108,749,3,711,1,0
434,279,1,2025-09-08,29,18,1025,302,28,712,1,0
435,279,1,2025-09-08,29,9,1025,154,20,714,1,0
436,280,1,2024-08-15,29,13,1201,292,31,715,1,0
437,280,1,2024-08-15,29,21,1201,719,29,716,1,0
438,281,1,2025-12-07,29,1,1015,309,2,717,1,0
439,281,1,2025-12-07,29,14,1015,263,31,718,1,0
440,283,1,2024-04-29,29,1,1027,169,29,721,1,0
441,283,1,2024-04-29,29,24,1027,490,25,723,1,0
442,283,1,2024-04-29,29,22,1027,116,40,724,1,0
443,286,1,2024-12-06,29,16,1160,195,18,730,1,0
444,286,1,2024-12-06,29,26,1160,187,29,731,1,0
445,286,1,2024-12-06,29,1,1160,474,46,732,1,0
446,288,1,2026-04-17,29,6,1061,434,43,734,1,0
447,289,1,2025-06-28,29,28,1124,436,22,735,1,0
448,289,2,2025-06-28,29,27,1124,318,42,736,1,0
449,290,1,2025-02-04,29,24,1168,367,8,738,1,0
450,290,1,2025-02-04,29,9,1168,771,43,740,1,0
451,290,1,2025-02-04,29,30,1168,635,38,741,1,0
452,291,1,2025-02-09,29,18,1056,971,34,742,1,0
453,291,2,2025-02-09,29,20,1056,537,47,743,1,0
454,291,1,2025-02-09,29,7,1056,902,28,744,1,0
455,292,1,2026-01-21,29,15,1009,194,5,746,1,0
456,292,1,2026-01-21,29,22,1009,732,11,747,1,0
457,293,1,2025-09-14,29,26,1009,641,14,751,1,0
458,294,1,2025-02-12,29,9,1025,421,46,752,1,0
459,294,1,2025-02-12,29,26,1025,879,25,753,1,0
460,295,2,2026-03-15,29,14,1027,293,11,754,1,0
461,296,2,2025-09-12,29,4,1230,790,22,757,1,0
462,296,1,2025-09-12,29,4,1230,591,46,758,1,0
463,296,1,2025-09-12,29,21,1230,332,13,759,1,0
464,297,1,2025-03-05,29,16,1014,169,17,760,1,0
465,298,1,2026-06-12,29,5,1207,413,28,761,1,0
466,298,1,2026-06-12,29,24,1207,378,37,763,1,0
467,299,1,2025-08-17,29,12,1002,183,28,764,1,0
468,300,1,2025-06-15,29,22,1011,773,19,766,1,0
469,300,1,2025-06-15,29,5,1011,663,41,767,1,0
470,300,1,2025-06-15,29,29,1011,625,46,768,1,0
471,301,2,2024-11-17,29,29,1005,645,14,769,1,0
472,302,1,2026-02-03,29,15,1006,702,23,771,1,0
473,303,2,2024-02-20,29,11,1032,501,5,772,1,0
474,303,2,2024-02-20,29,19,1032,297,40,773,1,0
475,303,1,2024-02-20,29,11,1032,618,31,774,1,0
476,303,1,2024-02-20,29,7,1032,203,37,775,1,0
477,304,1,2024-06-05,29,20,1010,154,45,779,1,0
478,305,1,2025-07-21,29,10,1021,670,18,780,1,0
479,305,1,2025-07-21,29,27,1021,969,38,781,1,0
480,306,1,2024-08-14,29,30,1154,958,47,782,1,0
481,306,1,2024-08-14,29,22,1154,429,39,783,1,0
482,307,1,2026-06-01,29,26,1014,684,38,785,1,0
483,308,1,2025-06-18,29,14,1191,689,48,787,1,0
484,308,1,2025-06-18,29,29,1191,511,14,788,1,0
485,309,1,2024-05-01,29,21,1031,983,32,790,1,0
486,311,1,2024-02-05,29,4,1014,461,15,792,1,0
487,312,1,2026-03-24,29,1,1007,169,2,793,1,0
488,313,1,2024-09-22,29,23,1009,542,50,794,1,0
489,313,1,2024-09-22,29,15,1009,954,6,796,1,0
490,314,1,2025-11-06,29,4,1033,246,33,797,1,0
491,314,1,2025-11-06,29,22,1033,581,14,798,1,0
492,316,1,2026-05-01,29,8,1001,555,32,801,1,0
493,316,1,2026-05-01,29,1,1001,299,39,802,1,0
494,317,1,2025-02-26,29,15,1013,321,32,804,1,0
495,318,1,2024-10-18,29,30,1077,986,15,805,1,0
496,318,1,2024-10-18,29,22,1077,481,12,807,1,0
497,319,1,2025-06-15,29,5,1004,368,21,809,1,0
498,320,1,2025-01-23,29,2,1027,535,35,811,1,0
499,321,1,2026-03-20,29,29,1092,482,45,812,1,0
500,321,1,2026-03-20,29,14,1092,228,48,813,1,0
501,323,1,2026-06-21,29,22,1001,302,21,818,1,0
502,323,2,2026-06-21,29,1,1001,137,37,819,1,0
503,324,2,2024-08-27,29,31,1006,399,15,820,1,0
504,324,1,2024-08-27,29,15,1006,565,13,822,1,0
505,324,1,2024-08-27,29,31,1006,992,15,823,1,0
506,325,1,2024-07-28,29,26,1012,359,50,825,1,0
507,325,1,2024-07-28,29,30,1012,996,31,827,1,0
508,326,1,2026-05-11,29,17,1014,558,25,829,1,0
509,326,2,2026-05-11,29,2,1014,585,3,830,1,0
510,327,1,2025-05-13,29,27,1115,776,29,831,1,0
511,327,1,2025-05-13,29,31,1115,262,30,832,1,0
512,327,1,2025-05-13,29,31,1115,763,42,833,1,0
513,328,1,2024-05-29,29,5,1053,333,24,834,1,0
514,328,1,2024-05-29,29,15,1053,453,14,836,1,0
515,329,1,2026-03-27,29,19,1152,397,44,837,1,0
516,329,1,2026-03-27,29,13,1152,545,50,838,1,0
517,331,1,2025-08-21,29,5,1089,507,1,841,1,0
518,331,1,2025-08-21,29,25,1089,339,20,842,1,0
519,332,1,2024-09-16,29,9,1025,922,29,847,1,0
520,333,1,2025-05-17,29,26,1110,165,26,848,1,0
521,335,1,2025-12-16,29,4,1001,527,2,850,1,0
522,335,1,2025-12-16,29,5,1001,223,9,852,1,0
523,338,1,2025-05-22,29,5,1036,220,30,858,1,0
524,339,1,2024-08-17,29,2,1007,477,1,861,1,0
525,339,1,2024-08-17,29,15,1007,605,17,862,1,0
526,339,2,2024-08-17,29,13,1007,188,21,863,1,0
527,340,1,2024-10-31,29,6,1010,656,38,867,1,0
528,341,1,2025-06-19,29,23,1006,853,34,870,1,0
529,341,2,2025-06-19,29,25,1006,921,10,871,1,0
530,342,2,2024-08-30,29,6,1006,194,13,873,1,0
531,344,1,2024-03-08,29,24,1181,325,2,876,1,0
532,344,2,2024-03-08,29,11,1181,701,12,877,1,0
533,345,1,2024-01-30,29,5,1002,530,31,879,1,0
534,345,2,2024-01-30,29,31,1002,290,6,882,1,0
535,346,1,2025-12-12,29,7,1009,674,15,885,1,0
536,347,1,2025-03-04,29,14,1009,360,45,886,1,0
537,347,1,2025-03-04,29,13,1009,831,29,888,1,0
538,348,1,2025-08-16,29,7,1053,422,17,889,1,0
539,348,1,2025-08-16,29,24,1053,423,9,891,1,0
540,351,1,2025-03-01,29,15,1194,711,36,897,1,0
541,352,1,2026-01-10,29,22,1002,979,26,898,1,0
542,352,1,2026-01-10,29,8,1002,175,5,899,1,0
543,354,1,2025-08-13,29,6,1012,546,24,903,1,0
544,355,1,2026-03-16,29,29,1166,679,43,905,1,0
545,355,1,2026-03-16,29,15,1166,572,13,906,1,0
546,355,2,2026-03-16,29,28,1166,678,34,907,1,0
547,356,1,2024-09-15,29,11,1141,799,23,908,1,0
548,356,1,2024-09-15,29,13,1141,108,4,909,1,0
549,356,1,2024-09-15,29,11,1141,496,20,911,1,0
550,357,1,2025-09-02,29,3,1046,175,29,912,1,0
551,359,1,2024-08-21,29,20,1187,709,6,914,1,0
552,360,1,2025-01-28,29,23,1013,536,26,915,1,0
553,362,1,2025-05-29,29,6,1149,435,1,919,1,0
554,363,1,2024-02-25,29,28,1104,918,24,923,1,0
555,363,2,2024-02-25,29,17,1104,289,32,925,1,0
556,365,1,2025-07-03,29,8,1010,693,1,928,1,0
557,366,1,2024-07-02,29,5,1008,659,27,930,1,0
558,367,1,2025-04-23,29,2,1002,244,49,931,1,0
559,367,1,2025-04-23,29,4,1002,843,22,933,1,0
560,368,1,2026-01-07,29,27,1152,158,31,934,1,0
561,368,1,2026-01-07,29,13,1152,516,24,935,1,0
562,368,1,2026-01-07,29,4,1152,734,14,936,1,0
563,369,1,2026-05-27,29,9,1149,797,2,937,1,0
564,369,2,2026-05-27,29,1,1149,371,6,939,1,0
565,370,1,2026-06-05,29,15,1218,536,47,940,1,0
566,370,1,2026-06-05,29,24,1218,978,19,941,1,0
567,371,1,2025-04-15,29,4,1014,385,20,944,1,0
568,372,1,2025-04-27,29,8,1096,753,37,946,1,0
569,372,1,2025-04-27,29,29,1096,466,14,947,1,0
570,373,1,2024-06-28,29,7,1082,429,33,950,1,0
571,373,1,2024-06-28,29,25,1082,109,48,951,1,0
572,374,2,2025-03-21,29,17,1004,800,15,954,1,0
573,374,1,2025-03-21,29,15,1004,964,22,955,1,0
574,374,1,2025-03-21,29,8,1004,935,17,957,1,0
575,375,1,2025-02-25,29,15,1006,993,36,958,1,0
576,375,1,2025-02-25,29,11,1006,465,2,960,1,0
577,375,1,2025-02-25,29,23,1006,208,11,961,1,0
578,376,1,2025-08-31,29,23,1007,190,37,963,1,0
579,376,1,2025-08-31,29,23,1007,519,19,964,1,0
580,377,1,2025-12-28,29,21,1013,316,4,965,1,0
581,377,1,2025-12-28,29,12,1013,765,46,966,1,0
582,377,1,2025-12-28,29,23,1013,407,16,967,1,0
583,379,1,2025-10-04,29,26,1033,965,7,969,1,0
584,379,2,2025-10-04,29,29,1033,735,13,970,1,0
585,379,1,2025-10-04,29,3,1033,698,46,971,1,0
586,380,1,2024-05-01,29,25,1011,135,33,973,1,0
587,380,1,2024-05-01,29,31,1011,749,9,974,1,0
588,380,1,2024-05-01,29,7,1011,292,25,975,1,0
589,381,1,2025-05-23,29,5,1050,927,45,976,1,0
590,381,1,2025-05-23,29,13,1050,436,45,978,1,0
591,382,1,2026-06-16,29,29,1010,393,1,980,1,0
592,384,1,2025-09-04,29,5,1033,310,1,983,1,0
593,385,1,2024-07-14,29,26,1014,247,15,984,1,0
594,387,1,2026-04-28,29,27,1015,865,37,989,1,0
595,387,1,2026-04-28,29,17,1015,649,35,990,1,0
596,387,2,2026-04-28,29,12,1015,547,39,991,1,0
597,388,1,2024-05-01,29,29,1009,913,45,994,1,0
598,388,1,2024-05-01,29,6,1009,424,12,995,1,0
599,389,1,2025-12-29,29,25,1034,731,7,996,1,0
600,390,1,2025-02-08,29,27,1089,412,14,999,1,0
601,390,2,2025-02-08,29,25,1089,283,36,1000,1,0
602,391,2,2025-03-12,29,1,1010,850,31,1002,1,0
603,392,1,2026-03-30,29,27,1003,961,45,1004,1,0
604,392,1,2026-03-30,29,1,1003,830,26,1005,1,0
605,394,1,2024-12-28,29,4,1200,654,17,1008,1,0
606,394,1,2024-12-28,29,3,1200,716,36,1010,1,0
607,394,1,2024-12-28,29,9,1200,298,2,1011,1,0
608,395,1,2025-07-03,29,14,1009,229,48,1012,1,0
609,395,1,2025-07-03,29,5,1009,247,37,1014,1,0
610,397,1,2025-11-23,29,7,1017,989,4,1016,1,0
611,398,1,2024-07-20,29,23,1010,702,42,1017,1,0
612,399,2,2025-10-25,29,5,1185,732,29,1019,1,0
613,400,2,2026-02-02,29,30,1002,889,49,1021,1,0
614,400,1,2026-02-02,29,28,1002,485,50,1022,1,0
615,401,1,2024-04-23,29,30,1001,906,16,1025,1,0
616,401,1,2024-04-23,29,22,1001,838,3,1026,1,0
617,401,1,2024-04-23,29,1,1001,242,39,1027,1,0
618,401,1,2024-04-23,29,19,1001,800,37,1028,1,0
619,402,1,2026-02-01,29,24,1012,725,45,1029,1,0
620,402,1,2026-02-01,29,24,1012,976,48,1030,1,0
621,402,1,2026-02-01,29,4,1012,941,6,1031,1,0
622,403,1,2025-06-01,29,26,1039,614,7,1033,1,0
623,403,1,2025-06-01,29,4,1039,340,43,1034,1,0
624,404,1,2024-10-01,29,25,1004,961,43,1037,1,0
625,404,1,2024-10-01,29,18,1004,378,32,1038,1,0
626,405,1,2024-02-09,29,13,1004,396,42,1039,1,0
627,406,1,2025-09-21,29,10,1121,820,20,1041,1,0
628,407,1,2024-03-12,29,15,1015,634,36,1042,1,0
629,408,1,2024-04-08,29,27,1047,352,49,1045,1,0
630,408,1,2024-04-08,29,11,1047,807,44,1046,1,0
631,408,1,2024-04-08,29,1,1047,757,14,1047,1,0
632,410,1,2026-01-26,29,22,1015,959,12,1050,1,0
633,410,1,2026-01-26,29,31,1015,300,20,1052,1,0
634,412,1,2024-05-28,29,30,1009,875,1,1054,1,0
635,413,1,2024-03-07,29,29,1026,282,9,1057,1,0
636,413,2,2024-03-07,29,14,1026,103,16,1059,1,0
637,414,1,2024-12-31,29,1,1025,956,12,1062,1,0
638,415,1,2024-12-08,29,22,1162,826,2,1063,1,0
639,415,1,2024-12-08,29,4,1162,918,19,1064,1,0
640,415,1,2024-12-08,29,12,1162,809,15,1065,1,0
641,415,1,2024-12-08,29,12,1162,693,25,1066,1,0
642,416,1,2026-06-02,29,1,1001,764,23,1068,1,0
643,417,1,2024-05-14,29,18,1211,684,37,1071,1,0
644,417,1,2024-05-14,29,18,1211,412,15,1073,1,0
645,418,1,2024-08-19,29,13,1027,835,3,1074,1,0
646,419,1,2024-05-09,29,7,1027,327,33,1075,1,0
647,419,1,2024-05-09,29,5,1027,170,20,1076,1,0
648,419,1,2024-05-09,29,29,1027,801,30,1077,1,0
649,421,2,2025-10-23,29,22,1038,531,23,1079,1,0
650,421,1,2025-10-23,29,11,1038,576,18,1080,1,0
651,421,1,2025-10-23,29,26,1038,972,29,1081,1,0
652,422,1,2024-06-21,29,14,1001,944,8,1083,1,0
653,423,1,2024-11-21,29,10,1061,796,36,1085,1,0
654,423,1,2024-11-21,29,26,1061,315,44,1086,1,0
655,423,1,2024-11-21,29,15,1061,656,16,1087,1,0
656,423,1,2024-11-21,29,30,1061,289,7,1088,1,0
657,424,1,2025-12-31,29,7,1025,760,29,1089,1,0
658,425,1,2024-04-29,29,25,1179,516,15,1091,1,0
659,426,2,2025-03-28,29,29,1016,810,15,1093,1,0
660,427,1,2024-07-23,29,8,1033,989,6,1094,1,0
661,428,1,2026-04-11,29,15,1046,867,35,1096,1,0
662,428,1,2026-04-11,29,22,1046,234,33,1097,1,0
663,429,1,2026-05-23,29,18,1004,385,30,1098,1,0
664,430,1,2025-05-12,29,5,1008,700,15,1099,1,0
665,431,1,2026-01-14,29,13,1002,466,16,1101,1,0
666,432,1,2024-12-11,29,28,1009,541,15,1102,1,0
667,433,1,2025-07-14,29,11,1044,253,14,1104,1,0
668,433,1,2025-07-14,29,27,1044,500,5,1105,1,0
669,435,1,2025-06-05,29,16,1228,147,36,1109,1,0
670,435,1,2025-06-05,29,31,1228,363,2,1110,1,0
671,435,1,2025-06-05,29,10,1228,188,10,1111,1,0
672,436,1,2025-04-14,29,13,1034,442,10,1113,1,0
673,436,1,2025-04-14,29,17,1034,799,19,1114,1,0
674,437,1,2025-10-10,29,5,1056,795,4,1118,1,0
675,439,1,2024-03-16,29,14,1021,632,35,1122,1,0
676,440,2,2025-07-17,29,25,1128,248,50,1123,1,0
677,442,1,2025-07-17,29,26,1028,255,45,1126,1,0
678,443,1,2024-07-21,29,17,1004,698,10,1129,1,0
679,443,1,2024-07-21,29,8,1004,655,12,1130,1,0
680,444,1,2025-12-29,29,29,1024,624,22,1132,1,0
681,444,1,2025-12-29,29,20,1024,171,39,1133,1,0
682,445,1,2025-03-06,29,11,1012,614,17,1134,1,0
683,445,1,2025-03-06,29,29,1012,672,33,1135,1,0
684,445,1,2025-03-06,29,11,1012,481,1,1136,1,0
685,446,1,2025-03-13,29,21,1037,634,21,1139,1,0
686,447,1,2024-11-28,29,29,1222,279,2,1143,1,0
687,447,1,2024-11-28,29,8,1222,980,5,1144,1,0
688,448,1,2026-02-05,29,5,1006,648,9,1145,1,0
689,448,1,2026-02-05,29,10,1006,561,28,1146,1,0
690,451,1,2026-01-22,29,23,1058,711,16,1150,1,0
691,451,1,2026-01-22,29,10,1058,796,5,1152,1,0
692,452,1,2025-08-17,29,12,1054,826,50,1155,1,0
693,453,1,2026-04-22,29,1,1028,431,18,1157,1,0
694,453,1,2026-04-22,29,24,1028,186,7,1158,1,0
695,453,1,2026-04-22,29,23,1028,280,7,1159,1,0
696,454,1,2024-10-01,29,3,1024,844,29,1160,1,0
697,455,1,2026-04-17,29,3,1032,829,30,1161,1,0
698,455,1,2026-04-17,29,14,1032,949,24,1162,1,0
699,455,2,2026-04-17,29,29,1032,174,19,1163,1,0
700,457,1,2025-04-29,29,1,1004,636,2,1165,1,0
701,457,1,2025-04-29,29,10,1004,471,40,1166,1,0
702,457,1,2025-04-29,29,20,1004,616,6,1167,1,0
703,458,1,2024-02-01,29,21,1179,944,6,1168,1,0
704,458,1,2024-02-01,29,6,1179,645,25,1170,1,0
705,458,1,2024-02-01,29,2,1179,677,23,1171,1,0
706,459,1,2024-09-15,29,3,1029,371,7,1172,1,0
707,460,1,2024-12-16,29,17,1227,645,34,1174,1,0
708,460,2,2024-12-16,29,24,1227,152,1,1175,1,0
709,461,1,2025-04-10,29,9,1142,600,48,1177,1,0
710,461,1,2025-04-10,29,14,1142,718,6,1178,1,0
711,462,1,2025-02-20,29,3,1031,183,30,1179,1,0
712,462,1,2025-02-20,29,25,1031,531,3,1181,1,0
713,463,1,2025-04-11,29,11,1012,761,48,1183,1,0
714,463,1,2025-04-11,29,2,1012,382,34,1184,1,0
715,464,1,2025-01-05,29,10,1050,207,38,1187,1,0
716,465,1,2025-03-07,29,17,1013,312,40,1190,1,0
717,466,1,2024-05-20,29,29,1176,915,12,1194,1,0
718,467,1,2024-05-20,29,20,1015,792,13,1196,1,0
719,467,1,2024-05-20,29,27,1015,253,1,1197,1,0
720,468,2,2025-11-13,29,29,1005,123,38,1199,1,0
721,468,1,2025-11-13,29,27,1005,795,42,1200,1,0
722,468,1,2025-11-13,29,22,1005,323,41,1201,1,0
723,469,1,2025-07-25,29,24,1012,206,17,1202,1,0
724,470,2,2025-07-17,29,10,1011,170,11,1203,1,0
725,470,1,2025-07-17,29,14,1011,795,49,1206,1,0
726,471,1,2024-09-05,29,20,1014,692,16,1209,1,0
727,472,1,2024-09-06,29,12,1017,198,10,1211,1,0
728,472,1,2024-09-06,29,19,1017,826,47,1212,1,0
729,473,1,2024-01-05,29,29,1122,520,40,1214,1,0
730,473,1,2024-01-05,29,7,1122,498,1,1215,1,0
731,474,1,2025-02-08,29,21,1026,245,28,1217,1,0
732,474,1,2025-02-08,29,6,1026,261,21,1218,1,0
733,475,1,2024-05-18,29,1,1047,215,21,1219,1,0
734,475,1,2024-05-18,29,24,1047,287,22,1220,1,0
735,475,1,2024-05-18,29,9,1047,680,46,1221,1,0
736,476,1,2026-03-27,29,4,1012,376,2,1223,1,0
737,477,1,2024-11-30,29,23,1027,750,13,1225,1,0
738,478,1,2025-12-12,29,14,1011,716,9,1227,1,0
739,478,1,2025-12-12,29,19,1011,473,2,1229,1,0
740,479,1,2024-03-11,29,31,1029,625,34,1230,1,0
741,479,1,2024-03-11,29,16,1029,233,12,1231,1,0
742,480,1,2024-07-23,29,7,1192,728,45,1232,1,0
743,481,1,2026-03-14,29,2,1048,937,13,1235,1,0
744,482,1,2025-02-08,29,9,1008,127,32,1238,1,0
745,482,1,2025-02-08,29,18,1008,502,47,1239,1,0
746,483,1,2024-11-12,29,9,1002,211,2,1240,1,0
747,483,1,2024-11-12,29,14,1002,630,41,1241,1,0
748,483,1,2024-11-12,29,23,1002,124,20,1243,1,0
749,484,1,2024-04-29,29,22,1040,721,31,1244,1,0
750,484,2,2024-04-29,29,17,1040,319,48,1245,1,0
751,484,1,2024-04-29,29,23,1040,570,8,1246,1,0
752,484,1,2024-04-29,29,18,1040,251,22,1247,1,0
753,485,1,2026-01-15,29,25,1014,940,22,1248,1,0
754,485,1,2026-01-15,29,7,1014,530,18,1250,1,0
755,486,1,2025-03-15,29,19,1164,824,17,1252,1,0
756,486,1,2025-03-15,29,22,1164,551,12,1253,1,0
757,486,1,2025-03-15,29,17,1164,705,28,1254,1,0
758,487,1,2025-03-18,29,4,1007,863,50,1256,1,0
759,487,1,2025-03-18,29,28,1007,608,7,1257,1,0
760,487,1,2025-03-18,29,12,1007,165,28,1258,1,0
761,488,1,2025-08-25,29,25,1008,449,14,1262,1,0
762,489,1,2024-12-14,29,3,1008,303,13,1263,1,0
763,489,1,2024-12-14,29,20,1008,957,41,1264,1,0
764,489,1,2024-12-14,29,27,1008,302,35,1266,1,0
765,490,1,2025-04-04,29,21,1151,576,14,1267,1,0
766,490,1,2025-04-04,29,5,1151,961,30,1268,1,0
767,491,1,2026-02-21,29,26,1002,494,22,1270,1,0
768,492,1,2025-06-14,29,28,1028,245,17,1272,1,0
769,492,1,2025-06-14,29,24,1028,894,24,1273,1,0
770,493,1,2026-01-11,29,19,1003,334,27,1274,1,0
771,494,1,2024-10-23,29,15,1001,595,22,1275,1,0
772,494,1,2024-10-23,29,23,1001,697,10,1276,1,0
773,494,1,2024-10-23,29,26,1001,217,18,1277,1,0
774,495,1,2024-08-18,29,6,1008,882,32,1279,1,0
775,495,1,2024-08-18,29,17,1008,915,47,1280,1,0
776,497,1,2026-01-27,29,27,1009,636,14,1282,1,0
777,497,1,2026-01-27,29,19,1009,728,4,1283,1,0
778,499,1,2025-10-09,29,21,1088,253,9,1285,1,0
779,499,2,2025-10-09,29,6,1088,502,44,1287,1,0
780,500,1,2024-08-30,29,11,1004,431,12,1288,1,0
781,500,1,2024-08-30,29,26,1004,494,1,1289,1,0
782,500,1,2024-08-30,29,11,1004,633,4,1290,1,0
783,500,2,2024-08-30,29,5,1004,645,37,1291,1,0
784,501,1,2026-02-21,29,8,1014,693,43,1293,1,0
785,502,1,2026-03-11,29,29,1003,650,19,1295,1,0
786,502,1,2026-03-11,29,11,1003,369,26,1296,1,0
787,503,1,2026-02-27,29,5,1138,870,11,1297,1,0
788,503,1,2026-02-27,29,13,1138,177,35,1298,1,0
789,503,1,2026-02-27,29,4,1138,124,13,1299,1,0
790,503,1,2026-02-27,29,28,1138,199,31,1300,1,0
791,504,1,2025-11-13,29,9,1004,601,13,1302,1,0
792,505,1,2024-08-23,29,8,1019,674,33,1303,1,0
793,505,1,2024-08-23,29,12,1019,306,41,1305,1,0
794,506,1,2026-03-14,29,20,1001,830,15,1306,1,0
795,506,1,2026-03-14,29,18,1001,145,25,1307,1,0
796,507,1,2025-10-13,29,4,1220,829,35,1308,1,0
797,508,1,2026-04-25,29,25,1027,763,10,1309,1,0
798,509,1,2024-07-14,29,19,1012,841,48,1311,1,0
799,511,1,2025-12-04,29,25,1034,901,48,1316,1,0
800,512,1,2024-08-05,29,17,1125,814,28,1317,1,0
801,512,1,2024-08-05,29,24,1125,243,38,1319,1,0
802,513,1,2024-07-21,29,13,1007,555,4,1320,1,0
803,514,1,2026-01-30,29,19,1229,359,43,1324,1,0
804,515,1,2026-05-18,29,10,1003,735,19,1325,1,0
805,515,1,2026-05-18,29,19,1003,903,6,1326,1,0
806,516,1,2024-02-13,29,24,1008,465,13,1327,1,0
807,516,1,2024-02-13,29,6,1008,915,8,1330,1,0
808,517,1,2024-03-10,29,16,1035,336,6,1331,1,0
809,517,1,2024-03-10,29,25,1035,278,18,1332,1,0
810,518,1,2025-11-28,29,12,1031,952,21,1334,1,0
811,518,1,2025-11-28,29,29,1031,601,39,1335,1,0
812,518,1,2025-11-28,29,18,1031,639,49,1336,1,0
813,519,1,2024-02-08,29,28,1054,154,4,1337,1,0
814,519,1,2024-02-08,29,11,1054,466,31,1338,1,0
815,520,1,2024-10-21,29,25,1207,474,48,1341,1,0
816,520,2,2024-10-21,29,24,1207,131,29,1342,1,0
817,522,1,2025-03-19,29,30,1218,777,12,1345,1,0
818,523,1,2025-10-03,29,17,1003,552,23,1346,1,0
819,523,1,2025-10-03,29,5,1003,536,26,1348,1,0
820,524,1,2025-02-22,29,6,1002,258,12,1349,1,0
821,524,1,2025-02-22,29,2,1002,622,29,1351,1,0
822,525,2,2025-04-18,29,3,1036,976,34,1352,1,0
823,525,1,2025-04-18,29,10,1036,202,12,1353,1,0
824,525,1,2025-04-18,29,29,1036,961,14,1354,1,0
825,526,1,2025-12-02,29,26,1207,952,18,1355,1,0
826,526,1,2025-12-02,29,20,1207,679,13,1356,1,0
827,526,2,2025-12-02,29,22,1207,671,33,1357,1,0
828,527,1,2026-04-09,29,25,1003,360,48,1360,1,0
829,528,1,2025-02-10,29,22,1167,599,49,1361,1,0
830,528,1,2025-02-10,29,20,1167,173,20,1362,1,0
831,528,1,2025-02-10,29,26,1167,191,4,1363,1,0
832,530,1,2025-08-07,29,6,1014,387,44,1365,1,0
833,530,1,2025-08-07,29,12,1014,611,44,1366,1,0
834,530,1,2025-08-07,29,19,1014,217,20,1367,1,0
835,531,2,2025-03-12,29,4,1098,247,46,1369,1,0
836,531,1,2025-03-12,29,22,1098,233,50,1370,1,0
837,532,1,2024-11-20,29,18,1182,508,22,1371,1,0
838,532,2,2024-11-20,29,23,1182,406,5,1372,1,0
839,532,1,2024-11-20,29,4,1182,848,42,1373,1,0
840,533,1,2024-04-11,29,14,1003,904,10,1375,1,0
841,533,1,2024-04-11,29,12,1003,241,3,1376,1,0
842,534,1,2024-03-21,29,20,1201,529,24,1378,1,0
843,536,1,2024-04-07,29,10,1005,391,34,1380,1,0
844,536,1,2024-04-07,29,9,1005,298,9,1381,1,0
845,536,1,2024-04-07,29,21,1005,844,38,1383,1,0
846,537,1,2025-06-02,29,28,1144,163,11,1384,1,0
847,538,1,2024-04-11,29,7,1015,877,35,1386,1,0
848,539,1,2024-05-28,29,4,1156,194,9,1387,1,0
849,539,1,2024-05-28,29,24,1156,564,50,1388,1,0
850,540,1,2024-02-10,29,21,1202,368,39,1391,1,0
851,541,1,2024-10-15,29,21,1023,434,27,1392,1,0
852,541,1,2024-10-15,29,6,1023,163,12,1393,1,0
853,542,1,2025-03-28,29,3,1006,796,9,1395,1,0
854,542,1,2025-03-28,29,5,1006,294,29,1396,1,0
855,543,1,2024-04-16,29,17,1055,481,20,1397,1,0
856,543,1,2024-04-16,29,4,1055,302,22,1398,1,0
857,543,2,2024-04-16,29,14,1055,382,21,1399,1,0
858,544,1,2024-03-06,29,4,1008,396,6,1400,1,0
859,547,1,2025-06-09,29,25,1121,450,47,1403,1,0
860,547,1,2025-06-09,29,30,1121,861,24,1405,1,0
861,549,1,2025-03-11,29,1,1001,925,41,1407,1,0
862,549,1,2025-03-11,29,19,1001,697,24,1409,1,0
863,549,1,2025-03-11,29,8,1001,614,5,1410,1,0
864,550,1,2026-03-01,29,30,1015,123,43,1411,1,0
865,550,2,2026-03-01,29,21,1015,740,1,1412,1,0
866,550,1,2026-03-01,29,15,1015,614,48,1414,1,0
867,551,1,2024-02-26,29,21,1187,517,20,1416,1,0
868,552,1,2026-03-16,29,6,1008,445,48,1418,1,0
869,552,1,2026-03-16,29,5,1008,455,7,1419,1,0
870,552,1,2026-03-16,29,1,1008,770,19,1420,1,0
871,554,1,2025-06-02,29,28,1004,140,34,1422,1,0
872,554,1,2025-06-02,29,1,1004,327,36,1423,1,0
873,555,1,2025-06-22,29,10,1116,975,30,1425,1,0
874,555,2,2025-06-22,29,7,1116,170,3,1426,1,0
875,557,1,2024-07-18,29,12,1010,422,4,1428,1,0
876,557,1,2024-07-18,29,28,1010,265,36,1429,1,0
877,558,1,2024-02-20,29,23,1013,394,30,1431,1,0
878,559,1,2026-01-07,29,7,1037,862,21,1432,1,0
879,559,1,2026-01-07,29,16,1037,843,47,1433,1,0
880,559,1,2026-01-07,29,27,1037,666,44,1434,1,0
881,560,1,2025-03-16,29,12,1186,632,41,1435,1,0
882,560,1,2025-03-16,29,12,1186,198,39,1436,1,0
883,560,2,2025-03-16,29,9,1186,726,21,1437,1,0
884,561,1,2025-08-27,29,14,1017,258,45,1439,1,0
885,561,2,2025-08-27,29,29,1017,734,32,1441,1,0
886,562,1,2025-12-13,29,12,1012,606,9,1444,1,0
887,562,1,2025-12-13,29,5,1012,774,25,1445,1,0
888,563,2,2025-12-09,29,2,1094,170,1,1446,1,0
889,564,1,2024-05-28,29,15,1010,833,25,1449,1,0
890,566,1,2025-12-18,29,10,1012,828,9,1455,1,0
891,566,1,2025-12-18,29,6,1012,631,47,1456,1,0
892,567,1,2024-08-05,29,20,1059,560,38,1458,1,0
893,568,2,2025-02-28,29,10,1052,832,35,1463,1,0
894,569,1,2024-01-08,29,3,1001,270,19,1465,1,0
895,569,1,2024-01-08,29,11,1001,968,43,1466,1,0
896,569,1,2024-01-08,29,21,1001,783,23,1468,1,0
897,570,1,2024-05-30,29,11,1015,686,7,1470,1,0
898,570,1,2024-05-30,29,19,1015,300,37,1471,1,0
899,571,1,2025-10-26,29,20,1192,251,46,1472,1,0
900,571,1,2025-10-26,29,9,1192,482,2,1474,1,0
901,573,1,2025-05-30,29,16,1072,336,42,1477,1,0
902,573,1,2025-05-30,29,23,1072,195,5,1479,1,0
903,573,1,2025-05-30,29,27,1072,904,46,1480,1,0
904,574,1,2025-04-24,29,25,1045,902,30,1481,1,0
905,575,1,2025-05-25,29,25,1227,517,47,1483,1,0
906,575,2,2025-05-25,29,4,1227,627,16,1484,1,0
907,576,1,2025-01-20,29,3,1001,285,18,1486,1,0
908,577,1,2024-11-13,29,27,1003,821,10,1488,1,0
909,577,1,2024-11-13,29,5,1003,932,30,1489,1,0
910,578,1,2025-04-15,29,17,1004,224,24,1490,1,0
911,578,1,2025-04-15,29,20,1004,824,23,1491,1,0
912,578,1,2025-04-15,29,22,1004,379,35,1492,1,0
913,578,1,2025-04-15,29,9,1004,489,6,1493,1,0
914,579,1,2024-08-30,29,28,1022,517,16,1496,1,0
915,579,2,2024-08-30,29,5,1022,640,33,1497,1,0
916,581,1,2025-10-07,29,25,1007,394,28,1500,1,0
917,581,1,2025-10-07,29,17,1007,348,50,1501,1,0
918,581,1,2025-10-07,29,27,1007,907,42,1502,1,0
919,582,1,2025-01-31,29,11,1007,222,24,1504,1,0
920,582,1,2025-01-31,29,31,1007,385,47,1505,1,0
921,583,1,2025-07-15,29,5,1001,946,12,1506,1,0
922,583,1,2025-07-15,29,31,1001,891,47,1508,1,0
923,584,1,2024-06-30,29,26,1145,287,35,1510,1,0
924,585,1,2026-02-16,29,21,1005,328,15,1514,1,0
925,586,1,2024-11-21,29,11,1134,522,29,1515,1,0
926,587,1,2024-09-22,29,6,1007,275,14,1518,1,0
927,588,2,2025-02-06,29,16,1133,184,43,1519,1,0
928,588,1,2025-02-06,29,18,1133,569,39,1520,1,0
929,588,1,2025-02-06,29,30,1133,816,2,1521,1,0
930,589,1,2026-06-28,29,6,1001,119,50,1522,1,0
931,589,1,2026-06-28,29,7,1001,868,39,1523,1,0
932,590,1,2026-01-24,29,25,1048,638,18,1526,1,0
933,590,2,2026-01-24,29,26,1048,109,37,1527,1,0
934,590,1,2026-01-24,29,9,1048,683,50,1528,1,0
935,590,1,2026-01-24,29,29,1048,156,17,1529,1,0
936,592,1,2025-07-26,29,17,1102,127,23,1532,1,0
937,593,1,2024-12-28,29,19,1008,281,38,1534,1,0
938,595,1,2025-01-13,29,24,1055,820,2,1537,1,0
939,595,1,2025-01-13,29,25,1055,138,50,1538,1,0
940,595,1,2025-01-13,29,20,1055,712,47,1539,1,0
941,596,1,2024-07-10,29,16,1208,244,34,1540,1,0
942,596,1,2024-07-10,29,12,1208,211,12,1541,1,0
943,597,1,2025-08-15,29,29,1097,408,28,1544,1,0
944,598,1,2024-06-29,29,13,1201,755,37,1545,1,0
945,598,1,2024-06-29,29,19,1201,709,34,1546,1,0
946,599,1,2024-07-15,29,13,1120,363,50,1547,1,0
947,600,1,2025-03-16,29,15,1033,389,15,1550,1,0
948,601,2,2024-04-01,29,1,1076,800,32,1552,1,0
949,602,1,2024-09-04,29,28,1014,696,41,1553,1,0
950,603,1,2026-05-01,29,31,1188,630,5,1554,1,0
951,603,1,2026-05-01,29,9,1188,529,4,1555,1,0
952,605,2,2024-03-28,29,15,1054,638,8,1557,1,0
953,605,1,2024-03-28,29,25,1054,996,21,1559,1,0
954,605,1,2024-03-28,29,13,1054,485,20,1560,1,0
955,606,1,2024-09-24,29,21,1033,274,30,1561,1,0
956,606,1,2024-09-24,29,24,1033,771,27,1562,1,0
957,606,1,2024-09-24,29,5,1033,291,37,1563,1,0
958,608,1,2025-11-04,29,10,1011,667,20,1569,1,0
959,609,1,2026-06-27,29,12,1014,199,32,1573,1,0
960,610,1,2025-05-03,29,30,1008,835,19,1576,1,0
961,610,1,2025-05-03,29,2,1008,596,31,1577,1,0
962,611,2,2025-01-20,29,8,1016,719,1,1578,1,0
963,611,1,2025-01-20,29,24,1016,664,43,1579,1,0
964,612,1,2024-06-02,29,1,1037,369,3,1580,1,0
965,612,1,2024-06-02,29,16,1037,916,45,1581,1,0
966,612,2,2024-06-02,29,27,1037,962,47,1582,1,0
967,613,1,2025-10-17,29,18,1010,854,41,1583,1,0
968,614,1,2024-10-26,29,25,1011,260,21,1585,1,0
969,615,1,2024-06-19,29,19,1009,403,33,1588,1,0
970,615,1,2024-06-19,29,10,1009,854,47,1589,1,0
971,616,1,2024-07-10,29,1,1002,962,18,1593,1,0
972,617,1,2025-08-28,29,6,1013,756,50,1595,1,0
973,617,1,2025-08-28,29,29,1013,543,7,1596,1,0
974,617,1,2025-08-28,29,27,1013,103,16,1597,1,0
975,619,1,2026-03-19,29,24,1007,630,44,1599,1,0
976,619,1,2026-03-19,29,8,1007,302,42,1600,1,0
977,619,1,2026-03-19,29,19,1007,528,21,1601,1,0
978,619,1,2026-03-19,29,7,1007,487,29,1602,1,0
979,620,1,2024-05-25,29,29,1004,855,1,1604,1,0
980,621,1,2024-07-12,29,9,1032,936,18,1607,1,0
981,621,1,2024-07-12,29,2,1032,602,25,1609,1,0
982,621,1,2024-07-12,29,7,1032,541,40,1610,1,0
983,622,1,2024-09-18,29,12,1008,291,5,1611,1,0
984,623,1,2025-01-22,29,26,1212,639,26,1614,1,0
985,623,2,2025-01-22,29,31,1212,696,27,1616,1,0
986,623,2,2025-01-22,29,26,1212,885,13,1617,1,0
987,624,1,2026-03-11,29,9,1188,208,6,1618,1,0
988,624,1,2026-03-11,29,20,1188,693,18,1620,1,0
989,625,1,2024-10-16,29,16,1015,809,20,1621,1,0
990,626,1,2025-09-06,29,1,1008,367,21,1623,1,0
991,628,1,2025-05-19,29,25,1036,892,15,1625,1,0
992,628,1,2025-05-19,29,29,1036,732,4,1626,1,0
993,630,1,2025-02-13,29,4,1002,498,28,1630,1,0
994,630,1,2025-02-13,29,1,1002,347,21,1631,1,0
995,631,1,2024-07-06,29,30,1055,813,17,1633,1,0
996,631,1,2024-07-06,29,23,1055,635,14,1634,1,0
997,633,1,2025-05-14,29,23,1011,323,22,1640,1,0
998,633,1,2025-05-14,29,14,1011,308,26,1641,1,0
999,634,1,2025-05-29,29,15,1115,314,11,1644,1,0
1000,635,1,2024-07-05,29,29,1061,201,40,1646,1,0
1001,635,2,2024-07-05,29,3,1061,579,45,1647,1,0
1002,635,1,2024-07-05,29,17,1061,349,8,1648,1,0
1003,636,1,2025-01-27,29,8,1009,581,39,1649,1,0
1004,636,1,2025-01-27,29,3,1009,577,12,1650,1,0
1005,636,1,2025-01-27,29,2,1009,130,8,1651,1,0
1006,636,2,2025-01-27,29,31,1009,801,44,1652,1,0
1007,637,1,2024-02-03,29,27,1193,558,17,1653,1,0
1008,637,1,2024-02-03,29,15,1193,258,24,1654,1,0
1009,639,1,2025-02-06,29,31,1082,848,36,1656,1,0
1010,639,1,2025-02-06,29,6,1082,907,40,1657,1,0
1011,640,1,2024-03-21,29,31,1013,239,21,1658,1,0
1012,640,2,2024-03-21,29,2,1013,229,14,1659,1,0
1013,640,2,2024-03-21,29,3,1013,869,27,1660,1,0
1014,641,1,2025-04-03,29,7,1015,891,7,1661,1,0
1015,641,1,2025-04-03,29,8,1015,150,38,1663,1,0
1016,644,1,2024-10-03,29,18,1003,785,48,1667,1,0
1017,645,2,2024-06-03,29,20,1099,172,12,1668,1,0
1018,646,1,2026-04-22,29,26,1203,464,11,1670,1,0
1019,646,1,2026-04-22,29,5,1203,471,27,1671,1,0
1020,647,2,2025-02-19,29,15,1009,260,5,1672,1,0
1021,647,1,2025-02-19,29,20,1009,445,17,1673,1,0
1022,648,1,2025-07-02,29,19,1026,418,18,1675,1,0
1023,648,1,2025-07-02,29,23,1026,252,9,1677,1,0
1024,649,2,2025-06-02,29,12,1010,721,19,1679,1,0
1025,650,1,2025-02-25,29,30,1002,210,9,1680,1,0
1026,650,1,2025-02-25,29,13,1002,973,4,1681,1,0
1027,650,1,2025-02-25,29,26,1002,874,48,1682,1,0
1028,651,1,2024-04-14,29,21,1031,815,4,1684,1,0
1029,651,1,2024-04-14,29,13,1031,144,26,1685,1,0
1030,652,1,2025-01-17,29,21,1013,348,26,1686,1,0
1031,653,1,2024-05-15,29,16,1073,567,20,1687,1,0
1032,653,1,2024-05-15,29,5,1073,644,26,1688,1,0
1033,653,1,2024-05-15,29,28,1073,756,22,1689,1,0
1034,654,1,2026-05-06,29,27,1014,805,15,1691,1,0
1035,655,1,2024-06-13,29,19,1012,532,20,1692,1,0
1036,656,1,2024-08-05,29,29,1110,879,18,1693,1,0
1037,657,1,2024-09-26,29,26,1013,409,5,1694,1,0
1038,658,1,2025-02-26,29,13,1026,934,17,1696,1,0
1039,658,1,2025-02-26,29,10,1026,122,48,1697,1,0
1040,658,1,2025-02-26,29,16,1026,289,10,1698,1,0
1041,659,1,2026-01-11,29,9,1135,240,20,1699,1,0
1042,659,1,2026-01-11,29,26,1135,944,45,1700,1,0
1043,659,1,2026-01-11,29,6,1135,258,7,1702,1,0
1044,660,1,2024-02-13,29,18,1116,648,21,1704,1,0
1045,663,1,2025-03-26,29,7,1159,234,2,1707,1,0
1046,664,1,2025-11-26,29,20,1049,490,27,1712,1,0
1047,665,1,2026-02-11,29,23,1207,239,38,1713,1,0
1048,665,1,2026-02-11,29,19,1207,882,44,1714,1,0
1049,667,1,2025-03-21,29,9,1014,870,42,1718,1,0
1050,669,1,2025-08-26,29,4,1154,336,38,1723,1,0
1051,669,1,2025-08-26,29,11,1154,373,37,1724,1,0
1052,669,1,2025-08-26,29,17,1154,684,38,1726,1,0
1053,670,1,2025-05-25,29,20,1030,959,43,1729,1,0
1054,671,1,2025-08-13,29,6,1010,266,50,1731,1,0
1055,672,1,2024-05-06,29,25,1007,520,7,1733,1,0
1056,672,1,2024-05-06,29,6,1007,552,21,1734,1,0
1057,673,1,2025-10-13,29,23,1006,703,3,1735,1,0
1058,674,1,2026-06-17,29,1,1012,322,11,1736,1,0
1059,675,1,2025-09-23,29,11,1011,584,42,1740,1,0
1060,678,2,2025-08-15,29,1,1007,858,16,1745,1,0
1061,679,1,2025-09-30,29,24,1015,335,20,1746,1,0
1062,680,1,2024-10-30,29,2,1035,299,35,1749,1,0
1063,680,1,2024-10-30,29,18,1035,422,7,1751,1,0
1064,680,1,2024-10-30,29,29,1035,834,45,1752,1,0
1065,681,1,2025-02-14,29,5,1011,820,5,1754,1,0
1066,682,1,2024-09-21,29,9,1049,694,17,1759,1,0
1067,682,1,2024-09-21,29,7,1049,650,23,1760,1,0
1068,683,1,2025-09-18,29,21,1218,753,19,1761,1,0
1069,684,1,2024-05-24,29,7,1197,666,8,1763,1,0
1070,684,1,2024-05-24,29,16,1197,381,1,1764,1,0
1071,684,1,2024-05-24,29,2,1197,201,37,1765,1,0
1072,685,1,2024-10-16,29,18,1057,951,16,1767,1,0
1073,685,1,2024-10-16,29,24,1057,520,12,1768,1,0
1074,685,2,2024-10-16,29,25,1057,725,35,1769,1,0
1075,686,1,2024-06-21,29,15,1045,206,38,1770,1,0
1076,686,1,2024-06-21,29,1,1045,764,40,1771,1,0
1077,686,1,2024-06-21,29,11,1045,529,7,1772,1,0
1078,687,1,2025-10-04,29,11,1024,625,35,1774,1,0
1079,688,1,2024-07-01,29,5,1052,480,47,1775,1,0
1080,688,1,2024-07-01,29,29,1052,264,4,1776,1,0
1081,692,2,2025-08-03,29,12,1006,539,32,1784,1,0
1082,692,1,2025-08-03,29,30,1006,613,15,1785,1,0
1083,694,1,2025-05-14,29,24,1010,719,29,1791,1,0
1084,695,1,2025-05-08,29,13,1068,289,15,1792,1,0
1085,697,2,2025-12-30,29,27,1053,855,41,1795,1,0
1086,697,1,2025-12-30,29,17,1053,143,47,1797,1,0
1087,698,1,2025-08-03,29,17,1210,794,9,1801,1,0
1088,699,1,2026-04-15,29,19,1179,647,39,1803,1,0
1089,699,1,2026-04-15,29,7,1179,941,38,1804,1,0
1090,699,1,2026-04-15,29,20,1179,918,30,1805,1,0
1091,699,1,2026-04-15,29,2,1179,323,5,1806,1,0
1092,700,1,2025-02-23,29,1,1124,378,5,1807,1,0
1093,701,1,2026-01-31,29,28,1008,817,49,1808,1,0
1094,701,1,2026-01-31,29,22,1008,422,8,1809,1,0
1095,701,1,2026-01-31,29,10,1008,612,38,1810,1,0
1096,701,1,2026-01-31,29,31,1008,899,38,1811,1,0
1097,702,1,2024-05-01,29,19,1093,664,6,1812,1,0
1098,703,1,2025-12-06,29,5,1109,352,25,1814,1,0
1099,704,1,2025-04-22,29,13,1003,209,5,1818,1,0
1100,705,1,2025-06-30,29,3,1059,679,45,1819,1,0
1101,705,1,2025-06-30,29,31,1059,562,25,1820,1,0
1102,706,1,2025-10-18,29,6,1007,776,27,1823,1,0
1103,706,1,2025-10-18,29,15,1007,779,31,1824,1,0
1104,707,1,2026-06-12,29,13,1001,603,18,1828,1,0
1105,707,1,2026-06-12,29,21,1001,135,36,1830,1,0
1106,708,1,2025-06-24,29,22,1004,488,18,1834,1,0
1107,709,1,2024-10-18,29,21,1064,264,25,1837,1,0
1108,711,1,2025-04-18,29,14,1114,819,35,1841,1,0
1109,712,1,2026-01-22,29,2,1082,148,42,1842,1,0
1110,712,1,2026-01-22,29,8,1082,755,34,1844,1,0
1111,713,1,2024-11-16,29,18,1212,428,9,1847,1,0
1112,713,1,2024-11-16,29,29,1212,310,31,1848,1,0
1113,714,1,2025-05-29,29,22,1185,502,49,1851,1,0
1114,715,1,2026-02-14,29,2,1001,636,6,1852,1,0
1115,715,1,2026-02-14,29,5,1001,617,21,1853,1,0
1116,715,1,2026-02-14,29,1,1001,751,26,1854,1,0
1117,716,1,2025-03-15,29,31,1027,494,21,1855,1,0
1118,718,1,2025-08-23,29,29,1137,755,45,1857,1,0
1119,718,1,2025-08-23,29,21,1137,418,6,1858,1,0
1120,718,1,2025-08-23,29,13,1137,189,1,1860,1,0
1121,719,1,2025-04-12,29,13,1019,343,47,1861,1,0
1122,720,1,2025-07-09,29,2,1015,421,22,1865,1,0
1123,720,1,2025-07-09,29,29,1015,284,4,1866,1,0
1124,721,1,2026-03-06,29,21,1125,267,16,1868,1,0
1125,721,1,2026-03-06,29,29,1125,282,25,1870,1,0
1126,722,1,2024-05-11,29,13,1024,437,18,1872,1,0
1127,723,1,2026-03-12,29,24,1004,945,5,1873,1,0
1128,723,1,2026-03-12,29,25,1004,990,36,1874,1,0
1129,724,1,2024-07-07,29,14,1010,808,44,1875,1,0
1130,725,1,2025-11-13,29,7,1149,569,14,1876,1,0
1131,725,1,2025-11-13,29,20,1149,136,27,1879,1,0
1132,726,1,2024-06-04,29,29,1028,811,39,1880,1,0
1133,726,1,2024-06-04,29,16,1028,205,16,1882,1,0
1134,726,1,2024-06-04,29,25,1028,137,34,1883,1,0
1135,727,1,2024-01-18,29,20,1007,511,22,1884,1,0
1136,728,1,2026-02-16,29,13,1221,401,48,1888,1,0
1137,729,1,2024-08-05,29,7,1084,988,12,1889,1,0
1138,729,1,2024-08-05,29,5,1084,840,11,1890,1,0
1139,730,1,2026-03-27,29,23,1195,887,50,1891,1,0
1140,730,1,2026-03-27,29,24,1195,220,33,1892,1,0
1141,730,1,2026-03-27,29,16,1195,581,23,1893,1,0
1142,731,1,2026-01-10,29,4,1059,893,5,1895,1,0
1143,731,1,2026-01-10,29,28,1059,652,12,1897,1,0
1144,732,1,2024-02-28,29,9,1045,316,4,1898,1,0
1145,733,1,2026-05-14,29,14,1228,124,47,1900,1,0
1146,734,1,2024-08-06,29,28,1001,222,30,1901,1,0
1147,734,1,2024-08-06,29,2,1001,882,5,1902,1,0
1148,735,1,2026-05-17,29,19,1029,988,31,1904,1,0
1149,735,1,2026-05-17,29,27,1029,596,27,1905,1,0
1150,735,1,2026-05-17,29,3,1029,667,3,1906,1,0
1151,735,1,2026-05-17,29,9,1029,758,36,1907,1,0
1152,736,1,2026-04-19,29,5,1010,982,26,1908,1,0
1153,736,1,2026-04-19,29,10,1010,689,26,1909,1,0
1154,737,1,2026-02-15,29,24,1157,727,37,1910,1,0
1155,738,1,2024-04-02,29,13,1006,573,36,1913,1,0
1156,739,1,2024-05-05,29,23,1207,399,18,1915,1,0
1157,740,1,2024-10-31,29,7,1189,999,23,1918,1,0
1158,740,1,2024-10-31,29,20,1189,639,16,1919,1,0
1159,741,1,2025-11-11,29,21,1035,497,50,1921,1,0
1160,742,1,2025-01-23,29,14,1224,748,42,1924,1,0
1161,743,1,2024-04-28,29,5,1053,614,11,1925,1,0
1162,746,1,2025-02-23,29,22,1024,964,32,1934,1,0
1163,747,1,2025-10-31,29,13,1003,385,4,1935,1,0
1164,747,1,2025-10-31,29,2,1003,708,25,1936,1,0
1165,748,1,2025-11-05,29,3,1012,756,6,1937,1,0
1166,750,2,2025-03-02,29,5,1034,140,8,1940,1,0
1167,750,1,2025-03-02,29,24,1034,791,33,1941,1,0
1168,751,1,2025-12-25,29,6,1001,989,36,1942,1,0
1169,752,1,2024-07-16,29,9,1008,872,14,1945,1,0
1170,753,2,2025-02-06,29,14,1078,142,17,1946,1,0
1171,753,1,2025-02-06,29,11,1078,110,50,1947,1,0
1172,755,1,2025-07-26,29,5,1046,559,46,1950,1,0
1173,755,1,2025-07-26,29,17,1046,344,8,1951,1,0
1174,755,1,2025-07-26,29,3,1046,515,5,1953,1,0
1175,756,1,2024-08-21,29,22,1138,706,38,1954,1,0
1176,756,2,2024-08-21,29,4,1138,785,39,1955,1,0
1177,756,1,2024-08-21,29,23,1138,629,32,1956,1,0
1178,757,1,2026-03-30,29,18,1015,667,50,1957,1,0
1179,757,1,2026-03-30,29,22,1015,477,22,1958,1,0
1180,757,1,2026-03-30,29,6,1015,626,48,1959,1,0
1181,758,1,2025-12-09,29,17,1219,381,23,1961,1,0
1182,758,1,2025-12-09,29,15,1219,611,46,1962,1,0
1183,759,1,2024-12-22,29,29,1030,132,6,1964,1,0
1184,760,1,2025-10-16,29,14,1007,402,24,1969,1,0
1185,761,1,2025-12-30,29,14,1112,585,26,1972,1,0
1186,762,1,2025-03-31,29,8,1073,122,24,1973,1,0
1187,762,1,2025-03-31,29,30,1073,153,36,1976,1,0
1188,764,2,2025-11-12,29,7,1029,599,3,1980,1,0
1189,765,1,2024-10-04,29,31,1013,122,20,1983,1,0
1190,766,1,2025-03-23,29,9,1002,896,11,1984,1,0
1191,768,1,2025-10-24,29,10,1010,522,4,1988,1,0
1192,769,1,2024-06-29,29,23,1161,141,42,1989,1,0
1193,769,1,2024-06-29,29,4,1161,819,23,1990,1,0
1194,769,1,2024-06-29,29,15,1161,742,13,1991,1,0
1195,771,2,2024-10-30,29,7,1047,659,27,1994,1,0
1196,771,1,2024-10-30,29,9,1047,450,48,1996,1,0
1197,771,1,2024-10-30,29,29,1047,722,39,1997,1,0
1198,772,1,2024-11-19,29,13,1009,112,47,1998,1,0
1199,772,1,2024-11-19,29,20,1009,496,32,1999,1,0
1200,775,1,2025-09-27,29,3,1004,872,42,2002,1,0
1201,777,2,2025-08-12,29,1,1203,477,43,2005,1,0
1202,777,1,2025-08-12,29,2,1203,611,23,2006,1,0
1203,778,1,2024-09-07,29,12,1013,797,32,2008,1,0
1204,778,1,2024-09-07,29,25,1013,326,12,2009,1,0
1205,779,1,2024-02-07,29,7,1005,517,44,2010,1,0
1206,780,2,2024-02-01,29,17,1076,266,46,2012,1,0
1207,780,1,2024-02-01,29,5,1076,915,39,2013,1,0
1208,780,1,2024-02-01,29,22,1076,235,10,2014,1,0
1209,783,2,2024-08-11,29,3,1057,147,11,2018,1,0
1210,783,2,2024-08-11,29,27,1057,162,10,2019,1,0
1211,786,2,2026-03-18,29,10,1108,209,6,2023,1,0
1212,787,1,2025-09-12,29,14,1105,455,25,2024,1,0
1213,789,1,2025-12-31,29,17,1018,123,18,2027,1,0
1214,790,1,2024-01-22,29,26,1167,430,39,2028,1,0
1215,790,1,2024-01-22,29,25,1167,686,20,2029,1,0
1216,790,1,2024-01-22,29,21,1167,556,7,2030,1,0
1217,791,1,2024-08-24,29,13,1010,383,6,2031,1,0
1218,791,1,2024-08-24,29,11,1010,900,37,2032,1,0
1219,791,1,2024-08-24,29,17,1010,539,15,2033,1,0
1220,792,1,2026-01-05,29,9,1215,587,19,2035,1,0
1221,794,2,2024-11-28,29,2,1010,638,31,2038,1,0
1222,795,1,2025-06-24,29,11,1040,790,2,2041,1,0
1223,795,1,2025-06-24,29,14,1040,300,25,2043,1,0
1224,796,1,2026-03-28,29,5,1006,381,23,2045,1,0
1225,798,1,2024-02-29,29,12,1100,674,25,2049,1,0
1226,798,1,2024-02-29,29,4,1100,427,15,2051,1,0
1227,798,1,2024-02-29,29,28,1100,720,23,2052,1,0
1228,799,2,2026-04-25,29,4,1002,968,8,2053,1,0
1229,800,1,2025-10-08,29,14,1030,918,4,2056,1,0
1230,801,1,2025-09-27,29,24,1009,512,30,2058,1,0
1231,801,1,2025-09-27,29,18,1009,806,18,2059,1,0
1232,803,1,2024-10-23,29,5,1202,238,7,2061,1,0
1233,804,1,2025-04-03,29,25,1166,619,14,2063,1,0
1234,805,1,2026-06-02,29,12,1009,925,48,2064,1,0
1235,805,1,2026-06-02,29,7,1009,947,18,2065,1,0
1236,806,2,2024-12-05,29,19,1116,322,8,2066,1,0
1237,807,2,2024-01-13,29,31,1075,472,2,2067,1,0
1238,807,1,2024-01-13,29,29,1075,693,32,2068,1,0
1239,807,1,2024-01-13,29,1,1075,811,7,2069,1,0
1240,807,1,2024-01-13,29,17,1075,931,19,2070,1,0
1241,808,1,2025-09-12,29,23,1040,600,32,2071,1,0
1242,809,1,2026-06-16,29,6,1028,576,2,2075,1,0
1243,811,1,2025-11-09,29,30,1004,522,48,2079,1,0
1244,812,1,2025-08-07,29,18,1188,294,1,2082,1,0
1245,812,1,2025-08-07,29,11,1188,553,7,2083,1,0
1246,813,1,2025-09-03,29,26,1088,979,11,2086,1,0
1247,813,1,2025-09-03,29,3,1088,909,41,2088,1,0
1248,814,1,2025-09-10,29,15,1142,173,32,2089,1,0
1249,814,1,2025-09-10,29,9,1142,653,29,2091,1,0
1250,814,1,2025-09-10,29,23,1142,245,22,2092,1,0
1251,815,1,2026-01-16,29,1,1011,956,15,2094,1,0
1252,815,1,2026-01-16,29,11,1011,820,20,2095,1,0
1253,815,1,2026-01-16,29,16,1011,100,35,2096,1,0
1254,816,1,2026-02-26,29,5,1010,350,36,2097,1,0
1255,816,1,2026-02-26,29,27,1010,624,26,2099,1,0
1256,816,1,2026-02-26,29,28,1010,561,38,2100,1,0
1257,817,1,2025-06-04,29,26,1031,874,22,2101,1,0
1258,817,1,2025-06-04,29,29,1031,222,16,2104,1,0
1259,818,1,2025-12-07,29,19,1009,611,22,2106,1,0
1260,819,1,2025-03-31,29,7,1036,496,3,2107,1,0
1261,819,1,2025-03-31,29,17,1036,291,35,2108,1,0
1262,819,1,2025-03-31,29,25,1036,642,33,2109,1,0
1263,819,1,2025-03-31,29,31,1036,352,20,2110,1,0
1264,820,1,2024-08-12,29,4,1036,527,34,2111,1,0
1265,821,1,2024-06-06,29,28,1003,790,15,2113,1,0
1266,822,1,2025-02-09,29,4,1125,927,41,2114,1,0
1267,822,1,2025-02-09,29,7,1125,963,21,2115,1,0
1268,823,1,2025-03-06,29,23,1064,686,14,2116,1,0
1269,823,1,2025-03-06,29,16,1064,745,12,2117,1,0
1270,823,1,2025-03-06,29,13,1064,323,32,2119,1,0
1271,824,1,2025-05-09,29,27,1008,286,50,2120,1,0
1272,824,1,2025-05-09,29,28,1008,633,45,2121,1,0
1273,824,1,2025-05-09,29,30,1008,400,17,2122,1,0
1274,825,1,2026-05-16,29,17,1015,785,44,2123,1,0
1275,825,1,2026-05-16,29,23,1015,664,7,2124,1,0
1276,827,1,2025-06-30,29,28,1046,934,2,2126,1,0
1277,827,1,2025-06-30,29,12,1046,950,16,2127,1,0
1278,828,1,2024-05-30,29,6,1203,288,42,2129,1,0
1279,829,1,2025-05-11,29,21,1020,313,22,2133,1,0
1280,830,1,2025-03-20,29,22,1031,946,36,2134,1,0
1281,831,1,2025-10-11,29,28,1011,415,28,2136,1,0
1282,831,1,2025-10-11,29,23,1011,716,42,2137,1,0
1283,833,1,2025-01-06,29,22,1014,147,28,2142,1,0
1284,835,1,2026-04-14,29,26,1208,890,34,2146,1,0
1285,836,2,2024-06-09,29,29,1025,622,20,2147,1,0
1286,836,1,2024-06-09,29,16,1025,516,32,2148,1,0
1287,838,1,2024-08-17,29,9,1046,936,20,2156,1,0
1288,839,1,2024-08-27,29,2,1028,197,26,2159,1,0
1289,840,1,2026-03-01,29,12,1006,703,34,2161,1,0
1290,840,1,2026-03-01,29,27,1006,190,6,2162,1,0
1291,841,1,2026-01-23,29,31,1014,332,35,2163,1,0
1292,841,1,2026-01-23,29,1,1014,540,46,2164,1,0
1293,841,1,2026-01-23,29,9,1014,822,34,2165,1,0
1294,842,1,2024-11-01,29,28,1045,769,44,2168,1,0
1295,842,1,2024-11-01,29,22,1045,593,50,2169,1,0
1296,843,1,2024-06-02,29,26,1011,321,41,2170,1,0
1297,844,1,2024-10-10,29,5,1013,349,43,2171,1,0
1298,844,1,2024-10-10,29,16,1013,332,3,2172,1,0
1299,844,2,2024-10-10,29,31,1013,676,19,2173,1,0
1300,846,1,2026-01-09,29,21,1002,995,16,2178,1,0
1301,847,1,2025-01-26,29,10,1099,427,22,2179,1,0
1302,847,1,2025-01-26,29,10,1099,719,26,2180,1,0
1303,848,1,2026-02-20,29,24,1009,184,14,2181,1,0
1304,850,1,2024-11-22,29,27,1028,745,6,2185,1,0
1305,852,1,2025-09-19,29,17,1107,688,27,2189,1,0
1306,853,1,2025-08-17,29,2,1007,791,7,2191,1,0
1307,853,1,2025-08-17,29,22,1007,633,23,2192,1,0
1308,854,1,2025-12-30,29,31,1200,390,15,2194,1,0
1309,855,1,2026-04-15,29,5,1056,464,18,2196,1,0
1310,855,1,2026-04-15,29,6,1056,772,50,2197,1,0
1311,855,2,2026-04-15,29,8,1056,583,18,2199,1,0
1312,856,1,2024-05-16,29,27,1042,358,44,2200,1,0
1313,856,1,2024-05-16,29,3,1042,800,36,2201,1,0
1314,856,1,2024-05-16,29,23,1042,833,19,2202,1,0
1315,857,1,2025-07-15,29,8,1098,708,34,2204,1,0
1316,857,1,2025-07-15,29,13,1098,502,9,2205,1,0
1317,857,1,2025-07-15,29,5,1098,581,15,2207,1,0
1318,858,1,2024-08-05,29,7,1099,882,24,2208,1,0
1319,858,1,2024-08-05,29,31,1099,758,35,2209,1,0
1320,859,2,2026-04-17,29,22,1167,302,42,2210,1,0
1321,859,1,2026-04-17,29,21,1167,320,14,2211,1,0
1322,860,1,2024-10-23,29,27,1187,106,35,2215,1,0
1323,861,1,2026-03-30,29,30,1041,819,40,2217,1,0
1324,861,1,2026-03-30,29,29,1041,881,2,2219,1,0
1325,862,2,2024-12-12,29,12,1028,406,50,2221,1,0
1326,862,1,2024-12-12,29,3,1028,383,49,2222,1,0
1327,862,2,2024-12-12,29,6,1028,333,46,2224,1,0
1328,863,1,2026-04-08,29,6,1001,175,12,2225,1,0
1329,863,1,2026-04-08,29,23,1001,951,45,2226,1,0
1330,865,1,2024-11-04,29,28,1030,826,33,2229,1,0
1331,866,1,2025-10-06,29,10,1006,275,48,2230,1,0
1332,866,1,2025-10-06,29,9,1006,923,46,2231,1,0
1333,866,1,2025-10-06,29,20,1006,809,5,2232,1,0
1334,866,1,2025-10-06,29,26,1006,782,11,2233,1,0
1335,867,1,2024-04-11,29,2,1202,186,40,2234,1,0
1336,868,2,2026-05-27,29,16,1154,349,47,2235,1,0
1337,868,1,2026-05-27,29,8,1154,149,40,2238,1,0
1338,869,1,2026-03-16,29,24,1015,466,49,2239,1,0
1339,870,1,2025-05-13,29,12,1048,517,19,2241,1,0
1340,871,1,2024-01-24,29,28,1002,246,48,2242,1,0
1341,872,1,2025-02-03,29,23,1008,221,21,2244,1,0
1342,872,1,2025-02-03,29,1,1008,494,8,2245,1,0
1343,872,1,2025-02-03,29,17,1008,449,4,2246,1,0
1344,872,1,2025-02-03,29,22,1008,574,18,2247,1,0
1345,873,1,2024-12-16,29,6,1127,350,10,2249,1,0
1346,875,1,2024-01-23,29,8,1122,746,46,2253,1,0
1347,875,2,2024-01-23,29,22,1122,188,10,2254,1,0
1348,875,1,2024-01-23,29,27,1122,461,6,2255,1,0
1349,876,1,2025-02-12,29,7,1227,948,37,2256,1,0
1350,877,1,2025-06-15,29,19,1025,618,12,2258,1,0
1351,877,1,2025-06-15,29,17,1025,351,29,2260,1,0
1352,878,1,2025-06-24,29,19,1079,311,45,2261,1,0
1353,878,1,2025-06-24,29,24,1079,795,29,2262,1,0
1354,878,1,2025-06-24,29,18,1079,111,1,2264,1,0
1355,880,1,2024-09-14,29,16,1011,999,19,2266,1,0
1356,881,1,2025-10-16,29,18,1009,784,9,2268,1,0
1357,881,2,2025-10-16,29,24,1009,164,24,2269,1,0
1358,881,1,2025-10-16,29,24,1009,957,41,2270,1,0
1359,883,1,2024-08-06,29,11,1005,412,7,2273,1,0
1360,883,1,2024-08-06,29,29,1005,119,3,2274,1,0
1361,884,2,2026-01-01,29,18,1033,121,13,2277,1,0
1362,885,1,2026-06-27,29,1,1050,876,3,2279,1,0
1363,886,1,2025-03-11,29,21,1017,395,21,2281,1,0
1364,886,1,2025-03-11,29,19,1017,807,43,2283,1,0
1365,887,1,2026-06-28,29,10,1127,137,32,2284,1,0
1366,887,1,2026-06-28,29,30,1127,458,49,2285,1,0
1367,888,1,2024-03-06,29,13,1030,243,10,2287,1,0
1368,888,2,2024-03-06,29,15,1030,856,44,2289,1,0
1369,889,1,2025-06-23,29,11,1085,718,1,2291,1,0
1370,890,1,2024-06-02,29,29,1006,173,12,2292,1,0
1371,890,1,2024-06-02,29,16,1006,816,5,2294,1,0
1372,891,1,2025-02-12,29,19,1012,580,19,2297,1,0
1373,892,1,2024-12-19,29,30,1009,975,26,2299,1,0
1374,896,1,2025-11-15,29,6,1004,178,15,2305,1,0
1375,897,1,2026-06-12,29,14,1022,721,1,2310,1,0
1376,898,2,2024-07-27,29,3,1012,856,40,2313,1,0
1377,898,1,2024-07-27,29,27,1012,205,9,2314,1,0
1378,899,1,2024-12-19,29,19,1130,334,41,2315,1,0
1379,899,1,2024-12-19,29,12,1130,829,42,2317,1,0
1380,900,1,2024-02-04,29,19,1026,916,31,2318,1,0
1381,901,1,2024-02-12,29,22,1201,174,44,2321,1,0
1382,902,1,2025-09-24,29,21,1042,951,43,2323,1,0
1383,902,1,2025-09-24,29,18,1042,903,39,2324,1,0
1384,903,1,2024-10-29,29,18,1090,766,7,2325,1,0
1385,903,1,2024-10-29,29,21,1090,345,12,2326,1,0
1386,905,1,2024-02-01,29,9,1103,883,31,2333,1,0
1387,905,1,2024-02-01,29,13,1103,314,9,2335,1,0
1388,906,1,2026-06-01,29,3,1015,759,22,2336,1,0
1389,906,1,2026-06-01,29,14,1015,730,13,2338,1,0
1390,907,1,2024-10-02,29,3,1041,302,40,2340,1,0
1391,907,1,2024-10-02,29,14,1041,867,44,2341,1,0
1392,907,1,2024-10-02,29,20,1041,661,8,2342,1,0
1393,907,1,2024-10-02,29,6,1041,526,37,2343,1,0
1394,908,1,2024-09-17,29,4,1009,102,36,2344,1,0
1395,909,2,2025-01-17,29,29,1039,570,3,2345,1,0
1396,909,1,2025-01-17,29,25,1039,324,23,2346,1,0
1397,910,2,2025-05-12,29,5,1011,120,17,2349,1,0
1398,910,2,2025-05-12,29,2,1011,307,39,2350,1,0
1399,911,1,2025-08-08,29,14,1030,444,17,2351,1,0
1400,913,1,2025-11-04,29,16,1014,603,33,2355,1,0
1401,914,2,2026-02-08,29,30,1004,722,50,2357,1,0
1402,915,1,2025-09-16,29,27,1140,753,9,2358,1,0
1403,916,1,2025-10-04,29,16,1014,594,14,2359,1,0
1404,917,1,2024-06-26,29,12,1063,885,42,2361,1,0
1405,918,1,2024-07-04,29,26,1013,737,22,2364,1,0
1406,918,1,2024-07-04,29,3,1013,390,32,2365,1,0
1407,920,1,2024-08-25,29,4,1001,570,49,2369,1,0
1408,920,1,2024-08-25,29,13,1001,940,28,2370,1,0
1409,921,1,2025-06-05,29,7,1004,321,44,2373,1,0
1410,922,2,2026-03-15,29,1,1068,312,35,2375,1,0
1411,924,1,2025-01-04,29,15,1015,108,25,2377,1,0
1412,925,1,2025-08-26,29,5,1054,664,8,2379,1,0
1413,925,1,2025-08-26,29,16,1054,359,45,2381,1,0
1414,925,1,2025-08-26,29,28,1054,149,4,2382,1,0
1415,926,2,2025-07-02,29,19,1011,462,15,2383,1,0
1416,926,1,2025-07-02,29,10,1011,946,50,2385,1,0
1417,927,1,2024-10-23,29,26,1004,880,9,2386,1,0
1418,927,1,2024-10-23,29,30,1004,796,26,2387,1,0
1419,928,1,2026-04-23,29,14,1002,488,50,2388,1,0
1420,928,1,2026-04-23,29,21,1002,453,25,2391,1,0
1421,929,2,2024-02-07,29,22,1008,843,48,2392,1,0
1422,930,1,2024-07-21,29,13,1004,287,21,2393,1,0
1423,930,2,2024-07-21,29,22,1004,893,45,2395,1,0
1424,930,1,2024-07-21,29,16,1004,114,39,2396,1,0
1425,931,1,2024-03-22,29,4,1014,291,39,2397,1,0
1426,931,1,2024-03-22,29,16,1014,434,42,2399,1,0
1427,931,1,2024-03-22,29,21,1014,567,23,2400,1,0
1428,934,1,2025-07-16,29,2,1012,849,13,2403,1,0
1429,935,1,2025-04-11,29,7,1010,177,4,2404,1,0
1430,935,1,2025-04-11,29,20,1010,832,20,2405,1,0
1431,937,2,2025-02-12,29,31,1056,993,48,2411,1,0
1432,938,1,2025-04-15,29,8,1092,466,17,2413,1,0
1433,938,1,2025-04-15,29,21,1092,874,10,2414,1,0
1434,938,1,2025-04-15,29,22,1092,615,5,2415,1,0
1435,938,1,2025-04-15,29,10,1092,275,43,2416,1,0
1436,939,1,2025-02-10,29,23,1006,594,32,2419,1,0
1437,940,1,2024-10-02,29,15,1002,271,49,2420,1,0
1438,940,2,2024-10-02,29,5,1002,627,43,2423,1,0
1439,942,1,2024-11-22,29,22,1122,823,24,2426,1,0
1440,942,1,2024-11-22,29,13,1122,187,45,2427,1,0
1441,942,1,2024-11-22,29,24,1122,572,25,2428,1,0
1442,943,1,2025-11-18,29,25,1052,414,37,2429,1,0
1443,944,2,2024-09-09,29,29,1154,623,38,2430,1,0
1444,944,2,2024-09-09,29,7,1154,606,30,2431,1,0
1445,944,1,2024-09-09,29,26,1154,498,17,2432,1,0
1446,945,2,2025-01-25,29,10,1176,703,38,2434,1,0
1447,945,1,2025-01-25,29,24,1176,280,28,2435,1,0
1448,945,1,2025-01-25,29,3,1176,767,41,2436,1,0
1449,946,2,2025-07-15,29,27,1057,417,4,2437,1,0
1450,946,1,2025-07-15,29,11,1057,163,12,2438,1,0
1451,946,2,2025-07-15,29,13,1057,899,48,2439,1,0
1452,946,1,2025-07-15,29,17,1057,182,18,2440,1,0
1453,949,1,2024-05-27,29,9,1197,910,37,2445,1,0
1454,949,1,2024-05-27,29,1,1197,303,41,2446,1,0
1455,950,2,2025-11-06,29,13,1088,104,44,2448,1,0
1456,951,1,2024-12-02,29,24,1008,696,45,2449,1,0
1457,951,1,2024-12-02,29,30,1008,919,38,2450,1,0
1458,951,1,2024-12-02,29,20,1008,201,5,2451,1,0
1459,951,1,2024-12-02,29,19,1008,240,30,2452,1,0
1460,952,1,2024-07-18,29,19,1012,202,19,2453,1,0
1461,953,1,2025-05-29,29,1,1013,745,34,2456,1,0
1462,953,1,2025-05-29,29,25,1013,415,5,2457,1,0
1463,953,1,2025-05-29,29,26,1013,442,17,2458,1,0
1464,954,1,2025-05-01,29,8,1024,938,12,2459,1,0
1465,955,1,2025-03-05,29,10,1120,590,32,2460,1,0
1466,956,1,2026-04-13,29,25,1029,189,1,2462,1,0
1467,956,1,2026-04-13,29,20,1029,162,16,2463,1,0
1468,957,1,2025-04-08,29,21,1132,352,10,2469,1,0
1469,958,1,2024-06-16,29,14,1049,101,16,2470,1,0
1470,959,1,2025-05-04,29,18,1026,628,20,2471,1,0
1471,959,1,2025-05-04,29,17,1026,926,48,2472,1,0
1472,959,1,2025-05-04,29,20,1026,232,10,2473,1,0
1473,960,1,2026-03-05,29,16,1107,319,41,2475,1,0
1474,961,1,2024-04-18,29,7,1006,733,14,2478,1,0
1475,962,1,2024-12-19,29,13,1185,969,14,2481,1,0
1476,963,1,2024-01-30,29,6,1105,955,8,2482,1,0
1477,964,1,2024-05-05,29,30,1029,703,33,2483,1,0
1478,965,1,2024-11-09,29,16,1014,448,35,2484,1,0
1479,966,1,2024-11-13,29,27,1030,472,28,2488,1,0
1480,968,1,2024-09-13,29,30,1030,118,37,2491,1,0
1481,968,1,2024-09-13,29,23,1030,253,23,2492,1,0
1482,969,1,2024-01-01,29,2,1155,504,16,2494,1,0
1483,970,1,2025-04-07,29,17,1016,738,21,2498,1,0
1484,970,1,2025-04-07,29,28,1016,593,3,2499,1,0
1485,971,2,2024-12-30,29,16,1002,154,13,2500,1,0
1486,974,1,2025-12-09,29,7,1006,513,42,2504,1,0
1487,974,2,2025-12-09,29,15,1006,796,49,2505,1,0
1488,974,1,2025-12-09,29,26,1006,341,24,2506,1,0
1489,975,1,2025-03-30,29,23,1029,232,3,2509,1,0
1490,976,1,2024-03-07,29,5,1036,714,8,2511,1,0
1491,976,1,2024-03-07,29,1,1036,612,32,2512,1,0
1492,976,1,2024-03-07,29,26,1036,887,21,2513,1,0
1493,977,1,2024-06-22,29,26,1007,901,34,2514,1,0
1494,977,2,2024-06-22,29,27,1007,399,46,2515,1,0
1495,977,2,2024-06-22,29,26,1007,901,46,2516,1,0
1496,978,1,2025-08-02,29,30,1014,883,43,2519,1,0
1497,980,2,2024-10-23,29,3,1014,424,6,2522,1,0
1498,980,1,2024-10-23,29,26,1014,918,6,2524,1,0
1499,981,1,2025-08-25,29,16,1049,518,27,2527,1,0
1500,983,1,2025-01-26,29,27,1180,887,48,2529,1,0
1501,984,1,2025-12-01,29,22,1013,177,21,2530,1,0
1502,985,1,2026-04-12,29,30,1015,468,20,2534,1,0
1503,985,1,2026-04-12,29,15,1015,296,6,2536,1,0
1504,986,1,2024-04-29,29,5,1003,845,5,2537,1,0
1505,987,1,2025-11-21,29,6,1148,935,9,2538,1,0
1506,989,1,2026-02-26,29,4,1007,653,43,2544,1,0
1507,992,1,2025-08-25,29,12,1003,579,19,2547,1,0
1508,994,1,2025-11-29,29,26,1192,720,9,2550,1,0
1509,994,1,2025-11-29,29,11,1192,539,20,2552,1,0
1510,995,1,2024-02-18,29,11,1117,445,3,2554,1,0
1511,996,1,2025-12-30,29,13,1048,437,3,2556,1,0
1512,997,1,2026-04-07,29,29,1029,912,34,2557,1,0
1513,997,1,2026-04-07,29,17,1029,118,48,2559,1,0
1514,999,1,2024-11-13,29,18,1067,433,27,2562,1,0
1515,999,1,2024-11-13,29,18,1067,503,25,2563,1,0
1516,1000,2,2025-01-16,29,16,1134,753,47,2564,1,0
1517,1001,2,2025-01-30,29,1,1013,209,17,2566,1,0
1518,1001,1,2025-01-30,29,8,1013,454,38,2567,1,0
1519,1002,1,2025-05-01,29,22,1030,271,7,2568,1,0
1520,1002,1,2025-05-01,29,13,1030,341,4,2570,1,0
1521,1002,1,2025-05-01,29,13,1030,250,40,2571,1,0
1522,1003,1,2024-03-03,29,14,1065,673,35,2572,1,0
1523,1003,1,2024-03-03,29,4,1065,438,10,2573,1,0
1524,1003,2,2024-03-03,29,8,1065,396,15,2574,1,0
1525,1004,1,2025-01-02,29,30,1104,113,5,2576,1,0
1526,1005,1,2026-01-25,29,9,1220,903,22,2577,1,0
1527,1006,1,2025-08-23,29,16,1033,288,36,2578,1,0
1528,1007,1,2026-02-02,29,27,1108,721,10,2580,1,0
1529,1008,1,2024-09-18,29,16,1050,839,17,2582,1,0
1530,1008,1,2024-09-18,29,8,1050,316,28,2583,1,0
1531,1008,1,2024-09-18,29,24,1050,895,5,2584,1,0
1532,1009,1,2024-04-10,29,10,1190,485,32,2585,1,0
1533,1009,1,2024-04-10,29,8,1190,966,30,2586,1,0
1534,1010,1,2025-02-07,29,26,1006,218,20,2587,1,0
1535,1010,1,2025-02-07,29,2,1006,866,5,2588,1,0
1536,1012,1,2024-04-13,29,14,1009,654,41,2592,1,0
1537,1012,1,2024-04-13,29,24,1009,186,46,2593,1,0
1538,1012,1,2024-04-13,29,29,1009,716,29,2595,1,0
1539,1013,1,2024-10-30,29,27,1013,489,10,2596,1,0
1540,1013,1,2024-10-30,29,26,1013,621,12,2597,1,0
1541,1014,1,2024-10-17,29,8,1015,347,33,2600,1,0
1542,1014,1,2024-10-17,29,30,1015,345,5,2601,1,0
1543,1014,1,2024-10-17,29,14,1015,264,8,2603,1,0
1544,1017,1,2025-01-25,29,18,1050,548,4,2607,1,0
1545,1017,1,2025-01-25,29,16,1050,233,42,2608,1,0
1546,1018,1,2025-08-07,29,14,1180,350,22,2609,1,0
1547,1018,1,2025-08-07,29,25,1180,508,33,2610,1,0
1548,1019,1,2025-04-14,29,17,1013,545,46,2612,1,0
1549,1020,1,2024-08-14,29,23,1204,664,43,2615,1,0
1550,1021,1,2026-01-14,29,3,1034,249,31,2617,1,0
1551,1023,1,2026-05-29,29,20,1032,650,21,2620,1,0
1552,1023,1,2026-05-29,29,15,1032,521,46,2621,1,0
1553,1025,1,2026-01-19,29,20,1155,611,7,2626,1,0
1554,1026,1,2025-05-22,29,17,1049,813,46,2627,1,0
1555,1026,1,2025-05-22,29,6,1049,967,25,2628,1,0
1556,1027,1,2025-04-11,29,6,1009,389,7,2629,1,0
1557,1028,1,2024-06-02,29,17,1026,538,9,2632,1,0
1558,1028,1,2024-06-02,29,19,1026,364,47,2633,1,0
1559,1029,1,2025-11-07,29,31,1189,101,49,2635,1,0
1560,1029,1,2025-11-07,29,7,1189,177,5,2636,1,0
1561,1029,1,2025-11-07,29,10,1189,412,15,2637,1,0
1562,1030,2,2024-12-31,29,21,1014,820,12,2638,1,0
1563,1031,1,2024-08-23,29,9,1025,274,8,2639,1,0
1564,1032,2,2024-06-04,29,21,1173,987,8,2640,1,0
1565,1033,1,2025-03-17,29,9,1146,192,49,2641,1,0
1566,1034,1,2025-07-11,29,7,1077,470,14,2645,1,0
1567,1036,1,2026-05-07,29,18,1011,246,47,2647,1,0
1568,1036,2,2026-05-07,29,6,1011,432,1,2649,1,0
1569,1036,1,2026-05-07,29,9,1011,545,10,2650,1,0
1570,1037,1,2025-08-28,29,1,1149,873,34,2651,1,0
1571,1038,2,2024-09-12,29,11,1013,509,3,2653,1,0
1572,1038,1,2024-09-12,29,17,1013,321,17,2654,1,0
1573,1038,1,2024-09-12,29,26,1013,408,16,2655,1,0
1574,1038,1,2024-09-12,29,8,1013,129,32,2656,1,0
1575,1039,1,2024-02-29,29,23,1088,641,4,2657,1,0
1576,1040,1,2026-04-04,29,16,1066,540,20,2658,1,0
1577,1040,2,2026-04-04,29,4,1066,902,24,2659,1,0
1578,1040,1,2026-04-04,29,19,1066,249,33,2660,1,0
1579,1041,1,2024-03-10,29,10,1041,877,29,2661,1,0
1580,1042,1,2025-04-11,29,20,1005,828,29,2662,1,0
1581,1042,1,2025-04-11,29,16,1005,675,19,2663,1,0
1582,1043,1,2024-04-28,29,15,1001,964,4,2664,1,0
1583,1044,1,2026-05-08,29,14,1011,985,5,2665,1,0
1584,1047,2,2025-12-23,29,5,1032,316,12,2668,1,0
1585,1048,1,2024-09-09,29,9,1002,450,18,2669,1,0
1586,1050,1,2025-07-27,29,7,1029,957,1,2672,1,0
1587,1050,1,2025-07-27,29,11,1029,322,39,2673,1,0
1588,1051,1,2024-05-29,29,27,1014,963,9,2674,1,0
1589,1052,1,2025-10-23,29,11,1009,171,17,2675,1,0
1590,1053,1,2024-04-26,29,23,1221,753,9,2676,1,0
1591,1054,1,2025-02-14,29,26,1002,930,42,2678,1,0
1592,1054,1,2025-02-14,29,9,1002,925,5,2679,1,0
1593,1055,1,2026-05-02,29,1,1183,384,37,2682,1,0
1594,1055,1,2026-05-02,29,15,1183,246,43,2683,1,0
1595,1056,1,2024-03-21,29,20,1012,385,11,2684,1,0
1596,1056,1,2024-03-21,29,5,1012,955,24,2685,1,0
1597,1057,1,2024-10-14,29,29,1003,199,39,2686,1,0
1598,1058,1,2025-02-28,29,28,1009,896,50,2688,1,0
1599,1059,1,2025-10-01,29,10,1007,894,25,2690,1,0
1600,1061,1,2024-12-04,29,11,1064,864,17,2693,1,0
1601,1062,1,2025-05-20,29,19,1123,500,27,2694,1,0
1602,1062,1,2025-05-20,29,28,1123,332,15,2695,1,0
1603,1062,1,2025-05-20,29,20,1123,554,26,2696,1,0
1604,1063,1,2025-01-12,29,26,1158,259,40,2697,1,0
1605,1063,2,2025-01-12,29,21,1158,255,46,2698,1,0
1606,1063,1,2025-01-12,29,5,1158,543,28,2699,1,0
1607,1064,1,2024-08-06,29,26,1020,897,35,2701,1,0
1608,1064,1,2024-08-06,29,12,1020,665,29,2702,1,0
1609,1065,1,2026-01-10,29,5,1066,193,28,2706,1,0
1610,1065,1,2026-01-10,29,24,1066,567,26,2707,1,0
1611,1065,1,2026-01-10,29,2,1066,122,24,2708,1,0
1612,1066,1,2025-02-19,29,17,1189,829,50,2709,1,0
1613,1066,1,2025-02-19,29,11,1189,140,45,2710,1,0
1614,1067,1,2025-01-14,29,8,1179,605,40,2714,1,0
1615,1067,1,2025-01-14,29,30,1179,632,32,2715,1,0
1616,1067,1,2025-01-14,29,24,1179,269,20,2716,1,0
1617,1068,1,2026-05-10,29,11,1205,760,35,2717,1,0
1618,1068,1,2026-05-10,29,17,1205,860,20,2718,1,0
1619,1068,1,2026-05-10,29,15,1205,365,43,2719,1,0
1620,1069,1,2026-05-28,29,2,1061,705,38,2720,1,0
1621,1070,1,2026-05-23,29,3,1030,309,50,2723,1,0
1622,1070,1,2026-05-23,29,18,1030,883,8,2724,1,0
1623,1071,1,2024-12-08,29,31,1026,784,30,2728,1,0
1624,1071,1,2024-12-08,29,29,1026,642,23,2729,1,0
1625,1072,1,2025-01-23,29,25,1045,990,1,2730,1,0
1626,1072,1,2025-01-23,29,16,1045,133,48,2731,1,0
1627,1075,1,2024-11-13,29,13,1002,117,39,2735,1,0
1628,1076,1,2025-10-15,29,1,1003,919,8,2736,1,0
1629,1077,1,2024-09-01,29,21,1223,229,36,2737,1,0
1630,1077,1,2024-09-01,29,21,1223,919,17,2738,1,0
1631,1078,1,2024-02-01,29,5,1195,914,33,2741,1,0
1632,1078,1,2024-02-01,29,22,1195,572,22,2742,1,0
1633,1079,2,2024-07-29,29,9,1033,467,10,2743,1,0
1634,1080,1,2024-05-25,29,2,1009,462,43,2745,1,0
1635,1081,1,2025-10-17,29,16,1045,577,2,2747,1,0
1636,1081,1,2025-10-17,29,14,1045,591,24,2749,1,0
1637,1082,1,2024-02-07,29,2,1119,362,43,2750,1,0
1638,1082,2,2024-02-07,29,11,1119,870,12,2751,1,0
1639,1082,1,2024-02-07,29,12,1119,101,42,2752,1,0
1640,1083,1,2025-07-31,29,11,1032,964,37,2753,1,0
1641,1084,1,2024-08-17,29,25,1014,544,11,2757,1,0
1642,1084,2,2024-08-17,29,14,1014,637,11,2759,1,0
1643,1085,1,2025-11-06,29,16,1032,513,26,2760,1,0
1644,1085,1,2025-11-06,29,10,1032,897,45,2762,1,0
1645,1085,1,2025-11-06,29,31,1032,860,41,2763,1,0
1646,1086,1,2026-05-24,29,8,1007,447,33,2764,1,0
1647,1086,1,2026-05-24,29,2,1007,334,23,2766,1,0
1648,1087,1,2024-03-23,29,27,1008,939,46,2767,1,0
1649,1087,1,2024-03-23,29,1,1008,295,19,2768,1,0
1650,1088,1,2024-03-13,29,10,1005,141,2,2771,1,0
1651,1089,1,2026-02-13,29,13,1041,927,21,2774,1,0
1652,1089,1,2026-02-13,29,19,1041,465,26,2775,1,0
1653,1089,1,2026-02-13,29,23,1041,219,48,2776,1,0
1654,1090,1,2025-04-03,29,19,1011,406,41,2778,1,0
1655,1090,1,2025-04-03,29,3,1011,139,13,2780,1,0
1656,1091,1,2025-10-31,29,21,1089,333,5,2783,1,0
1657,1091,1,2025-10-31,29,19,1089,840,33,2784,1,0
1658,1092,1,2024-10-16,29,28,1159,226,48,2786,1,0
1659,1093,1,2025-03-27,29,13,1020,753,34,2788,1,0
1660,1094,1,2025-05-30,29,17,1028,668,29,2791,1,0
1661,1095,1,2024-11-20,29,5,1004,601,35,2792,1,0
1662,1096,1,2025-12-07,29,23,1012,980,8,2794,1,0
1663,1098,1,2026-03-25,29,27,1119,414,12,2796,1,0
1664,1099,1,2025-01-14,29,11,1024,741,46,2797,1,0
1665,1100,1,2025-06-21,29,30,1006,387,41,2798,1,0
1666,1101,1,2025-06-16,29,13,1008,318,35,2799,1,0
1667,1102,1,2025-06-04,29,18,1005,164,39,2800,1,0
1668,1103,2,2025-06-08,29,22,1013,454,35,2804,1,0
1669,1105,1,2025-06-13,29,26,1015,910,27,2807,1,0
1670,1105,1,2025-06-13,29,16,1015,624,1,2808,1,0
1671,1105,1,2025-06-13,29,7,1015,995,20,2809,1,0
1672,1106,1,2025-03-27,29,9,1048,186,49,2810,1,0
1673,1106,1,2025-03-27,29,20,1048,594,19,2811,1,0
1674,1106,1,2025-03-27,29,13,1048,731,48,2812,1,0
1675,1107,1,2026-04-01,29,24,1163,463,16,2814,1,0
1676,1108,1,2026-06-21,29,29,1033,103,46,2816,1,0
1677,1108,1,2026-06-21,29,25,1033,667,25,2817,1,0
1678,1110,1,2025-08-19,29,7,1125,293,19,2819,1,0
1679,1111,1,2024-12-12,29,25,1014,348,46,2821,1,0
1680,1111,1,2024-12-12,29,16,1014,462,25,2822,1,0
1681,1111,1,2024-12-12,29,22,1014,524,18,2824,1,0
1682,1112,1,2024-02-17,29,25,1030,715,37,2825,1,0
1683,1112,1,2024-02-17,29,27,1030,612,10,2826,1,0
1684,1113,1,2024-08-03,29,9,1009,348,39,2827,1,0
1685,1114,1,2024-02-16,29,2,1049,104,24,2830,1,0
1686,1114,2,2024-02-16,29,28,1049,255,4,2831,1,0
1687,1115,1,2025-09-24,29,19,1039,767,32,2833,1,0
1688,1115,1,2025-09-24,29,31,1039,239,11,2834,1,0
1689,1117,1,2024-01-02,29,6,1027,730,50,2836,1,0
1690,1118,1,2025-06-04,29,17,1010,271,36,2837,1,0
1691,1118,1,2025-06-04,29,18,1010,874,16,2838,1,0
1692,1119,1,2025-09-25,29,14,1008,536,10,2840,1,0
1693,1120,1,2026-02-08,29,20,1001,180,2,2843,1,0
1694,1121,1,2024-05-23,29,7,1009,648,10,2845,1,0
1695,1121,1,2024-05-23,29,8,1009,222,44,2847,1,0
1696,1121,1,2024-05-23,29,30,1009,736,21,2848,1,0
1697,1122,1,2025-09-09,29,20,1114,929,29,2849,1,0
1698,1122,1,2025-09-09,29,2,1114,888,24,2850,1,0
1699,1122,1,2025-09-09,29,5,1114,579,35,2851,1,0
1700,1123,1,2025-09-15,29,20,1015,283,15,2853,1,0
1701,1123,1,2025-09-15,29,25,1015,397,15,2854,1,0
1702,1123,1,2025-09-15,29,26,1015,575,48,2855,1,0
1703,1124,1,2026-03-08,29,28,1102,377,34,2857,1,0
1704,1125,1,2024-03-17,29,2,1005,803,37,2858,1,0
1705,1125,2,2024-03-17,29,15,1005,625,24,2859,1,0
1706,1126,1,2025-01-23,29,20,1004,801,2,2860,1,0
1707,1127,1,2024-05-23,29,9,1003,473,39,2862,1,0
1708,1127,1,2024-05-23,29,31,1003,300,41,2863,1,0
1709,1127,1,2024-05-23,29,16,1003,646,8,2864,1,0
1710,1127,1,2024-05-23,29,29,1003,451,28,2865,1,0
1711,1128,1,2025-11-11,29,2,1095,259,22,2866,1,0
1712,1130,1,2026-03-16,29,25,1007,985,35,2870,1,0
1713,1130,1,2026-03-16,29,30,1007,603,35,2871,1,0
1714,1130,1,2026-03-16,29,20,1007,701,39,2872,1,0
1715,1130,1,2026-03-16,29,1,1007,632,9,2873,1,0
1716,1131,1,2024-09-04,29,12,1057,125,40,2875,1,0
1717,1133,1,2026-04-29,29,21,1048,666,39,2878,1,0
1718,1133,1,2026-04-29,29,6,1048,509,28,2879,1,0
1719,1134,1,2025-01-24,29,14,1033,520,2,2880,1,0
1720,1136,1,2024-10-17,29,12,1032,124,10,2883,1,0
1721,1137,1,2026-06-11,29,5,1043,109,8,2887,1,0
1722,1139,1,2024-02-17,29,3,1024,757,2,2890,1,0
1723,1139,1,2024-02-17,29,6,1024,507,6,2891,1,0
1724,1140,1,2025-07-02,29,30,1003,794,19,2893,1,0
1725,1140,1,2025-07-02,29,19,1003,605,47,2894,1,0
1726,1141,1,2024-06-09,29,11,1043,877,38,2895,1,0
1727,1141,1,2024-06-09,29,6,1043,556,31,2896,1,0
1728,1142,1,2024-12-10,29,26,1010,360,46,2897,1,0
1729,1142,1,2024-12-10,29,18,1010,895,1,2898,1,0
1730,1143,1,2026-01-30,29,4,1011,731,37,2899,1,0
1731,1143,1,2026-01-30,29,29,1011,104,9,2900,1,0
1732,1143,1,2026-01-30,29,21,1011,305,37,2901,1,0
1733,1145,1,2026-06-23,29,17,1140,668,23,2906,1,0
1734,1146,1,2024-11-29,29,28,1010,696,50,2907,1,0
1735,1146,1,2024-11-29,29,15,1010,309,3,2908,1,0
1736,1146,1,2024-11-29,29,4,1010,196,45,2910,1,0
1737,1147,1,2025-03-16,29,5,1071,724,25,2911,1,0
1738,1148,1,2024-07-23,29,27,1012,520,37,2912,1,0
1739,1149,1,2025-10-08,29,26,1135,639,34,2913,1,0
1740,1149,1,2025-10-08,29,26,1135,286,41,2914,1,0
1741,1150,1,2026-04-20,29,13,1220,283,40,2916,1,0
1742,1151,1,2024-05-08,29,3,1203,680,10,2917,1,0
1743,1151,1,2024-05-08,29,11,1203,279,31,2918,1,0
1744,1152,1,2024-12-26,29,17,1011,757,49,2920,1,0
1745,1152,1,2024-12-26,29,9,1011,872,16,2921,1,0
1746,1152,1,2024-12-26,29,11,1011,124,7,2922,1,0
1747,1152,1,2024-12-26,29,15,1011,795,17,2923,1,0
1748,1153,1,2025-10-23,29,19,1004,898,46,2925,1,0
1749,1154,1,2024-12-10,29,18,1014,732,22,2928,1,0
1750,1154,1,2024-12-10,29,7,1014,920,7,2929,1,0
1751,1154,1,2024-12-10,29,13,1014,230,21,2930,1,0
1752,1155,1,2026-03-27,29,22,1002,852,10,2932,1,0
1753,1156,1,2025-08-08,29,6,1044,700,39,2935,1,0
1754,1156,1,2025-08-08,29,22,1044,667,45,2936,1,0
1755,1157,2,2026-03-16,29,20,1110,444,36,2938,1,0
1756,1157,1,2026-03-16,29,4,1110,558,29,2939,1,0
1757,1158,1,2026-06-06,29,7,1014,285,26,2940,1,0
1758,1158,1,2026-06-06,29,21,1014,135,19,2941,1,0
1759,1161,1,2025-04-16,29,26,1153,533,43,2946,1,0
1760,1161,1,2025-04-16,29,30,1153,960,44,2947,1,0
1761,1162,1,2025-12-20,29,16,1023,905,11,2948,1,0
1762,1162,2,2025-12-20,29,9,1023,230,27,2949,1,0
1763,1162,1,2025-12-20,29,7,1023,719,18,2950,1,0
1764,1163,1,2025-11-25,29,3,1086,227,14,2955,1,0
1765,1164,1,2024-06-23,29,16,1041,293,4,2956,1,0
1766,1165,1,2026-05-01,29,17,1121,232,41,2958,1,0
1767,1165,1,2026-05-01,29,15,1121,318,34,2959,1,0
1768,1165,1,2026-05-01,29,30,1121,348,38,2960,1,0
1769,1165,1,2026-05-01,29,4,1121,524,4,2961,1,0
1770,1166,2,2025-08-01,29,30,1004,856,21,2962,1,0
1771,1166,2,2025-08-01,29,26,1004,620,30,2963,1,0
1772,1166,1,2025-08-01,29,21,1004,238,41,2964,1,0
1773,1167,1,2024-05-07,29,31,1188,355,1,2965,1,0
1774,1167,1,2024-05-07,29,3,1188,376,23,2966,1,0
1775,1169,1,2024-05-08,29,5,1041,584,40,2972,1,0
1776,1172,1,2024-01-21,29,8,1009,264,22,2977,1,0
1777,1173,1,2026-03-26,29,12,1124,614,37,2979,1,0
1778,1173,1,2026-03-26,29,6,1124,736,30,2981,1,0
1779,1174,1,2024-04-12,29,15,1013,704,35,2982,1,0
1780,1175,1,2025-12-05,29,9,1115,688,32,2985,1,0
1781,1176,1,2024-02-09,29,18,1172,127,5,2988,1,0
1782,1176,1,2024-02-09,29,21,1172,724,49,2990,1,0
1783,1177,1,2025-10-31,29,27,1085,334,25,2991,1,0
1784,1177,1,2025-10-31,29,2,1085,505,32,2992,1,0
1785,1178,1,2024-12-10,29,26,1052,597,47,2994,1,0
1786,1178,2,2024-12-10,29,23,1052,852,24,2995,1,0
1787,1178,1,2024-12-10,29,18,1052,978,33,2996,1,0
1788,1180,1,2024-06-20,29,25,1024,914,11,3000,1,0
1789,1180,1,2024-06-20,29,11,1024,223,36,3001,1,0
1790,1181,1,2026-01-29,29,31,1002,842,29,3003,1,0
1791,1182,1,2024-10-30,29,13,1002,792,23,3005,1,0
1792,1184,1,2024-07-06,29,12,1027,160,24,3007,1,0
1793,1185,1,2025-07-02,29,16,1138,903,38,3008,1,0
1794,1186,1,2024-02-08,29,4,1215,266,25,3011,1,0
1795,1186,1,2024-02-08,29,1,1215,310,3,3012,1,0
1796,1186,1,2024-02-08,29,15,1215,513,40,3013,1,0
1797,1186,1,2024-02-08,29,25,1215,727,22,3014,1,0
1798,1190,1,2024-09-27,29,3,1004,119,6,3020,1,0
1799,1190,1,2024-09-27,29,10,1004,208,34,3021,1,0
1800,1190,1,2024-09-27,29,27,1004,302,40,3022,1,0
1801,1191,1,2025-02-14,29,9,1126,358,41,3024,1,0
1802,1192,1,2025-02-07,29,16,1052,621,43,3027,1,0
1803,1192,1,2025-02-07,29,27,1052,608,9,3028,1,0
1804,1193,1,2026-04-14,29,5,1215,162,35,3029,1,0
1805,1195,1,2024-02-09,29,23,1013,686,27,3033,1,0
1806,1195,1,2024-02-09,29,11,1013,695,34,3034,1,0
1807,1196,1,2024-05-10,29,23,1013,119,37,3035,1,0
1808,1197,1,2024-03-18,29,17,1106,498,7,3038,1,0
1809,1198,1,2025-01-20,29,5,1182,721,50,3039,1,0
1810,1198,1,2025-01-20,29,24,1182,455,23,3040,1,0
1811,1198,1,2025-01-20,29,26,1182,184,42,3041,1,0
1812,1199,1,2025-10-16,29,4,1061,209,46,3043,1,0
1813,1199,1,2025-10-16,29,19,1061,411,48,3044,1,0
1814,1200,1,2024-01-19,29,13,1008,442,46,3047,1,0
1815,1200,2,2024-01-19,29,1,1008,632,32,3048,1,0
1816,1200,1,2024-01-19,29,31,1008,392,13,3049,1,0
1817,1201,1,2024-12-10,29,26,1033,578,22,3050,1,0
1818,1202,1,2024-02-04,29,3,1040,779,27,3051,1,0
1819,1202,1,2024-02-04,29,20,1040,521,35,3052,1,0
1820,1203,1,2024-11-13,29,22,1230,678,46,3053,1,0
1821,1203,1,2024-11-13,29,24,1230,754,44,3054,1,0
1822,1203,1,2024-11-13,29,6,1230,436,3,3055,1,0
1823,1204,1,2024-02-04,29,14,1006,662,28,3056,1,0
1824,1204,1,2024-02-04,29,28,1006,970,1,3057,1,0
1825,1205,1,2026-05-31,29,28,1001,985,37,3059,1,0
1826,1205,1,2026-05-31,29,6,1001,906,20,3060,1,0
1827,1205,1,2026-05-31,29,27,1001,575,15,3061,1,0
1828,1205,1,2026-05-31,29,22,1001,828,49,3062,1,0
1829,1206,1,2024-03-05,29,7,1042,206,18,3063,1,0
1830,1206,1,2024-03-05,29,12,1042,721,41,3065,1,0
1831,1207,1,2024-12-17,29,24,1025,574,4,3066,1,0
1832,1208,1,2026-05-03,29,23,1010,147,7,3068,1,0
1833,1208,1,2026-05-03,29,19,1010,257,22,3069,1,0
1834,1209,1,2024-04-01,29,26,1046,612,14,3070,1,0
1835,1209,1,2024-04-01,29,15,1046,680,46,3071,1,0
1836,1210,1,2024-12-18,29,29,1016,758,9,3074,1,0
1837,1210,1,2024-12-18,29,31,1016,196,48,3076,1,0
1838,1211,1,2025-08-11,29,28,1001,779,14,3077,1,0
1839,1211,1,2025-08-11,29,21,1001,552,16,3079,1,0
1840,1212,1,2025-03-01,29,20,1186,214,47,3080,1,0
1841,1212,1,2025-03-01,29,24,1186,490,43,3081,1,0
1842,1213,1,2026-01-31,29,9,1029,149,8,3083,1,0
1843,1214,1,2025-07-28,29,19,1027,887,43,3084,1,0
1844,1214,1,2025-07-28,29,28,1027,904,46,3085,1,0
1845,1214,1,2025-07-28,29,8,1027,883,34,3087,1,0
1846,1215,1,2024-12-21,29,26,1049,111,50,3088,1,0
1847,1216,1,2024-04-14,29,20,1006,846,34,3089,1,0
1848,1216,1,2024-04-14,29,8,1006,374,31,3090,1,0
1849,1217,1,2026-04-13,29,31,1224,734,20,3092,1,0
1850,1219,2,2026-01-13,29,26,1013,806,26,3094,1,0
1851,1220,1,2025-04-26,29,25,1197,620,23,3095,1,0
1852,1220,1,2025-04-26,29,17,1197,885,33,3096,1,0
1853,1221,1,2025-12-26,29,22,1056,644,41,3099,1,0
1854,1221,2,2025-12-26,29,17,1056,591,31,3100,1,0
1855,1221,2,2025-12-26,29,19,1056,667,9,3101,1,0
1856,1222,1,2024-05-11,29,10,1095,891,18,3102,1,0
1857,1222,1,2024-05-11,29,24,1095,559,2,3104,1,0
1858,1224,1,2024-02-21,29,5,1079,638,41,3106,1,0
1859,1224,1,2024-02-21,29,27,1079,717,28,3107,1,0
1860,1226,1,2025-02-10,29,28,1185,136,38,3109,1,0
1861,1226,1,2025-02-10,29,30,1185,610,9,3110,1,0
1862,1226,1,2025-02-10,29,22,1185,209,42,3112,1,0
1863,1227,2,2025-05-12,29,17,1011,530,17,3113,1,0
1864,1227,1,2025-05-12,29,29,1011,276,41,3114,1,0
1865,1227,1,2025-05-12,29,28,1011,441,19,3116,1,0
1866,1228,2,2024-04-04,29,31,1036,863,42,3117,1,0
1867,1229,1,2026-04-19,29,19,1163,153,3,3121,1,0
1868,1230,1,2024-06-09,29,7,1013,843,23,3123,1,0
1869,1230,1,2024-06-09,29,14,1013,248,27,3124,1,0
1870,1230,1,2024-06-09,29,6,1013,889,47,3125,1,0
1871,1230,1,2024-06-09,29,7,1013,606,26,3126,1,0
1872,1231,1,2024-11-25,29,20,1082,627,46,3127,1,0
1873,1231,1,2024-11-25,29,11,1082,677,25,3128,1,0
1874,1232,1,2026-02-28,29,4,1001,145,3,3130,1,0
1875,1233,1,2024-05-24,29,22,1013,771,14,3131,1,0
1876,1233,1,2024-05-24,29,4,1013,287,22,3133,1,0
1877,1233,1,2024-05-24,29,29,1013,245,1,3134,1,0
1878,1234,1,2024-10-29,29,20,1018,151,32,3135,1,0
1879,1235,1,2024-01-06,29,13,1003,214,13,3136,1,0
1880,1236,1,2025-08-28,29,19,1215,429,32,3141,1,0
1881,1237,1,2025-05-18,29,10,1136,375,4,3142,1,0
1882,1238,2,2026-04-09,29,11,1040,249,34,3143,1,0
1883,1241,1,2024-05-02,29,31,1005,864,13,3148,1,0
1884,1244,1,2025-02-17,29,31,1087,359,26,3153,1,0
1885,1244,2,2025-02-17,29,18,1087,315,46,3154,1,0
1886,1245,1,2024-07-15,29,27,1147,277,30,3157,1,0
1887,1245,1,2024-07-15,29,9,1147,194,4,3158,1,0
1888,1245,1,2024-07-15,29,8,1147,211,4,3159,1,0
1889,1246,1,2025-12-14,29,23,1001,864,17,3160,1,0
1890,1246,1,2025-12-14,29,14,1001,997,46,3162,1,0
1891,1247,1,2024-10-10,29,18,1060,414,48,3163,1,0
1892,1250,1,2024-05-14,29,28,1182,708,32,3170,1,0
1893,1251,1,2025-10-02,29,30,1037,897,4,3171,1,0
1894,1251,1,2025-10-02,29,16,1037,194,47,3172,1,0
1895,1251,1,2025-10-02,29,14,1037,337,34,3173,1,0
1896,1252,2,2024-05-08,29,4,1130,988,19,3175,1,0
1897,1252,1,2024-05-08,29,23,1130,725,35,3176,1,0
1898,1253,1,2025-07-13,29,8,1172,575,9,3178,1,0
1899,1254,1,2025-11-26,29,14,1007,307,27,3180,1,0
1900,1254,1,2025-11-26,29,1,1007,816,3,3181,1,0
1901,1255,1,2025-06-02,29,15,1039,589,41,3184,1,0
1902,1255,1,2025-06-02,29,2,1039,634,5,3185,1,0
1903,1255,1,2025-06-02,29,5,1039,706,20,3186,1,0
1904,1255,1,2025-06-02,29,8,1039,668,32,3187,1,0
1905,1256,1,2024-02-22,29,11,1142,647,11,3190,1,0
1906,1257,2,2025-12-19,29,13,1203,759,26,3194,1,0
1907,1257,1,2025-12-19,29,23,1203,525,46,3195,1,0
1908,1258,2,2024-02-06,29,20,1011,874,41,3196,1,0
1909,1258,2,2024-02-06,29,13,1011,196,11,3197,1,0
1910,1259,1,2025-05-02,29,10,1008,659,32,3199,1,0
1911,1259,1,2025-05-02,29,29,1008,407,29,3200,1,0
1912,1259,1,2025-05-02,29,29,1008,528,11,3201,1,0
1913,1260,1,2025-06-23,29,23,1160,843,21,3202,1,0
1914,1262,1,2024-01-16,29,24,1138,894,43,3205,1,0
1915,1262,1,2024-01-16,29,23,1138,652,2,3206,1,0
1916,1262,1,2024-01-16,29,9,1138,818,20,3207,1,0
1917,1262,1,2024-01-16,29,30,1138,924,8,3208,1,0
1918,1263,1,2024-11-29,29,26,1001,824,11,3210,1,0
1919,1263,1,2024-11-29,29,26,1001,429,44,3211,1,0
1920,1264,1,2025-07-11,29,16,1175,893,20,3213,1,0
1921,1264,1,2025-07-11,29,2,1175,494,37,3214,1,0
1922,1264,1,2025-07-11,29,22,1175,171,11,3215,1,0
1923,1265,1,2024-01-30,29,3,1196,572,8,3217,1,0
1924,1265,2,2024-01-30,29,10,1196,841,35,3218,1,0
1925,1267,1,2025-12-13,29,11,1008,468,21,3221,1,0
1926,1267,1,2025-12-13,29,26,1008,290,21,3222,1,0
1927,1268,1,2025-03-20,29,7,1178,101,5,3224,1,0
1928,1269,2,2024-02-19,29,27,1013,555,42,3225,1,0
1929,1269,2,2024-02-19,29,30,1013,967,42,3227,1,0
1930,1270,1,2024-06-30,29,31,1015,942,22,3228,1,0
1931,1271,1,2024-10-16,29,24,1033,485,40,3229,1,0
1932,1271,1,2024-10-16,29,26,1033,589,11,3230,1,0
1933,1271,2,2024-10-16,29,20,1033,932,18,3231,1,0
1934,1272,1,2025-07-03,29,31,1006,740,32,3233,1,0
1935,1272,1,2025-07-03,29,28,1006,947,31,3234,1,0
1936,1272,2,2025-07-03,29,6,1006,780,22,3235,1,0
1937,1273,1,2026-05-05,29,19,1013,553,23,3238,1,0
1938,1274,1,2024-01-07,29,15,1182,421,4,3239,1,0
1939,1276,1,2024-04-14,29,15,1047,592,16,3243,1,0
1940,1276,1,2024-04-14,29,27,1047,945,5,3244,1,0
1941,1277,1,2024-08-02,29,7,1009,259,8,3246,1,0
1942,1278,1,2026-01-26,29,17,1005,311,6,3249,1,0
1943,1278,1,2026-01-26,29,13,1005,643,29,3250,1,0
1944,1278,1,2026-01-26,29,20,1005,473,29,3251,1,0
1945,1279,1,2024-07-15,29,16,1001,921,7,3252,1,0
1946,1279,1,2024-07-15,29,1,1001,906,38,3253,1,0
1947,1279,1,2024-07-15,29,10,1001,982,6,3254,1,0
1948,1279,1,2024-07-15,29,4,1001,354,32,3255,1,0
1949,1280,2,2024-07-16,29,31,1029,850,34,3256,1,0
1950,1280,1,2024-07-16,29,4,1029,949,8,3257,1,0
1951,1280,1,2024-07-16,29,15,1029,183,14,3258,1,0
1952,1282,1,2024-02-05,29,16,1112,166,44,3261,1,0
1953,1282,1,2024-02-05,29,3,1112,798,43,3263,1,0
1954,1283,1,2024-07-04,29,5,1047,545,26,3266,1,0
1955,1284,1,2024-11-11,29,22,1014,311,38,3268,1,0
1956,1284,2,2024-11-11,29,31,1014,941,16,3269,1,0
1957,1284,1,2024-11-11,29,31,1014,746,20,3270,1,0
1958,1285,1,2024-05-10,29,9,1072,636,16,3271,1,0
1959,1285,1,2024-05-10,29,15,1072,123,2,3272,1,0
1960,1286,1,2025-04-20,29,4,1004,913,50,3275,1,0
1961,1287,1,2024-07-01,29,6,1015,372,5,3276,1,0
1962,1287,1,2024-07-01,29,14,1015,960,7,3279,1,0
1963,1288,1,2026-03-08,29,4,1009,897,25,3283,1,0
1964,1290,1,2026-04-05,29,1,1057,103,5,3287,1,0
1965,1290,1,2026-04-05,29,12,1057,740,28,3288,1,0
1966,1291,1,2025-02-18,29,28,1012,894,32,3289,1,0
1967,1292,1,2025-06-05,29,23,1201,306,47,3290,1,0
1968,1292,1,2025-06-05,29,10,1201,236,40,3292,1,0
1969,1292,1,2025-06-05,29,21,1201,904,44,3293,1,0
1970,1293,1,2024-04-08,29,30,1013,969,10,3295,1,0
1971,1293,1,2024-04-08,29,27,1013,881,32,3296,1,0
1972,1294,1,2024-10-14,29,30,1006,528,45,3297,1,0
1973,1294,1,2024-10-14,29,16,1006,570,34,3298,1,0
1974,1294,1,2024-10-14,29,6,1006,943,6,3299,1,0
1975,1295,1,2024-07-31,29,30,1161,293,28,3300,1,0
1976,1295,1,2024-07-31,29,20,1161,753,40,3302,1,0
1977,1296,1,2025-10-07,29,23,1122,141,25,3305,1,0
1978,1298,1,2025-03-12,29,23,1187,106,3,3307,1,0
1979,1298,1,2025-03-12,29,14,1187,335,48,3309,1,0
1980,1299,2,2024-03-16,29,27,1174,800,25,3312,1,0
1981,1299,1,2024-03-16,29,19,1174,862,5,3313,1,0
1982,1299,1,2024-03-16,29,28,1174,968,42,3314,1,0
1983,1300,1,2026-06-15,29,4,1026,439,2,3315,1,0
1984,1301,1,2024-02-08,29,8,1189,851,3,3316,1,0
1985,1301,1,2024-02-08,29,15,1189,804,30,3317,1,0
1986,1301,1,2024-02-08,29,7,1189,769,25,3319,1,0
1987,1302,1,2024-10-29,29,4,1008,553,8,3321,1,0
1988,1302,1,2024-10-29,29,23,1008,443,34,3322,1,0
1989,1302,1,2024-10-29,29,28,1008,366,44,3323,1,0
1990,1303,1,2024-07-07,29,16,1178,454,33,3324,1,0
1991,1303,1,2024-07-07,29,4,1178,179,16,3325,1,0
1992,1305,1,2024-01-03,29,11,1046,785,7,3327,1,0
1993,1306,1,2025-12-30,29,24,1024,494,7,3328,1,0
1994,1306,1,2025-12-30,29,17,1024,870,32,3329,1,0
1995,1306,1,2025-12-30,29,4,1024,682,23,3330,1,0
1996,1306,1,2025-12-30,29,3,1024,356,46,3331,1,0
1997,1307,1,2026-02-02,29,31,1001,897,36,3332,1,0
1998,1307,1,2026-02-02,29,25,1001,196,22,3333,1,0
1999,1308,1,2025-02-11,29,23,1124,685,16,3335,1,0
2000,1309,1,2024-01-27,29,24,1187,457,40,3337,1,0
2001,1310,1,2024-03-29,29,9,1206,687,10,3338,1,0
2002,1311,1,2026-04-05,29,17,1153,569,17,3341,1,0
2003,1312,1,2024-04-21,29,14,1001,529,26,3342,1,0
2004,1312,1,2024-04-21,29,3,1001,449,19,3344,1,0
2005,1312,2,2024-04-21,29,28,1001,815,39,3345,1,0
2006,1313,1,2026-01-09,29,4,1091,555,33,3346,1,0
2007,1313,1,2026-01-09,29,6,1091,818,44,3348,1,0
2008,1314,1,2025-02-25,29,23,1007,433,46,3352,1,0
2009,1314,1,2025-02-25,29,10,1007,896,48,3353,1,0
2010,1315,1,2025-11-06,29,15,1003,288,43,3354,1,0
2011,1316,2,2025-10-29,29,23,1012,239,39,3357,1,0
2012,1317,1,2024-12-25,29,24,1031,737,43,3358,1,0
2013,1317,1,2024-12-25,29,31,1031,334,19,3359,1,0
2014,1317,1,2024-12-25,29,28,1031,216,48,3360,1,0
2015,1318,1,2025-01-03,29,22,1039,198,50,3361,1,0
2016,1318,1,2025-01-03,29,8,1039,640,10,3362,1,0
2017,1318,1,2025-01-03,29,14,1039,166,21,3363,1,0
2018,1318,1,2025-01-03,29,1,1039,217,18,3364,1,0
2019,1319,1,2025-04-24,29,17,1116,411,39,3365,1,0
2020,1320,1,2025-02-26,29,1,1030,956,30,3366,1,0
2021,1321,1,2025-11-07,29,29,1009,368,40,3367,1,0
2022,1322,1,2025-05-28,29,12,1226,156,13,3370,1,0
2023,1323,1,2026-05-28,29,18,1025,901,23,3371,1,0
2024,1323,1,2026-05-28,29,16,1025,678,44,3372,1,0
2025,1323,1,2026-05-28,29,17,1025,867,40,3373,1,0
2026,1324,1,2024-09-07,29,2,1009,937,38,3376,1,0
2027,1325,1,2025-06-25,29,20,1007,754,33,3377,1,0
2028,1326,2,2024-07-07,29,15,1123,433,39,3379,1,0
2029,1326,1,2024-07-07,29,6,1123,875,5,3380,1,0
2030,1327,1,2025-09-28,29,20,1038,133,49,3382,1,0
2031,1328,1,2024-12-05,29,19,1090,502,31,3383,1,0
2032,1329,1,2024-09-26,29,12,1024,850,50,3386,1,0
2033,1329,1,2024-09-26,29,13,1024,666,2,3387,1,0
2034,1331,1,2024-06-14,29,17,1173,467,31,3389,1,0
2035,1332,1,2024-01-04,29,31,1051,546,37,3392,1,0
2036,1334,1,2025-01-21,29,31,1092,973,17,3394,1,0
2037,1334,1,2025-01-21,29,5,1092,634,33,3395,1,0
2038,1334,1,2025-01-21,29,12,1092,597,48,3397,1,0
2039,1335,1,2025-05-02,29,3,1013,249,7,3398,1,0
2040,1335,1,2025-05-02,29,15,1013,726,20,3399,1,0
2041,1335,1,2025-05-02,29,15,1013,323,50,3400,1,0
2042,1336,1,2024-10-19,29,12,1005,131,7,3401,1,0
2043,1336,1,2024-10-19,29,24,1005,273,5,3403,1,0
2044,1338,1,2025-05-27,29,21,1003,177,17,3405,1,0
2045,1339,2,2024-01-17,29,18,1123,375,18,3406,1,0
2046,1339,1,2024-01-17,29,4,1123,618,28,3407,1,0
2047,1339,1,2024-01-17,29,12,1123,755,37,3408,1,0
2048,1340,1,2024-09-25,29,27,1015,456,38,3409,1,0
2049,1340,1,2024-09-25,29,2,1015,789,44,3410,1,0
2050,1340,1,2024-09-25,29,23,1015,858,27,3411,1,0
2051,1340,1,2024-09-25,29,3,1015,529,40,3412,1,0
2052,1341,1,2024-04-15,29,11,1041,608,50,3413,1,0
2053,1342,1,2025-08-02,29,13,1015,646,34,3414,1,0
2054,1342,1,2025-08-02,29,23,1015,320,3,3416,1,0
2055,1343,1,2025-02-13,29,3,1018,464,24,3418,1,0
2056,1344,1,2026-06-27,29,17,1001,508,30,3420,1,0
2057,1345,1,2024-10-16,29,4,1025,485,24,3422,1,0
2058,1347,1,2025-01-26,29,25,1214,595,16,3427,1,0
2059,1347,1,2025-01-26,29,6,1214,670,30,3428,1,0
2060,1349,1,2026-04-18,29,16,1092,290,11,3430,1,0
2061,1349,1,2026-04-18,29,12,1092,958,14,3431,1,0
2062,1349,1,2026-04-18,29,24,1092,347,39,3432,1,0
2063,1350,1,2024-01-19,29,22,1049,247,16,3433,1,0
2064,1350,1,2024-01-19,29,8,1049,472,8,3434,1,0
2065,1351,1,2024-10-09,29,4,1028,509,14,3436,1,0
2066,1351,1,2024-10-09,29,1,1028,665,50,3437,1,0
2067,1352,1,2025-07-11,29,22,1122,197,11,3439,1,0
2068,1352,1,2025-07-11,29,30,1122,162,2,3440,1,0
2069,1353,1,2025-03-20,29,3,1190,839,27,3442,1,0
2070,1354,2,2025-09-26,29,17,1054,983,30,3443,1,0
2071,1354,2,2025-09-26,29,26,1054,916,7,3444,1,0
2072,1354,1,2025-09-26,29,11,1054,487,29,3445,1,0
2073,1354,1,2025-09-26,29,14,1054,841,32,3446,1,0
2074,1355,1,2024-10-29,29,14,1035,890,37,3448,1,0
2075,1355,1,2024-10-29,29,19,1035,850,45,3449,1,0
2076,1355,1,2024-10-29,29,28,1035,932,31,3450,1,0
2077,1357,1,2025-04-07,29,22,1040,789,45,3452,1,0
2078,1357,1,2025-04-07,29,6,1040,716,9,3453,1,0
2079,1358,1,2024-10-02,29,14,1007,690,43,3454,1,0
2080,1359,1,2025-09-12,29,12,1014,454,6,3455,1,0
2081,1359,1,2025-09-12,29,17,1014,660,47,3456,1,0
2082,1361,1,2024-06-22,29,11,1119,548,44,3459,1,0
2083,1363,1,2026-04-25,29,22,1037,793,11,3461,1,0
2084,1364,1,2024-09-22,29,6,1068,557,44,3463,1,0
2085,1367,1,2024-08-24,29,23,1182,194,28,3471,1,0
2086,1368,1,2024-03-08,29,1,1025,169,13,3473,1,0
2087,1369,1,2025-12-26,29,11,1003,657,28,3475,1,0
2088,1369,1,2025-12-26,29,6,1003,714,4,3476,1,0
2089,1369,1,2025-12-26,29,1,1003,263,13,3477,1,0
2090,1370,1,2024-10-03,29,8,1008,747,6,3478,1,0
2091,1370,1,2024-10-03,29,21,1008,472,19,3479,1,0
2092,1371,1,2024-08-02,29,15,1035,125,22,3482,1,0
2093,1371,1,2024-08-02,29,28,1035,105,34,3483,1,0
2094,1371,1,2024-08-02,29,5,1035,411,40,3485,1,0
2095,1373,1,2025-09-07,29,4,1033,853,16,3488,1,0
2096,1373,1,2025-09-07,29,6,1033,645,5,3489,1,0
2097,1373,1,2025-09-07,29,15,1033,704,23,3490,1,0
2098,1374,1,2026-03-01,29,30,1002,858,34,3492,1,0
2099,1374,1,2026-03-01,29,14,1002,424,38,3493,1,0
2100,1374,2,2026-03-01,29,25,1002,660,4,3495,1,0
2101,1375,1,2025-03-31,29,27,1007,395,29,3497,1,0
2102,1376,1,2024-02-18,29,19,1015,881,27,3499,1,0
2103,1377,2,2024-01-01,29,26,1027,864,48,3500,1,0
2104,1377,1,2024-01-01,29,11,1027,240,25,3501,1,0
2105,1378,1,2025-02-10,29,1,1051,305,48,3505,1,0
2106,1379,1,2025-06-19,29,7,1001,309,47,3506,1,0
2107,1380,1,2024-10-24,29,3,1043,848,49,3508,1,0
2108,1381,1,2026-01-03,29,24,1060,174,26,3509,1,0
2109,1381,1,2026-01-03,29,4,1060,425,20,3510,1,0
2110,1381,1,2026-01-03,29,4,1060,475,26,3511,1,0
2111,1384,1,2024-11-30,29,4,1004,668,2,3516,1,0
2112,1385,1,2025-11-09,29,14,1004,147,46,3520,1,0
2113,1385,2,2025-11-09,29,27,1004,695,10,3521,1,0
2114,1385,1,2025-11-09,29,19,1004,518,40,3522,1,0
2115,1387,1,2025-02-24,29,13,1030,807,1,3527,1,0
2116,1387,1,2025-02-24,29,13,1030,615,46,3528,1,0
2117,1388,1,2025-06-21,29,23,1011,292,28,3531,1,0
2118,1388,1,2025-06-21,29,23,1011,221,50,3532,1,0
2119,1390,1,2024-06-23,29,6,1155,225,39,3535,1,0
2120,1391,1,2026-01-28,29,30,1004,278,8,3537,1,0
2121,1392,1,2025-10-25,29,10,1184,512,11,3540,1,0
2122,1392,1,2025-10-25,29,4,1184,864,50,3541,1,0
2123,1393,1,2026-05-11,29,12,1014,186,28,3543,1,0
2124,1393,1,2026-05-11,29,28,1014,561,43,3544,1,0
2125,1393,1,2026-05-11,29,28,1014,992,20,3546,1,0
2126,1394,1,2026-05-26,29,22,1009,902,20,3549,1,0
2127,1395,1,2025-09-09,29,15,1193,880,50,3551,1,0
2128,1395,1,2025-09-09,29,2,1193,140,31,3552,1,0
2129,1396,1,2026-06-12,29,23,1010,894,34,3554,1,0
2130,1396,1,2026-06-12,29,28,1010,191,29,3556,1,0
2131,1397,1,2024-05-27,29,4,1079,533,6,3558,1,0
2132,1397,1,2024-05-27,29,9,1079,263,1,3560,1,0
2133,1398,1,2025-12-12,29,1,1013,140,49,3562,1,0
2134,1398,1,2025-12-12,29,9,1013,743,29,3563,1,0
2135,1398,1,2025-12-12,29,7,1013,550,8,3564,1,0
2136,1399,1,2024-03-20,29,1,1098,493,33,3566,1,0
2137,1399,1,2024-03-20,29,12,1098,472,30,3568,1,0
2138,1400,1,2024-05-07,29,8,1059,580,35,3569,1,0
2139,1400,1,2024-05-07,29,29,1059,768,15,3570,1,0
2140,1400,1,2024-05-07,29,10,1059,572,42,3571,1,0
2141,1401,1,2026-03-23,29,8,1026,405,23,3573,1,0
2142,1403,1,2024-06-12,29,2,1036,561,23,3577,1,0
2143,1403,1,2024-06-12,29,28,1036,688,16,3578,1,0
2144,1403,1,2024-06-12,29,21,1036,756,7,3580,1,0
2145,1404,1,2026-02-22,29,3,1140,435,17,3581,1,0
2146,1405,1,2026-06-13,29,20,1100,940,32,3582,1,0
2147,1405,1,2026-06-13,29,5,1100,499,43,3583,1,0
2148,1406,1,2024-03-06,29,10,1007,958,9,3584,1,0
2149,1407,1,2025-12-17,29,24,1012,547,37,3585,1,0
2150,1409,1,2025-11-30,29,4,1056,288,44,3589,1,0
2151,1410,1,2024-03-07,29,2,1007,626,34,3590,1,0
2152,1410,1,2024-03-07,29,16,1007,303,12,3591,1,0
2153,1411,1,2025-04-03,29,17,1004,362,23,3593,1,0
2154,1411,1,2025-04-03,29,27,1004,111,17,3594,1,0
2155,1412,1,2026-04-11,29,27,1173,573,44,3595,1,0
2156,1413,1,2024-01-13,29,6,1004,670,4,3598,1,0
2157,1413,1,2024-01-13,29,13,1004,844,44,3599,1,0
2158,1415,1,2024-09-26,29,10,1187,659,36,3602,1,0
2159,1416,2,2024-07-29,29,11,1041,378,37,3604,1,0
2160,1417,1,2024-02-24,29,12,1149,861,13,3607,1,0
2161,1419,1,2024-10-16,29,13,1165,809,28,3610,1,0
2162,1419,1,2024-10-16,29,22,1165,723,26,3612,1,0
2163,1419,1,2024-10-16,29,4,1165,176,44,3613,1,0
2164,1420,1,2025-11-30,29,10,1049,242,28,3614,1,0
2165,1421,1,2025-01-08,29,29,1006,115,42,3615,1,0
2166,1422,1,2026-05-16,29,19,1012,240,34,3617,1,0
2167,1422,1,2026-05-16,29,9,1012,697,22,3618,1,0
2168,1423,1,2025-02-15,29,2,1001,114,15,3622,1,0
2169,1424,1,2025-08-15,29,18,1035,959,43,3623,1,0
2170,1425,1,2025-10-05,29,30,1013,429,28,3625,1,0
2171,1425,1,2025-10-05,29,25,1013,300,12,3627,1,0
2172,1426,1,2025-01-13,29,28,1008,622,20,3628,1,0
2173,1426,1,2025-01-13,29,14,1008,837,7,3629,1,0
2174,1426,1,2025-01-13,29,9,1008,594,4,3630,1,0
2175,1427,1,2026-05-29,29,12,1040,322,2,3632,1,0
2176,1428,1,2024-06-21,29,6,1124,391,31,3634,1,0
2177,1428,1,2024-06-21,29,12,1124,286,22,3636,1,0
2178,1429,1,2024-07-23,29,1,1109,595,40,3637,1,0
2179,1430,1,2025-11-23,29,21,1014,361,48,3638,1,0
2180,1430,1,2025-11-23,29,12,1014,510,32,3639,1,0
2181,1430,1,2025-11-23,29,20,1014,657,32,3641,1,0
2182,1431,1,2025-12-24,29,20,1011,909,3,3642,1,0
2183,1431,1,2025-12-24,29,20,1011,685,2,3643,1,0
2184,1432,1,2024-06-14,29,20,1002,814,14,3644,1,0
2185,1433,1,2025-01-31,29,18,1129,517,44,3645,1,0
2186,1433,1,2025-01-31,29,9,1129,110,28,3646,1,0
2187,1434,1,2025-02-06,29,11,1008,330,42,3647,1,0
2188,1434,1,2025-02-06,29,25,1008,126,44,3648,1,0
2189,1434,1,2025-02-06,29,29,1008,925,25,3649,1,0
2190,1435,1,2024-03-19,29,8,1024,180,4,3650,1,0
2191,1436,1,2026-04-19,29,7,1220,583,32,3651,1,0
2192,1437,1,2024-01-16,29,15,1014,308,45,3652,1,0
2193,1437,1,2024-01-16,29,14,1014,493,20,3653,1,0
2194,1437,1,2024-01-16,29,29,1014,525,36,3655,1,0
2195,1438,1,2024-01-29,29,19,1001,945,13,3656,1,0
2196,1438,1,2024-01-29,29,5,1001,869,3,3658,1,0
2197,1439,1,2024-05-19,29,24,1033,458,4,3659,1,0
2198,1439,1,2024-05-19,29,22,1033,680,15,3660,1,0
2199,1440,1,2026-04-06,29,1,1096,576,46,3661,1,0
2200,1440,1,2026-04-06,29,29,1096,358,26,3663,1,0
2201,1440,1,2026-04-06,29,10,1096,315,31,3664,1,0
2202,1441,1,2025-08-26,29,17,1028,570,26,3665,1,0
2203,1441,1,2025-08-26,29,25,1028,378,40,3666,1,0
2204,1441,1,2025-08-26,29,28,1028,855,45,3667,1,0
2205,1442,1,2024-05-29,29,12,1203,920,48,3668,1,0
2206,1442,1,2024-05-29,29,20,1203,315,45,3669,1,0
2207,1443,1,2025-02-07,29,5,1211,568,28,3670,1,0
2208,1443,1,2025-02-07,29,11,1211,561,48,3671,1,0
2209,1444,1,2025-03-16,29,26,1048,336,12,3672,1,0
2210,1445,1,2026-04-17,29,24,1003,909,45,3677,1,0
2211,1445,1,2026-04-17,29,26,1003,799,18,3678,1,0
2212,1445,1,2026-04-17,29,17,1003,671,6,3679,1,0
2213,1446,1,2024-04-18,29,7,1042,720,10,3680,1,0
2214,1447,1,2024-01-14,29,24,1224,163,7,3681,1,0
2215,1447,1,2024-01-14,29,15,1224,782,50,3682,1,0
2216,1447,1,2024-01-14,29,13,1224,752,38,3683,1,0
2217,1447,1,2024-01-14,29,9,1224,701,6,3684,1,0
2218,1448,1,2025-05-23,29,27,1011,459,46,3686,1,0
2219,1448,1,2025-05-23,29,3,1011,644,37,3687,1,0
2220,1448,1,2025-05-23,29,3,1011,253,2,3688,1,0
2221,1449,1,2024-05-12,29,1,1001,585,37,3689,1,0
2222,1449,1,2024-05-12,29,21,1001,147,31,3690,1,0
2223,1450,1,2025-02-14,29,29,1001,105,28,3692,1,0
2224,1450,1,2025-02-14,29,7,1001,259,27,3693,1,0
2225,1451,1,2025-11-14,29,28,1003,112,4,3694,1,0
2226,1451,1,2025-11-14,29,22,1003,380,9,3695,1,0
2227,1451,1,2025-11-14,29,7,1003,339,13,3696,1,0
2228,1452,2,2024-11-14,29,31,1097,651,26,3699,1,0
2229,1453,1,2024-06-06,29,20,1202,473,36,3700,1,0
2230,1453,1,2024-06-06,29,6,1202,866,39,3701,1,0
2231,1453,1,2024-06-06,29,27,1202,600,30,3702,1,0
2232,1454,2,2025-09-13,29,8,1194,575,49,3705,1,0
2233,1454,1,2025-09-13,29,26,1194,234,39,3706,1,0
2234,1455,1,2024-05-05,29,23,1008,612,18,3707,1,0
2235,1455,1,2024-05-05,29,7,1008,785,42,3708,1,0
2236,1455,1,2024-05-05,29,22,1008,240,24,3709,1,0
2237,1455,1,2024-05-05,29,2,1008,720,39,3710,1,0
2238,1457,2,2025-07-07,29,13,1028,583,14,3713,1,0
2239,1457,1,2025-07-07,29,16,1028,396,24,3715,1,0
2240,1458,1,2024-05-04,29,10,1009,456,25,3718,1,0
2241,1458,1,2024-05-04,29,22,1009,743,30,3720,1,0
2242,1459,1,2025-03-06,29,26,1009,656,43,3722,1,0
2243,1460,2,2025-07-30,29,21,1014,512,39,3725,1,0
2244,1461,1,2026-02-10,29,15,1027,918,45,3726,1,0
2245,1461,1,2026-02-10,29,10,1027,387,8,3728,1,0
2246,1461,1,2026-02-10,29,28,1027,821,23,3729,1,0
2247,1462,1,2024-05-04,29,12,1044,120,19,3730,1,0
2248,1463,1,2024-03-11,29,7,1058,269,2,3731,1,0
2249,1464,1,2024-06-02,29,26,1087,289,47,3733,1,0
2250,1464,2,2024-06-02,29,14,1087,343,5,3734,1,0
2251,1464,1,2024-06-02,29,5,1087,235,25,3736,1,0
2252,1465,1,2026-04-03,29,10,1006,578,2,3737,1,0
2253,1465,1,2026-04-03,29,8,1006,482,30,3739,1,0
2254,1466,2,2025-12-27,29,9,1004,608,8,3740,1,0
2255,1466,1,2025-12-27,29,29,1004,346,23,3742,1,0
2256,1467,1,2024-07-06,29,2,1008,781,17,3744,1,0
2257,1468,1,2025-07-23,29,9,1060,368,30,3745,1,0
2258,1468,1,2025-07-23,29,21,1060,607,40,3746,1,0
2259,1469,1,2024-07-07,29,22,1211,938,43,3748,1,0
2260,1469,1,2024-07-07,29,16,1211,390,26,3750,1,0
2261,1470,1,2025-07-07,29,18,1131,320,47,3751,1,0
2262,1471,1,2024-08-13,29,25,1149,768,16,3754,1,0
2263,1472,1,2026-04-16,29,27,1071,876,28,3757,1,0
2264,1473,1,2024-12-21,29,25,1134,650,33,3760,1,0
2265,1475,1,2025-10-21,29,29,1136,902,25,3762,1,0
2266,1476,1,2024-07-27,29,16,1002,549,11,3765,1,0
2267,1477,1,2024-01-30,29,8,1007,492,17,3766,1,0
2268,1479,1,2024-12-20,29,7,1028,213,36,3770,1,0
2269,1482,1,2025-07-10,29,10,1018,165,44,3774,1,0
2270,1482,1,2025-07-10,29,21,1018,821,25,3775,1,0
2271,1482,1,2025-07-10,29,10,1018,256,11,3776,1,0
2272,1483,1,2024-03-30,29,3,1054,941,5,3778,1,0
2273,1483,1,2024-03-30,29,21,1054,221,15,3779,1,0
2274,1483,1,2024-03-30,29,20,1054,352,5,3780,1,0
2275,1484,2,2025-11-29,29,6,1094,523,10,3781,1,0
2276,1485,1,2025-06-18,29,24,1029,696,7,3782,1,0
2277,1485,1,2025-06-18,29,12,1029,484,34,3784,1,0
2278,1485,1,2025-06-18,29,4,1029,991,42,3785,1,0
2279,1486,1,2024-07-21,29,24,1164,325,16,3786,1,0
2280,1486,1,2024-07-21,29,7,1164,395,29,3787,1,0
2281,1487,1,2025-10-23,29,26,1059,323,35,3790,1,0
2282,1487,1,2025-10-23,29,16,1059,994,34,3791,1,0
2283,1487,1,2025-10-23,29,29,1059,955,13,3792,1,0
2284,1487,1,2025-10-23,29,2,1059,219,7,3793,1,0
2285,1488,1,2024-02-20,29,19,1047,514,32,3794,1,0
2286,1490,1,2025-11-23,29,7,1004,889,46,3796,1,0
2287,1490,1,2025-11-23,29,27,1004,381,31,3797,1,0
2288,1490,1,2025-11-23,29,3,1004,465,48,3798,1,0
2289,1490,1,2025-11-23,29,28,1004,189,4,3799,1,0
2290,1491,2,2026-06-16,29,15,1186,397,18,3800,1,0
2291,1491,1,2026-06-16,29,8,1186,706,21,3801,1,0
2292,1492,2,2025-05-20,29,21,1098,278,6,3802,1,0
2293,1492,1,2025-05-20,29,23,1098,593,13,3803,1,0
2294,1493,1,2026-02-05,29,23,1026,252,46,3805,1,0
2295,1494,1,2025-05-29,29,11,1022,415,44,3806,1,0
2296,1495,1,2026-02-24,29,4,1024,671,40,3809,1,0
2297,1496,1,2026-05-27,29,20,1053,242,11,3810,1,0
2298,1497,1,2026-06-27,29,22,1034,657,19,3812,1,0
2299,1498,1,2024-06-25,29,22,1001,825,13,3814,1,0
2300,1499,1,2024-11-19,29,10,1013,160,49,3816,1,0
2301,1499,1,2024-11-19,29,2,1013,703,40,3817,1,0
2302,1500,1,2026-04-16,29,21,1010,730,21,3819,1,0
2303,1500,1,2026-04-16,29,14,1010,820,13,3820,1,0
2304,1500,1,2026-04-16,29,2,1010,634,27,3822,1,0
2305,1501,1,2025-05-01,29,15,1105,978,28,3823,1,0
2306,1502,1,2024-09-05,29,26,1048,617,47,3825,1,0
2307,1502,2,2024-09-05,29,17,1048,142,30,3826,1,0
2308,1502,1,2024-09-05,29,4,1048,992,19,3827,1,0
2309,1502,1,2024-09-05,29,4,1048,644,22,3828,1,0
2310,1503,1,2024-04-28,29,25,1008,797,39,3829,1,0
2311,1503,2,2024-04-28,29,10,1008,557,41,3830,1,0
2312,1503,1,2024-04-28,29,6,1008,285,30,3831,1,0
2313,1504,1,2025-01-26,29,31,1058,189,3,3832,1,0
2314,1505,1,2025-02-21,29,23,1060,310,35,3833,1,0
2315,1506,1,2024-08-04,29,28,1013,519,28,3834,1,0
2316,1508,1,2025-04-14,29,1,1092,987,38,3839,1,0
2317,1508,1,2025-04-14,29,24,1092,181,29,3841,1,0
2318,1508,1,2025-04-14,29,24,1092,929,40,3842,1,0
2319,1509,2,2025-07-04,29,9,1222,550,35,3843,1,0
2320,1509,1,2025-07-04,29,6,1222,807,43,3844,1,0
2321,1510,1,2026-04-21,29,1,1037,106,31,3847,1,0
2322,1511,1,2025-04-19,29,31,1116,430,19,3848,1,0
2323,1512,1,2025-07-01,29,30,1101,178,44,3850,1,0
2324,1512,2,2025-07-01,29,31,1101,339,40,3851,1,0
2325,1512,1,2025-07-01,29,8,1101,517,15,3852,1,0
2326,1514,1,2024-03-02,29,9,1141,638,33,3857,1,0
2327,1515,1,2024-12-25,29,21,1052,497,49,3861,1,0
2328,1515,1,2024-12-25,29,4,1052,877,14,3862,1,0
2329,1515,2,2024-12-25,29,14,1052,169,2,3863,1,0
2330,1516,1,2025-08-16,29,22,1204,884,26,3865,1,0
2331,1516,2,2025-08-16,29,29,1204,975,28,3866,1,0
2332,1517,2,2025-10-11,29,3,1194,714,35,3869,1,0
2333,1519,1,2024-05-24,29,20,1012,424,6,3871,1,0
2334,1519,1,2024-05-24,29,30,1012,679,11,3872,1,0
2335,1519,1,2024-05-24,29,6,1012,809,6,3873,1,0
2336,1521,1,2024-04-17,29,15,1135,266,45,3877,1,0
2337,1521,1,2024-04-17,29,24,1135,241,36,3878,1,0
2338,1522,2,2024-03-04,29,2,1003,946,25,3879,1,0
2339,1522,1,2024-03-04,29,15,1003,128,8,3880,1,0
2340,1522,1,2024-03-04,29,12,1003,630,50,3881,1,0
2341,1523,1,2026-02-17,29,11,1004,933,46,3883,1,0
2342,1524,1,2026-06-01,29,18,1009,775,10,3886,1,0
2343,1525,1,2026-01-18,29,30,1049,821,7,3887,1,0
2344,1525,2,2026-01-18,29,26,1049,322,49,3889,1,0
2345,1526,1,2024-04-30,29,6,1009,104,11,3890,1,0
2346,1528,1,2025-09-19,29,16,1166,277,44,3893,1,0
2347,1528,1,2025-09-19,29,14,1166,602,32,3894,1,0
2348,1528,1,2025-09-19,29,11,1166,676,33,3895,1,0
2349,1528,1,2025-09-19,29,20,1166,753,33,3896,1,0
2350,1529,1,2024-08-19,29,8,1034,808,30,3897,1,0
2351,1530,1,2025-01-01,29,5,1005,565,32,3900,1,0
2352,1531,1,2025-11-14,29,21,1008,712,49,3901,1,0
2353,1531,1,2025-11-14,29,5,1008,317,38,3902,1,0
2354,1531,1,2025-11-14,29,24,1008,878,14,3904,1,0
2355,1532,1,2026-06-11,29,30,1174,407,11,3905,1,0
2356,1532,1,2026-06-11,29,19,1174,305,39,3906,1,0
2357,1532,1,2026-06-11,29,26,1174,575,21,3907,1,0
2358,1533,1,2025-08-24,29,5,1132,903,3,3908,1,0
2359,1533,1,2025-08-24,29,25,1132,338,12,3910,1,0
2360,1534,1,2025-05-16,29,15,1094,329,30,3911,1,0
2361,1535,2,2026-04-26,29,31,1071,598,38,3913,1,0
2362,1535,1,2026-04-26,29,17,1071,824,31,3915,1,0
2363,1536,1,2026-01-07,29,23,1171,683,34,3916,1,0
2364,1536,1,2026-01-07,29,20,1171,578,35,3917,1,0
2365,1536,1,2026-01-07,29,25,1171,446,17,3918,1,0
2366,1536,1,2026-01-07,29,29,1171,608,39,3919,1,0
2367,1537,1,2024-11-13,29,4,1021,508,13,3920,1,0
2368,1538,1,2024-11-16,29,24,1001,188,29,3921,1,0
2369,1538,1,2024-11-16,29,5,1001,869,2,3922,1,0
2370,1539,1,2026-05-28,29,7,1006,788,15,3923,1,0
2371,1540,1,2024-09-09,29,15,1228,149,47,3925,1,0
2372,1540,1,2024-09-09,29,11,1228,393,28,3927,1,0
2373,1541,1,2025-12-24,29,28,1138,773,10,3928,1,0
2374,1543,2,2026-01-09,29,17,1114,834,35,3932,1,0
2375,1544,1,2024-09-14,29,6,1009,399,16,3933,1,0
2376,1544,1,2024-09-14,29,26,1009,928,16,3934,1,0
2377,1544,1,2024-09-14,29,24,1009,450,4,3935,1,0
2378,1545,1,2025-06-10,29,30,1033,931,17,3937,1,0
2379,1546,2,2024-06-20,29,7,1168,440,3,3938,1,0
2380,1546,1,2024-06-20,29,31,1168,289,30,3939,1,0
2381,1546,1,2024-06-20,29,2,1168,300,34,3940,1,0
2382,1546,1,2024-06-20,29,8,1168,367,30,3941,1,0
2383,1547,1,2025-03-11,29,8,1056,791,6,3942,1,0
2384,1547,1,2025-03-11,29,25,1056,645,35,3943,1,0
2385,1548,1,2025-04-03,29,12,1012,659,38,3945,1,0
2386,1549,1,2024-01-14,29,26,1027,897,5,3947,1,0
2387,1549,1,2024-01-14,29,29,1027,982,35,3948,1,0
2388,1551,1,2026-03-03,29,5,1140,545,1,3951,1,0
2389,1551,1,2026-03-03,29,13,1140,270,19,3952,1,0
2390,1551,1,2026-03-03,29,15,1140,270,34,3953,1,0
2391,1552,1,2024-12-24,29,10,1225,165,46,3954,1,0
2392,1552,1,2024-12-24,29,26,1225,280,12,3955,1,0
2393,1552,1,2024-12-24,29,4,1225,819,13,3956,1,0
2394,1553,2,2024-09-27,29,10,1215,900,37,3958,1,0
2395,1553,1,2024-09-27,29,16,1215,405,19,3960,1,0
2396,1554,1,2026-06-25,29,5,1214,501,36,3961,1,0
2397,1556,1,2026-03-26,29,8,1005,148,23,3966,1,0
2398,1556,1,2026-03-26,29,14,1005,677,41,3967,1,0
2399,1557,1,2024-04-13,29,18,1015,726,40,3969,1,0
2400,1558,1,2024-04-19,29,4,1096,840,25,3974,1,0
2401,1558,1,2024-04-19,29,31,1096,550,37,3975,1,0
2402,1559,1,2025-08-19,29,30,1039,159,46,3976,1,0
2403,1559,1,2025-08-19,29,12,1039,607,18,3977,1,0
2404,1560,2,2026-06-04,29,10,1138,272,4,3979,1,0
2405,1560,1,2026-06-04,29,23,1138,602,41,3980,1,0
2406,1561,1,2025-07-28,29,7,1034,126,16,3981,1,0
2407,1561,1,2025-07-28,29,24,1034,291,39,3983,1,0
2408,1562,1,2026-01-16,29,2,1029,894,20,3984,1,0
2409,1563,1,2024-10-28,29,16,1002,364,37,3986,1,0
2410,1563,1,2024-10-28,29,10,1002,595,16,3987,1,0
2411,1563,1,2024-10-28,29,18,1002,883,38,3988,1,0
2412,1563,1,2024-10-28,29,23,1002,647,47,3989,1,0
2413,1564,1,2024-05-13,29,9,1007,364,1,3990,1,0
2414,1565,1,2024-11-22,29,24,1027,174,3,3991,1,0
2415,1565,1,2024-11-22,29,24,1027,716,49,3992,1,0
2416,1565,2,2024-11-22,29,14,1027,665,40,3994,1,0
2417,1566,2,2024-02-09,29,23,1007,174,6,3995,1,0
2418,1567,1,2024-04-20,29,11,1013,504,32,3996,1,0
2419,1567,1,2024-04-20,29,27,1013,794,6,3997,1,0
2420,1567,1,2024-04-20,29,5,1013,326,12,3999,1,0
2421,1568,1,2025-06-23,29,15,1163,985,40,4000,1,0
2422,1569,2,2024-05-28,29,28,1091,207,35,4002,1,0
2423,1569,2,2024-05-28,29,3,1091,734,24,4003,1,0
2424,1569,1,2024-05-28,29,31,1091,173,46,4004,1,0
2425,1570,1,2024-01-05,29,16,1031,825,9,4006,1,0
2426,1570,1,2024-01-05,29,18,1031,422,39,4007,1,0
2427,1570,2,2024-01-05,29,6,1031,849,33,4008,1,0
2428,1571,1,2024-10-03,29,30,1046,346,50,4010,1,0
2429,1571,1,2024-10-03,29,15,1046,931,44,4012,1,0
2430,1572,1,2024-02-02,29,11,1005,535,16,4013,1,0
2431,1572,1,2024-02-02,29,5,1005,331,38,4014,1,0
2432,1573,2,2025-01-02,29,9,1004,495,36,4016,1,0
2433,1573,1,2025-01-02,29,27,1004,764,11,4018,1,0
2434,1574,1,2024-03-07,29,27,1152,148,27,4020,1,0
2435,1574,1,2024-03-07,29,21,1152,895,34,4022,1,0
2436,1575,1,2024-12-11,29,19,1149,329,3,4026,1,0
2437,1575,1,2024-12-11,29,6,1149,711,45,4027,1,0
2438,1576,1,2024-10-16,29,13,1127,313,7,4029,1,0
2439,1576,1,2024-10-16,29,1,1127,731,34,4030,1,0
2440,1577,1,2024-01-11,29,4,1182,911,36,4032,1,0
2441,1577,1,2024-01-11,29,23,1182,187,22,4033,1,0
2442,1577,2,2024-01-11,29,28,1182,727,29,4034,1,0
2443,1578,1,2024-04-08,29,20,1013,655,37,4036,1,0
2444,1578,1,2024-04-08,29,5,1013,532,26,4037,1,0
2445,1579,1,2026-06-14,29,5,1012,455,25,4039,1,0
2446,1580,1,2024-12-01,29,13,1177,608,44,4041,1,0
2447,1580,1,2024-12-01,29,8,1177,485,8,4042,1,0
2448,1582,1,2024-02-06,29,15,1003,447,5,4044,1,0
2449,1583,1,2024-03-05,29,30,1141,410,15,4045,1,0
2450,1583,1,2024-03-05,29,30,1141,176,43,4046,1,0
2451,1584,1,2024-03-09,29,23,1046,690,4,4049,1,0
2452,1585,1,2025-08-27,29,25,1009,191,24,4050,1,0
2453,1586,1,2026-02-05,29,15,1002,185,5,4051,1,0
2454,1588,1,2024-01-07,29,4,1004,321,8,4053,1,0
2455,1589,1,2025-02-01,29,9,1003,140,22,4054,1,0
2456,1590,1,2025-12-27,29,30,1067,956,9,4057,1,0
2457,1590,1,2025-12-27,29,24,1067,104,37,4058,1,0
2458,1590,1,2025-12-27,29,20,1067,930,7,4059,1,0
2459,1591,1,2026-06-21,29,5,1156,119,14,4060,1,0
2460,1591,1,2026-06-21,29,28,1156,721,50,4061,1,0
2461,1592,1,2024-10-15,29,3,1062,511,14,4063,1,0
2462,1592,1,2024-10-15,29,31,1062,746,10,4064,1,0
2463,1592,1,2024-10-15,29,7,1062,822,50,4065,1,0
2464,1592,1,2024-10-15,29,17,1062,778,42,4066,1,0
2465,1593,2,2024-02-09,29,11,1036,509,44,4068,1,0
2466,1593,1,2024-02-09,29,20,1036,839,4,4069,1,0
2467,1594,1,2025-03-25,29,9,1227,850,42,4071,1,0
2468,1594,1,2025-03-25,29,25,1227,922,30,4072,1,0
2469,1594,1,2025-03-25,29,16,1227,914,15,4074,1,0
2470,1595,1,2026-01-05,29,7,1008,837,32,4075,1,0
2471,1596,1,2024-01-01,29,12,1012,724,23,4076,1,0
2472,1598,1,2024-04-17,29,31,1033,759,44,4078,1,0
2473,1599,2,2026-02-04,29,27,1115,529,6,4080,1,0
2474,1600,1,2025-11-19,29,26,1013,483,1,4082,1,0
2475,1601,1,2026-01-04,29,31,1143,138,43,4085,1,0
2476,1602,1,2024-08-01,29,13,1030,595,22,4087,1,0
2477,1602,1,2024-08-01,29,1,1030,971,8,4088,1,0
2478,1604,1,2026-06-11,29,7,1077,877,9,4091,1,0
2479,1604,1,2026-06-11,29,29,1077,370,32,4092,1,0
2480,1604,1,2026-06-11,29,3,1077,314,30,4093,1,0
2481,1604,1,2026-06-11,29,23,1077,465,17,4094,1,0
2482,1605,1,2024-01-23,29,18,1173,564,34,4096,1,0
2483,1605,1,2024-01-23,29,20,1173,273,15,4097,1,0
2484,1606,1,2025-02-03,29,22,1010,557,1,4099,1,0
2485,1606,1,2025-02-03,29,28,1010,735,18,4100,1,0
2486,1606,1,2025-02-03,29,3,1010,970,8,4101,1,0
2487,1608,1,2025-04-11,29,19,1186,130,46,4105,1,0
2488,1609,1,2026-01-20,29,4,1042,602,26,4106,1,0
2489,1610,1,2026-04-13,29,20,1033,203,43,4108,1,0
2490,1610,1,2026-04-13,29,30,1033,409,6,4109,1,0
2491,1610,1,2026-04-13,29,21,1033,786,7,4110,1,0
2492,1612,1,2024-01-12,29,4,1003,332,16,4114,1,0
2493,1613,1,2025-06-30,29,29,1008,582,4,4116,1,0
2494,1613,1,2025-06-30,29,10,1008,438,39,4117,1,0
2495,1614,1,2024-04-20,29,3,1067,801,41,4120,1,0
2496,1614,1,2024-04-20,29,16,1067,542,42,4121,1,0
2497,1614,1,2024-04-20,29,16,1067,119,7,4123,1,0
2498,1615,1,2024-11-09,29,23,1013,639,1,4125,1,0
2499,1616,1,2025-04-08,29,17,1001,447,37,4127,1,0
2500,1616,1,2025-04-08,29,28,1001,900,43,4128,1,0
2501,1616,1,2025-04-08,29,12,1001,849,38,4129,1,0
2502,1617,1,2025-03-07,29,27,1034,773,19,4130,1,0
2503,1617,1,2025-03-07,29,6,1034,293,26,4131,1,0
2504,1618,1,2025-06-06,29,4,1005,364,26,4133,1,0
2505,1618,1,2025-06-06,29,8,1005,452,41,4134,1,0
2506,1618,2,2025-06-06,29,22,1005,451,17,4135,1,0
2507,1619,2,2026-02-03,29,17,1105,513,1,4136,1,0
2508,1619,1,2026-02-03,29,20,1105,850,7,4139,1,0
2509,1620,1,2026-05-02,29,19,1144,173,6,4140,1,0
2510,1620,1,2026-05-02,29,28,1144,671,22,4141,1,0
2511,1621,1,2025-05-30,29,30,1218,877,49,4143,1,0
2512,1622,1,2025-11-09,29,30,1032,309,1,4144,1,0
2513,1622,1,2025-11-09,29,20,1032,291,24,4145,1,0
2514,1622,1,2025-11-09,29,3,1032,194,26,4146,1,0
2515,1623,1,2026-03-21,29,9,1009,568,44,4147,1,0
2516,1623,2,2026-03-21,29,27,1009,775,35,4148,1,0
2517,1625,1,2025-11-19,29,13,1014,615,34,4153,1,0
2518,1626,2,2024-08-20,29,28,1032,245,21,4154,1,0
2519,1626,1,2024-08-20,29,16,1032,727,22,4155,1,0
2520,1629,1,2024-04-19,29,14,1005,466,35,4160,1,0
2521,1629,1,2024-04-19,29,5,1005,950,39,4162,1,0
2522,1630,2,2024-04-13,29,5,1009,479,1,4163,1,0
2523,1630,1,2024-04-13,29,15,1009,946,31,4164,1,0
2524,1630,1,2024-04-13,29,27,1009,508,7,4166,1,0
2525,1632,1,2024-10-07,29,6,1002,533,16,4171,1,0
2526,1633,1,2024-06-01,29,25,1011,184,30,4172,1,0
2527,1633,2,2024-06-01,29,24,1011,309,23,4173,1,0
2528,1633,1,2024-06-01,29,1,1011,245,16,4175,1,0
2529,1634,1,2024-07-23,29,16,1010,395,37,4176,1,0
2530,1634,1,2024-07-23,29,24,1010,255,45,4178,1,0
2531,1635,1,2024-03-12,29,6,1051,903,30,4179,1,0
2532,1635,1,2024-03-12,29,4,1051,279,38,4180,1,0
2533,1635,1,2024-03-12,29,16,1051,607,5,4181,1,0
2534,1636,1,2025-11-18,29,5,1008,710,40,4183,1,0
2535,1638,1,2024-04-28,29,10,1035,406,23,4186,1,0
2536,1639,1,2024-06-25,29,10,1008,579,14,4188,1,0
2537,1639,1,2024-06-25,29,12,1008,832,28,4189,1,0
2538,1640,1,2024-12-26,29,11,1166,834,42,4190,1,0
2539,1640,1,2024-12-26,29,30,1166,180,1,4191,1,0
2540,1640,1,2024-12-26,29,24,1166,380,17,4192,1,0
2541,1640,1,2024-12-26,29,26,1166,865,12,4193,1,0
2542,1641,1,2025-04-08,29,25,1088,896,29,4194,1,0
2543,1642,1,2025-07-22,29,13,1051,369,40,4195,1,0
2544,1643,1,2024-07-31,29,15,1001,268,5,4197,1,0
2545,1643,2,2024-07-31,29,10,1001,583,27,4198,1,0
2546,1644,1,2025-08-02,29,27,1158,126,26,4199,1,0
2547,1644,1,2025-08-02,29,10,1158,978,20,4201,1,0
2548,1645,2,2024-07-09,29,3,1003,892,15,4202,1,0
2549,1647,1,2024-03-31,29,1,1015,960,49,4204,1,0
2550,1647,2,2024-03-31,29,10,1015,283,48,4205,1,0
2551,1648,1,2025-01-09,29,24,1011,170,33,4206,1,0
2552,1648,1,2025-01-09,29,7,1011,211,37,4207,1,0
2553,1648,1,2025-01-09,29,26,1011,968,8,4208,1,0
2554,1648,1,2025-01-09,29,15,1011,534,35,4209,1,0
2555,1650,1,2025-03-07,29,27,1004,132,1,4214,1,0
2556,1650,1,2025-03-07,29,12,1004,627,34,4216,1,0
2557,1651,1,2026-05-10,29,29,1088,760,39,4217,1,0
2558,1652,1,2024-09-12,29,21,1001,405,9,4219,1,0
2559,1653,1,2025-08-12,29,24,1026,975,41,4220,1,0
2560,1653,1,2025-08-12,29,27,1026,970,31,4222,1,0
2561,1654,1,2025-02-12,29,18,1015,499,26,4224,1,0
2562,1655,1,2024-11-19,29,21,1012,623,25,4225,1,0
2563,1655,1,2024-11-19,29,27,1012,130,35,4226,1,0
2564,1656,1,2025-04-12,29,2,1001,428,31,4227,1,0
2565,1656,1,2025-04-12,29,3,1001,447,37,4229,1,0
2566,1657,1,2025-07-09,29,28,1139,848,44,4230,1,0
2567,1657,1,2025-07-09,29,8,1139,395,25,4231,1,0
2568,1657,1,2025-07-09,29,12,1139,584,4,4233,1,0
2569,1658,2,2025-11-15,29,1,1004,241,26,4234,1,0
2570,1659,1,2024-05-13,29,17,1037,792,20,4235,1,0
2571,1660,1,2026-05-02,29,28,1126,623,31,4237,1,0
2572,1661,1,2024-08-09,29,3,1034,571,4,4238,1,0
2573,1661,1,2024-08-09,29,10,1034,407,42,4240,1,0
2574,1662,1,2024-10-30,29,9,1003,624,30,4242,1,0
2575,1662,1,2024-10-30,29,1,1003,415,25,4243,1,0
2576,1662,1,2024-10-30,29,23,1003,161,47,4244,1,0
2577,1663,1,2025-09-19,29,20,1121,692,4,4246,1,0
2578,1663,1,2025-09-19,29,24,1121,285,28,4247,1,0
2579,1663,1,2025-09-19,29,2,1121,753,37,4249,1,0
2580,1664,1,2024-07-29,29,11,1026,755,41,4250,1,0
2581,1664,1,2024-07-29,29,3,1026,857,45,4251,1,0
2582,1664,1,2024-07-29,29,26,1026,920,18,4253,1,0
2583,1665,1,2024-05-28,29,16,1001,566,20,4255,1,0
2584,1665,1,2024-05-28,29,20,1001,596,22,4256,1,0
2585,1665,1,2024-05-28,29,1,1001,734,33,4257,1,0
2586,1666,2,2024-09-27,29,2,1011,802,48,4258,1,0
2587,1667,1,2025-04-17,29,22,1004,429,36,4259,1,0
2588,1667,1,2025-04-17,29,22,1004,929,39,4260,1,0
2589,1668,1,2025-01-19,29,30,1104,156,1,4262,1,0
2590,1668,1,2025-01-19,29,16,1104,880,16,4263,1,0
2591,1669,1,2025-07-07,29,17,1027,343,8,4265,1,0
2592,1670,1,2024-09-01,29,9,1110,973,50,4269,1,0
2593,1670,1,2024-09-01,29,1,1110,824,42,4270,1,0
2594,1671,1,2025-07-30,29,24,1010,305,29,4271,1,0
2595,1672,1,2026-05-06,29,11,1061,503,28,4274,1,0
2596,1672,1,2026-05-06,29,1,1061,881,12,4276,1,0
2597,1672,1,2026-05-06,29,12,1061,153,20,4277,1,0
2598,1673,1,2025-12-11,29,22,1026,180,25,4278,1,0
2599,1673,2,2025-12-11,29,11,1026,269,39,4280,1,0
2600,1673,1,2025-12-11,29,25,1026,457,20,4281,1,0
2601,1674,1,2025-01-17,29,30,1030,231,43,4282,1,0
2602,1675,1,2024-04-29,29,31,1175,594,29,4283,1,0
2603,1676,1,2024-11-19,29,6,1008,577,20,4288,1,0
2604,1677,1,2024-01-30,29,27,1208,944,3,4289,1,0
2605,1677,2,2024-01-30,29,27,1208,311,15,4290,1,0
2606,1677,1,2024-01-30,29,11,1208,426,20,4292,1,0
2607,1678,1,2025-11-17,29,29,1013,568,35,4293,1,0
2608,1679,1,2024-10-24,29,22,1014,735,37,4296,1,0
2609,1679,1,2024-10-24,29,11,1014,629,42,4297,1,0
2610,1679,1,2024-10-24,29,3,1014,652,25,4298,1,0
2611,1680,2,2024-06-19,29,10,1025,124,31,4299,1,0
2612,1680,1,2024-06-19,29,5,1025,785,16,4301,1,0
2613,1680,1,2024-06-19,29,4,1025,784,1,4302,1,0
2614,1681,1,2024-06-21,29,5,1010,684,3,4303,1,0
2615,1682,1,2024-12-17,29,30,1102,865,41,4305,1,0
2616,1682,1,2024-12-17,29,12,1102,828,28,4307,1,0
2617,1683,1,2025-02-16,29,4,1142,522,6,4310,1,0
2618,1684,1,2024-02-08,29,11,1045,879,16,4312,1,0
2619,1684,1,2024-02-08,29,23,1045,131,12,4313,1,0
2620,1685,1,2024-03-02,29,30,1100,512,1,4314,1,0
2621,1685,1,2024-03-02,29,25,1100,387,22,4315,1,0
2622,1685,1,2024-03-02,29,16,1100,648,18,4317,1,0
2623,1686,1,2025-10-22,29,29,1002,566,30,4318,1,0
2624,1686,1,2025-10-22,29,10,1002,990,32,4319,1,0
2625,1687,1,2026-02-08,29,18,1153,886,21,4322,1,0
2626,1688,1,2025-03-25,29,15,1035,557,21,4324,1,0
2627,1688,1,2025-03-25,29,19,1035,192,23,4325,1,0
2628,1688,2,2025-03-25,29,19,1035,559,9,4326,1,0
2629,1689,1,2025-04-02,29,25,1007,150,19,4328,1,0
2630,1689,1,2025-04-02,29,6,1007,251,31,4329,1,0
2631,1690,2,2025-03-20,29,26,1010,217,27,4332,1,0
2632,1690,1,2025-03-20,29,8,1010,268,19,4334,1,0
2633,1692,1,2025-12-25,29,4,1085,189,12,4337,1,0
2634,1692,1,2025-12-25,29,31,1085,423,12,4338,1,0
2635,1692,1,2025-12-25,29,3,1085,506,47,4339,1,0
2636,1692,1,2025-12-25,29,2,1085,837,45,4340,1,0
2637,1693,1,2025-06-13,29,7,1002,351,50,4342,1,0
2638,1694,1,2025-07-15,29,30,1003,465,43,4344,1,0
2639,1696,1,2024-06-04,29,25,1013,436,38,4347,1,0
2640,1697,1,2024-10-08,29,13,1003,341,45,4349,1,0
2641,1698,1,2026-05-10,29,29,1001,643,16,4352,1,0
2642,1698,1,2026-05-10,29,1,1001,388,44,4353,1,0
2643,1699,1,2025-11-19,29,11,1013,152,18,4354,1,0
2644,1699,1,2025-11-19,29,22,1013,653,34,4356,1,0
2645,1699,2,2025-11-19,29,31,1013,799,9,4357,1,0
2646,1700,1,2026-03-25,29,8,1223,983,18,4359,1,0
2647,1700,2,2026-03-25,29,12,1223,506,24,4360,1,0
2648,1701,1,2026-03-04,29,5,1160,593,11,4361,1,0
2649,1702,1,2026-03-03,29,9,1011,802,12,4365,1,0
2650,1703,1,2024-08-14,29,1,1119,916,2,4368,1,0
2651,1704,1,2025-08-01,29,15,1206,489,29,4369,1,0
2652,1704,1,2025-08-01,29,9,1206,497,42,4370,1,0
2653,1705,1,2025-07-12,29,5,1005,743,46,4372,1,0
2654,1706,1,2025-11-20,29,5,1104,383,19,4374,1,0
2655,1706,1,2025-11-20,29,29,1104,460,20,4376,1,0
2656,1709,1,2024-05-04,29,22,1109,238,25,4380,1,0
2657,1710,1,2024-02-14,29,17,1033,606,33,4383,1,0
2658,1710,1,2024-02-14,29,31,1033,572,25,4384,1,0
2659,1711,1,2025-06-08,29,3,1013,929,6,4386,1,0
2660,1711,1,2025-06-08,29,24,1013,734,24,4387,1,0
2661,1712,1,2024-08-05,29,10,1014,920,41,4388,1,0
2662,1713,1,2025-09-24,29,4,1002,643,42,4391,1,0
2663,1714,1,2025-07-05,29,24,1003,288,1,4392,1,0
2664,1714,1,2025-07-05,29,22,1003,407,4,4393,1,0
2665,1714,1,2025-07-05,29,12,1003,908,12,4394,1,0
2666,1715,1,2024-06-14,29,15,1016,873,35,4397,1,0
2667,1715,1,2024-06-14,29,13,1016,412,19,4398,1,0
2668,1716,1,2025-06-14,29,26,1010,952,36,4400,1,0
2669,1716,1,2025-06-14,29,18,1010,589,31,4402,1,0
2670,1717,1,2025-11-29,29,22,1012,300,44,4403,1,0
2671,1718,1,2025-12-24,29,23,1059,379,24,4404,1,0
2672,1718,1,2025-12-24,29,27,1059,947,48,4405,1,0
2673,1719,1,2024-06-11,29,15,1011,700,44,4406,1,0
2674,1719,1,2024-06-11,29,1,1011,612,12,4408,1,0
2675,1720,1,2024-02-11,29,10,1018,792,43,4410,1,0
2676,1720,1,2024-02-11,29,25,1018,637,19,4411,1,0
2677,1721,2,2024-06-25,29,11,1002,462,3,4414,1,0
2678,1723,2,2024-05-09,29,21,1183,222,35,4418,1,0
2679,1723,1,2024-05-09,29,14,1183,637,29,4419,1,0
2680,1726,1,2024-09-11,29,22,1134,710,13,4425,1,0
2681,1727,1,2025-06-20,29,19,1226,702,41,4430,1,0
2682,1729,1,2025-06-02,29,2,1015,688,6,4432,1,0
2683,1730,1,2024-02-03,29,26,1097,440,9,4434,1,0
2684,1732,1,2025-08-03,29,14,1026,762,49,4436,1,0
2685,1733,2,2024-08-30,29,19,1011,508,40,4438,1,0
2686,1733,1,2024-08-30,29,13,1011,763,12,4439,1,0
2687,1734,1,2026-03-19,29,25,1003,694,15,4442,1,0
2688,1736,1,2026-04-19,29,11,1012,253,23,4444,1,0
2689,1736,1,2026-04-19,29,10,1012,848,33,4445,1,0
2690,1737,1,2025-10-13,29,8,1006,459,44,4446,1,0
2691,1737,1,2025-10-13,29,2,1006,456,25,4447,1,0
2692,1737,1,2025-10-13,29,8,1006,135,28,4448,1,0
2693,1739,1,2024-02-25,29,24,1096,154,43,4451,1,0
2694,1740,1,2025-03-02,29,26,1025,443,1,4452,1,0
2695,1740,1,2025-03-02,29,5,1025,178,31,4455,1,0
2696,1742,1,2024-11-13,29,28,1042,131,26,4457,1,0
2697,1743,2,2025-11-12,29,30,1030,363,39,4458,1,0
2698,1743,1,2025-11-12,29,21,1030,686,8,4459,1,0
2699,1743,1,2025-11-12,29,8,1030,366,30,4461,1,0
2700,1745,2,2025-03-14,29,15,1046,814,19,4467,1,0
2701,1745,1,2025-03-14,29,29,1046,791,25,4468,1,0
2702,1745,1,2025-03-14,29,28,1046,639,2,4469,1,0
2703,1746,1,2024-11-19,29,4,1043,623,22,4470,1,0
2704,1746,1,2024-11-19,29,29,1043,308,33,4471,1,0
2705,1746,2,2024-11-19,29,23,1043,571,43,4472,1,0
2706,1747,1,2024-04-18,29,27,1006,854,13,4474,1,0
2707,1747,1,2024-04-18,29,28,1006,727,36,4475,1,0
2708,1748,1,2024-01-12,29,17,1027,510,38,4476,1,0
2709,1750,1,2024-08-15,29,3,1025,960,25,4478,1,0
2710,1750,1,2024-08-15,29,5,1025,970,25,4479,1,0
2711,1751,1,2024-05-25,29,16,1031,463,37,4480,1,0
2712,1751,1,2024-05-25,29,10,1031,688,39,4481,1,0
2713,1753,1,2024-01-28,29,22,1114,269,3,4483,1,0
2714,1754,1,2024-10-10,29,24,1027,787,49,4488,1,0
2715,1756,1,2026-02-21,29,8,1016,768,20,4492,1,0
2716,1756,1,2026-02-21,29,14,1016,153,18,4493,1,0
2717,1757,1,2024-11-17,29,16,1009,878,37,4494,1,0
2718,1757,2,2024-11-17,29,8,1009,949,50,4496,1,0
2719,1759,1,2026-04-16,29,26,1007,101,38,4499,1,0
2720,1760,1,2024-02-02,29,12,1054,640,2,4500,1,0
2721,1760,1,2024-02-02,29,26,1054,515,40,4501,1,0
2722,1761,1,2024-08-10,29,31,1014,822,27,4502,1,0
2723,1761,1,2024-08-10,29,11,1014,414,37,4503,1,0
2724,1762,1,2024-11-07,29,14,1012,559,26,4505,1,0
2725,1763,1,2025-04-26,29,28,1024,762,24,4506,1,0
2726,1764,1,2024-03-19,29,26,1011,680,5,4507,1,0
2727,1765,1,2024-05-07,29,12,1013,668,22,4508,1,0
2728,1766,1,2024-12-08,29,3,1155,620,7,4509,1,0
2729,1766,1,2024-12-08,29,21,1155,923,3,4512,1,0
2730,1767,1,2025-03-26,29,12,1032,267,44,4513,1,0
2731,1768,2,2025-09-21,29,27,1053,778,3,4514,1,0
2732,1768,1,2025-09-21,29,23,1053,421,49,4515,1,0
2733,1768,1,2025-09-21,29,15,1053,273,2,4516,1,0
2734,1769,1,2026-04-26,29,12,1192,904,2,4517,1,0
2735,1769,1,2026-04-26,29,10,1192,245,23,4519,1,0
2736,1769,1,2026-04-26,29,12,1192,418,44,4520,1,0
2737,1770,1,2025-11-06,29,14,1007,487,13,4521,1,0
2738,1770,1,2025-11-06,29,20,1007,847,5,4522,1,0
2739,1771,1,2026-04-15,29,2,1043,816,8,4523,1,0
2740,1771,1,2026-04-15,29,22,1043,858,11,4525,1,0
2741,1772,2,2025-11-04,29,13,1026,946,29,4528,1,0
2742,1772,1,2025-11-04,29,1,1026,916,9,4529,1,0
2743,1774,2,2026-04-07,29,6,1130,241,12,4535,1,0
2744,1774,1,2026-04-07,29,22,1130,447,35,4536,1,0
2745,1774,1,2026-04-07,29,5,1130,502,22,4538,1,0
2746,1775,1,2024-10-08,29,13,1012,149,15,4539,1,0
2747,1775,1,2024-10-08,29,2,1012,605,33,4540,1,0
2748,1776,1,2024-08-20,29,15,1002,353,4,4542,1,0
2749,1776,2,2024-08-20,29,17,1002,790,29,4543,1,0
2750,1777,1,2024-12-18,29,7,1225,759,4,4544,1,0
2751,1777,1,2024-12-18,29,5,1225,931,32,4546,1,0
2752,1778,1,2025-08-20,29,30,1133,328,20,4548,1,0
2753,1778,1,2025-08-20,29,12,1133,144,39,4549,1,0
2754,1778,1,2025-08-20,29,27,1133,574,23,4550,1,0
2755,1778,1,2025-08-20,29,26,1133,150,1,4551,1,0
2756,1779,2,2025-03-06,29,26,1011,716,10,4552,1,0
2757,1779,1,2025-03-06,29,15,1011,975,34,4553,1,0
2758,1779,1,2025-03-06,29,18,1011,457,15,4554,1,0
2759,1779,1,2025-03-06,29,27,1011,824,26,4555,1,0
2760,1780,1,2025-04-17,29,24,1123,438,11,4556,1,0
2761,1781,1,2025-02-19,29,12,1012,901,43,4557,1,0
2762,1781,1,2025-02-19,29,9,1012,135,2,4558,1,0
2763,1782,1,2025-04-10,29,23,1007,584,13,4560,1,0
2764,1782,2,2025-04-10,29,24,1007,771,5,4562,1,0
2765,1783,1,2025-09-26,29,22,1015,607,26,4563,1,0
2766,1784,1,2025-04-19,29,21,1013,658,38,4564,1,0
2767,1786,1,2025-01-10,29,14,1210,671,43,4567,1,0
2768,1786,1,2025-01-10,29,7,1210,797,36,4568,1,0
2769,1786,1,2025-01-10,29,2,1210,213,36,4570,1,0
2770,1787,1,2026-05-23,29,16,1003,577,42,4571,1,0
2771,1790,1,2024-05-05,29,3,1024,975,25,4579,1,0
2772,1791,1,2024-07-29,29,2,1076,277,26,4583,1,0
2773,1792,1,2025-10-19,29,14,1140,343,44,4584,1,0
2774,1793,1,2025-09-01,29,3,1031,238,46,4586,1,0
2775,1794,1,2025-04-27,29,15,1099,659,31,4587,1,0
2776,1795,1,2024-12-21,29,6,1013,758,28,4590,1,0
2777,1795,1,2024-12-21,29,21,1013,692,43,4591,1,0
2778,1796,1,2025-09-14,29,5,1047,494,6,4592,1,0
2779,1796,1,2025-09-14,29,17,1047,217,21,4593,1,0
2780,1796,1,2025-09-14,29,23,1047,474,1,4594,1,0
2781,1797,1,2024-10-14,29,12,1031,221,40,4596,1,0
2782,1797,1,2024-10-14,29,2,1031,114,35,4597,1,0
2783,1799,1,2026-06-27,29,1,1011,859,12,4599,1,0
2784,1801,1,2026-01-21,29,2,1058,280,31,4601,1,0
2785,1801,1,2026-01-21,29,2,1058,905,32,4602,1,0
2786,1802,1,2024-03-28,29,4,1004,536,38,4603,1,0
2787,1803,1,2025-04-26,29,10,1004,333,40,4605,1,0
2788,1804,1,2025-09-25,29,12,1123,889,21,4606,1,0
2789,1805,1,2024-07-24,29,6,1175,673,29,4607,1,0
2790,1805,1,2024-07-24,29,3,1175,915,26,4608,1,0
2791,1805,1,2024-07-24,29,15,1175,344,3,4610,1,0
2792,1806,1,2026-04-29,29,14,1009,855,47,4611,1,0
2793,1807,1,2026-04-14,29,21,1148,444,31,4614,1,0
2794,1807,1,2026-04-14,29,17,1148,347,18,4615,1,0
2795,1808,1,2026-01-25,29,18,1048,373,43,4616,1,0
2796,1809,2,2025-07-21,29,9,1009,571,27,4618,1,0
2797,1810,1,2026-06-26,29,5,1113,424,40,4620,1,0
2798,1810,1,2026-06-26,29,31,1113,350,28,4621,1,0
2799,1811,2,2024-06-27,29,6,1014,417,43,4622,1,0
2800,1811,1,2024-06-27,29,30,1014,521,34,4623,1,0
2801,1813,1,2025-03-21,29,18,1152,106,1,4626,1,0
2802,1813,1,2025-03-21,29,25,1152,223,37,4627,1,0
2803,1815,1,2024-06-07,29,12,1011,704,15,4629,1,0
2804,1815,1,2024-06-07,29,24,1011,791,1,4630,1,0
2805,1816,2,2026-05-28,29,8,1009,227,16,4632,1,0
2806,1816,1,2026-05-28,29,20,1009,136,9,4633,1,0
2807,1817,2,2024-12-19,29,30,1033,860,45,4635,1,0
2808,1817,2,2024-12-19,29,20,1033,464,14,4636,1,0
2809,1819,1,2024-10-26,29,26,1032,662,22,4638,1,0
2810,1821,2,2026-04-28,29,29,1005,391,21,4640,1,0
2811,1823,1,2025-04-18,29,15,1022,635,43,4642,1,0
2812,1823,1,2025-04-18,29,27,1022,706,42,4643,1,0
2813,1824,2,2025-08-31,29,13,1171,243,12,4645,1,0
2814,1825,1,2024-09-23,29,1,1131,635,11,4646,1,0
2815,1826,1,2025-04-27,29,15,1044,294,34,4648,1,0
2816,1827,1,2026-06-29,29,9,1019,477,49,4649,1,0
2817,1827,1,2026-06-29,29,1,1019,905,34,4651,1,0
2818,1828,1,2024-10-13,29,8,1132,847,16,4653,1,0
2819,1829,1,2024-02-27,29,4,1081,963,46,4657,1,0
2820,1831,1,2026-06-18,29,3,1057,993,12,4659,1,0
2821,1831,2,2026-06-18,29,10,1057,730,45,4661,1,0
2822,1832,2,2025-05-25,29,6,1055,231,19,4664,1,0
2823,1833,1,2024-07-07,29,20,1026,111,10,4666,1,0
2824,1834,1,2024-04-05,29,12,1047,538,32,4667,1,0
2825,1834,1,2024-04-05,29,25,1047,160,32,4668,1,0
2826,1834,2,2024-04-05,29,23,1047,496,49,4670,1,0
2827,1835,1,2026-05-08,29,12,1013,999,31,4671,1,0
2828,1836,2,2024-07-02,29,29,1017,276,15,4675,1,0
2829,1836,1,2024-07-02,29,30,1017,701,9,4676,1,0
2830,1837,1,2024-04-10,29,12,1009,720,25,4678,1,0
2831,1838,1,2025-08-21,29,23,1178,271,39,4680,1,0
2832,1838,1,2025-08-21,29,31,1178,413,21,4682,1,0
2833,1839,1,2024-02-24,29,28,1046,202,14,4683,1,0
2834,1839,1,2024-02-24,29,1,1046,507,46,4684,1,0
2835,1840,1,2025-08-19,29,7,1009,222,4,4685,1,0
2836,1840,1,2025-08-19,29,1,1009,533,22,4686,1,0
2837,1840,1,2025-08-19,29,27,1009,744,41,4687,1,0
2838,1841,1,2025-04-01,29,30,1054,745,1,4689,1,0
2839,1845,2,2025-05-16,29,31,1004,144,31,4696,1,0
2840,1846,1,2025-03-01,29,16,1128,650,1,4698,1,0
2841,1846,2,2025-03-01,29,21,1128,485,41,4699,1,0
2842,1846,1,2025-03-01,29,3,1128,541,34,4700,1,0
2843,1846,1,2025-03-01,29,24,1128,522,36,4701,1,0
2844,1847,1,2025-02-05,29,11,1043,333,9,4702,1,0
2845,1847,2,2025-02-05,29,19,1043,598,4,4704,1,0
2846,1848,2,2024-05-05,29,29,1025,801,20,4706,1,0
2847,1848,1,2024-05-05,29,7,1025,144,42,4708,1,0
2848,1849,1,2025-06-10,29,17,1085,689,19,4709,1,0
2849,1849,1,2025-06-10,29,29,1085,265,7,4710,1,0
2850,1849,1,2025-06-10,29,8,1085,354,45,4712,1,0
2851,1851,1,2024-07-29,29,7,1001,690,2,4716,1,0
2852,1852,1,2024-07-21,29,24,1001,118,3,4717,1,0
2853,1852,1,2024-07-21,29,14,1001,812,22,4718,1,0
2854,1852,2,2024-07-21,29,21,1001,750,24,4719,1,0
2855,1852,1,2024-07-21,29,6,1001,797,25,4720,1,0
2856,1854,1,2024-02-03,29,9,1085,145,16,4723,1,0
2857,1854,1,2024-02-03,29,16,1085,438,43,4724,1,0
2858,1856,1,2025-03-12,29,28,1005,398,24,4726,1,0
2859,1857,1,2025-10-17,29,17,1011,155,36,4728,1,0
2860,1857,1,2025-10-17,29,13,1011,462,10,4729,1,0
2861,1858,1,2025-08-25,29,6,1018,792,16,4731,1,0
2862,1859,2,2025-02-27,29,17,1212,990,33,4732,1,0
2863,1859,1,2025-02-27,29,1,1212,570,32,4733,1,0
2864,1859,1,2025-02-27,29,29,1212,315,3,4734,1,0
2865,1861,1,2024-11-06,29,25,1049,626,27,4737,1,0
2866,1862,1,2025-03-07,29,21,1014,173,36,4738,1,0
2867,1862,1,2025-03-07,29,3,1014,500,40,4739,1,0
2868,1862,1,2025-03-07,29,24,1014,633,16,4740,1,0
2869,1863,1,2025-10-18,29,26,1221,785,23,4744,1,0
2870,1863,1,2025-10-18,29,11,1221,473,24,4745,1,0
2871,1864,1,2024-05-02,29,7,1033,735,45,4746,1,0
2872,1864,1,2024-05-02,29,1,1033,962,9,4748,1,0
2873,1864,1,2024-05-02,29,20,1033,427,50,4749,1,0
2874,1865,1,2024-05-14,29,3,1146,394,7,4751,1,0
2875,1865,2,2024-05-14,29,14,1146,777,43,4752,1,0
2876,1867,1,2026-04-30,29,2,1058,424,5,4755,1,0
2877,1867,1,2026-04-30,29,9,1058,410,23,4756,1,0
2878,1869,1,2025-10-18,29,16,1009,400,36,4764,1,0
2879,1869,1,2025-10-18,29,10,1009,142,47,4765,1,0
2880,1870,1,2024-05-20,29,7,1010,952,20,4766,1,0
2881,1870,1,2024-05-20,29,3,1010,376,46,4767,1,0
2882,1870,1,2024-05-20,29,2,1010,982,11,4768,1,0
2883,1870,2,2024-05-20,29,31,1010,229,22,4769,1,0
2884,1871,1,2024-09-15,29,25,1001,312,13,4771,1,0
2885,1873,2,2026-04-15,29,12,1207,319,41,4773,1,0
2886,1875,1,2024-11-15,29,14,1009,683,27,4776,1,0
2887,1876,1,2024-10-20,29,11,1135,203,18,4777,1,0
2888,1877,1,2024-09-26,29,12,1146,183,13,4781,1,0
2889,1877,1,2024-09-26,29,12,1146,424,7,4782,1,0
2890,1878,1,2024-03-24,29,8,1014,843,6,4783,1,0
2891,1878,2,2024-03-24,29,11,1014,412,41,4784,1,0
2892,1878,2,2024-03-24,29,19,1014,150,20,4785,1,0
2893,1879,1,2025-09-24,29,12,1229,458,41,4786,1,0
2894,1879,1,2025-09-24,29,26,1229,653,34,4787,1,0
2895,1880,2,2024-10-12,29,15,1009,446,17,4789,1,0
2896,1880,1,2024-10-12,29,1,1009,135,5,4790,1,0
2897,1880,1,2024-10-12,29,5,1009,509,26,4792,1,0
2898,1881,1,2024-06-08,29,4,1194,538,27,4793,1,0
2899,1881,1,2024-06-08,29,3,1194,459,22,4794,1,0
2900,1882,1,2024-07-27,29,28,1005,849,50,4795,1,0
2901,1883,1,2025-08-14,29,16,1011,358,11,4796,1,0
2902,1883,2,2025-08-14,29,3,1011,597,11,4797,1,0
2903,1883,1,2025-08-14,29,17,1011,950,40,4799,1,0
2904,1884,2,2024-12-23,29,14,1010,177,15,4800,1,0
2905,1884,1,2024-12-23,29,23,1010,389,16,4802,1,0
2906,1885,1,2026-05-18,29,4,1028,307,34,4803,1,0
2907,1885,1,2026-05-18,29,7,1028,450,42,4805,1,0
2908,1886,1,2025-05-29,29,28,1177,287,22,4806,1,0
2909,1887,1,2024-10-09,29,23,1036,926,44,4808,1,0
2910,1887,1,2024-10-09,29,14,1036,605,10,4809,1,0
2911,1888,1,2024-05-09,29,8,1048,603,16,4814,1,0
2912,1889,1,2026-02-03,29,13,1009,785,28,4815,1,0
2913,1889,1,2026-02-03,29,17,1009,655,14,4816,1,0
2914,1890,1,2025-10-09,29,13,1001,206,28,4818,1,0
2915,1891,1,2025-11-25,29,24,1140,880,2,4821,1,0
2916,1892,1,2025-03-26,29,25,1043,275,27,4822,1,0
2917,1892,1,2025-03-26,29,22,1043,472,15,4823,1,0
2918,1892,1,2025-03-26,29,3,1043,697,37,4824,1,0
2919,1893,1,2024-05-24,29,9,1006,387,49,4825,1,0
2920,1894,1,2026-03-04,29,11,1134,386,6,4827,1,0
2921,1894,1,2026-03-04,29,29,1134,263,47,4829,1,0
2922,1895,1,2026-04-10,29,13,1011,955,26,4830,1,0
2923,1896,1,2026-03-03,29,12,1015,124,20,4831,1,0
2924,1896,1,2026-03-03,29,29,1015,142,19,4832,1,0
2925,1896,1,2026-03-03,29,5,1015,508,36,4833,1,0
2926,1897,1,2025-05-18,29,23,1205,391,7,4836,1,0
2927,1898,1,2026-01-11,29,25,1053,289,6,4837,1,0
2928,1899,1,2024-04-09,29,3,1210,231,22,4839,1,0
2929,1899,1,2024-04-09,29,10,1210,672,22,4840,1,0
2930,1899,1,2024-04-09,29,7,1210,485,39,4842,1,0
2931,1900,1,2025-06-03,29,14,1028,902,34,4843,1,0
2932,1900,1,2025-06-03,29,15,1028,274,5,4844,1,0
2933,1900,1,2025-06-03,29,25,1028,887,13,4845,1,0
2934,1900,1,2025-06-03,29,17,1028,212,11,4846,1,0
2935,1901,1,2024-03-18,29,12,1024,638,44,4847,1,0
2936,1902,2,2024-09-25,29,11,1054,484,33,4848,1,0
2937,1902,1,2024-09-25,29,12,1054,903,16,4849,1,0
2938,1903,1,2026-03-18,29,9,1011,948,6,4850,1,0
2939,1904,1,2025-06-02,29,8,1035,476,41,4851,1,0
2940,1904,2,2025-06-02,29,6,1035,861,18,4853,1,0
2941,1906,1,2024-11-16,29,13,1006,801,16,4856,1,0
2942,1909,1,2026-01-16,29,9,1034,751,38,4859,1,0
2943,1909,1,2026-01-16,29,18,1034,655,49,4860,1,0
2944,1909,1,2026-01-16,29,18,1034,437,4,4862,1,0
2945,1910,2,2025-03-06,29,11,1010,344,41,4863,1,0
2946,1911,2,2026-03-14,29,25,1055,147,33,4864,1,0
2947,1911,1,2026-03-14,29,8,1055,353,50,4865,1,0
2948,1913,1,2024-01-05,29,13,1208,452,21,4869,1,0
2949,1913,1,2024-01-05,29,27,1208,615,8,4870,1,0
2950,1913,1,2024-01-05,29,22,1208,313,16,4871,1,0
2951,1914,2,2025-12-25,29,2,1008,201,14,4872,1,0
2952,1915,1,2025-02-11,29,18,1137,854,3,4874,1,0
2953,1916,2,2026-01-27,29,25,1215,664,21,4876,1,0
2954,1916,1,2026-01-27,29,30,1215,611,28,4877,1,0
2955,1917,1,2026-05-08,29,4,1212,775,4,4878,1,0
2956,1917,1,2026-05-08,29,25,1212,345,40,4879,1,0
2957,1917,1,2026-05-08,29,25,1212,212,42,4881,1,0
2958,1919,1,2025-11-21,29,29,1007,710,15,4883,1,0
2959,1920,1,2024-03-05,29,28,1006,876,30,4886,1,0
2960,1921,1,2025-06-24,29,3,1008,139,48,4887,1,0
2961,1921,1,2025-06-24,29,16,1008,902,45,4888,1,0
2962,1921,1,2025-06-24,29,9,1008,619,44,4889,1,0
2963,1922,1,2024-10-03,29,26,1030,919,16,4890,1,0
2964,1923,1,2025-10-21,29,6,1118,649,27,4894,1,0
2965,1923,2,2025-10-21,29,27,1118,454,39,4895,1,0
2966,1924,1,2024-07-17,29,9,1031,777,12,4899,1,0
2967,1924,1,2024-07-17,29,1,1031,982,2,4900,1,0
2968,1924,1,2024-07-17,29,28,1031,491,6,4901,1,0
2969,1925,1,2025-04-26,29,13,1008,335,43,4902,1,0
2970,1927,2,2024-02-09,29,19,1135,451,34,4904,1,0
2971,1927,1,2024-02-09,29,9,1135,606,34,4907,1,0
2972,1928,2,2025-08-29,29,3,1163,807,46,4908,1,0
2973,1928,1,2025-08-29,29,25,1163,266,31,4910,1,0
2974,1930,1,2025-08-09,29,13,1056,308,10,4915,1,0
2975,1931,1,2024-05-12,29,18,1179,594,42,4916,1,0
2976,1932,1,2026-03-07,29,27,1151,171,33,4918,1,0
2977,1933,1,2025-01-12,29,22,1027,864,11,4920,1,0
2978,1933,1,2025-01-12,29,17,1027,743,47,4922,1,0
2979,1934,1,2025-12-29,29,26,1005,900,4,4924,1,0
2980,1935,1,2025-10-16,29,26,1008,413,17,4925,1,0
2981,1935,1,2025-10-16,29,9,1008,420,28,4926,1,0
2982,1935,1,2025-10-16,29,7,1008,126,22,4927,1,0
2983,1936,1,2024-06-08,29,10,1005,248,31,4929,1,0
2984,1937,1,2024-06-18,29,16,1028,255,26,4931,1,0
2985,1937,1,2024-06-18,29,17,1028,923,18,4932,1,0
2986,1938,1,2026-01-25,29,26,1215,917,36,4933,1,0
2987,1939,1,2026-05-17,29,10,1094,252,19,4937,1,0
2988,1939,1,2026-05-17,29,30,1094,558,8,4938,1,0
2989,1940,1,2025-09-10,29,19,1004,815,16,4939,1,0
2990,1940,1,2025-09-10,29,16,1004,945,19,4941,1,0
2991,1940,1,2025-09-10,29,22,1004,516,31,4942,1,0
2992,1941,1,2025-03-05,29,15,1029,101,9,4943,1,0
2993,1941,1,2025-03-05,29,27,1029,692,28,4944,1,0
2994,1942,1,2024-01-07,29,12,1063,897,10,4945,1,0
2995,1942,2,2024-01-07,29,1,1063,358,32,4946,1,0
2996,1942,1,2024-01-07,29,12,1063,774,40,4947,1,0
2997,1942,1,2024-01-07,29,6,1063,797,40,4948,1,0
2998,1944,1,2026-06-24,29,28,1011,664,3,4954,1,0
2999,1945,2,2025-06-20,29,7,1001,945,46,4955,1,0
3000,1946,1,2026-05-12,29,23,1037,503,14,4956,1,0
3001,1947,1,2025-04-26,29,23,1004,315,24,4959,1,0
3002,1949,1,2025-03-12,29,7,1009,998,1,4964,1,0
3003,1949,1,2025-03-12,29,4,1009,830,16,4965,1,0
3004,1949,2,2025-03-12,29,16,1009,238,18,4966,1,0
3005,1950,2,2024-09-08,29,18,1155,718,18,4967,1,0
3006,1950,1,2024-09-08,29,12,1155,971,2,4968,1,0
3007,1950,1,2024-09-08,29,5,1155,591,42,4969,1,0
3008,1951,1,2026-01-04,29,30,1010,626,30,4971,1,0
3009,1952,1,2024-11-22,29,5,1010,428,50,4973,1,0
3010,1952,1,2024-11-22,29,31,1010,209,13,4975,1,0
3011,1953,1,2025-11-04,29,17,1092,139,15,4976,1,0
3012,1953,1,2025-11-04,29,9,1092,124,34,4977,1,0
3013,1954,1,2025-11-18,29,12,1033,735,17,4979,1,0
3014,1955,1,2024-04-18,29,12,1051,867,11,4984,1,0
3015,1955,1,2024-04-18,29,19,1051,838,3,4985,1,0
3016,1956,1,2024-09-17,29,2,1015,925,6,4987,1,0
3017,1956,1,2024-09-17,29,24,1015,366,28,4988,1,0
3018,1957,1,2024-02-12,29,20,1007,710,39,4990,1,0
3019,1958,2,2026-04-15,29,17,1008,781,46,4991,1,0
3020,1959,1,2025-01-29,29,26,1161,747,20,4992,1,0
3021,1960,1,2025-04-28,29,4,1006,522,48,4994,1,0
3022,1960,1,2025-04-28,29,22,1006,761,6,4996,1,0
3023,1962,1,2024-05-24,29,9,1183,561,20,4998,1,0
3024,1962,1,2024-05-24,29,23,1183,960,43,4999,1,0
3025,1962,1,2024-05-24,29,3,1183,825,21,5000,1,0
3026,1963,1,2024-09-04,29,21,1031,447,14,5002,1,0
3027,1964,1,2026-06-16,29,27,1135,379,36,5003,1,0
3028,1964,1,2026-06-16,29,10,1135,386,43,5004,1,0
3029,1964,1,2026-06-16,29,25,1135,526,44,5005,1,0
3030,1964,1,2026-06-16,29,27,1135,838,19,5006,1,0
3031,1965,1,2026-03-29,29,9,1072,739,10,5007,1,0
3032,1965,1,2026-03-29,29,25,1072,488,40,5008,1,0
3033,1965,1,2026-03-29,29,1,1072,847,35,5009,1,0
3034,1965,1,2026-03-29,29,1,1072,708,39,5010,1,0
3035,1967,1,2024-05-31,29,24,1052,833,42,5012,1,0
3036,1969,1,2024-08-26,29,3,1033,955,42,5016,1,0
3037,1971,1,2024-07-15,29,25,1087,800,3,5018,1,0
3038,1971,1,2024-07-15,29,15,1087,858,39,5020,1,0
3039,1973,1,2025-12-25,29,21,1044,530,31,5025,1,0
3040,1973,1,2025-12-25,29,16,1044,499,5,5026,1,0
3041,1973,1,2025-12-25,29,1,1044,923,20,5027,1,0
3042,1973,2,2025-12-25,29,19,1044,670,23,5028,1,0
3043,1974,1,2025-06-21,29,29,1003,290,32,5029,1,0
3044,1975,1,2026-01-15,29,30,1031,389,10,5030,1,0
3045,1975,1,2026-01-15,29,1,1031,294,36,5031,1,0
3046,1976,1,2025-06-08,29,22,1002,856,44,5033,1,0
3047,1977,1,2024-01-30,29,18,1009,588,30,5035,1,0
3048,1978,1,2026-01-20,29,20,1021,449,23,5036,1,0
3049,1983,1,2026-05-24,29,8,1010,425,48,5044,1,0
3050,1984,1,2025-05-19,29,9,1012,249,45,5046,1,0
3051,1984,1,2025-05-19,29,6,1012,364,13,5047,1,0
3052,1985,1,2025-11-18,29,8,1105,643,8,5050,1,0
3053,1986,1,2024-11-25,29,18,1014,395,2,5051,1,0
3054,1988,1,2024-08-24,29,15,1003,510,47,5054,1,0
3055,1989,1,2024-04-22,29,14,1015,547,28,5055,1,0
3056,1990,1,2024-03-22,29,21,1128,969,44,5057,1,0
3057,1991,1,2024-07-23,29,6,1132,758,5,5060,1,0
3058,1992,1,2025-04-26,29,24,1097,209,17,5061,1,0
3059,1992,1,2025-04-26,29,18,1097,438,15,5063,1,0
3060,1992,1,2025-04-26,29,26,1097,988,39,5064,1,0
3061,1993,1,2024-09-26,29,14,1027,479,20,5067,1,0
3062,1995,1,2025-08-21,29,8,1009,217,19,5069,1,0
3063,1995,1,2025-08-21,29,9,1009,714,45,5070,1,0
3064,1995,1,2025-08-21,29,2,1009,430,40,5071,1,0
3065,1997,1,2024-11-17,29,28,1042,978,1,5073,1,0
3066,1998,1,2024-03-12,29,5,1007,411,29,5074,1,0
3067,1998,1,2024-03-12,29,20,1007,762,16,5075,1,0
3068,1998,1,2024-03-12,29,15,1007,887,3,5076,1,0
3069,1999,1,2024-08-30,29,1,1008,980,41,5077,1,0
3070,2000,1,2024-01-28,29,8,1005,948,39,5080,1,0
3071,2001,1,2024-06-09,29,6,1049,738,34,5082,1,0
3072,2001,1,2024-06-09,29,2,1049,584,16,5083,1,0
3073,2001,1,2024-06-09,29,27,1049,385,42,5084,1,0
3074,2003,1,2024-11-17,29,31,1129,602,25,5086,1,0
3075,2003,1,2024-11-17,29,20,1129,895,12,5088,1,0
3076,2003,1,2024-11-17,29,17,1129,738,9,5089,1,0
3077,2004,1,2025-06-21,29,23,1009,755,25,5090,1,0
3078,2004,1,2025-06-21,29,28,1009,488,35,5091,1,0
3079,2005,1,2024-06-17,29,29,1069,968,12,5093,1,0
3080,2005,1,2024-06-17,29,13,1069,502,12,5095,1,0
3081,2006,1,2025-03-26,29,7,1006,551,22,5100,1,0
3082,2007,1,2025-09-15,29,4,1041,508,13,5101,1,0
3083,2008,2,2024-02-16,29,6,1052,180,38,5105,1,0
3084,2009,1,2025-10-03,29,27,1228,891,31,5110,1,0
3085,2010,1,2025-05-23,29,14,1008,872,30,5111,1,0
3086,2011,1,2025-07-27,29,20,1002,731,45,5113,1,0
3087,2011,1,2025-07-27,29,18,1002,975,47,5114,1,0
3088,2012,1,2024-06-27,29,3,1032,653,1,5115,1,0
3089,2013,1,2024-08-06,29,22,1021,924,37,5119,1,0
3090,2013,1,2024-08-06,29,22,1021,130,32,5120,1,0
3091,2014,1,2025-01-25,29,30,1072,153,35,5121,1,0
3092,2015,1,2026-04-08,29,4,1146,743,19,5122,1,0
3093,2016,1,2025-02-13,29,30,1001,862,43,5124,1,0
3094,2016,1,2025-02-13,29,11,1001,507,33,5125,1,0
3095,2018,1,2026-03-12,29,18,1002,400,5,5130,1,0
3096,2019,2,2025-04-29,29,1,1056,977,22,5131,1,0
3097,2019,1,2025-04-29,29,3,1056,682,27,5132,1,0
3098,2019,1,2025-04-29,29,8,1056,318,4,5134,1,0
3099,2021,1,2025-02-19,29,5,1124,607,34,5137,1,0
3100,2023,1,2025-12-01,29,29,1013,643,32,5142,1,0
3101,2024,1,2025-09-24,29,14,1056,131,42,5145,1,0
3102,2024,1,2025-09-24,29,17,1056,846,21,5146,1,0
3103,2025,1,2026-06-26,29,31,1050,553,49,5150,1,0
3104,2026,2,2025-12-28,29,13,1186,658,5,5152,1,0
3105,2027,1,2024-04-24,29,7,1035,822,8,5155,1,0
3106,2027,2,2024-04-24,29,3,1035,993,48,5156,1,0
3107,2028,1,2025-07-08,29,1,1202,316,35,5158,1,0
3108,2028,1,2025-07-08,29,18,1202,468,40,5160,1,0
3109,2029,1,2026-01-15,29,28,1002,510,9,5162,1,0
3110,2029,1,2026-01-15,29,30,1002,942,12,5163,1,0
3111,2030,1,2025-06-24,29,9,1007,104,8,5164,1,0
3112,2030,1,2025-06-24,29,30,1007,615,12,5166,1,0
3113,2031,1,2025-02-28,29,23,1072,499,6,5168,1,0
3114,2032,1,2026-01-14,29,15,1147,512,47,5171,1,0
3115,2034,2,2025-06-10,29,2,1003,816,30,5173,1,0
3116,2034,1,2025-06-10,29,11,1003,437,3,5174,1,0
3117,2035,1,2025-05-23,29,14,1005,492,21,5175,1,0
3118,2035,1,2025-05-23,29,17,1005,450,27,5176,1,0
3119,2035,1,2025-05-23,29,17,1005,150,27,5177,1,0
3120,2036,1,2025-07-16,29,17,1046,976,31,5178,1,0
3121,2036,1,2025-07-16,29,12,1046,929,4,5179,1,0
3122,2037,1,2024-05-09,29,18,1114,615,40,5180,1,0
3123,2038,1,2024-12-24,29,16,1202,542,31,5181,1,0
3124,2039,1,2024-12-04,29,28,1011,658,48,5183,1,0
3125,2040,1,2024-07-15,29,10,1018,612,41,5186,1,0
3126,2041,1,2024-12-12,29,17,1025,170,2,5187,1,0
3127,2041,1,2024-12-12,29,26,1025,216,48,5188,1,0
3128,2041,1,2024-12-12,29,25,1025,300,40,5189,1,0
3129,2042,1,2025-11-06,29,5,1023,155,48,5190,1,0
3130,2042,1,2025-11-06,29,8,1023,736,14,5192,1,0
3131,2042,1,2025-11-06,29,5,1023,317,42,5193,1,0
3132,2044,1,2025-10-05,29,19,1015,655,16,5195,1,0
3133,2044,1,2025-10-05,29,9,1015,607,14,5196,1,0
3134,2044,1,2025-10-05,29,16,1015,432,19,5197,1,0
3135,2046,1,2024-03-27,29,26,1011,495,28,5201,1,0
3136,2046,1,2024-03-27,29,28,1011,704,9,5202,1,0
3137,2047,1,2025-02-17,29,8,1062,585,25,5204,1,0
3138,2047,2,2025-02-17,29,30,1062,846,27,5205,1,0
3139,2048,1,2025-04-06,29,26,1009,107,48,5207,1,0
3140,2049,1,2026-06-18,29,25,1141,941,13,5208,1,0
3141,2050,1,2024-01-19,29,29,1227,305,9,5209,1,0
3142,2051,1,2024-01-23,29,28,1001,749,46,5211,1,0
3143,2052,1,2024-12-12,29,29,1008,892,27,5213,1,0
3144,2053,1,2025-03-27,29,27,1029,908,46,5214,1,0
3145,2053,1,2025-03-27,29,11,1029,718,31,5215,1,0
3146,2055,2,2024-05-21,29,9,1006,917,40,5219,1,0
3147,2056,1,2024-03-15,29,6,1166,321,25,5220,1,0
3148,2057,1,2025-03-02,29,11,1170,111,28,5221,1,0
3149,2057,1,2025-03-02,29,11,1170,152,8,5222,1,0
3150,2057,1,2025-03-02,29,3,1170,803,28,5223,1,0
3151,2058,1,2024-07-11,29,6,1079,508,15,5224,1,0
3152,2058,1,2024-07-11,29,16,1079,265,42,5225,1,0
3153,2058,1,2024-07-11,29,15,1079,910,20,5226,1,0
3154,2059,1,2024-04-09,29,22,1005,759,47,5227,1,0
3155,2059,1,2024-04-09,29,17,1005,333,21,5228,1,0
3156,2059,1,2024-04-09,29,7,1005,220,20,5229,1,0
3157,2060,1,2024-05-27,29,30,1012,182,40,5231,1,0
3158,2061,1,2024-01-29,29,27,1014,178,9,5233,1,0
3159,2061,1,2024-01-29,29,20,1014,974,16,5234,1,0
3160,2061,1,2024-01-29,29,17,1014,843,42,5235,1,0
3161,2062,1,2025-01-14,29,31,1012,303,47,5236,1,0
3162,2063,1,2025-02-25,29,18,1015,462,17,5237,1,0
3163,2063,1,2025-02-25,29,8,1015,367,3,5238,1,0
3164,2064,1,2024-05-15,29,8,1002,879,13,5240,1,0
3165,2065,1,2025-03-05,29,25,1008,554,26,5242,1,0
3166,2066,1,2024-04-14,29,25,1151,184,17,5244,1,0
3167,2066,1,2024-04-14,29,4,1151,432,30,5246,1,0
3168,2067,1,2025-07-20,29,24,1012,752,10,5248,1,0
3169,2068,1,2026-05-01,29,16,1069,632,3,5249,1,0
3170,2069,1,2026-04-04,29,10,1221,358,3,5251,1,0
3171,2069,1,2026-04-04,29,26,1221,782,35,5252,1,0
3172,2070,1,2025-08-07,29,16,1082,767,44,5253,1,0
3173,2072,1,2025-05-25,29,1,1015,735,7,5257,1,0
3174,2074,1,2026-06-02,29,4,1015,960,7,5261,1,0
3175,2075,1,2025-03-06,29,13,1056,122,9,5266,1,0
3176,2076,1,2026-06-01,29,16,1029,991,46,5270,1,0
3177,2076,1,2026-06-01,29,22,1029,809,48,5271,1,0
3178,2077,1,2026-06-08,29,8,1033,660,4,5272,1,0
3179,2079,1,2024-10-27,29,7,1015,453,11,5274,1,0
3180,2079,1,2024-10-27,29,30,1015,147,47,5275,1,0
3181,2080,1,2024-10-20,29,23,1015,630,8,5277,1,0
3182,2080,1,2024-10-20,29,24,1015,605,34,5279,1,0
3183,2080,1,2024-10-20,29,21,1015,865,3,5280,1,0
3184,2081,1,2025-12-13,29,22,1003,158,18,5281,1,0
3185,2081,1,2025-12-13,29,11,1003,461,7,5282,1,0
3186,2081,1,2025-12-13,29,23,1003,897,13,5283,1,0
3187,2081,1,2025-12-13,29,4,1003,345,7,5284,1,0
3188,2082,1,2025-05-27,29,27,1013,171,40,5285,1,0
3189,2083,1,2024-10-29,29,19,1025,945,48,5288,1,0
3190,2084,1,2024-05-24,29,13,1043,175,36,5290,1,0
3191,2084,2,2024-05-24,29,30,1043,577,34,5291,1,0
3192,2084,2,2024-05-24,29,28,1043,400,44,5292,1,0
3193,2085,1,2026-04-20,29,26,1003,501,32,5293,1,0
3194,2087,1,2024-12-02,29,4,1013,347,26,5295,1,0
3195,2087,1,2024-12-02,29,25,1013,555,15,5296,1,0
3196,2087,1,2024-12-02,29,23,1013,217,33,5298,1,0
3197,2088,1,2025-09-13,29,20,1093,827,10,5299,1,0
3198,2088,1,2025-09-13,29,4,1093,613,16,5300,1,0
3199,2088,1,2025-09-13,29,14,1093,970,29,5302,1,0
3200,2089,1,2025-06-07,29,15,1039,106,11,5303,1,0
3201,2090,1,2024-11-17,29,28,1001,984,21,5306,1,0
3202,2090,1,2024-11-17,29,7,1001,706,49,5308,1,0
3203,2091,1,2025-01-04,29,21,1037,845,49,5309,1,0
3204,2092,1,2024-12-14,29,17,1006,134,3,5311,1,0
3205,2093,1,2024-03-25,29,9,1008,557,10,5314,1,0
3206,2094,1,2026-03-16,29,12,1011,955,22,5318,1,0
3207,2095,1,2026-02-20,29,6,1075,698,27,5320,1,0
3208,2096,1,2025-06-16,29,25,1074,593,13,5323,1,0
3209,2097,1,2025-12-12,29,29,1008,932,30,5324,1,0
3210,2097,1,2025-12-12,29,28,1008,602,15,5325,1,0
3211,2097,2,2025-12-12,29,30,1008,250,25,5326,1,0
3212,2098,1,2024-07-30,29,27,1010,557,43,5327,1,0
3213,2099,1,2026-02-04,29,16,1014,268,27,5328,1,0
3214,2100,1,2026-06-15,29,22,1230,501,12,5330,1,0
3215,2101,1,2025-02-23,29,21,1006,574,29,5331,1,0
3216,2101,1,2025-02-23,29,29,1006,155,23,5333,1,0
3217,2101,1,2025-02-23,29,28,1006,931,3,5334,1,0
3218,2103,1,2026-05-01,29,28,1007,180,43,5337,1,0
3219,2103,1,2026-05-01,29,7,1007,459,19,5340,1,0
3220,2104,1,2026-06-05,29,22,1015,221,50,5341,1,0
3221,2105,1,2026-01-05,29,25,1061,376,31,5342,1,0
3222,2106,1,2024-12-23,29,22,1057,930,14,5344,1,0
3223,2106,1,2024-12-23,29,3,1057,640,1,5345,1,0
3224,2106,1,2024-12-23,29,4,1057,318,14,5346,1,0
3225,2107,1,2024-09-14,29,12,1066,562,13,5347,1,0
3226,2109,1,2025-06-17,29,12,1150,213,45,5349,1,0
3227,2111,1,2026-06-16,29,8,1010,366,1,5351,1,0
3228,2111,1,2026-06-16,29,27,1010,722,16,5353,1,0
3229,2111,2,2026-06-16,29,28,1010,814,4,5354,1,0
3230,2112,1,2026-03-15,29,2,1215,999,30,5355,1,0
3231,2112,1,2026-03-15,29,30,1215,214,4,5356,1,0
3232,2113,1,2025-01-12,29,27,1132,361,11,5358,1,0
3233,2114,1,2024-08-17,29,20,1003,123,24,5361,1,0
3234,2115,1,2026-06-11,29,18,1144,995,25,5364,1,0
3235,2116,1,2026-04-18,29,24,1012,549,48,5366,1,0
3236,2116,1,2026-04-18,29,13,1012,538,10,5367,1,0
3237,2117,1,2024-05-05,29,26,1218,640,9,5368,1,0
3238,2117,1,2024-05-05,29,10,1218,497,1,5369,1,0
3239,2118,1,2026-02-21,29,21,1162,993,36,5371,1,0
3240,2118,1,2026-02-21,29,7,1162,590,37,5372,1,0
3241,2119,1,2024-12-31,29,27,1107,775,21,5375,1,0
3242,2120,1,2025-06-01,29,28,1008,919,15,5377,1,0
3243,2120,1,2025-06-01,29,14,1008,480,33,5380,1,0
3244,2121,1,2025-01-11,29,5,1124,111,42,5381,1,0
3245,2122,1,2025-12-23,29,22,1159,328,25,5382,1,0
3246,2122,2,2025-12-23,29,4,1159,746,11,5383,1,0
3247,2124,1,2025-10-11,29,28,1029,793,44,5385,1,0
3248,2125,1,2025-10-08,29,8,1129,891,28,5387,1,0
3249,2125,1,2025-10-08,29,30,1129,383,27,5388,1,0
3250,2125,1,2025-10-08,29,14,1129,881,15,5389,1,0
3251,2125,1,2025-10-08,29,30,1129,659,22,5390,1,0
3252,2126,1,2026-05-05,29,21,1190,472,13,5391,1,0
3253,2126,1,2026-05-05,29,29,1190,205,37,5393,1,0
3254,2126,1,2026-05-05,29,1,1190,789,35,5394,1,0
3255,2127,1,2026-03-28,29,27,1010,994,10,5396,1,0
3256,2127,1,2026-03-28,29,22,1010,763,41,5397,1,0
3257,2128,1,2024-12-08,29,26,1011,532,19,5398,1,0
3258,2128,1,2024-12-08,29,30,1011,481,25,5399,1,0
3259,2128,1,2024-12-08,29,23,1011,555,44,5400,1,0
3260,2129,2,2026-03-23,29,22,1162,104,50,5401,1,0
3261,2129,1,2026-03-23,29,29,1162,252,36,5402,1,0
3262,2130,1,2025-08-11,29,27,1008,912,22,5403,1,0
3263,2130,1,2025-08-11,29,23,1008,563,47,5404,1,0
3264,2131,1,2026-04-14,29,8,1011,551,31,5405,1,0
3265,2131,1,2026-04-14,29,28,1011,729,41,5406,1,0
3266,2132,1,2024-07-19,29,6,1011,801,13,5408,1,0
3267,2132,1,2024-07-19,29,10,1011,721,32,5409,1,0
3268,2133,1,2024-04-04,29,6,1047,149,18,5411,1,0
3269,2133,1,2024-04-04,29,17,1047,996,6,5412,1,0
3270,2134,1,2024-08-24,29,13,1121,710,38,5414,1,0
3271,2136,1,2025-08-13,29,18,1150,339,17,5417,1,0
3272,2137,1,2024-04-19,29,30,1082,274,28,5419,1,0
3273,2138,1,2025-04-30,29,14,1056,874,38,5421,1,0
3274,2138,1,2025-04-30,29,27,1056,592,43,5423,1,0
3275,2139,1,2024-07-19,29,2,1002,536,49,5427,1,0
3276,2140,1,2024-12-13,29,31,1009,907,49,5430,1,0
3277,2141,1,2024-11-03,29,21,1013,398,37,5431,1,0
3278,2142,1,2025-12-19,29,23,1057,666,34,5432,1,0
3279,2142,1,2025-12-19,29,15,1057,985,37,5433,1,0
3280,2143,1,2024-07-27,29,28,1068,763,7,5435,1,0
3281,2143,2,2024-07-27,29,13,1068,538,44,5436,1,0
3282,2144,1,2025-05-01,29,4,1201,121,43,5438,1,0
3283,2145,1,2024-04-14,29,26,1014,448,47,5439,1,0
3284,2145,1,2024-04-14,29,10,1014,892,35,5442,1,0
3285,2146,2,2025-08-22,29,4,1011,507,47,5443,1,0
3286,2146,1,2025-08-22,29,16,1011,206,6,5446,1,0
3287,2148,1,2026-06-13,29,28,1052,875,50,5448,1,0
3288,2148,1,2026-06-13,29,3,1052,184,9,5449,1,0
3289,2148,1,2026-06-13,29,11,1052,551,7,5450,1,0
3290,2149,2,2025-03-14,29,28,1034,444,17,5451,1,0
3291,2149,1,2025-03-14,29,14,1034,637,25,5452,1,0
3292,2149,1,2025-03-14,29,8,1034,644,39,5453,1,0
3293,2150,1,2024-05-15,29,17,1043,858,12,5455,1,0
3294,2151,1,2025-11-02,29,9,1010,304,2,5457,1,0
3295,2152,1,2026-02-19,29,28,1047,563,31,5458,1,0
3296,2152,1,2026-02-19,29,23,1047,433,47,5461,1,0
3297,2153,1,2025-08-13,29,28,1082,477,19,5463,1,0
3298,2155,1,2024-04-17,29,4,1215,391,31,5466,1,0
3299,2155,1,2024-04-17,29,31,1215,766,27,5468,1,0
3300,2158,1,2025-09-04,29,15,1100,646,8,5473,1,0
3301,2159,2,2025-08-11,29,4,1111,527,40,5476,1,0
3302,2160,1,2024-07-31,29,11,1065,479,19,5478,1,0
3303,2160,1,2024-07-31,29,3,1065,143,3,5479,1,0
3304,2161,1,2025-03-02,29,14,1025,789,19,5482,1,0
3305,2162,1,2026-03-28,29,23,1169,500,18,5484,1,0
3306,2162,1,2026-03-28,29,31,1169,293,5,5485,1,0
3307,2162,1,2026-03-28,29,5,1169,970,18,5486,1,0
3308,2162,1,2026-03-28,29,22,1169,917,20,5487,1,0
3309,2163,1,2024-08-07,29,22,1188,726,17,5489,1,0
3310,2163,1,2024-08-07,29,21,1188,407,17,5490,1,0
3311,2164,1,2024-09-13,29,30,1187,635,35,5491,1,0
3312,2164,1,2024-09-13,29,29,1187,979,24,5492,1,0
3313,2165,1,2026-04-06,29,17,1004,687,40,5493,1,0
3314,2165,1,2026-04-06,29,12,1004,835,38,5495,1,0
3315,2166,1,2026-02-01,29,19,1004,726,3,5497,1,0
3316,2167,1,2025-04-14,29,8,1009,118,23,5501,1,0
3317,2167,1,2025-04-14,29,30,1009,264,19,5502,1,0
3318,2168,2,2025-10-05,29,9,1171,921,14,5503,1,0
3319,2170,1,2024-12-25,29,25,1195,619,8,5505,1,0
3320,2171,1,2024-02-14,29,1,1022,782,36,5510,1,0
3321,2172,1,2024-07-14,29,28,1182,735,38,5511,1,0
3322,2173,1,2025-12-01,29,19,1198,491,50,5513,1,0
3323,2173,1,2025-12-01,29,4,1198,536,23,5514,1,0
3324,2174,2,2024-01-30,29,10,1020,437,1,5515,1,0
3325,2175,1,2026-06-14,29,5,1011,311,44,5516,1,0
3326,2175,1,2026-06-14,29,14,1011,729,30,5517,1,0
3327,2175,1,2026-06-14,29,27,1011,343,42,5518,1,0
3328,2175,1,2026-06-14,29,14,1011,674,28,5519,1,0
3329,2176,1,2025-07-03,29,3,1152,246,24,5520,1,0
3330,2177,1,2025-05-10,29,8,1028,645,12,5523,1,0
3331,2177,1,2025-05-10,29,5,1028,774,26,5524,1,0
3332,2178,1,2024-03-12,29,31,1090,255,2,5527,1,0
3333,2179,1,2025-02-24,29,14,1014,264,20,5528,1,0
3334,2179,1,2025-02-24,29,14,1014,564,47,5529,1,0
3335,2179,1,2025-02-24,29,11,1014,965,43,5530,1,0
3336,2179,1,2025-02-24,29,18,1014,605,9,5531,1,0
3337,2180,1,2026-04-21,29,17,1003,275,34,5532,1,0
3338,2180,1,2026-04-21,29,31,1003,156,27,5534,1,0
3339,2180,1,2026-04-21,29,22,1003,797,15,5535,1,0
3340,2181,1,2025-10-05,29,3,1003,989,13,5537,1,0
3341,2181,1,2025-10-05,29,3,1003,288,44,5538,1,0
3342,2182,1,2026-03-21,29,3,1208,116,1,5539,1,0
3343,2182,1,2026-03-21,29,27,1208,897,26,5540,1,0
3344,2183,1,2024-05-06,29,30,1007,155,50,5541,1,0
3345,2183,1,2024-05-06,29,1,1007,580,14,5542,1,0
3346,2183,1,2024-05-06,29,30,1007,157,9,5543,1,0
3347,2184,1,2026-03-12,29,19,1209,349,46,5545,1,0
3348,2184,1,2026-03-12,29,21,1209,934,5,5546,1,0
3349,2185,1,2026-05-20,29,19,1009,249,1,5550,1,0
3350,2185,2,2026-05-20,29,5,1009,443,15,5551,1,0
3351,2188,1,2025-11-25,29,30,1099,679,8,5555,1,0
3352,2188,1,2025-11-25,29,18,1099,906,35,5556,1,0
3353,2189,1,2024-02-24,29,28,1131,427,40,5557,1,0
3354,2190,1,2024-09-30,29,17,1164,319,12,5558,1,0
3355,2190,1,2024-09-30,29,26,1164,370,3,5559,1,0
3356,2190,1,2024-09-30,29,30,1164,229,12,5560,1,0
3357,2190,1,2024-09-30,29,7,1164,839,32,5561,1,0
3358,2191,1,2025-03-05,29,1,1011,615,26,5562,1,0
3359,2193,1,2024-02-21,29,29,1010,555,22,5568,1,0
3360,2195,1,2025-09-12,29,23,1148,697,43,5570,1,0
3361,2195,1,2025-09-12,29,3,1148,886,1,5571,1,0
3362,2195,2,2025-09-12,29,29,1148,375,42,5572,1,0
3363,2196,1,2026-03-18,29,22,1072,911,41,5574,1,0
3364,2196,1,2026-03-18,29,27,1072,965,11,5575,1,0
3365,2196,2,2026-03-18,29,17,1072,815,21,5576,1,0
3366,2196,1,2026-03-18,29,19,1072,199,1,5577,1,0
3367,2197,1,2024-03-23,29,28,1084,741,18,5580,1,0
3368,2197,1,2024-03-23,29,26,1084,158,46,5581,1,0
3369,2198,1,2026-04-14,29,5,1002,338,19,5582,1,0
3370,2198,1,2026-04-14,29,9,1002,979,34,5585,1,0
3371,2199,2,2025-11-14,29,11,1004,221,19,5586,1,0
3372,2200,1,2025-07-28,29,9,1048,579,47,5587,1,0
3373,2201,1,2025-05-17,29,14,1024,207,47,5589,1,0
3374,2201,2,2025-05-17,29,14,1024,638,12,5590,1,0
3375,2201,1,2025-05-17,29,17,1024,128,21,5591,1,0
3376,2202,1,2026-05-13,29,18,1214,877,18,5592,1,0
3377,2202,1,2026-05-13,29,12,1214,847,3,5593,1,0
3378,2202,1,2026-05-13,29,27,1214,648,8,5594,1,0
3379,2203,1,2024-09-13,29,7,1004,176,46,5595,1,0
3380,2204,1,2025-09-20,29,12,1032,895,26,5599,1,0
3381,2205,1,2024-08-09,29,15,1037,311,20,5601,1,0
3382,2206,2,2025-07-01,29,2,1006,682,30,5607,1,0
3383,2206,1,2025-07-01,29,1,1006,116,12,5608,1,0
3384,2207,1,2025-03-24,29,13,1010,547,36,5609,1,0
3385,2207,1,2025-03-24,29,26,1010,753,37,5610,1,0
3386,2207,1,2025-03-24,29,17,1010,964,41,5611,1,0
3387,2207,1,2025-03-24,29,11,1010,628,5,5612,1,0
3388,2209,1,2025-12-17,29,3,1013,566,43,5617,1,0
3389,2210,1,2024-01-17,29,30,1044,880,23,5619,1,0
3390,2210,1,2024-01-17,29,29,1044,907,39,5620,1,0
3391,2211,1,2026-06-06,29,1,1118,801,21,5621,1,0
3392,2211,1,2026-06-06,29,10,1118,483,39,5622,1,0
3393,2211,1,2026-06-06,29,7,1118,373,11,5624,1,0
3394,2212,1,2026-02-08,29,3,1004,491,4,5626,1,0
3395,2213,1,2026-06-11,29,17,1007,818,16,5629,1,0
3396,2214,1,2025-05-30,29,19,1196,921,7,5631,1,0
3397,2214,1,2025-05-30,29,24,1196,971,41,5632,1,0
3398,2217,1,2025-09-22,29,8,1009,163,19,5637,1,0
3399,2217,1,2025-09-22,29,6,1009,637,42,5638,1,0
3400,2219,1,2026-06-24,29,15,1007,529,37,5642,1,0
3401,2219,1,2026-06-24,29,11,1007,744,16,5643,1,0
3402,2219,1,2026-06-24,29,1,1007,301,23,5644,1,0
3403,2221,1,2025-09-15,29,16,1083,830,20,5647,1,0
3404,2221,1,2025-09-15,29,19,1083,983,19,5648,1,0
3405,2221,1,2025-09-15,29,10,1083,392,37,5650,1,0
3406,2222,1,2024-04-16,29,29,1224,801,31,5652,1,0
3407,2222,1,2024-04-16,29,19,1224,309,14,5653,1,0
3408,2223,1,2024-10-21,29,18,1045,236,35,5655,1,0
3409,2225,1,2024-01-27,29,18,1104,246,25,5659,1,0
3410,2225,1,2024-01-27,29,1,1104,835,50,5660,1,0
3411,2226,1,2024-03-06,29,17,1003,774,32,5661,1,0
3412,2226,1,2024-03-06,29,14,1003,918,5,5662,1,0
3413,2226,1,2024-03-06,29,11,1003,611,9,5663,1,0
3414,2226,1,2024-03-06,29,26,1003,779,49,5664,1,0
3415,2227,2,2025-06-25,29,20,1009,274,19,5665,1,0
3416,2227,1,2025-06-25,29,17,1009,570,37,5666,1,0
3417,2227,1,2025-06-25,29,6,1009,382,26,5668,1,0
3418,2228,1,2025-08-26,29,30,1052,432,8,5672,1,0
3419,2229,2,2024-07-07,29,15,1002,519,29,5674,1,0
3420,2229,1,2024-07-07,29,15,1002,893,34,5675,1,0
3421,2230,1,2026-02-28,29,5,1014,260,30,5676,1,0
3422,2230,1,2026-02-28,29,20,1014,386,4,5677,1,0
3423,2230,1,2026-02-28,29,14,1014,273,40,5678,1,0
3424,2231,1,2024-06-12,29,20,1060,426,16,5679,1,0
3425,2232,1,2024-08-07,29,22,1002,901,33,5681,1,0
3426,2232,1,2024-08-07,29,5,1002,616,49,5682,1,0
3427,2233,1,2024-03-07,29,2,1105,397,8,5685,1,0
3428,2234,1,2025-07-01,29,6,1010,431,15,5687,1,0
3429,2235,1,2026-05-16,29,2,1010,582,17,5689,1,0
3430,2235,1,2026-05-16,29,10,1010,963,40,5690,1,0
3431,2236,1,2025-07-11,29,7,1056,942,42,5691,1,0
3432,2236,1,2025-07-11,29,27,1056,559,2,5692,1,0
3433,2236,1,2025-07-11,29,31,1056,910,48,5693,1,0
3434,2237,1,2024-10-30,29,15,1049,270,24,5695,1,0
3435,2238,1,2025-08-24,29,9,1215,244,36,5697,1,0
3436,2238,1,2025-08-24,29,8,1215,969,29,5699,1,0
3437,2239,1,2026-05-01,29,19,1007,808,34,5700,1,0
3438,2240,1,2024-03-10,29,31,1140,369,42,5705,1,0
3439,2241,1,2024-02-22,29,29,1141,668,4,5706,1,0
3440,2242,1,2025-07-13,29,30,1011,652,40,5708,1,0
3441,2244,1,2025-03-12,29,21,1053,465,11,5712,1,0
3442,2244,1,2025-03-12,29,30,1053,101,39,5713,1,0
3443,2244,1,2025-03-12,29,29,1053,608,39,5715,1,0
3444,2245,1,2025-04-16,29,15,1108,480,15,5716,1,0
3445,2245,1,2025-04-16,29,8,1108,515,8,5717,1,0
3446,2245,1,2025-04-16,29,1,1108,660,11,5718,1,0
3447,2246,2,2024-03-07,29,26,1001,864,47,5719,1,0
3448,2246,1,2024-03-07,29,22,1001,341,33,5720,1,0
3449,2246,1,2024-03-07,29,2,1001,189,2,5721,1,0
3450,2246,1,2024-03-07,29,15,1001,310,19,5722,1,0
3451,2247,1,2025-05-31,29,9,1137,933,21,5723,1,0
3452,2247,2,2025-05-31,29,25,1137,746,12,5725,1,0
3453,2247,1,2025-05-31,29,15,1137,474,6,5726,1,0
3454,2248,2,2026-02-06,29,23,1012,504,27,5727,1,0
3455,2249,1,2026-05-09,29,19,1036,497,5,5730,1,0
3456,2250,1,2025-08-11,29,8,1030,956,40,5731,1,0
3457,2253,2,2025-04-20,29,15,1050,902,16,5735,1,0
3458,2253,2,2025-04-20,29,22,1050,817,40,5736,1,0
3459,2255,1,2026-02-10,29,27,1005,584,28,5741,1,0
3460,2256,2,2024-07-22,29,31,1012,344,19,5743,1,0
3461,2256,1,2024-07-22,29,14,1012,539,6,5744,1,0
3462,2256,1,2024-07-22,29,1,1012,301,44,5745,1,0
3463,2257,1,2024-09-17,29,11,1003,324,16,5746,1,0
3464,2258,1,2025-12-15,29,29,1038,317,36,5749,1,0
3465,2259,1,2024-08-04,29,16,1012,642,6,5751,1,0
3466,2260,1,2025-11-15,29,29,1038,854,30,5753,1,0
3467,2261,1,2025-09-16,29,9,1052,708,39,5754,1,0
3468,2261,1,2025-09-16,29,6,1052,805,39,5755,1,0
3469,2261,2,2025-09-16,29,30,1052,226,11,5757,1,0
3470,2262,1,2026-06-17,29,24,1134,800,15,5759,1,0
3471,2263,1,2025-08-26,29,30,1014,854,10,5760,1,0
3472,2264,1,2026-06-19,29,16,1067,721,3,5761,1,0
3473,2264,1,2026-06-19,29,16,1067,809,27,5762,1,0
3474,2265,1,2024-06-11,29,14,1037,979,15,5765,1,0
3475,2265,1,2024-06-11,29,5,1037,320,15,5766,1,0
3476,2266,1,2026-05-18,29,26,1013,924,36,5768,1,0
3477,2266,1,2026-05-18,29,5,1013,503,16,5770,1,0
3478,2267,1,2024-10-05,29,20,1056,994,29,5771,1,0
3479,2268,2,2024-06-14,29,6,1004,621,33,5773,1,0
3480,2268,1,2024-06-14,29,2,1004,396,25,5774,1,0
3481,2268,1,2024-06-14,29,14,1004,650,19,5775,1,0
3482,2268,2,2024-06-14,29,5,1004,512,2,5776,1,0
3483,2269,1,2024-01-04,29,14,1045,785,27,5778,1,0
3484,2269,1,2024-01-04,29,23,1045,149,45,5779,1,0
3485,2270,1,2025-06-16,29,1,1146,539,15,5782,1,0
3486,2271,1,2026-06-26,29,8,1001,269,24,5783,1,0
3487,2271,1,2026-06-26,29,25,1001,861,28,5784,1,0
3488,2272,1,2025-02-18,29,31,1036,411,25,5787,1,0
3489,2272,1,2025-02-18,29,12,1036,433,5,5788,1,0
3490,2273,1,2024-06-28,29,17,1025,884,38,5789,1,0
3491,2273,1,2024-06-28,29,2,1025,224,12,5791,1,0
3492,2273,1,2024-06-28,29,7,1025,136,24,5792,1,0
3493,2274,1,2025-09-23,29,25,1029,865,6,5793,1,0
3494,2274,1,2025-09-23,29,24,1029,174,39,5794,1,0
3495,2274,1,2025-09-23,29,29,1029,972,5,5795,1,0
3496,2276,1,2024-08-21,29,12,1004,397,37,5797,1,0
3497,2276,1,2024-08-21,29,23,1004,905,45,5798,1,0
3498,2277,1,2025-08-21,29,7,1058,636,37,5799,1,0
3499,2277,1,2025-08-21,29,22,1058,471,8,5800,1,0
3500,2277,1,2025-08-21,29,28,1058,132,16,5801,1,0
3501,2278,1,2025-01-28,29,25,1054,305,17,5803,1,0
3502,2279,1,2024-02-11,29,17,1049,788,19,5805,1,0
3503,2279,1,2024-02-11,29,28,1049,381,16,5807,1,0
3504,2281,1,2025-08-23,29,30,1001,554,5,5809,1,0
3505,2281,2,2025-08-23,29,11,1001,246,31,5810,1,0
3506,2282,1,2025-09-04,29,21,1005,529,23,5812,1,0
3507,2282,1,2025-09-04,29,19,1005,472,11,5813,1,0
3508,2283,1,2026-06-05,29,6,1178,163,18,5815,1,0
3509,2283,1,2026-06-05,29,25,1178,399,29,5816,1,0
3510,2284,1,2024-03-10,29,17,1058,591,16,5818,1,0
3511,2285,1,2026-03-16,29,28,1055,603,23,5819,1,0
3512,2286,1,2024-02-05,29,7,1006,914,2,5820,1,0
3513,2286,1,2024-02-05,29,2,1006,686,30,5822,1,0
3514,2286,1,2024-02-05,29,2,1006,718,44,5823,1,0
3515,2287,1,2025-12-31,29,17,1013,689,38,5824,1,0
3516,2287,1,2025-12-31,29,21,1013,242,48,5826,1,0
3517,2288,1,2026-02-03,29,31,1004,470,6,5830,1,0
3518,2288,1,2026-02-03,29,29,1004,424,8,5831,1,0
3519,2291,1,2025-03-18,29,14,1029,526,26,5834,1,0
3520,2291,1,2025-03-18,29,26,1029,653,33,5836,1,0
3521,2292,1,2025-01-15,29,28,1163,760,49,5837,1,0
3522,2293,1,2025-02-09,29,18,1028,542,17,5839,1,0
3523,2293,1,2025-02-09,29,2,1028,166,46,5840,1,0
3524,2294,1,2025-07-31,29,21,1011,747,16,5841,1,0
3525,2297,1,2026-05-17,29,18,1002,271,32,5845,1,0
3526,2297,1,2026-05-17,29,27,1002,492,29,5846,1,0
3527,2297,2,2026-05-17,29,9,1002,430,38,5847,1,0
3528,2298,1,2025-04-12,29,20,1132,563,8,5848,1,0
3529,2299,1,2025-07-11,29,4,1009,763,19,5850,1,0
3530,2301,2,2026-02-22,29,15,1159,721,22,5854,1,0
3531,2302,1,2024-07-11,29,27,1009,232,18,5857,1,0
3532,2303,1,2025-04-01,29,6,1012,219,27,5858,1,0
3533,2305,2,2024-04-06,29,20,1025,720,19,5862,1,0
3534,2305,1,2024-04-06,29,21,1025,279,42,5863,1,0
3535,2306,1,2025-07-28,29,2,1036,109,22,5865,1,0
3536,2307,2,2025-03-18,29,15,1001,897,36,5866,1,0
3537,2309,1,2024-02-02,29,31,1012,255,21,5868,1,0
3538,2311,1,2025-07-18,29,7,1049,770,40,5872,1,0
3539,2311,1,2025-07-18,29,24,1049,911,2,5873,1,0
3540,2311,1,2025-07-18,29,29,1049,444,9,5875,1,0
3541,2312,2,2025-07-07,29,20,1014,329,43,5876,1,0
3542,2312,1,2025-07-07,29,29,1014,229,14,5877,1,0
3543,2313,1,2026-01-02,29,16,1006,448,21,5880,1,0
3544,2313,1,2026-01-02,29,19,1006,720,11,5881,1,0
3545,2313,1,2026-01-02,29,19,1006,321,14,5882,1,0
3546,2314,1,2024-04-16,29,3,1065,225,5,5883,1,0
3547,2314,1,2024-04-16,29,6,1065,492,16,5884,1,0
3548,2314,1,2024-04-16,29,22,1065,286,40,5885,1,0
3549,2315,1,2026-05-07,29,19,1013,547,44,5887,1,0
3550,2315,1,2026-05-07,29,25,1013,180,24,5889,1,0
3551,2315,1,2026-05-07,29,6,1013,389,26,5890,1,0
3552,2316,1,2024-12-03,29,5,1097,383,1,5891,1,0
3553,2316,1,2024-12-03,29,12,1097,641,17,5892,1,0
3554,2317,1,2026-05-19,29,5,1196,827,32,5893,1,0
3555,2317,1,2026-05-19,29,9,1196,178,46,5894,1,0
3556,2318,1,2024-01-13,29,30,1166,349,35,5896,1,0
3557,2318,1,2024-01-13,29,9,1166,396,28,5898,1,0
3558,2319,1,2025-03-02,29,1,1134,207,10,5899,1,0
3559,2320,2,2026-03-16,29,14,1029,714,43,5902,1,0
3560,2320,1,2026-03-16,29,17,1029,765,35,5903,1,0
3561,2320,2,2026-03-16,29,20,1029,193,30,5904,1,0
3562,2320,1,2026-03-16,29,10,1029,472,50,5905,1,0
3563,2322,1,2025-08-11,29,28,1003,714,19,5907,1,0
3564,2322,1,2025-08-11,29,6,1003,929,9,5908,1,0
3565,2323,2,2024-07-08,29,6,1015,351,33,5909,1,0
3566,2323,1,2024-07-08,29,16,1015,718,21,5910,1,0
3567,2323,1,2024-07-08,29,23,1015,635,49,5912,1,0
3568,2324,1,2024-12-17,29,8,1001,665,35,5913,1,0
3569,2324,1,2024-12-17,29,4,1001,202,17,5914,1,0
3570,2324,1,2024-12-17,29,9,1001,479,23,5915,1,0
3571,2325,1,2026-02-17,29,31,1213,417,24,5916,1,0
3572,2325,1,2026-02-17,29,18,1213,664,23,5917,1,0
3573,2325,1,2026-02-17,29,24,1213,225,12,5919,1,0
3574,2326,1,2024-01-04,29,5,1011,657,10,5920,1,0
3575,2326,1,2024-01-04,29,1,1011,125,30,5921,1,0
3576,2326,1,2024-01-04,29,20,1011,261,5,5922,1,0
3577,2327,2,2024-09-14,29,24,1211,192,25,5924,1,0
3578,2327,1,2024-09-14,29,22,1211,746,42,5926,1,0
3579,2329,1,2025-06-12,29,30,1196,429,45,5929,1,0
3580,2329,1,2025-06-12,29,21,1196,897,25,5931,1,0
3581,2329,1,2025-06-12,29,6,1196,104,25,5932,1,0
3582,2331,1,2024-03-04,29,16,1007,636,35,5934,1,0
3583,2331,1,2024-03-04,29,8,1007,265,13,5936,1,0
3584,2332,1,2025-04-03,29,28,1008,959,33,5938,1,0
3585,2332,1,2025-04-03,29,27,1008,288,18,5939,1,0
3586,2332,1,2025-04-03,29,27,1008,442,25,5941,1,0
3587,2334,2,2024-08-25,29,22,1013,802,45,5943,1,0
3588,2335,1,2024-05-08,29,3,1004,837,27,5946,1,0
3589,2336,1,2025-06-11,29,22,1179,215,27,5948,1,0
3590,2336,1,2025-06-11,29,20,1179,908,20,5949,1,0
3591,2338,2,2024-04-28,29,17,1008,189,44,5951,1,0
3592,2341,1,2025-05-29,29,21,1039,493,1,5956,1,0
3593,2341,1,2025-05-29,29,27,1039,821,30,5957,1,0
3594,2342,1,2024-06-02,29,16,1006,289,23,5959,1,0
3595,2342,1,2024-06-02,29,6,1006,211,4,5960,1,0
3596,2343,1,2024-10-27,29,28,1005,312,39,5961,1,0
3597,2344,1,2025-12-19,29,13,1053,440,18,5964,1,0
3598,2345,1,2026-04-17,29,26,1011,609,2,5965,1,0
3599,2346,1,2024-03-29,29,19,1107,295,10,5968,1,0
3600,2346,1,2024-03-29,29,14,1107,364,9,5969,1,0
3601,2347,1,2025-08-06,29,7,1015,144,19,5970,1,0
3602,2348,1,2026-06-05,29,22,1221,834,22,5973,1,0
3603,2348,1,2026-06-05,29,2,1221,834,40,5974,1,0
3604,2349,1,2025-10-22,29,17,1167,382,26,5975,1,0
3605,2349,1,2025-10-22,29,15,1167,395,41,5976,1,0
3606,2349,2,2025-10-22,29,21,1167,294,40,5977,1,0
3607,2349,1,2025-10-22,29,27,1167,753,15,5978,1,0
3608,2350,1,2024-07-01,29,16,1024,981,22,5980,1,0
3609,2351,1,2026-02-15,29,11,1166,663,42,5982,1,0
3610,2351,1,2026-02-15,29,10,1166,779,41,5983,1,0
3611,2351,1,2026-02-15,29,18,1166,267,23,5984,1,0
3612,2352,2,2025-12-22,29,10,1011,899,6,5986,1,0
3613,2353,1,2025-07-16,29,22,1029,691,11,5987,1,0
3614,2354,1,2025-03-14,29,16,1152,840,35,5991,1,0
3615,2354,1,2025-03-14,29,27,1152,199,11,5992,1,0
3616,2354,1,2025-03-14,29,7,1152,185,48,5993,1,0
3617,2356,1,2025-06-01,29,28,1163,851,38,5995,1,0
3618,2356,1,2025-06-01,29,7,1163,877,14,5998,1,0
3619,2358,2,2024-02-28,29,10,1004,415,34,6001,1,0
3620,2358,1,2024-02-28,29,16,1004,712,41,6002,1,0
3621,2358,1,2024-02-28,29,23,1004,824,27,6003,1,0
3622,2359,2,2025-05-29,29,6,1014,215,2,6005,1,0
3623,2359,1,2025-05-29,29,15,1014,753,17,6007,1,0
3624,2360,1,2024-11-01,29,27,1014,638,5,6008,1,0
3625,2361,1,2024-01-13,29,11,1015,581,30,6009,1,0
3626,2361,1,2024-01-13,29,26,1015,167,25,6010,1,0
3627,2361,2,2024-01-13,29,3,1015,613,29,6011,1,0
3628,2362,1,2026-05-23,29,15,1031,723,9,6012,1,0
3629,2362,1,2026-05-23,29,20,1031,947,25,6014,1,0
3630,2364,2,2024-10-16,29,15,1007,638,35,6019,1,0
3631,2365,1,2026-06-08,29,10,1007,361,15,6021,1,0
3632,2365,1,2026-06-08,29,10,1007,487,15,6022,1,0
3633,2365,1,2026-06-08,29,20,1007,103,44,6023,1,0
3634,2366,2,2026-01-06,29,11,1158,197,30,6024,1,0
3635,2366,2,2026-01-06,29,13,1158,388,26,6025,1,0
3636,2366,1,2026-01-06,29,7,1158,396,49,6026,1,0
3637,2367,1,2024-11-28,29,8,1017,314,9,6028,1,0
3638,2368,1,2025-05-19,29,28,1002,510,31,6030,1,0
3639,2368,1,2025-05-19,29,21,1002,981,50,6031,1,0
3640,2368,1,2025-05-19,29,23,1002,154,24,6032,1,0
3641,2369,2,2025-05-17,29,1,1006,257,6,6033,1,0
3642,2369,1,2025-05-17,29,12,1006,447,7,6034,1,0
3643,2369,1,2025-05-17,29,26,1006,746,48,6035,1,0
3644,2370,1,2024-01-07,29,10,1005,825,39,6037,1,0
3645,2370,1,2024-01-07,29,1,1005,981,41,6038,1,0
3646,2371,1,2024-03-19,29,14,1024,144,22,6041,1,0
3647,2372,1,2024-05-12,29,5,1005,272,24,6042,1,0
3648,2372,1,2024-05-12,29,9,1005,473,8,6043,1,0
3649,2372,1,2024-05-12,29,6,1005,413,38,6044,1,0
3650,2373,1,2026-04-01,29,31,1025,417,16,6047,1,0
3651,2374,1,2024-04-14,29,23,1010,751,45,6050,1,0
3652,2375,1,2024-10-03,29,23,1006,700,7,6051,1,0
3653,2375,1,2024-10-03,29,10,1006,144,45,6052,1,0
3654,2376,1,2026-02-21,29,18,1185,846,28,6053,1,0
3655,2376,2,2026-02-21,29,2,1185,808,2,6054,1,0
3656,2377,2,2025-10-02,29,4,1003,923,31,6055,1,0
3657,2377,1,2025-10-02,29,20,1003,602,37,6056,1,0
3658,2377,1,2025-10-02,29,13,1003,456,43,6057,1,0
3659,2378,1,2025-11-08,29,30,1005,528,4,6059,1,0
3660,2378,1,2025-11-08,29,10,1005,890,3,6060,1,0
3661,2379,1,2025-12-11,29,23,1007,647,46,6061,1,0
3662,2379,1,2025-12-11,29,6,1007,680,44,6062,1,0
3663,2379,1,2025-12-11,29,7,1007,186,37,6064,1,0
3664,2381,1,2024-07-13,29,25,1189,534,10,6066,1,0
3665,2381,1,2024-07-13,29,29,1189,911,20,6068,1,0
3666,2382,1,2025-01-10,29,1,1166,393,39,6070,1,0
3667,2382,2,2025-01-10,29,1,1166,751,30,6071,1,0
3668,2383,1,2026-04-11,29,21,1194,407,25,6072,1,0
3669,2383,1,2026-04-11,29,13,1194,286,13,6074,1,0
3670,2384,1,2025-06-09,29,10,1008,312,25,6075,1,0
3671,2385,1,2025-03-16,29,24,1211,814,45,6077,1,0
3672,2386,1,2026-01-24,29,28,1003,433,32,6078,1,0
3673,2386,1,2026-01-24,29,24,1003,510,14,6080,1,0
3674,2386,1,2026-01-24,29,5,1003,350,33,6081,1,0
3675,2387,1,2024-09-19,29,18,1009,486,35,6083,1,0
3676,2387,1,2024-09-19,29,31,1009,842,46,6084,1,0
3677,2388,1,2025-03-01,29,22,1024,183,42,6085,1,0
3678,2389,1,2024-10-17,29,28,1033,831,4,6087,1,0
3679,2390,1,2026-05-06,29,30,1009,456,31,6089,1,0
3680,2390,1,2026-05-06,29,8,1009,363,18,6091,1,0
3681,2391,1,2024-04-19,29,29,1204,395,8,6093,1,0
3682,2393,1,2025-07-04,29,1,1012,511,17,6095,1,0
3683,2393,2,2025-07-04,29,30,1012,915,25,6096,1,0
3684,2393,1,2025-07-04,29,25,1012,309,18,6097,1,0
3685,2394,1,2025-06-04,29,7,1014,172,23,6100,1,0
3686,2395,1,2024-03-02,29,25,1152,856,22,6103,1,0
3687,2395,1,2024-03-02,29,3,1152,242,12,6104,1,0
3688,2396,2,2026-06-04,29,23,1175,522,2,6106,1,0
3689,2396,1,2026-06-04,29,5,1175,266,17,6108,1,0
3690,2397,1,2026-06-22,29,15,1029,735,6,6109,1,0
3691,2397,1,2026-06-22,29,3,1029,268,32,6111,1,0
3692,2399,1,2025-10-10,29,31,1127,286,15,6113,1,0
3693,2400,1,2024-07-28,29,23,1001,816,25,6115,1,0
3694,2400,1,2024-07-28,29,21,1001,392,49,6116,1,0
3695,2401,1,2024-01-17,29,17,1051,853,17,6121,1,0
3696,2402,1,2024-03-10,29,16,1014,266,39,6123,1,0
3697,2403,1,2024-07-25,29,2,1028,463,18,6124,1,0
3698,2404,1,2026-03-23,29,30,1126,488,43,6125,1,0
3699,2407,1,2026-05-12,29,9,1009,494,16,6132,1,0
3700,2408,2,2025-05-29,29,12,1130,777,42,6133,1,0
3701,2408,1,2025-05-29,29,27,1130,853,22,6134,1,0
3702,2410,1,2025-07-05,29,30,1025,346,9,6136,1,0
3703,2410,1,2025-07-05,29,23,1025,771,10,6138,1,0
3704,2411,1,2024-02-25,29,17,1202,738,18,6139,1,0
3705,2412,1,2024-07-29,29,31,1083,897,29,6144,1,0
3706,2413,1,2024-07-12,29,4,1107,884,47,6147,1,0
3707,2414,1,2026-01-21,29,5,1040,431,2,6148,1,0
3708,2415,1,2024-06-27,29,15,1017,512,6,6149,1,0
3709,2416,1,2024-02-15,29,13,1055,754,23,6150,1,0
3710,2417,1,2024-03-29,29,30,1004,612,6,6153,1,0
3711,2417,1,2024-03-29,29,14,1004,377,22,6154,1,0
3712,2417,1,2024-03-29,29,21,1004,599,8,6155,1,0
3713,2418,2,2025-03-16,29,6,1147,973,15,6157,1,0
3714,2420,1,2025-12-16,29,18,1004,989,17,6161,1,0
3715,2420,1,2025-12-16,29,18,1004,425,25,6163,1,0
3716,2421,1,2024-08-28,29,18,1170,451,2,6164,1,0
3717,2422,1,2025-09-16,29,19,1027,564,27,6167,1,0
3718,2422,1,2025-09-16,29,29,1027,158,31,6168,1,0
3719,2423,1,2025-07-21,29,11,1219,896,38,6169,1,0
3720,2423,1,2025-07-21,29,31,1219,851,42,6170,1,0
3721,2423,1,2025-07-21,29,9,1219,708,49,6171,1,0
3722,2424,1,2025-02-23,29,29,1048,666,3,6172,1,0
3723,2424,1,2025-02-23,29,3,1048,848,31,6174,1,0
3724,2425,1,2025-07-26,29,23,1003,908,13,6175,1,0
3725,2426,1,2026-03-05,29,8,1049,772,47,6179,1,0
3726,2426,1,2026-03-05,29,16,1049,223,26,6180,1,0
3727,2427,1,2026-02-28,29,9,1170,264,4,6181,1,0
3728,2428,1,2025-02-28,29,20,1028,595,48,6182,1,0
3729,2428,1,2025-02-28,29,31,1028,964,22,6185,1,0
3730,2429,1,2025-08-29,29,22,1166,986,18,6187,1,0
3731,2430,1,2025-08-13,29,3,1179,453,48,6189,1,0
3732,2430,1,2025-08-13,29,2,1179,522,49,6190,1,0
3733,2431,2,2025-11-05,29,27,1013,271,43,6191,1,0
3734,2431,1,2025-11-05,29,13,1013,999,30,6192,1,0
3735,2432,1,2025-09-04,29,28,1002,619,41,6194,1,0
3736,2433,1,2024-08-28,29,23,1005,780,38,6195,1,0
3737,2435,1,2024-08-11,29,28,1028,835,36,6197,1,0
3738,2435,1,2024-08-11,29,4,1028,571,23,6199,1,0
3739,2435,1,2024-08-11,29,6,1028,249,43,6200,1,0
3740,2436,1,2025-08-24,29,14,1186,796,48,6201,1,0
3741,2436,1,2025-08-24,29,5,1186,662,23,6202,1,0
3742,2437,1,2024-12-25,29,11,1007,964,9,6205,1,0
3743,2437,1,2024-12-25,29,9,1007,119,43,6206,1,0
3744,2438,1,2025-06-09,29,30,1116,788,46,6207,1,0
3745,2438,1,2025-06-09,29,17,1116,843,11,6209,1,0
3746,2438,1,2025-06-09,29,4,1116,289,35,6210,1,0
3747,2440,1,2025-06-19,29,2,1045,451,5,6212,1,0
3748,2442,1,2026-06-01,29,29,1011,369,11,6215,1,0
3749,2443,1,2024-05-13,29,30,1173,737,3,6216,1,0
3750,2443,1,2024-05-13,29,7,1173,319,30,6218,1,0
3751,2444,1,2024-01-01,29,26,1016,433,26,6219,1,0
3752,2444,1,2024-01-01,29,20,1016,744,13,6220,1,0
3753,2445,1,2025-05-17,29,5,1011,462,33,6222,1,0
3754,2445,1,2025-05-17,29,8,1011,805,42,6223,1,0
3755,2445,1,2025-05-17,29,9,1011,626,22,6224,1,0
3756,2446,1,2024-02-15,29,9,1031,561,2,6225,1,0
3757,2446,1,2024-02-15,29,14,1031,299,27,6227,1,0
3758,2447,1,2025-03-10,29,17,1013,888,35,6229,1,0
3759,2448,1,2024-01-08,29,28,1067,308,32,6232,1,0
3760,2448,1,2024-01-08,29,17,1067,500,2,6233,1,0
3761,2448,1,2024-01-08,29,13,1067,727,34,6234,1,0
3762,2449,1,2024-07-17,29,15,1007,605,9,6235,1,0
3763,2450,2,2025-05-18,29,6,1011,103,37,6236,1,0
3764,2450,1,2025-05-18,29,17,1011,473,11,6237,1,0
3765,2450,1,2025-05-18,29,22,1011,563,38,6239,1,0
3766,2451,1,2024-06-14,29,14,1155,502,39,6240,1,0
3767,2451,1,2024-06-14,29,20,1155,452,20,6241,1,0
3768,2452,1,2026-04-07,29,12,1021,292,20,6242,1,0
3769,2453,1,2025-11-26,29,12,1207,360,28,6243,1,0
3770,2453,1,2025-11-26,29,17,1207,234,13,6244,1,0
3771,2453,1,2025-11-26,29,1,1207,186,20,6245,1,0
3772,2454,1,2025-07-07,29,4,1028,894,28,6246,1,0
3773,2454,1,2025-07-07,29,13,1028,996,31,6247,1,0
3774,2454,1,2025-07-07,29,10,1028,134,6,6248,1,0
3775,2455,1,2024-11-08,29,29,1008,828,20,6251,1,0
3776,2456,1,2024-09-04,29,5,1148,832,50,6253,1,0
3777,2457,1,2025-06-14,29,30,1013,670,25,6255,1,0
3778,2458,1,2024-01-02,29,27,1009,649,10,6256,1,0
3779,2459,1,2025-06-09,29,15,1141,854,5,6257,1,0
3780,2459,1,2025-06-09,29,10,1141,885,11,6258,1,0
3781,2459,1,2025-06-09,29,14,1141,891,26,6259,1,0
3782,2460,2,2025-10-24,29,21,1024,287,29,6260,1,0
3783,2461,1,2025-04-24,29,6,1162,754,16,6262,1,0
3784,2461,1,2025-04-24,29,10,1162,963,38,6263,1,0
3785,2461,1,2025-04-24,29,13,1162,880,45,6264,1,0
3786,2462,1,2026-01-12,29,8,1167,985,44,6265,1,0
3787,2462,1,2026-01-12,29,1,1167,343,10,6266,1,0
3788,2463,1,2026-02-14,29,27,1112,403,27,6267,1,0
3789,2463,1,2026-02-14,29,12,1112,978,28,6268,1,0
3790,2464,1,2026-06-07,29,9,1005,192,48,6272,1,0
3791,2465,1,2024-11-24,29,24,1025,800,26,6274,1,0
3792,2465,1,2024-11-24,29,27,1025,152,49,6276,1,0
3793,2466,1,2025-02-17,29,12,1143,799,27,6279,1,0
3794,2467,1,2025-09-14,29,27,1008,580,37,6280,1,0
3795,2467,1,2025-09-14,29,19,1008,127,46,6282,1,0
3796,2468,1,2024-03-13,29,18,1030,498,11,6284,1,0
3797,2469,1,2024-04-06,29,29,1006,814,25,6286,1,0
3798,2469,1,2024-04-06,29,15,1006,907,41,6288,1,0
3799,2471,1,2026-01-14,29,29,1007,606,10,6291,1,0
3800,2471,1,2026-01-14,29,14,1007,877,39,6292,1,0
3801,2473,1,2025-05-11,29,6,1008,216,45,6298,1,0
3802,2473,1,2025-05-11,29,25,1008,377,33,6300,1,0
3803,2475,1,2025-11-02,29,18,1207,698,46,6302,1,0
3804,2475,1,2025-11-02,29,21,1207,962,47,6303,1,0
3805,2475,1,2025-11-02,29,18,1207,454,47,6304,1,0
3806,2476,1,2026-04-09,29,30,1008,983,42,6306,1,0
3807,2477,1,2025-04-21,29,13,1163,302,40,6308,1,0
3808,2477,1,2025-04-21,29,22,1163,454,5,6309,1,0
3809,2478,1,2025-12-11,29,13,1152,144,8,6310,1,0
3810,2479,1,2024-07-16,29,18,1012,856,22,6313,1,0
3811,2481,1,2024-02-26,29,10,1221,163,36,6318,1,0
3812,2484,1,2025-04-14,29,9,1001,105,30,6322,1,0
3813,2484,2,2025-04-14,29,31,1001,612,34,6323,1,0
3814,2486,1,2025-06-08,29,3,1004,220,8,6326,1,0
3815,2487,1,2024-07-17,29,12,1130,723,41,6327,1,0
3816,2487,1,2024-07-17,29,14,1130,724,6,6328,1,0
3817,2488,1,2024-09-01,29,2,1040,207,46,6329,1,0
3818,2488,1,2024-09-01,29,27,1040,336,34,6330,1,0
3819,2490,1,2025-07-17,29,16,1012,996,20,6334,1,0
3820,2490,2,2025-07-17,29,15,1012,375,37,6335,1,0
3821,2492,1,2026-05-25,29,24,1143,689,13,6337,1,0
3822,2492,1,2026-05-25,29,26,1143,877,28,6339,1,0
3823,2492,2,2026-05-25,29,18,1143,494,34,6340,1,0
3824,2493,1,2025-11-16,29,25,1015,926,26,6341,1,0
3825,2493,1,2025-11-16,29,13,1015,874,3,6342,1,0
3826,2495,2,2026-01-09,29,6,1095,516,38,6348,1,0
3827,2496,1,2025-10-16,29,8,1005,397,26,6350,1,0
3828,2498,1,2026-06-19,29,3,1134,576,33,6352,1,0
3829,2499,1,2025-09-05,29,14,1010,425,37,6355,1,0
3830,2499,1,2025-09-05,29,24,1010,598,31,6358,1,0
3831,2500,1,2025-07-26,29,22,1033,267,20,6359,1,0
3832,2501,1,2026-01-03,29,28,1010,205,18,6360,1,0
3833,2502,1,2024-09-15,29,19,1003,693,44,6363,1,0
3834,2503,1,2025-05-25,29,3,1131,230,38,6364,1,0
3835,2504,1,2026-02-24,29,1,1206,170,2,6365,1,0
3836,2504,1,2026-02-24,29,12,1206,975,20,6366,1,0
3837,2505,1,2025-07-06,29,5,1003,207,44,6368,1,0
3838,2505,1,2025-07-06,29,9,1003,829,45,6369,1,0
3839,2505,1,2025-07-06,29,27,1003,325,34,6370,1,0
3840,2506,2,2024-11-23,29,15,1036,711,38,6371,1,0
3841,2507,1,2026-01-05,29,30,1046,973,31,6374,1,0
3842,2507,1,2026-01-05,29,8,1046,237,21,6376,1,0
3843,2509,1,2026-03-18,29,17,1112,545,38,6378,1,0
3844,2510,1,2025-07-13,29,27,1061,148,36,6379,1,0
3845,2511,2,2024-07-07,29,1,1001,415,43,6381,1,0
3846,2511,1,2024-07-07,29,21,1001,624,9,6383,1,0
3847,2511,1,2024-07-07,29,7,1001,241,13,6384,1,0
3848,2512,1,2024-01-04,29,8,1214,913,46,6385,1,0
3849,2512,1,2024-01-04,29,16,1214,969,16,6386,1,0
3850,2512,1,2024-01-04,29,3,1214,424,21,6387,1,0
3851,2512,1,2024-01-04,29,16,1214,228,20,6388,1,0
3852,2513,2,2024-12-01,29,25,1003,592,41,6390,1,0
3853,2515,1,2026-06-12,29,2,1015,445,12,6393,1,0
3854,2515,1,2026-06-12,29,18,1015,602,43,6394,1,0
3855,2516,2,2025-04-24,29,8,1005,484,6,6396,1,0
3856,2517,1,2024-06-28,29,8,1010,137,47,6401,1,0
3857,2517,1,2024-06-28,29,17,1010,415,50,6402,1,0
3858,2518,1,2026-03-18,29,4,1229,890,3,6404,1,0
3859,2518,1,2026-03-18,29,10,1229,865,22,6405,1,0
3860,2518,1,2026-03-18,29,5,1229,388,31,6406,1,0
3861,2519,2,2024-11-29,29,13,1164,583,18,6407,1,0
3862,2520,1,2025-11-09,29,7,1002,731,3,6409,1,0
3863,2520,1,2025-11-09,29,1,1002,120,10,6410,1,0
3864,2520,1,2025-11-09,29,30,1002,280,41,6411,1,0
3865,2521,1,2025-11-23,29,11,1110,589,28,6412,1,0
3866,2521,1,2025-11-23,29,19,1110,884,41,6414,1,0
3867,2522,1,2024-10-20,29,1,1006,883,28,6415,1,0
3868,2522,1,2024-10-20,29,15,1006,334,32,6417,1,0
3869,2523,1,2024-11-20,29,28,1029,725,17,6419,1,0
3870,2524,1,2024-01-05,29,4,1006,248,30,6420,1,0
3871,2524,1,2024-01-05,29,22,1006,852,27,6421,1,0
3872,2525,1,2024-01-11,29,18,1044,967,8,6423,1,0
3873,2526,1,2024-05-10,29,12,1078,499,14,6425,1,0
3874,2527,1,2025-01-02,29,25,1157,521,25,6428,1,0
3875,2527,1,2025-01-02,29,4,1157,682,18,6429,1,0
3876,2527,1,2025-01-02,29,25,1157,186,18,6430,1,0
3877,2528,2,2024-10-04,29,15,1001,138,29,6432,1,0
3878,2528,1,2024-10-04,29,6,1001,982,1,6434,1,0
3879,2529,1,2026-04-20,29,15,1056,475,24,6435,1,0
3880,2530,1,2024-02-09,29,13,1096,314,38,6438,1,0
3881,2532,1,2026-06-01,29,6,1001,369,23,6442,1,0
3882,2532,1,2026-06-01,29,18,1001,273,1,6444,1,0
3883,2533,1,2024-12-23,29,14,1006,794,32,6445,1,0
3884,2533,1,2024-12-23,29,23,1006,193,40,6446,1,0
3885,2533,1,2024-12-23,29,4,1006,185,47,6447,1,0
3886,2534,1,2026-03-25,29,2,1005,132,34,6449,1,0
3887,2534,1,2026-03-25,29,11,1005,199,20,6450,1,0
3888,2534,2,2026-03-25,29,4,1005,787,45,6451,1,0
3889,2536,1,2025-08-19,29,12,1048,443,13,6456,1,0
3890,2537,1,2025-12-06,29,30,1050,744,40,6457,1,0
3891,2537,1,2025-12-06,29,28,1050,450,16,6458,1,0
3892,2537,1,2025-12-06,29,23,1050,823,46,6459,1,0
3893,2537,1,2025-12-06,29,10,1050,561,39,6460,1,0
3894,2538,1,2025-01-16,29,8,1019,193,39,6461,1,0
3895,2538,1,2025-01-16,29,10,1019,989,37,6462,1,0
3896,2538,1,2025-01-16,29,12,1019,102,27,6463,1,0
3897,2539,1,2026-03-31,29,9,1013,952,34,6464,1,0
3898,2539,1,2026-03-31,29,17,1013,493,50,6465,1,0
3899,2540,1,2025-02-24,29,29,1197,844,36,6466,1,0
3900,2541,1,2024-05-05,29,22,1013,306,41,6469,1,0
3901,2542,1,2025-09-25,29,7,1015,220,30,6470,1,0
3902,2543,1,2024-11-29,29,8,1087,223,39,6472,1,0
3903,2543,1,2024-11-29,29,19,1087,692,15,6473,1,0
3904,2544,1,2025-02-09,29,23,1002,577,2,6475,1,0
3905,2545,1,2024-09-23,29,7,1136,435,13,6477,1,0
3906,2546,1,2024-09-17,29,7,1068,959,25,6480,1,0
3907,2550,1,2024-08-07,29,6,1103,681,24,6485,1,0
3908,2551,1,2024-04-14,29,18,1194,487,30,6486,1,0
3909,2551,1,2024-04-14,29,7,1194,776,35,6487,1,0
3910,2551,1,2024-04-14,29,9,1194,235,23,6489,1,0
3911,2552,1,2026-06-18,29,10,1087,189,47,6491,1,0
3912,2552,1,2026-06-18,29,24,1087,242,33,6493,1,0
3913,2554,1,2025-08-28,29,7,1154,865,32,6497,1,0
3914,2554,1,2025-08-28,29,9,1154,310,12,6498,1,0
3915,2555,1,2024-12-23,29,12,1005,241,20,6500,1,0
3916,2556,1,2025-10-13,29,6,1024,141,16,6502,1,0
3917,2557,2,2024-07-31,29,10,1003,104,6,6504,1,0
3918,2557,2,2024-07-31,29,4,1003,403,20,6505,1,0
3919,2557,1,2024-07-31,29,8,1003,368,4,6506,1,0
3920,2557,1,2024-07-31,29,5,1003,257,9,6507,1,0
3921,2560,1,2026-05-05,29,11,1006,929,22,6510,1,0
3922,2560,1,2026-05-05,29,1,1006,691,17,6511,1,0
3923,2563,1,2025-05-12,29,27,1095,846,6,6515,1,0
3924,2563,1,2025-05-12,29,3,1095,628,38,6516,1,0
3925,2564,1,2025-11-05,29,18,1003,530,28,6518,1,0
3926,2564,1,2025-11-05,29,26,1003,537,33,6520,1,0
3927,2564,1,2025-11-05,29,20,1003,320,42,6521,1,0
3928,2565,2,2024-10-20,29,3,1051,288,46,6522,1,0
3929,2566,1,2024-04-12,29,16,1082,305,31,6524,1,0
3930,2567,1,2025-04-13,29,2,1011,964,12,6527,1,0
3931,2567,1,2025-04-13,29,23,1011,663,43,6529,1,0
3932,2568,2,2024-02-18,29,29,1063,210,4,6530,1,0
3933,2569,1,2025-08-09,29,27,1110,207,17,6531,1,0
3934,2569,1,2025-08-09,29,30,1110,345,9,6532,1,0
3935,2570,1,2024-06-21,29,24,1119,358,39,6533,1,0
3936,2570,2,2024-06-21,29,27,1119,394,11,6534,1,0
3937,2571,1,2024-05-07,29,11,1011,389,42,6537,1,0
3938,2572,1,2025-10-18,29,31,1013,711,22,6539,1,0
3939,2573,1,2025-01-15,29,15,1207,306,37,6541,1,0
3940,2573,1,2025-01-15,29,5,1207,530,13,6542,1,0
3941,2573,1,2025-01-15,29,24,1207,767,28,6543,1,0
3942,2574,1,2026-01-12,29,27,1029,721,1,6544,1,0
3943,2574,1,2026-01-12,29,16,1029,358,41,6545,1,0
3944,2574,1,2026-01-12,29,30,1029,316,32,6546,1,0
3945,2576,1,2026-06-23,29,29,1089,904,38,6551,1,0
3946,2577,1,2024-02-16,29,12,1138,402,37,6552,1,0
3947,2578,1,2024-04-17,29,3,1024,180,16,6553,1,0
3948,2578,1,2024-04-17,29,26,1024,260,22,6554,1,0
3949,2579,1,2025-10-19,29,18,1055,219,34,6555,1,0
3950,2580,1,2026-02-08,29,29,1024,253,31,6556,1,0
3951,2580,2,2026-02-08,29,29,1024,112,33,6558,1,0
3952,2581,1,2025-02-20,29,15,1015,284,32,6559,1,0
3953,2581,1,2025-02-20,29,7,1015,551,30,6561,1,0
3954,2582,1,2025-06-09,29,6,1032,641,15,6564,1,0
3955,2583,1,2025-10-08,29,31,1014,148,14,6567,1,0
3956,2583,1,2025-10-08,29,25,1014,783,3,6568,1,0
3957,2584,1,2025-06-14,29,7,1001,197,44,6569,1,0
3958,2584,1,2025-06-14,29,3,1001,390,22,6570,1,0
3959,2584,1,2025-06-14,29,29,1001,462,45,6571,1,0
3960,2585,1,2025-07-31,29,12,1015,113,6,6572,1,0
3961,2585,1,2025-07-31,29,15,1015,702,29,6574,1,0
3962,2585,1,2025-07-31,29,29,1015,479,50,6575,1,0
3963,2586,1,2026-05-16,29,31,1149,190,11,6576,1,0
3964,2586,1,2026-05-16,29,20,1149,255,8,6577,1,0
3965,2587,1,2024-12-14,29,21,1007,895,31,6578,1,0
3966,2587,1,2024-12-14,29,18,1007,714,41,6581,1,0
3967,2588,1,2024-12-31,29,20,1018,437,21,6582,1,0
3968,2588,1,2024-12-31,29,25,1018,279,33,6583,1,0
3969,2588,2,2024-12-31,29,14,1018,764,32,6584,1,0
3970,2588,1,2024-12-31,29,1,1018,541,6,6585,1,0
3971,2589,1,2025-10-22,29,9,1144,560,6,6588,1,0
3972,2590,1,2024-11-16,29,4,1008,216,7,6589,1,0
3973,2590,2,2024-11-16,29,25,1008,983,14,6591,1,0
3974,2591,1,2024-02-24,29,27,1170,127,16,6594,1,0
3975,2593,1,2026-02-24,29,30,1087,467,9,6596,1,0
3976,2593,1,2026-02-24,29,23,1087,200,5,6597,1,0
3977,2594,1,2025-12-25,29,19,1025,883,49,6598,1,0
3978,2594,1,2025-12-25,29,3,1025,247,42,6600,1,0
3979,2595,1,2025-10-05,29,9,1054,956,14,6601,1,0
3980,2595,1,2025-10-05,29,19,1054,593,37,6604,1,0
3981,2596,2,2024-12-15,29,27,1044,105,21,6605,1,0
3982,2597,1,2026-06-23,29,30,1017,597,43,6608,1,0
3983,2598,1,2025-05-27,29,11,1076,420,17,6611,1,0
3984,2599,1,2025-03-05,29,13,1002,811,44,6612,1,0
3985,2599,1,2025-03-05,29,21,1002,574,26,6613,1,0
3986,2599,1,2025-03-05,29,9,1002,409,26,6614,1,0
3987,2599,1,2025-03-05,29,9,1002,626,4,6615,1,0
3988,2600,1,2024-07-26,29,7,1026,632,30,6616,1,0
3989,2600,1,2024-07-26,29,16,1026,637,24,6617,1,0
3990,2600,1,2024-07-26,29,11,1026,818,37,6618,1,0
3991,2601,1,2025-02-13,29,3,1014,352,2,6620,1,0
3992,2601,1,2025-02-13,29,26,1014,920,48,6621,1,0
3993,2601,1,2025-02-13,29,17,1014,705,33,6622,1,0
3994,2602,1,2026-04-22,29,21,1086,369,11,6624,1,0
3995,2603,1,2025-11-20,29,23,1050,402,27,6625,1,0
3996,2603,1,2025-11-20,29,13,1050,558,5,6627,1,0
3997,2604,2,2025-03-18,29,18,1193,499,45,6628,1,0
3998,2605,1,2024-02-15,29,31,1003,880,24,6629,1,0
3999,2605,1,2024-02-15,29,3,1003,554,17,6630,1,0
4000,2605,1,2024-02-15,29,17,1003,213,48,6631,1,0
4001,2606,1,2025-10-27,29,8,1008,979,5,6633,1,0
4002,2607,1,2024-06-05,29,8,1031,267,34,6634,1,0
4003,2607,1,2024-06-05,29,22,1031,359,3,6636,1,0
4004,2607,1,2024-06-05,29,13,1031,743,27,6637,1,0
4005,2608,1,2025-11-30,29,9,1007,947,16,6638,1,0
4006,2608,1,2025-11-30,29,31,1007,466,28,6639,1,0
4007,2609,2,2024-03-18,29,13,1215,873,26,6641,1,0
4008,2610,2,2024-07-17,29,22,1151,376,16,6643,1,0
4009,2610,1,2024-07-17,29,17,1151,683,17,6644,1,0
4010,2611,2,2025-05-05,29,15,1014,634,5,6645,1,0
4011,2611,1,2025-05-05,29,14,1014,848,42,6646,1,0
4012,2611,1,2025-05-05,29,14,1014,562,48,6647,1,0
4013,2612,1,2024-12-26,29,18,1008,709,34,6648,1,0
4014,2613,1,2025-05-08,29,28,1009,829,38,6650,1,0
4015,2614,2,2025-07-10,29,11,1054,686,42,6653,1,0
4016,2615,1,2024-04-07,29,24,1056,414,26,6654,1,0
4017,2616,1,2025-12-28,29,4,1030,486,10,6656,1,0
4018,2617,1,2025-12-31,29,13,1010,631,34,6657,1,0
4019,2617,2,2025-12-31,29,18,1010,366,32,6658,1,0
4020,2617,1,2025-12-31,29,4,1010,287,26,6659,1,0
4021,2618,1,2025-11-26,29,26,1037,106,41,6660,1,0
4022,2618,1,2025-11-26,29,25,1037,239,23,6662,1,0
4023,2619,1,2024-06-12,29,7,1004,163,19,6664,1,0
4024,2619,1,2024-06-12,29,6,1004,379,23,6665,1,0
4025,2620,1,2024-12-19,29,4,1001,564,38,6667,1,0
4026,2621,1,2026-01-29,29,25,1008,119,25,6668,1,0
4027,2621,1,2026-01-29,29,23,1008,956,5,6669,1,0
4028,2623,2,2025-04-11,29,13,1012,562,19,6671,1,0
4029,2623,1,2025-04-11,29,23,1012,615,43,6672,1,0
4030,2625,1,2025-10-26,29,31,1008,120,31,6675,1,0
4031,2626,1,2026-06-24,29,7,1092,693,38,6676,1,0
4032,2626,1,2026-06-24,29,13,1092,320,30,6677,1,0
4033,2627,1,2026-04-19,29,9,1065,984,33,6679,1,0
4034,2628,1,2026-04-04,29,7,1091,112,28,6681,1,0
4035,2628,1,2026-04-04,29,1,1091,365,30,6682,1,0
4036,2630,1,2024-11-30,29,10,1086,139,5,6686,1,0
4037,2630,1,2024-11-30,29,27,1086,296,48,6689,1,0
4038,2631,1,2024-07-09,29,22,1037,830,9,6690,1,0
4039,2632,1,2024-10-15,29,31,1076,214,11,6691,1,0
4040,2632,1,2024-10-15,29,5,1076,554,29,6692,1,0
4041,2633,2,2026-04-03,29,13,1015,518,49,6693,1,0
4042,2633,1,2026-04-03,29,6,1015,793,11,6695,1,0
4043,2634,1,2025-04-15,29,23,1029,315,40,6699,1,0
4044,2635,1,2024-08-04,29,14,1083,979,39,6702,1,0
4045,2637,1,2025-09-05,29,9,1123,826,13,6705,1,0
4046,2637,1,2025-09-05,29,22,1123,924,15,6706,1,0
4047,2637,1,2025-09-05,29,23,1123,520,28,6707,1,0
4048,2638,1,2024-08-24,29,25,1007,371,6,6709,1,0
4049,2638,1,2024-08-24,29,24,1007,849,2,6710,1,0
4050,2638,1,2024-08-24,29,25,1007,613,19,6711,1,0
4051,2639,1,2025-11-03,29,12,1002,323,34,6713,1,0
4052,2639,1,2025-11-03,29,12,1002,769,20,6714,1,0
4053,2640,2,2025-11-01,29,12,1007,386,34,6716,1,0
4054,2640,1,2025-11-01,29,13,1007,359,41,6718,1,0
4055,2641,1,2024-04-27,29,15,1173,717,34,6721,1,0
4056,2642,1,2025-10-12,29,25,1173,762,9,6722,1,0
4057,2644,1,2024-08-25,29,6,1185,741,12,6726,1,0
4058,2644,1,2024-08-25,29,18,1185,769,35,6727,1,0
4059,2645,1,2026-03-12,29,9,1064,178,42,6729,1,0
4060,2647,1,2026-06-18,29,9,1013,168,11,6735,1,0
4061,2648,1,2025-11-15,29,2,1014,284,21,6737,1,0
4062,2648,1,2025-11-15,29,12,1014,383,22,6738,1,0
4063,2649,1,2024-07-30,29,2,1027,807,11,6739,1,0
4064,2650,1,2025-01-07,29,26,1046,989,40,6741,1,0
4065,2650,1,2025-01-07,29,30,1046,312,5,6742,1,0
4066,2650,1,2025-01-07,29,1,1046,372,20,6743,1,0
4067,2652,1,2024-03-13,29,16,1003,500,35,6745,1,0
4068,2652,1,2024-03-13,29,6,1003,877,39,6747,1,0
4069,2653,1,2024-07-02,29,16,1006,157,36,6748,1,0
4070,2654,1,2024-04-21,29,12,1002,510,39,6752,1,0
4071,2655,1,2025-09-07,29,21,1187,169,9,6754,1,0
4072,2656,1,2025-03-29,29,16,1001,478,16,6755,1,0
4073,2656,1,2025-03-29,29,10,1001,484,3,6756,1,0
4074,2657,1,2024-07-25,29,1,1057,142,44,6759,1,0
4075,2657,1,2024-07-25,29,27,1057,581,31,6760,1,0
4076,2657,1,2024-07-25,29,29,1057,845,2,6761,1,0
4077,2658,1,2026-01-20,29,9,1049,889,18,6762,1,0
4078,2659,1,2024-04-17,29,23,1009,886,49,6763,1,0
4079,2659,1,2024-04-17,29,3,1009,293,11,6765,1,0
4080,2660,1,2024-01-18,29,1,1102,298,17,6767,1,0
4081,2661,1,2025-01-02,29,30,1051,629,27,6769,1,0
4082,2662,1,2025-11-29,29,17,1014,946,4,6772,1,0
4083,2662,1,2025-11-29,29,9,1014,835,41,6773,1,0
4084,2663,1,2025-06-06,29,22,1141,730,34,6776,1,0
4085,2663,1,2025-06-06,29,27,1141,872,10,6777,1,0
4086,2664,1,2025-09-15,29,13,1015,943,26,6779,1,0
4087,2666,1,2026-02-25,29,29,1006,356,11,6782,1,0
4088,2668,1,2024-09-12,29,12,1049,766,25,6784,1,0
4089,2668,1,2024-09-12,29,5,1049,289,27,6785,1,0
4090,2669,2,2024-04-05,29,13,1027,971,6,6787,1,0
4091,2670,1,2025-01-31,29,27,1103,820,50,6789,1,0
4092,2670,1,2025-01-31,29,5,1103,803,43,6791,1,0
4093,2671,1,2024-07-10,29,31,1004,892,7,6793,1,0
4094,2673,1,2025-09-25,29,28,1007,690,30,6797,1,0
4095,2676,1,2025-09-08,29,28,1180,953,4,6802,1,0
4096,2676,1,2025-09-08,29,18,1180,119,45,6805,1,0
4097,2677,1,2024-01-15,29,30,1029,284,42,6806,1,0
4098,2679,1,2026-06-11,29,31,1219,335,15,6808,1,0
4099,2680,1,2025-08-30,29,13,1024,664,32,6810,1,0
4100,2680,1,2025-08-30,29,21,1024,804,39,6811,1,0
4101,2680,1,2025-08-30,29,12,1024,135,9,6813,1,0
4102,2681,2,2024-12-17,29,10,1162,769,5,6814,1,0
4103,2682,1,2025-03-07,29,21,1093,513,2,6817,1,0
4104,2683,1,2026-05-10,29,2,1057,113,48,6818,1,0
4105,2683,1,2026-05-10,29,26,1057,280,31,6820,1,0
4106,2684,1,2026-05-20,29,13,1194,892,2,6821,1,0
4107,2684,1,2026-05-20,29,5,1194,975,42,6823,1,0
4108,2684,1,2026-05-20,29,25,1194,245,29,6824,1,0
4109,2685,1,2025-08-03,29,26,1003,854,41,6825,1,0
4110,2685,1,2025-08-03,29,28,1003,761,3,6826,1,0
4111,2685,1,2025-08-03,29,8,1003,777,50,6827,1,0
4112,2685,1,2025-08-03,29,14,1003,611,4,6828,1,0
4113,2687,1,2025-11-24,29,24,1033,958,8,6831,1,0
4114,2687,1,2025-11-24,29,25,1033,995,12,6834,1,0
4115,2688,2,2025-01-25,29,27,1014,766,5,6835,1,0
4116,2688,2,2025-01-25,29,31,1014,878,47,6836,1,0
4117,2688,1,2025-01-25,29,4,1014,786,39,6838,1,0
4118,2690,1,2024-06-16,29,31,1009,384,39,6842,1,0
4119,2691,1,2024-07-04,29,2,1113,615,20,6843,1,0
4120,2691,2,2024-07-04,29,23,1113,889,50,6845,1,0
4121,2692,1,2024-01-19,29,26,1043,549,45,6847,1,0
4122,2693,1,2024-03-15,29,10,1035,150,40,6851,1,0
4123,2694,1,2024-05-31,29,8,1002,313,21,6853,1,0
4124,2694,1,2024-05-31,29,19,1002,957,38,6854,1,0
4125,2694,1,2024-05-31,29,13,1002,392,12,6855,1,0
4126,2695,1,2024-08-19,29,23,1002,728,30,6858,1,0
4127,2696,1,2024-04-26,29,21,1049,737,16,6860,1,0
4128,2697,1,2024-07-05,29,30,1012,904,48,6861,1,0
4129,2697,1,2024-07-05,29,22,1012,802,14,6863,1,0
4130,2698,2,2026-02-17,29,22,1015,354,48,6866,1,0
4131,2698,1,2026-02-17,29,9,1015,770,16,6867,1,0
4132,2699,1,2024-07-16,29,2,1122,691,28,6870,1,0
4133,2700,1,2026-06-02,29,16,1019,725,6,6872,1,0
4134,2702,2,2024-09-24,29,10,1189,265,24,6875,1,0
4135,2704,1,2026-05-21,29,12,1230,592,10,6879,1,0
4136,2704,1,2026-05-21,29,2,1230,450,27,6880,1,0
4137,2705,1,2025-10-15,29,2,1001,287,12,6884,1,0
4138,2706,2,2025-03-13,29,31,1015,876,24,6885,1,0
4139,2707,1,2025-10-17,29,1,1058,806,46,6887,1,0
4140,2707,1,2025-10-17,29,29,1058,495,1,6888,1,0
4141,2708,1,2025-01-23,29,17,1042,914,15,6889,1,0
4142,2710,1,2025-06-10,29,18,1008,636,13,6892,1,0
4143,2711,1,2026-04-05,29,8,1079,995,30,6893,1,0
4144,2712,1,2026-05-20,29,10,1182,625,10,6898,1,0
4145,2712,1,2026-05-20,29,1,1182,640,6,6899,1,0
4146,2713,1,2024-03-25,29,13,1011,376,34,6901,1,0
4147,2714,1,2026-03-18,29,1,1025,258,47,6903,1,0
4148,2716,1,2025-10-18,29,27,1033,205,45,6906,1,0
4149,2716,1,2025-10-18,29,10,1033,925,39,6908,1,0
4150,2717,1,2026-05-10,29,11,1041,705,32,6909,1,0
4151,2717,1,2026-05-10,29,23,1041,828,47,6910,1,0
4152,2718,1,2025-10-08,29,5,1137,444,47,6912,1,0
4153,2719,1,2024-01-22,29,14,1002,381,19,6914,1,0
4154,2720,1,2025-09-04,29,30,1179,902,15,6920,1,0
4155,2721,1,2024-04-09,29,31,1006,163,21,6922,1,0
4156,2721,1,2024-04-09,29,11,1006,883,18,6923,1,0
4157,2722,1,2025-01-24,29,31,1027,416,14,6924,1,0
4158,2722,1,2025-01-24,29,19,1027,177,29,6925,1,0
4159,2724,1,2025-09-04,29,4,1028,454,17,6931,1,0
4160,2725,1,2025-10-19,29,8,1007,757,34,6933,1,0
4161,2726,1,2025-05-21,29,25,1006,937,8,6936,1,0
4162,2727,1,2024-12-13,29,8,1012,390,5,6938,1,0
4163,2727,1,2024-12-13,29,17,1012,883,34,6939,1,0
4164,2728,1,2025-09-20,29,7,1047,265,34,6943,1,0
4165,2731,1,2025-07-19,29,13,1011,802,35,6950,1,0
4166,2732,1,2025-05-07,29,15,1184,315,38,6953,1,0
4167,2733,1,2024-05-29,29,14,1222,498,21,6954,1,0
4168,2734,1,2024-10-29,29,19,1010,504,25,6955,1,0
4169,2734,1,2024-10-29,29,9,1010,375,40,6956,1,0
4170,2735,1,2024-04-14,29,26,1003,275,13,6957,1,0
4171,2735,1,2024-04-14,29,16,1003,372,42,6958,1,0
4172,2736,2,2024-08-31,29,15,1010,703,37,6960,1,0
4173,2737,1,2024-12-12,29,30,1036,108,49,6963,1,0
4174,2737,1,2024-12-12,29,18,1036,126,18,6964,1,0
4175,2738,1,2025-09-29,29,1,1003,432,27,6966,1,0
4176,2738,2,2025-09-29,29,23,1003,343,29,6967,1,0
4177,2738,1,2025-09-29,29,11,1003,485,43,6968,1,0
4178,2739,1,2024-07-09,29,31,1001,667,14,6969,1,0
4179,2740,1,2025-06-09,29,24,1011,768,23,6970,1,0
4180,2740,1,2025-06-09,29,10,1011,631,14,6971,1,0
4181,2740,1,2025-06-09,29,1,1011,334,32,6972,1,0
4182,2741,1,2025-01-29,29,25,1028,676,25,6973,1,0
4183,2742,1,2025-01-11,29,4,1006,671,24,6974,1,0
4184,2742,1,2025-01-11,29,16,1006,216,24,6976,1,0
4185,2742,1,2025-01-11,29,30,1006,600,17,6977,1,0
4186,2743,1,2024-09-21,29,14,1124,266,34,6978,1,0
4187,2743,1,2024-09-21,29,2,1124,677,46,6980,1,0
4188,2744,1,2024-06-28,29,7,1003,981,7,6981,1,0
4189,2744,1,2024-06-28,29,27,1003,436,21,6982,1,0
4190,2745,1,2025-07-06,29,6,1048,859,22,6985,1,0
4191,2745,1,2025-07-06,29,5,1048,901,6,6986,1,0
4192,2746,1,2026-01-22,29,4,1028,260,41,6987,1,0
4193,2747,1,2025-07-16,29,24,1049,937,50,6990,1,0
4194,2748,1,2026-01-13,29,13,1006,950,12,6993,1,0
4195,2748,1,2026-01-13,29,23,1006,159,2,6994,1,0
4196,2749,1,2024-05-06,29,23,1177,578,50,6997,1,0
4197,2750,1,2024-04-02,29,29,1052,641,28,6998,1,0
4198,2750,1,2024-04-02,29,5,1052,588,27,6999,1,0
4199,2753,1,2024-08-31,29,21,1013,800,35,7004,1,0
4200,2753,2,2024-08-31,29,10,1013,440,9,7007,1,0
4201,2755,1,2025-10-01,29,15,1162,349,36,7010,1,0
4202,2756,1,2024-08-06,29,31,1059,989,16,7011,1,0
4203,2757,1,2025-09-20,29,16,1003,541,22,7012,1,0
4204,2757,1,2025-09-20,29,8,1003,135,19,7013,1,0
4205,2758,1,2025-05-11,29,27,1008,910,1,7014,1,0
4206,2758,1,2025-05-11,29,20,1008,361,17,7015,1,0
4207,2759,1,2026-02-07,29,4,1024,231,5,7016,1,0
4208,2759,1,2026-02-07,29,19,1024,868,15,7017,1,0
4209,2759,1,2026-02-07,29,3,1024,960,26,7018,1,0
4210,2759,1,2026-02-07,29,25,1024,682,41,7019,1,0
4211,2760,1,2025-07-30,29,16,1033,664,6,7020,1,0
4212,2761,1,2025-08-25,29,8,1039,416,25,7022,1,0
4213,2761,1,2025-08-25,29,6,1039,387,44,7023,1,0
4214,2761,1,2025-08-25,29,16,1039,449,48,7024,1,0
4215,2761,1,2025-08-25,29,29,1039,895,20,7025,1,0
4216,2762,2,2025-03-24,29,22,1114,698,36,7026,1,0
4217,2762,1,2025-03-24,29,25,1114,621,28,7027,1,0
4218,2763,1,2025-07-31,29,11,1142,266,22,7031,1,0
4219,2763,1,2025-07-31,29,12,1142,765,7,7032,1,0
4220,2766,1,2026-04-08,29,20,1014,693,31,7035,1,0
4221,2766,1,2026-04-08,29,2,1014,965,40,7036,1,0
4222,2767,1,2026-01-04,29,6,1029,633,3,7037,1,0
4223,2767,1,2026-01-04,29,27,1029,589,17,7038,1,0
4224,2767,1,2026-01-04,29,12,1029,605,22,7039,1,0
4225,2768,1,2024-06-30,29,28,1004,285,42,7040,1,0
4226,2768,1,2024-06-30,29,16,1004,446,19,7041,1,0
4227,2770,2,2025-09-22,29,10,1044,943,27,7045,1,0
4228,2770,1,2025-09-22,29,9,1044,268,19,7046,1,0
4229,2771,1,2026-02-25,29,15,1012,788,45,7047,1,0
4230,2772,2,2024-05-31,29,2,1009,268,41,7048,1,0
4231,2772,1,2024-05-31,29,4,1009,937,21,7049,1,0
4232,2774,1,2026-02-09,29,1,1129,652,23,7053,1,0
4233,2774,1,2026-02-09,29,2,1129,393,30,7054,1,0
4234,2774,1,2026-02-09,29,8,1129,267,33,7055,1,0
4235,2775,2,2024-01-22,29,5,1014,647,26,7058,1,0
4236,2776,1,2024-06-17,29,9,1040,536,41,7060,1,0
4237,2776,1,2024-06-17,29,18,1040,794,48,7061,1,0
4238,2777,1,2024-12-06,29,20,1006,415,34,7065,1,0
4239,2778,1,2026-05-12,29,29,1001,471,36,7067,1,0
4240,2779,1,2024-05-08,29,6,1014,426,2,7068,1,0
4241,2779,1,2024-05-08,29,2,1014,310,22,7070,1,0
4242,2780,1,2026-02-16,29,4,1006,133,17,7072,1,0
4243,2780,1,2026-02-16,29,4,1006,801,3,7073,1,0
4244,2780,1,2026-02-16,29,9,1006,224,21,7075,1,0
4245,2781,1,2025-12-20,29,18,1195,428,12,7076,1,0
4246,2781,1,2025-12-20,29,11,1195,915,3,7077,1,0
4247,2781,1,2025-12-20,29,28,1195,646,40,7078,1,0
4248,2782,1,2024-09-26,29,11,1094,106,29,7080,1,0
4249,2783,1,2024-10-22,29,11,1025,662,46,7082,1,0
4250,2783,1,2024-10-22,29,7,1025,539,8,7084,1,0
4251,2784,1,2025-07-13,29,10,1002,290,11,7085,1,0
4252,2784,1,2025-07-13,29,7,1002,463,9,7086,1,0
4253,2785,1,2026-04-20,29,20,1015,495,2,7087,1,0
4254,2786,1,2025-04-21,29,27,1004,246,39,7088,1,0
4255,2786,1,2025-04-21,29,3,1004,584,33,7089,1,0
4256,2786,1,2025-04-21,29,14,1004,245,38,7090,1,0
4257,2787,1,2024-07-13,29,3,1007,542,32,7092,1,0
4258,2788,1,2025-12-12,29,23,1041,879,36,7093,1,0
4259,2788,2,2025-12-12,29,12,1041,682,46,7094,1,0
4260,2790,1,2024-02-19,29,29,1003,941,12,7098,1,0
4261,2791,1,2024-10-21,29,1,1065,126,27,7099,1,0
4262,2792,1,2024-12-10,29,11,1035,715,30,7103,1,0
4263,2792,1,2024-12-10,29,13,1035,247,10,7104,1,0
4264,2792,1,2024-12-10,29,11,1035,484,48,7105,1,0
4265,2792,1,2024-12-10,29,2,1035,687,19,7106,1,0
4266,2794,1,2025-07-02,29,28,1007,117,22,7108,1,0
4267,2794,1,2025-07-02,29,6,1007,330,31,7110,1,0
4268,2795,1,2024-06-11,29,1,1191,306,35,7111,1,0
4269,2796,1,2024-02-21,29,7,1005,314,29,7113,1,0
4270,2796,1,2024-02-21,29,1,1005,803,22,7114,1,0
4271,2797,1,2025-10-18,29,13,1054,764,17,7115,1,0
4272,2798,1,2026-01-01,29,1,1004,518,25,7116,1,0
4273,2798,1,2026-01-01,29,1,1004,426,17,7118,1,0
4274,2798,1,2026-01-01,29,13,1004,211,37,7119,1,0
4275,2799,1,2024-02-10,29,20,1172,580,22,7120,1,0
4276,2800,2,2025-11-28,29,16,1029,102,4,7121,1,0
4277,2801,1,2024-09-25,29,1,1122,478,10,7122,1,0
4278,2801,2,2024-09-25,29,17,1122,592,25,7123,1,0
4279,2801,1,2024-09-25,29,14,1122,405,38,7124,1,0
4280,2801,1,2024-09-25,29,21,1122,179,19,7125,1,0
4281,2802,1,2024-12-30,29,28,1167,118,30,7126,1,0
4282,2803,1,2026-03-23,29,14,1007,917,34,7127,1,0
4283,2803,1,2026-03-23,29,16,1007,488,6,7128,1,0
4284,2803,1,2026-03-23,29,2,1007,346,46,7129,1,0
4285,2803,1,2026-03-23,29,4,1007,242,43,7130,1,0
4286,2804,1,2024-02-18,29,9,1031,792,2,7131,1,0
4287,2804,1,2024-02-18,29,20,1031,290,7,7133,1,0
4288,2805,1,2024-06-19,29,4,1004,653,41,7134,1,0
4289,2806,1,2024-11-20,29,13,1015,385,27,7135,1,0
4290,2806,1,2024-11-20,29,10,1015,217,14,7136,1,0
4291,2807,1,2025-09-11,29,16,1007,735,41,7137,1,0
4292,2809,1,2024-01-19,29,11,1043,911,1,7141,1,0
4293,2809,1,2024-01-19,29,27,1043,222,44,7142,1,0
4294,2811,1,2024-02-03,29,15,1007,211,32,7146,1,0
4295,2811,1,2024-02-03,29,13,1007,490,7,7147,1,0
4296,2813,1,2026-03-25,29,27,1032,721,41,7149,1,0
4297,2814,1,2025-02-12,29,15,1012,993,41,7151,1,0
4298,2814,1,2025-02-12,29,29,1012,150,8,7152,1,0
4299,2814,2,2025-02-12,29,31,1012,404,1,7154,1,0
4300,2815,1,2024-05-23,29,24,1028,763,32,7156,1,0
4301,2816,1,2024-10-25,29,9,1092,657,43,7157,1,0
4302,2816,1,2024-10-25,29,16,1092,752,26,7158,1,0
4303,2817,1,2024-06-25,29,18,1052,289,45,7160,1,0
4304,2818,1,2025-07-09,29,12,1030,825,39,7161,1,0
4305,2819,1,2025-11-10,29,15,1090,293,29,7162,1,0
4306,2819,1,2025-11-10,29,19,1090,988,12,7163,1,0
4307,2819,1,2025-11-10,29,31,1090,607,48,7164,1,0
4308,2819,1,2025-11-10,29,29,1090,543,36,7165,1,0
4309,2820,1,2024-07-08,29,13,1217,133,41,7167,1,0
4310,2820,1,2024-07-08,29,23,1217,628,34,7169,1,0
4311,2821,1,2024-07-15,29,10,1028,518,18,7170,1,0
4312,2821,1,2024-07-15,29,8,1028,418,16,7171,1,0
4313,2821,1,2024-07-15,29,16,1028,405,46,7172,1,0
4314,2822,2,2025-10-18,29,13,1015,624,19,7173,1,0
4315,2822,1,2025-10-18,29,3,1015,155,46,7174,1,0
4316,2825,1,2025-08-06,29,10,1012,542,5,7177,1,0
4317,2827,2,2026-01-21,29,23,1146,641,23,7179,1,0
4318,2828,1,2025-11-26,29,8,1010,979,8,7182,1,0
4319,2829,1,2026-04-04,29,5,1002,272,39,7183,1,0
4320,2829,1,2026-04-04,29,25,1002,970,50,7184,1,0
4321,2829,1,2026-04-04,29,31,1002,521,6,7185,1,0
4322,2830,1,2024-05-20,29,8,1025,597,44,7187,1,0
4323,2831,1,2024-02-10,29,7,1175,229,49,7189,1,0
4324,2832,1,2026-05-11,29,28,1003,599,13,7191,1,0
4325,2832,1,2026-05-11,29,12,1003,371,49,7192,1,0
4326,2832,1,2026-05-11,29,15,1003,293,50,7193,1,0
4327,2834,2,2026-02-03,29,5,1011,875,33,7197,1,0
4328,2835,1,2025-02-09,29,27,1008,540,50,7199,1,0
4329,2835,1,2025-02-09,29,1,1008,610,49,7200,1,0
4330,2835,1,2025-02-09,29,22,1008,344,27,7201,1,0
4331,2837,1,2026-06-27,29,24,1031,202,35,7203,1,0
4332,2837,1,2026-06-27,29,15,1031,707,13,7204,1,0
4333,2838,1,2024-04-24,29,24,1002,545,9,7208,1,0
4334,2838,1,2024-04-24,29,29,1002,377,27,7209,1,0
4335,2839,1,2025-03-23,29,28,1144,240,40,7212,1,0
4336,2839,2,2025-03-23,29,6,1144,504,38,7213,1,0
4337,2840,1,2026-01-07,29,7,1012,295,10,7214,1,0
4338,2842,1,2024-12-26,29,26,1002,662,27,7219,1,0
4339,2842,1,2024-12-26,29,14,1002,501,34,7220,1,0
4340,2842,1,2024-12-26,29,11,1002,113,22,7221,1,0
4341,2842,1,2024-12-26,29,27,1002,555,17,7222,1,0
4342,2843,1,2026-04-24,29,15,1172,889,39,7223,1,0
4343,2844,1,2024-01-25,29,25,1165,298,28,7224,1,0
4344,2845,1,2026-05-12,29,29,1114,191,3,7228,1,0
4345,2845,2,2026-05-12,29,21,1114,813,40,7229,1,0
4346,2845,1,2026-05-12,29,2,1114,352,36,7230,1,0
4347,2845,1,2026-05-12,29,1,1114,985,45,7231,1,0
4348,2846,1,2025-06-13,29,27,1046,590,43,7232,1,0
4349,2848,1,2024-06-11,29,25,1025,386,30,7234,1,0
4350,2849,1,2025-12-25,29,9,1025,959,13,7235,1,0
4351,2849,1,2025-12-25,29,24,1025,869,26,7236,1,0
4352,2850,1,2024-05-29,29,4,1003,836,42,7237,1,0
4353,2850,1,2024-05-29,29,12,1003,699,11,7240,1,0
4354,2851,2,2024-07-27,29,23,1109,885,11,7241,1,0
4355,2851,1,2024-07-27,29,14,1109,226,43,7244,1,0
4356,2852,1,2024-02-23,29,15,1133,185,37,7246,1,0
4357,2852,1,2024-02-23,29,18,1133,685,12,7247,1,0
4358,2853,1,2026-04-18,29,23,1105,787,29,7248,1,0
4359,2853,1,2026-04-18,29,12,1105,483,24,7250,1,0
4360,2854,1,2025-02-13,29,6,1141,881,16,7251,1,0
4361,2855,1,2024-01-15,29,13,1128,854,29,7254,1,0
4362,2855,2,2024-01-15,29,31,1128,778,28,7255,1,0
4363,2856,1,2024-05-01,29,3,1005,374,20,7258,1,0
4364,2856,1,2024-05-01,29,6,1005,687,9,7259,1,0
4365,2857,1,2024-01-09,29,27,1005,271,14,7261,1,0
4366,2857,1,2024-01-09,29,17,1005,939,35,7262,1,0
4367,2858,1,2026-04-11,29,9,1123,170,16,7264,1,0
4368,2859,1,2025-10-17,29,30,1008,387,12,7265,1,0
4369,2859,1,2025-10-17,29,22,1008,538,44,7266,1,0
4370,2859,1,2025-10-17,29,26,1008,972,16,7267,1,0
4371,2860,1,2025-08-02,29,19,1011,296,29,7270,1,0
4372,2862,1,2026-06-26,29,2,1071,451,30,7272,1,0
4373,2863,1,2026-02-23,29,14,1013,336,11,7274,1,0
4374,2864,1,2025-03-09,29,11,1056,915,40,7275,1,0
4375,2866,1,2026-05-20,29,23,1106,752,37,7279,1,0
4376,2866,1,2026-05-20,29,28,1106,443,19,7280,1,0
4377,2866,1,2026-05-20,29,12,1106,703,18,7281,1,0
4378,2868,1,2024-03-30,29,23,1030,101,41,7284,1,0
4379,2868,1,2024-03-30,29,4,1030,186,26,7285,1,0
4380,2869,1,2026-02-09,29,27,1033,785,7,7286,1,0
4381,2869,2,2026-02-09,29,3,1033,434,47,7289,1,0
4382,2870,1,2025-10-07,29,7,1093,269,49,7290,1,0
4383,2870,1,2025-10-07,29,6,1093,993,6,7291,1,0
4384,2871,1,2024-07-28,29,17,1196,698,15,7294,1,0
4385,2873,1,2026-01-05,29,4,1083,193,12,7298,1,0
4386,2874,1,2024-01-16,29,26,1178,668,35,7299,1,0
4387,2874,1,2024-01-16,29,26,1178,483,26,7300,1,0
4388,2874,1,2024-01-16,29,13,1178,481,5,7301,1,0
4389,2875,1,2026-02-12,29,6,1032,397,4,7302,1,0
4390,2875,1,2026-02-12,29,2,1032,370,15,7303,1,0
4391,2875,1,2026-02-12,29,10,1032,311,48,7304,1,0
4392,2876,1,2024-02-18,29,28,1136,624,31,7305,1,0
4393,2877,1,2025-09-10,29,24,1207,707,34,7307,1,0
4394,2879,1,2024-04-24,29,29,1007,244,1,7310,1,0
4395,2880,1,2026-06-19,29,8,1103,257,45,7311,1,0
4396,2881,1,2025-08-12,29,14,1012,591,13,7313,1,0
4397,2882,1,2024-08-29,29,28,1228,689,2,7314,1,0
4398,2883,1,2024-04-02,29,18,1142,597,17,7317,1,0
4399,2883,1,2024-04-02,29,30,1142,950,17,7318,1,0
4400,2884,1,2025-07-08,29,31,1059,885,23,7319,1,0
4401,2886,1,2025-05-27,29,14,1001,862,13,7323,1,0
4402,2886,1,2025-05-27,29,16,1001,580,16,7324,1,0
4403,2887,1,2026-05-17,29,28,1030,903,10,7325,1,0
4404,2887,1,2026-05-17,29,21,1030,307,8,7326,1,0
4405,2888,1,2025-11-18,29,5,1156,202,16,7327,1,0
4406,2888,1,2025-11-18,29,18,1156,463,15,7329,1,0
4407,2888,1,2025-11-18,29,7,1156,356,46,7330,1,0
4408,2889,1,2025-05-01,29,27,1162,317,11,7332,1,0
4409,2889,1,2025-05-01,29,30,1162,488,6,7333,1,0
4410,2890,1,2026-05-30,29,18,1025,601,34,7335,1,0
4411,2890,1,2026-05-30,29,10,1025,747,45,7336,1,0
4412,2891,1,2025-07-09,29,14,1013,168,37,7337,1,0
4413,2891,1,2025-07-09,29,31,1013,274,42,7338,1,0
4414,2892,1,2024-12-15,29,18,1014,536,45,7340,1,0
4415,2892,1,2024-12-15,29,15,1014,371,50,7341,1,0
4416,2893,1,2026-02-15,29,28,1001,367,38,7343,1,0
4417,2894,1,2024-05-09,29,4,1024,478,47,7345,1,0
4418,2894,1,2024-05-09,29,26,1024,830,50,7346,1,0
4419,2895,1,2025-02-09,29,27,1184,146,18,7350,1,0
4420,2896,1,2024-03-05,29,2,1009,514,47,7351,1,0
4421,2896,1,2024-03-05,29,14,1009,330,21,7353,1,0
4422,2897,1,2024-06-23,29,14,1100,597,3,7355,1,0
4423,2898,1,2025-03-01,29,24,1015,673,26,7356,1,0
4424,2898,1,2025-03-01,29,31,1015,733,36,7357,1,0
4425,2899,1,2024-01-13,29,14,1006,283,23,7358,1,0
4426,2901,1,2024-02-02,29,5,1009,239,39,7365,1,0
4427,2902,1,2024-03-13,29,6,1006,861,50,7368,1,0
4428,2902,1,2024-03-13,29,5,1006,141,34,7369,1,0
4429,2904,1,2024-03-07,29,21,1199,415,8,7371,1,0
4430,2905,1,2025-10-28,29,30,1052,683,18,7372,1,0
4431,2906,1,2024-03-14,29,23,1097,636,6,7375,1,0
4432,2908,1,2026-01-19,29,9,1051,135,26,7380,1,0
4433,2908,1,2026-01-19,29,15,1051,434,9,7381,1,0
4434,2909,1,2024-11-14,29,29,1161,242,37,7385,1,0
4435,2909,2,2024-11-14,29,19,1161,385,2,7387,1,0
4436,2910,1,2026-03-24,29,27,1121,229,4,7389,1,0
4437,2911,1,2024-02-15,29,5,1157,230,18,7390,1,0
4438,2912,1,2024-04-18,29,24,1024,948,14,7392,1,0
4439,2912,1,2024-04-18,29,4,1024,951,31,7393,1,0
4440,2912,1,2024-04-18,29,4,1024,743,36,7394,1,0
4441,2914,1,2024-10-26,29,20,1194,492,26,7396,1,0
4442,2914,1,2024-10-26,29,12,1194,863,6,7397,1,0
4443,2914,1,2024-10-26,29,16,1194,535,28,7398,1,0
4444,2915,1,2024-03-12,29,10,1167,526,39,7401,1,0
4445,2916,2,2026-04-12,29,7,1025,713,6,7402,1,0
4446,2917,1,2026-05-25,29,23,1004,124,23,7406,1,0
4447,2917,1,2026-05-25,29,22,1004,400,23,7407,1,0
4448,2918,1,2026-02-10,29,30,1158,491,12,7409,1,0
4449,2918,1,2026-02-10,29,8,1158,300,38,7410,1,0
4450,2919,1,2026-05-11,29,7,1057,757,7,7411,1,0
4451,2920,1,2024-03-15,29,30,1224,690,8,7413,1,0
4452,2920,1,2024-03-15,29,19,1224,839,16,7414,1,0
4453,2921,1,2024-01-01,29,27,1181,924,37,7416,1,0
4454,2921,1,2024-01-01,29,10,1181,243,48,7417,1,0
4455,2922,1,2024-08-05,29,23,1006,760,12,7419,1,0
4456,2923,1,2025-06-20,29,10,1041,171,10,7421,1,0
4457,2923,1,2025-06-20,29,24,1041,985,16,7423,1,0
4458,2923,1,2025-06-20,29,28,1041,950,46,7424,1,0
4459,2925,1,2026-01-04,29,9,1127,858,5,7427,1,0
4460,2926,1,2024-08-22,29,29,1015,245,41,7428,1,0
4461,2926,1,2024-08-22,29,5,1015,825,8,7430,1,0
4462,2927,1,2024-07-10,29,11,1144,900,33,7431,1,0
4463,2927,1,2024-07-10,29,10,1144,746,34,7432,1,0
4464,2927,1,2024-07-10,29,19,1144,753,36,7433,1,0
4465,2927,1,2024-07-10,29,7,1144,411,5,7434,1,0
4466,2929,1,2025-07-25,29,28,1035,739,47,7437,1,0
4467,2930,1,2024-12-20,29,24,1030,867,10,7438,1,0
4468,2931,1,2024-08-13,29,22,1034,960,29,7439,1,0
4469,2931,1,2024-08-13,29,1,1034,844,48,7441,1,0
4470,2932,1,2025-12-26,29,10,1028,550,50,7445,1,0
4471,2933,1,2024-10-27,29,22,1008,459,36,7446,1,0
4472,2933,1,2024-10-27,29,23,1008,187,45,7448,1,0
4473,2934,1,2026-04-21,29,24,1130,734,22,7450,1,0
4474,2934,1,2026-04-21,29,18,1130,232,37,7451,1,0
4475,2935,1,2025-10-05,29,16,1170,587,44,7452,1,0
4476,2935,1,2025-10-05,29,29,1170,433,30,7453,1,0
4477,2935,1,2025-10-05,29,10,1170,159,23,7455,1,0
4478,2936,1,2025-09-11,29,10,1013,306,12,7457,1,0
4479,2936,1,2025-09-11,29,4,1013,105,7,7458,1,0
4480,2937,1,2025-08-09,29,24,1038,440,49,7460,1,0
4481,2937,1,2025-08-09,29,26,1038,736,10,7462,1,0
4482,2938,1,2024-01-14,29,18,1227,963,33,7463,1,0
4483,2939,2,2025-02-26,29,8,1034,175,32,7466,1,0
4484,2940,1,2024-04-19,29,3,1004,356,42,7469,1,0
4485,2943,2,2025-03-16,29,30,1025,824,15,7474,1,0
4486,2943,1,2025-03-16,29,4,1025,731,46,7475,1,0
4487,2944,1,2024-06-21,29,16,1004,180,13,7476,1,0
4488,2945,1,2025-11-15,29,15,1034,741,48,7478,1,0
4489,2945,1,2025-11-15,29,7,1034,453,18,7479,1,0
4490,2946,1,2026-03-04,29,16,1051,301,13,7480,1,0
4491,2947,1,2024-10-04,29,20,1033,708,3,7481,1,0
4492,2948,1,2024-06-10,29,23,1226,865,29,7483,1,0
4493,2949,1,2024-08-02,29,18,1105,910,2,7486,1,0
4494,2950,1,2024-03-21,29,18,1032,338,41,7487,1,0
4495,2950,1,2024-03-21,29,2,1032,594,16,7488,1,0
4496,2951,1,2025-09-11,29,4,1044,583,8,7489,1,0
4497,2951,1,2025-09-11,29,26,1044,347,10,7490,1,0
4498,2952,2,2024-01-10,29,15,1035,697,1,7492,1,0
4499,2952,1,2024-01-10,29,5,1035,312,47,7493,1,0
4500,2952,1,2024-01-10,29,31,1035,345,37,7494,1,0
4501,2953,1,2025-02-21,29,28,1032,415,50,7495,1,0
4502,2954,1,2026-05-04,29,29,1011,546,32,7496,1,0
4503,2954,1,2026-05-04,29,4,1011,103,36,7497,1,0
4504,2955,1,2026-06-03,29,25,1141,658,41,7499,1,0
4505,2957,1,2025-10-04,29,22,1011,948,28,7501,1,0
4506,2957,1,2025-10-04,29,12,1011,798,22,7502,1,0
4507,2958,1,2024-08-31,29,6,1224,299,19,7504,1,0
4508,2958,1,2024-08-31,29,17,1224,627,43,7505,1,0
4509,2959,1,2025-05-06,29,20,1051,405,47,7506,1,0
4510,2961,1,2025-03-22,29,8,1013,656,6,7508,1,0
4511,2962,1,2026-01-03,29,29,1014,235,9,7509,1,0
4512,2962,1,2026-01-03,29,6,1014,364,30,7510,1,0
4513,2963,1,2026-05-24,29,10,1114,892,12,7511,1,0
4514,2964,1,2026-06-18,29,30,1218,678,45,7513,1,0
4515,2965,1,2024-10-06,29,22,1015,196,30,7514,1,0
4516,2965,1,2024-10-06,29,2,1015,743,32,7515,1,0
4517,2966,1,2025-08-11,29,31,1057,574,10,7516,1,0
4518,2966,1,2025-08-11,29,6,1057,957,46,7517,1,0
4519,2967,1,2025-10-05,29,24,1024,913,31,7520,1,0
4520,2967,1,2025-10-05,29,4,1024,205,36,7521,1,0
4521,2968,1,2024-02-01,29,23,1185,129,33,7522,1,0
4522,2968,1,2024-02-01,29,30,1185,809,49,7523,1,0
4523,2968,1,2024-02-01,29,7,1185,909,43,7524,1,0
4524,2969,1,2026-03-04,29,29,1011,194,1,7525,1,0
4525,2969,1,2026-03-04,29,8,1011,761,15,7526,1,0
4526,2969,1,2026-03-04,29,28,1011,462,24,7528,1,0
4527,2971,1,2024-07-20,29,20,1166,979,23,7531,1,0
4528,2971,1,2024-07-20,29,12,1166,180,32,7532,1,0
4529,2972,1,2025-11-15,29,14,1154,739,12,7533,1,0
4530,2973,1,2025-04-11,29,17,1130,221,16,7537,1,0
4531,2974,1,2024-08-16,29,13,1013,146,24,7540,1,0
4532,2975,1,2026-02-06,29,3,1157,687,12,7542,1,0
4533,2975,1,2026-02-06,29,29,1157,628,30,7543,1,0
4534,2975,1,2026-02-06,29,8,1157,574,10,7544,1,0
4535,2976,1,2026-02-08,29,9,1005,490,19,7545,1,0
4536,2977,1,2024-09-23,29,26,1126,905,26,7547,1,0
4537,2978,1,2024-07-13,29,31,1002,291,1,7549,1,0
4538,2979,2,2024-11-19,29,16,1174,873,14,7551,1,0
4539,2980,1,2026-03-11,29,26,1015,667,14,7552,1,0
4540,2981,1,2024-10-26,29,17,1031,905,13,7553,1,0
4541,2982,1,2026-06-11,29,26,1011,341,7,7555,1,0
4542,2982,1,2026-06-11,29,4,1011,971,29,7556,1,0
4543,2983,1,2025-07-05,29,25,1025,730,38,7558,1,0
4544,2983,2,2025-07-05,29,11,1025,390,10,7559,1,0
4545,2983,1,2025-07-05,29,21,1025,870,8,7560,1,0
4546,2984,2,2024-07-03,29,28,1011,411,40,7562,1,0
4547,2985,1,2025-10-05,29,9,1140,466,1,7568,1,0
4548,2986,1,2024-01-03,29,31,1005,866,14,7569,1,0
4549,2987,1,2025-07-17,29,31,1151,752,42,7572,1,0
4550,2989,1,2024-12-08,29,30,1205,454,29,7574,1,0
4551,2989,1,2024-12-08,29,15,1205,100,10,7575,1,0
4552,2990,1,2025-10-11,29,7,1078,850,28,7576,1,0
4553,2992,2,2024-06-10,29,15,1027,326,27,7578,1,0
4554,2993,1,2024-08-19,29,11,1144,918,33,7580,1,0
4555,2993,1,2024-08-19,29,3,1144,223,40,7581,1,0
4556,2993,2,2024-08-19,29,26,1144,253,16,7582,1,0
4557,2994,1,2025-06-24,29,24,1117,788,38,7583,1,0
4558,2994,1,2025-06-24,29,30,1117,579,42,7584,1,0
4559,2995,1,2025-11-14,29,12,1200,563,17,7586,1,0
4560,2995,1,2025-11-14,29,24,1200,855,49,7588,1,0
4561,2995,1,2025-11-14,29,15,1200,957,36,7589,1,0
4562,2996,1,2025-05-23,29,11,1014,599,23,7590,1,0
4563,2996,1,2025-05-23,29,13,1014,551,6,7591,1,0
4564,2996,1,2025-05-23,29,11,1014,861,8,7592,1,0
4565,2996,1,2025-05-23,29,3,1014,245,45,7593,1,0
4566,2997,1,2025-01-07,29,13,1053,261,16,7595,1,0
4567,2998,1,2026-04-16,29,23,1059,207,10,7597,1,0
4568,2998,1,2026-04-16,29,23,1059,461,11,7599,1,0
4569,2998,1,2026-04-16,29,6,1059,338,2,7600,1,0
4570,2999,1,2024-03-15,29,27,1008,783,30,7601,1,0
4571,3000,2,2026-02-07,29,12,1046,329,28,7603,1,0
4572,3001,1,2025-10-23,29,11,1009,561,34,7604,1,0
4573,3001,1,2025-10-23,29,25,1009,615,12,7605,1,0
4574,3002,1,2024-05-29,29,2,1030,227,38,7608,1,0
4575,3003,1,2026-05-11,29,9,1104,604,22,7612,1,0
4576,3004,1,2025-07-21,29,19,1002,650,13,7613,1,0
4577,3005,2,2025-02-24,29,19,1053,707,26,7614,1,0
4578,3005,1,2025-02-24,29,27,1053,821,16,7615,1,0
4579,3005,1,2025-02-24,29,17,1053,121,50,7616,1,0
4580,3006,1,2024-12-27,29,26,1162,497,23,7617,1,0
4581,3006,1,2024-12-27,29,21,1162,720,50,7618,1,0
4582,3006,1,2024-12-27,29,3,1162,785,11,7620,1,0
4583,3007,1,2025-07-13,29,24,1010,566,26,7621,1,0
4584,3007,2,2025-07-13,29,3,1010,290,38,7623,1,0
4585,3008,1,2026-01-11,29,12,1057,457,30,7626,1,0
4586,3010,1,2024-08-12,29,10,1012,478,50,7631,1,0
4587,3011,1,2024-01-30,29,15,1173,487,28,7634,1,0
4588,3012,1,2025-08-11,29,23,1042,767,35,7639,1,0
4589,3014,1,2024-04-08,29,6,1001,619,41,7642,1,0
4590,3015,1,2025-08-12,29,25,1195,421,34,7643,1,0
4591,3015,1,2025-08-12,29,7,1195,972,33,7646,1,0
4592,3016,1,2025-01-20,29,14,1029,835,20,7648,1,0
4593,3017,1,2025-05-27,29,24,1014,717,18,7649,1,0
4594,3017,2,2025-05-27,29,13,1014,289,20,7650,1,0
4595,3017,1,2025-05-27,29,24,1014,517,42,7652,1,0
4596,3018,1,2024-08-28,29,19,1007,216,14,7653,1,0
4597,3019,1,2024-07-08,29,28,1040,518,21,7655,1,0
4598,3020,1,2024-02-27,29,12,1002,458,25,7656,1,0
4599,3020,1,2024-02-27,29,26,1002,805,13,7657,1,0
4600,3020,1,2024-02-27,29,29,1002,530,24,7658,1,0
4601,3021,1,2024-10-15,29,19,1012,690,16,7661,1,0
4602,3022,1,2025-10-06,29,29,1011,497,23,7662,1,0
4603,3023,2,2026-05-01,29,2,1044,379,27,7663,1,0
4604,3024,1,2025-09-13,29,7,1004,784,30,7664,1,0
4605,3024,1,2025-09-13,29,3,1004,606,44,7665,1,0
4606,3024,1,2025-09-13,29,3,1004,637,20,7666,1,0
4607,3025,1,2024-09-26,29,4,1004,133,36,7667,1,0
4608,3026,1,2025-04-17,29,2,1183,899,19,7670,1,0
4609,3026,1,2025-04-17,29,8,1183,618,27,7671,1,0
4610,3027,1,2024-02-21,29,11,1042,568,34,7672,1,0
4611,3027,1,2024-02-21,29,14,1042,900,24,7673,1,0
4612,3027,1,2024-02-21,29,16,1042,182,12,7674,1,0
4613,3028,1,2025-08-25,29,27,1066,713,33,7675,1,0
4614,3028,1,2025-08-25,29,20,1066,379,14,7676,1,0
4615,3029,1,2026-04-25,29,8,1157,729,36,7680,1,0
4616,3033,1,2026-06-06,29,8,1001,678,32,7686,1,0
4617,3033,1,2026-06-06,29,2,1001,915,31,7687,1,0
4618,3033,1,2026-06-06,29,18,1001,882,5,7689,1,0
4619,3034,1,2024-10-18,29,24,1007,850,42,7691,1,0
4620,3034,1,2024-10-18,29,2,1007,981,25,7692,1,0
4621,3034,1,2024-10-18,29,16,1007,763,8,7693,1,0
4622,3036,1,2024-11-09,29,20,1014,978,38,7696,1,0
4623,3036,1,2024-11-09,29,25,1014,894,39,7697,1,0
4624,3036,1,2024-11-09,29,20,1014,720,20,7698,1,0
4625,3037,1,2024-06-06,29,3,1004,991,1,7699,1,0
4626,3037,1,2024-06-06,29,1,1004,704,6,7700,1,0
4627,3038,1,2025-04-26,29,28,1012,203,4,7704,1,0
4628,3039,1,2025-03-27,29,21,1083,655,5,7707,1,0
4629,3040,1,2024-06-12,29,27,1006,649,43,7709,1,0
4630,3041,1,2026-06-17,29,24,1188,714,38,7711,1,0
4631,3041,1,2026-06-17,29,25,1188,343,9,7712,1,0
4632,3041,1,2026-06-17,29,12,1188,743,8,7713,1,0
4633,3041,2,2026-06-17,29,27,1188,809,37,7714,1,0
4634,3043,1,2026-05-13,29,29,1173,670,41,7718,1,0
4635,3044,1,2025-12-29,29,20,1003,660,30,7719,1,0
4636,3045,2,2026-06-24,29,1,1180,485,50,7722,1,0
4637,3046,1,2024-02-08,29,19,1013,370,10,7723,1,0
4638,3047,1,2024-01-10,29,28,1151,666,50,7727,1,0
4639,3048,1,2025-10-16,29,24,1095,580,43,7728,1,0
4640,3049,1,2026-05-03,29,12,1013,325,9,7729,1,0
4641,3050,1,2024-09-11,29,12,1187,547,46,7730,1,0
4642,3052,1,2026-06-10,29,19,1014,381,31,7733,1,0
4643,3052,1,2026-06-10,29,30,1014,809,41,7735,1,0
4644,3054,1,2026-05-24,29,22,1107,540,9,7737,1,0
4645,3054,1,2026-05-24,29,21,1107,657,27,7738,1,0
4646,3054,1,2026-05-24,29,5,1107,153,42,7739,1,0
4647,3055,1,2026-04-20,29,9,1001,401,28,7740,1,0
4648,3056,1,2024-07-10,29,24,1163,971,24,7741,1,0
4649,3056,1,2024-07-10,29,2,1163,604,23,7742,1,0
4650,3057,1,2025-11-09,29,6,1014,486,30,7743,1,0
4651,3057,1,2025-11-09,29,29,1014,726,1,7745,1,0
4652,3058,1,2025-05-08,29,16,1119,432,13,7746,1,0
4653,3059,1,2026-01-09,29,24,1012,730,10,7749,1,0
4654,3060,1,2025-02-16,29,27,1063,757,44,7751,1,0
4655,3060,2,2025-02-16,29,20,1063,911,15,7752,1,0
4656,3061,1,2025-11-01,29,2,1011,339,31,7753,1,0
4657,3061,1,2025-11-01,29,30,1011,126,29,7754,1,0
4658,3061,1,2025-11-01,29,16,1011,985,2,7755,1,0
4659,3063,1,2024-04-11,29,25,1002,651,19,7758,1,0
4660,3063,1,2024-04-11,29,25,1002,979,13,7759,1,0
4661,3063,1,2024-04-11,29,6,1002,876,10,7760,1,0
4662,3063,1,2024-04-11,29,22,1002,956,14,7761,1,0
4663,3065,1,2024-12-25,29,17,1007,441,48,7763,1,0
4664,3066,1,2024-06-10,29,7,1009,350,5,7765,1,0
4665,3067,1,2025-03-12,29,14,1204,201,4,7767,1,0
4666,3068,1,2024-11-09,29,2,1030,412,50,7769,1,0
4667,3068,1,2024-11-09,29,2,1030,446,49,7770,1,0
4668,3068,1,2024-11-09,29,10,1030,250,30,7771,1,0
4669,3069,1,2024-01-06,29,23,1004,956,33,7773,1,0
4670,3070,1,2024-11-02,29,15,1008,946,23,7774,1,0
4671,3071,1,2024-06-09,29,30,1136,425,40,7776,1,0
4672,3073,1,2024-09-05,29,29,1227,355,13,7779,1,0
4673,3074,1,2025-01-13,29,6,1009,826,27,7781,1,0
4674,3076,1,2026-03-05,29,6,1005,613,25,7783,1,0
4675,3076,1,2026-03-05,29,19,1005,483,49,7784,1,0
4676,3076,1,2026-03-05,29,20,1005,135,1,7785,1,0
4677,3076,1,2026-03-05,29,23,1005,575,47,7786,1,0
4678,3077,1,2026-06-13,29,2,1011,130,15,7788,1,0
4679,3078,1,2024-11-09,29,24,1009,559,22,7789,1,0
4680,3079,2,2024-12-09,29,8,1015,338,10,7790,1,0
4681,3079,1,2024-12-09,29,17,1015,922,6,7791,1,0
4682,3080,1,2024-03-17,29,23,1043,316,31,7793,1,0
4683,3080,1,2024-03-17,29,9,1043,930,34,7794,1,0
4684,3081,1,2025-10-08,29,4,1029,674,8,7795,1,0
4685,3082,1,2026-02-23,29,2,1049,595,40,7796,1,0
4686,3082,1,2026-02-23,29,12,1049,502,32,7799,1,0
4687,3083,1,2024-02-28,29,6,1110,149,38,7800,1,0
4688,3084,1,2025-09-10,29,20,1045,236,39,7801,1,0
4689,3085,1,2024-11-28,29,21,1205,375,4,7805,1,0
4690,3085,1,2024-11-28,29,1,1205,946,22,7806,1,0
4691,3085,1,2024-11-28,29,29,1205,816,13,7807,1,0
4692,3086,1,2024-06-06,29,31,1007,410,31,7808,1,0
4693,3086,1,2024-06-06,29,2,1007,258,24,7811,1,0
4694,3087,1,2025-04-17,29,17,1010,784,41,7812,1,0
4695,3087,1,2025-04-17,29,28,1010,631,1,7813,1,0
4696,3088,1,2024-11-25,29,25,1007,432,32,7814,1,0
4697,3088,1,2024-11-25,29,28,1007,855,37,7815,1,0
4698,3089,1,2025-03-16,29,5,1032,553,13,7816,1,0
4699,3089,1,2025-03-16,29,11,1032,764,18,7818,1,0
4700,3090,1,2024-09-12,29,19,1001,716,17,7819,1,0
4701,3090,1,2024-09-12,29,3,1001,870,42,7820,1,0
4702,3090,1,2024-09-12,29,31,1001,665,50,7821,1,0
4703,3091,1,2025-07-16,29,3,1006,228,49,7823,1,0
4704,3091,2,2025-07-16,29,24,1006,785,45,7824,1,0
4705,3094,1,2024-03-28,29,15,1163,830,43,7829,1,0
4706,3094,1,2024-03-28,29,25,1163,160,45,7831,1,0
4707,3095,1,2025-03-02,29,5,1004,287,36,7834,1,0
4708,3095,1,2025-03-02,29,23,1004,796,19,7835,1,0
4709,3096,1,2026-05-15,29,27,1120,738,3,7836,1,0
4710,3096,1,2026-05-15,29,21,1120,179,18,7837,1,0
4711,3096,1,2026-05-15,29,14,1120,874,2,7838,1,0
4712,3096,1,2026-05-15,29,24,1120,515,44,7839,1,0
4713,3098,1,2025-02-25,29,20,1086,590,36,7842,1,0
4714,3098,2,2025-02-25,29,27,1086,608,50,7844,1,0
4715,3099,1,2024-02-07,29,10,1005,426,8,7845,1,0
4716,3100,1,2024-12-31,29,3,1035,979,1,7847,1,0
4717,3100,1,2024-12-31,29,27,1035,997,8,7848,1,0
4718,3100,1,2024-12-31,29,13,1035,879,12,7849,1,0
4719,3100,1,2024-12-31,29,20,1035,600,42,7850,1,0
4720,3101,1,2024-05-02,29,25,1015,532,20,7851,1,0
4721,3102,1,2025-12-25,29,7,1123,219,6,7852,1,0
4722,3102,2,2025-12-25,29,28,1123,619,48,7853,1,0
4723,3102,1,2025-12-25,29,9,1123,456,41,7854,1,0
4724,3103,1,2026-05-03,29,11,1139,963,11,7856,1,0
4725,3103,1,2026-05-03,29,3,1139,690,23,7857,1,0
4726,3104,1,2024-02-18,29,17,1042,783,19,7858,1,0
4727,3104,1,2024-02-18,29,27,1042,664,29,7859,1,0
4728,3105,2,2024-06-14,29,26,1024,802,25,7860,1,0
4729,3105,1,2024-06-14,29,2,1024,186,38,7861,1,0
4730,3106,1,2024-05-22,29,31,1133,932,7,7863,1,0
4731,3106,1,2024-05-22,29,30,1133,123,29,7864,1,0
4732,3106,2,2024-05-22,29,17,1133,724,50,7865,1,0
4733,3107,1,2024-12-17,29,16,1004,787,15,7867,1,0
4734,3107,1,2024-12-17,29,19,1004,887,22,7868,1,0
4735,3108,1,2025-01-27,29,23,1010,184,32,7872,1,0
4736,3109,1,2024-06-09,29,12,1056,168,26,7874,1,0
4737,3109,1,2024-06-09,29,27,1056,313,26,7875,1,0
4738,3109,1,2024-06-09,29,29,1056,140,3,7876,1,0
4739,3110,1,2024-09-10,29,1,1034,440,25,7879,1,0
4740,3110,1,2024-09-10,29,11,1034,226,44,7880,1,0
4741,3112,1,2025-12-18,29,24,1064,233,41,7882,1,0
4742,3113,1,2025-11-08,29,17,1006,293,6,7884,1,0
4743,3114,2,2024-09-29,29,11,1164,206,40,7886,1,0
4744,3115,1,2025-07-26,29,10,1007,667,50,7887,1,0
4745,3116,1,2026-04-21,29,2,1127,600,4,7888,1,0
4746,3118,1,2024-01-04,29,9,1058,989,11,7890,1,0
4747,3118,1,2024-01-04,29,26,1058,868,37,7892,1,0
4748,3119,1,2024-03-08,29,27,1094,324,13,7894,1,0
4749,3119,1,2024-03-08,29,19,1094,114,46,7895,1,0
4750,3120,2,2025-05-04,29,29,1015,542,18,7899,1,0
4751,3121,1,2024-12-05,29,19,1117,572,34,7901,1,0
4752,3122,1,2024-01-27,29,3,1066,698,31,7906,1,0
4753,3123,1,2024-02-28,29,1,1062,388,28,7907,1,0
4754,3123,1,2024-02-28,29,13,1062,823,7,7908,1,0
4755,3124,1,2025-08-17,29,6,1006,249,50,7910,1,0
4756,3124,2,2025-08-17,29,18,1006,283,37,7911,1,0
4757,3125,1,2025-03-25,29,14,1010,802,47,7913,1,0
4758,3127,1,2026-03-22,29,9,1061,482,17,7917,1,0
4759,3128,1,2024-01-06,29,17,1008,542,8,7920,1,0
4760,3129,1,2026-01-24,29,9,1052,567,2,7921,1,0
4761,3129,1,2026-01-24,29,28,1052,862,38,7922,1,0
4762,3130,1,2026-04-07,29,19,1005,538,37,7924,1,0
4763,3131,1,2024-05-05,29,20,1008,663,11,7925,1,0
4764,3131,1,2024-05-05,29,7,1008,389,26,7927,1,0
4765,3132,1,2025-01-27,29,21,1007,661,29,7929,1,0
4766,3133,1,2025-11-19,29,7,1003,244,2,7931,1,0
4767,3133,1,2025-11-19,29,5,1003,561,9,7932,1,0
4768,3134,1,2026-03-26,29,17,1011,741,29,7935,1,0
4769,3134,1,2026-03-26,29,26,1011,761,42,7936,1,0
4770,3134,1,2026-03-26,29,26,1011,148,9,7937,1,0
4771,3135,1,2026-05-04,29,22,1001,191,47,7938,1,0
4772,3135,1,2026-05-04,29,25,1001,947,2,7939,1,0
4773,3135,1,2026-05-04,29,22,1001,613,24,7940,1,0
4774,3136,1,2026-01-06,29,11,1005,296,14,7942,1,0
4775,3137,1,2024-03-02,29,19,1002,888,42,7944,1,0
4776,3137,1,2024-03-02,29,21,1002,634,32,7946,1,0
4777,3139,1,2025-12-17,29,16,1011,891,43,7948,1,0
4778,3139,1,2025-12-17,29,4,1011,506,2,7949,1,0
4779,3139,1,2025-12-17,29,27,1011,756,42,7950,1,0
4780,3140,1,2024-12-03,29,18,1082,459,29,7953,1,0
4781,3142,1,2025-11-05,29,5,1012,156,44,7955,1,0
4782,3142,1,2025-11-05,29,5,1012,182,30,7956,1,0
4783,3142,2,2025-11-05,29,6,1012,416,21,7957,1,0
4784,3143,1,2025-06-26,29,31,1014,494,22,7959,1,0
4785,3143,1,2025-06-26,29,19,1014,933,18,7960,1,0
4786,3145,1,2026-01-21,29,9,1223,311,7,7962,1,0
4787,3145,1,2026-01-21,29,2,1223,234,21,7963,1,0
4788,3145,1,2026-01-21,29,11,1223,443,6,7964,1,0
4789,3145,1,2026-01-21,29,8,1223,174,38,7965,1,0
4790,3146,1,2024-07-18,29,16,1212,365,43,7967,1,0
4791,3146,1,2024-07-18,29,11,1212,859,16,7968,1,0
4792,3147,1,2025-04-22,29,13,1030,552,2,7969,1,0
4793,3147,1,2025-04-22,29,5,1030,787,2,7970,1,0
4794,3148,1,2026-04-16,29,4,1030,994,45,7973,1,0
4795,3148,1,2026-04-16,29,2,1030,125,12,7974,1,0
4796,3149,1,2024-09-07,29,6,1012,113,15,7976,1,0
4797,3150,1,2025-06-29,29,23,1126,398,13,7978,1,0
4798,3150,1,2025-06-29,29,9,1126,170,25,7980,1,0
4799,3151,1,2025-10-12,29,20,1012,309,27,7984,1,0
4800,3151,1,2025-10-12,29,8,1012,260,4,7985,1,0
4801,3155,1,2026-02-15,29,25,1048,510,50,7989,1,0
4802,3155,1,2026-02-15,29,15,1048,480,24,7990,1,0
4803,3155,2,2026-02-15,29,18,1048,767,13,7991,1,0
4804,3156,1,2024-09-19,29,1,1011,753,21,7992,1,0
4805,3157,1,2025-06-08,29,4,1160,394,12,7993,1,0
4806,3157,1,2025-06-08,29,20,1160,255,46,7995,1,0
4807,3158,1,2025-02-09,29,23,1048,788,32,7996,1,0
4808,3159,1,2024-04-13,29,5,1018,911,31,7997,1,0
4809,3159,1,2024-04-13,29,2,1018,706,37,7998,1,0
4810,3159,1,2024-04-13,29,22,1018,922,12,7999,1,0
4811,3159,1,2024-04-13,29,30,1018,270,24,8000,1,0
4812,3160,1,2024-01-12,29,9,1049,343,8,8002,1,0
4813,3160,1,2024-01-12,29,16,1049,669,27,8003,1,0
4814,3160,1,2024-01-12,29,1,1049,157,49,8004,1,0
4815,3161,1,2024-12-16,29,23,1025,373,46,8005,1,0
4816,3161,1,2024-12-16,29,28,1025,176,17,8006,1,0
4817,3162,2,2026-04-20,29,11,1014,802,39,8008,1,0
4818,3163,1,2024-06-02,29,18,1005,143,40,8009,1,0
4819,3163,1,2024-06-02,29,18,1005,951,46,8011,1,0
4820,3164,1,2025-05-01,29,1,1013,939,37,8014,1,0
4821,3165,1,2025-08-21,29,18,1006,587,39,8015,1,0
4822,3165,1,2025-08-21,29,10,1006,516,34,8016,1,0
4823,3166,1,2024-10-25,29,18,1183,799,34,8017,1,0
4824,3166,1,2024-10-25,29,11,1183,716,10,8019,1,0
4825,3167,1,2026-05-27,29,4,1012,199,49,8021,1,0
4826,3167,1,2026-05-27,29,16,1012,979,8,8023,1,0
4827,3169,2,2025-05-31,29,16,1001,220,23,8025,1,0
4828,3171,1,2024-04-15,29,20,1006,856,19,8027,1,0
4829,3172,1,2025-04-23,29,23,1143,678,35,8030,1,0
4830,3173,1,2026-04-19,29,13,1010,978,9,8031,1,0
4831,3174,1,2024-08-18,29,31,1014,468,43,8034,1,0
4832,3176,1,2025-12-28,29,19,1007,234,48,8039,1,0
4833,3176,1,2025-12-28,29,19,1007,118,37,8040,1,0
4834,3177,1,2024-07-06,29,6,1136,659,19,8043,1,0
4835,3177,1,2024-07-06,29,21,1136,713,14,8045,1,0
4836,3178,1,2024-10-12,29,18,1162,452,23,8046,1,0
4837,3178,1,2024-10-12,29,29,1162,480,21,8047,1,0
4838,3178,1,2024-10-12,29,3,1162,985,11,8049,1,0
4839,3179,1,2025-07-06,29,22,1052,865,27,8051,1,0
4840,3182,1,2024-03-02,29,26,1012,174,7,8055,1,0
4841,3183,1,2025-03-24,29,7,1041,717,12,8056,1,0
4842,3183,1,2025-03-24,29,25,1041,505,22,8057,1,0
4843,3183,1,2025-03-24,29,21,1041,823,23,8058,1,0
4844,3184,1,2024-03-29,29,2,1196,910,2,8059,1,0
4845,3185,1,2026-05-25,29,24,1013,370,6,8061,1,0
4846,3185,1,2026-05-25,29,22,1013,248,42,8062,1,0
4847,3185,1,2026-05-25,29,10,1013,148,25,8063,1,0
4848,3186,1,2025-07-08,29,19,1205,122,26,8064,1,0
4849,3186,1,2025-07-08,29,2,1205,400,4,8065,1,0
4850,3186,1,2025-07-08,29,31,1205,480,47,8066,1,0
4851,3186,1,2025-07-08,29,26,1205,272,7,8067,1,0
4852,3187,1,2025-04-26,29,28,1007,807,2,8068,1,0
4853,3188,1,2026-03-02,29,18,1008,894,30,8070,1,0
4854,3188,1,2026-03-02,29,21,1008,424,10,8071,1,0
4855,3189,1,2025-08-22,29,19,1012,591,44,8073,1,0
4856,3189,2,2025-08-22,29,11,1012,795,34,8075,1,0
4857,3190,1,2025-06-24,29,5,1057,926,4,8076,1,0
4858,3190,1,2025-06-24,29,2,1057,469,39,8077,1,0
4859,3191,1,2024-05-15,29,20,1031,867,3,8078,1,0
4860,3192,1,2026-03-18,29,2,1214,849,4,8080,1,0
4861,3192,1,2026-03-18,29,4,1214,894,13,8081,1,0
4862,3192,1,2026-03-18,29,9,1214,162,45,8082,1,0
4863,3193,1,2026-03-13,29,26,1117,327,40,8083,1,0
4864,3194,1,2026-03-24,29,6,1212,180,27,8084,1,0
4865,3195,1,2025-05-14,29,23,1052,601,50,8085,1,0
4866,3195,1,2025-05-14,29,23,1052,284,38,8086,1,0
4867,3196,1,2025-07-24,29,15,1193,347,3,8088,1,0
4868,3196,1,2025-07-24,29,14,1193,242,6,8089,1,0
4869,3196,1,2025-07-24,29,15,1193,600,47,8090,1,0
4870,3197,1,2026-03-16,29,26,1008,946,14,8091,1,0
4871,3197,1,2026-03-16,29,9,1008,326,23,8092,1,0
4872,3197,1,2026-03-16,29,23,1008,549,7,8093,1,0
4873,3198,1,2024-10-01,29,3,1079,489,44,8094,1,0
4874,3198,1,2024-10-01,29,3,1079,408,29,8095,1,0
4875,3199,2,2025-06-01,29,25,1027,472,31,8097,1,0
4876,3199,1,2025-06-01,29,18,1027,114,27,8098,1,0
4877,3200,1,2025-08-13,29,15,1099,806,16,8100,1,0
4878,3200,2,2025-08-13,29,1,1099,537,9,8101,1,0
4879,3201,1,2025-03-07,29,16,1088,439,36,8103,1,0
4880,3201,1,2025-03-07,29,16,1088,441,22,8104,1,0
4881,3201,2,2025-03-07,29,18,1088,588,5,8105,1,0
4882,3202,1,2025-06-29,29,17,1055,183,47,8108,1,0
4883,3202,1,2025-06-29,29,16,1055,189,22,8109,1,0
4884,3203,1,2024-08-08,29,19,1001,324,31,8111,1,0
4885,3203,1,2024-08-08,29,16,1001,184,6,8112,1,0
4886,3204,2,2024-06-29,29,14,1107,401,13,8113,1,0
4887,3204,1,2024-06-29,29,14,1107,245,48,8114,1,0
4888,3204,1,2024-06-29,29,4,1107,344,38,8115,1,0
4889,3205,1,2024-02-25,29,31,1008,187,25,8117,1,0
4890,3205,2,2024-02-25,29,20,1008,760,37,8118,1,0
4891,3205,1,2024-02-25,29,20,1008,420,33,8120,1,0
4892,3206,1,2026-03-27,29,30,1045,281,38,8121,1,0
4893,3206,1,2026-03-27,29,3,1045,107,16,8122,1,0
4894,3206,1,2026-03-27,29,22,1045,770,15,8124,1,0
4895,3208,1,2025-04-17,29,6,1052,384,5,8128,1,0
4896,3208,1,2025-04-17,29,4,1052,445,30,8129,1,0
4897,3210,1,2024-01-29,29,4,1004,961,1,8133,1,0
4898,3211,1,2024-05-01,29,22,1010,308,39,8137,1,0
4899,3211,2,2024-05-01,29,21,1010,624,47,8138,1,0
4900,3211,1,2024-05-01,29,9,1010,869,40,8139,1,0
4901,3212,1,2025-09-30,29,13,1009,670,14,8140,1,0
4902,3212,1,2025-09-30,29,28,1009,700,48,8141,1,0
4903,3213,1,2025-01-07,29,1,1005,167,5,8142,1,0
4904,3213,1,2025-01-07,29,31,1005,526,49,8143,1,0
4905,3213,1,2025-01-07,29,19,1005,825,49,8144,1,0
4906,3213,1,2025-01-07,29,5,1005,406,47,8145,1,0
4907,3214,1,2025-01-01,29,6,1011,154,5,8146,1,0
4908,3214,1,2025-01-01,29,29,1011,308,19,8149,1,0
4909,3215,1,2024-10-12,29,3,1199,542,40,8150,1,0
4910,3215,1,2024-10-12,29,13,1199,585,31,8152,1,0
4911,3216,1,2026-06-20,29,28,1162,687,9,8153,1,0
4912,3217,1,2025-08-08,29,24,1172,404,35,8154,1,0
4913,3218,1,2025-05-14,29,16,1048,857,9,8155,1,0
4914,3218,1,2025-05-14,29,12,1048,948,14,8157,1,0
4915,3219,1,2024-09-15,29,25,1007,906,24,8158,1,0
4916,3219,1,2024-09-15,29,24,1007,589,6,8159,1,0
4917,3219,1,2024-09-15,29,6,1007,891,9,8160,1,0
4918,3219,1,2024-09-15,29,6,1007,729,28,8161,1,0
4919,3220,1,2024-02-13,29,27,1006,474,42,8162,1,0
4920,3221,1,2025-06-09,29,9,1005,817,27,8166,1,0
4921,3222,1,2025-06-25,29,16,1084,986,49,8170,1,0
4922,3222,1,2025-06-25,29,28,1084,227,9,8171,1,0
4923,3223,1,2024-11-17,29,7,1172,853,7,8172,1,0
4924,3223,1,2024-11-17,29,20,1172,166,3,8174,1,0
4925,3223,1,2024-11-17,29,8,1172,167,9,8175,1,0
4926,3224,1,2025-06-12,29,21,1048,136,27,8176,1,0
4927,3224,1,2025-06-12,29,2,1048,944,45,8177,1,0
4928,3224,1,2025-06-12,29,1,1048,484,25,8178,1,0
4929,3225,1,2024-01-09,29,31,1062,707,16,8180,1,0
4930,3225,1,2024-01-09,29,28,1062,325,24,8182,1,0
4931,3225,1,2024-01-09,29,20,1062,331,29,8183,1,0
4932,3226,1,2025-06-27,29,9,1091,144,25,8186,1,0
4933,3227,1,2025-12-12,29,24,1054,546,18,8189,1,0
4934,3228,1,2025-07-25,29,18,1013,346,46,8193,1,0
4935,3229,1,2025-05-01,29,23,1138,661,18,8195,1,0
4936,3229,1,2025-05-01,29,4,1138,861,26,8196,1,0
4937,3231,1,2025-02-17,29,28,1015,837,43,8198,1,0
4938,3231,1,2025-02-17,29,23,1015,879,5,8199,1,0
4939,3231,1,2025-02-17,29,26,1015,620,7,8200,1,0
4940,3231,1,2025-02-17,29,30,1015,166,16,8201,1,0
4941,3232,1,2024-10-16,29,13,1210,837,27,8202,1,0
4942,3233,1,2024-12-27,29,15,1007,203,26,8203,1,0
4943,3233,1,2024-12-27,29,24,1007,164,30,8204,1,0
4944,3233,1,2024-12-27,29,10,1007,401,4,8206,1,0
4945,3234,1,2024-07-19,29,8,1048,204,8,8209,1,0
4946,3235,1,2025-03-31,29,4,1071,462,47,8210,1,0
4947,3236,1,2025-03-02,29,13,1001,829,11,8211,1,0
4948,3238,1,2024-07-23,29,29,1012,478,4,8214,1,0
4949,3238,2,2024-07-23,29,20,1012,672,31,8215,1,0
4950,3238,1,2024-07-23,29,26,1012,938,33,8216,1,0
4951,3239,1,2024-09-27,29,18,1180,650,40,8218,1,0
4952,3239,1,2024-09-27,29,13,1180,245,42,8219,1,0
4953,3240,1,2025-01-30,29,1,1210,215,2,8220,1,0
4954,3240,1,2025-01-30,29,23,1210,410,42,8221,1,0
4955,3240,1,2025-01-30,29,24,1210,806,37,8222,1,0
4956,3241,1,2024-08-13,29,13,1008,153,28,8224,1,0
4957,3242,1,2024-07-18,29,2,1095,563,21,8225,1,0
4958,3242,1,2024-07-18,29,29,1095,935,39,8226,1,0
4959,3243,1,2024-06-01,29,7,1125,415,26,8227,1,0
4960,3244,1,2024-07-29,29,10,1013,103,18,8231,1,0
4961,3245,1,2025-02-15,29,10,1006,434,18,8232,1,0
4962,3245,1,2025-02-15,29,26,1006,871,13,8233,1,0
4963,3245,1,2025-02-15,29,21,1006,471,46,8234,1,0
4964,3245,1,2025-02-15,29,30,1006,288,6,8235,1,0
4965,3246,1,2025-03-08,29,5,1156,312,12,8236,1,0
4966,3246,1,2025-03-08,29,10,1156,229,31,8237,1,0
4967,3247,1,2025-10-23,29,5,1012,441,18,8239,1,0
4968,3247,1,2025-10-23,29,19,1012,275,30,8241,1,0
4969,3248,1,2026-02-20,29,22,1001,562,26,8242,1,0
4970,3248,1,2026-02-20,29,1,1001,613,35,8243,1,0
4971,3248,1,2026-02-20,29,1,1001,342,11,8244,1,0
4972,3250,2,2025-09-15,29,23,1058,457,21,8247,1,0
4973,3250,1,2025-09-15,29,16,1058,289,16,8248,1,0
4974,3251,1,2026-01-11,29,23,1093,987,31,8249,1,0
4975,3251,1,2026-01-11,29,18,1093,113,45,8250,1,0
4976,3251,2,2026-01-11,29,6,1093,152,9,8251,1,0
4977,3251,1,2026-01-11,29,24,1093,585,7,8252,1,0
4978,3252,1,2025-08-30,29,18,1210,827,15,8255,1,0
4979,3254,1,2024-04-14,29,1,1048,985,31,8257,1,0
4980,3257,1,2024-11-05,29,30,1140,189,1,8263,1,0
4981,3258,1,2025-09-03,29,15,1009,979,8,8266,1,0
4982,3258,1,2025-09-03,29,21,1009,894,38,8267,1,0
4983,3259,1,2025-01-20,29,31,1198,933,29,8268,1,0
4984,3260,1,2024-02-10,29,15,1014,209,40,8269,1,0
4985,3261,1,2026-06-15,29,28,1062,124,24,8273,1,0
4986,3262,1,2024-03-15,29,31,1005,902,46,8275,1,0
4987,3262,1,2024-03-15,29,10,1005,947,15,8276,1,0
4988,3263,1,2024-07-24,29,1,1223,742,49,8278,1,0
4989,3265,1,2026-06-27,29,31,1158,643,37,8282,1,0
4990,3265,1,2026-06-27,29,22,1158,595,39,8283,1,0
4991,3265,1,2026-06-27,29,7,1158,724,7,8284,1,0
4992,3265,1,2026-06-27,29,1,1158,902,21,8285,1,0
4993,3266,1,2025-04-16,29,31,1123,984,7,8286,1,0
4994,3266,1,2025-04-16,29,1,1123,402,27,8289,1,0
4995,3267,1,2025-12-27,29,6,1027,853,11,8290,1,0
4996,3267,1,2025-12-27,29,5,1027,288,21,8292,1,0
4997,3267,1,2025-12-27,29,16,1027,282,10,8293,1,0
4998,3268,2,2025-06-15,29,18,1060,768,45,8294,1,0
4999,3268,1,2025-06-15,29,31,1060,641,28,8296,1,0
5000,3268,2,2025-06-15,29,6,1060,914,39,8297,1,0
5001,3270,1,2025-07-28,29,4,1079,478,41,8299,1,0
5002,3270,1,2025-07-28,29,4,1079,252,42,8300,1,0
5003,3272,1,2026-04-04,29,6,1226,914,6,8303,1,0
5004,3274,1,2024-12-16,29,10,1113,743,35,8306,1,0
5005,3274,1,2024-12-16,29,17,1113,412,37,8307,1,0
5006,3275,2,2026-05-20,29,14,1008,693,28,8309,1,0
5007,3276,1,2024-11-06,29,12,1145,461,9,8314,1,0
5008,3277,1,2024-10-22,29,19,1006,859,38,8319,1,0
5009,3278,1,2024-04-15,29,31,1007,556,16,8323,1,0
5010,3279,1,2025-03-03,29,27,1083,744,22,8324,1,0
5011,3281,1,2024-02-09,29,2,1048,448,32,8328,1,0
5012,3281,1,2024-02-09,29,28,1048,460,3,8329,1,0
5013,3282,1,2026-03-19,29,17,1141,414,16,8332,1,0
5014,3283,2,2024-07-17,29,25,1024,445,15,8333,1,0
5015,3284,2,2024-10-04,29,7,1030,394,37,8335,1,0
5016,3285,1,2025-07-10,29,13,1033,242,49,8338,1,0
5017,3286,1,2025-07-10,29,18,1030,887,25,8341,1,0
5018,3286,1,2025-07-10,29,18,1030,157,35,8342,1,0
5019,3287,1,2025-11-24,29,31,1064,465,38,8345,1,0
5020,3288,1,2024-12-15,29,21,1212,206,45,8346,1,0
5021,3288,1,2024-12-15,29,10,1212,526,9,8347,1,0
5022,3288,2,2024-12-15,29,1,1212,231,2,8348,1,0
5023,3288,1,2024-12-15,29,23,1212,615,17,8349,1,0
5024,3289,2,2026-04-12,29,1,1015,869,48,8350,1,0
5025,3289,2,2026-04-12,29,3,1015,780,50,8351,1,0
5026,3290,1,2024-11-05,29,22,1081,582,36,8353,1,0
5027,3291,1,2024-05-12,29,3,1032,835,8,8355,1,0
5028,3292,1,2024-02-01,29,27,1005,489,27,8357,1,0
5029,3292,1,2024-02-01,29,22,1005,999,31,8360,1,0
5030,3293,1,2026-04-27,29,26,1061,605,42,8361,1,0
5031,3294,1,2024-07-14,29,27,1036,904,8,8363,1,0
5032,3296,1,2024-04-19,29,29,1013,139,24,8366,1,0
5033,3296,1,2024-04-19,29,21,1013,477,12,8367,1,0
5034,3296,2,2024-04-19,29,17,1013,183,32,8368,1,0
5035,3296,1,2024-04-19,29,10,1013,854,47,8369,1,0
5036,3297,2,2026-05-15,29,7,1153,576,5,8371,1,0
5037,3298,1,2024-06-30,29,1,1014,782,22,8373,1,0
5038,3299,1,2024-09-28,29,13,1015,726,24,8374,1,0
5039,3300,1,2026-06-05,29,4,1057,972,42,8375,1,0
5040,3301,1,2024-04-14,29,11,1001,653,48,8378,1,0
5041,3302,1,2024-12-31,29,15,1030,155,45,8379,1,0
5042,3302,1,2024-12-31,29,20,1030,136,37,8380,1,0
5043,3304,1,2024-09-28,29,9,1100,594,13,8385,1,0
5044,3305,1,2026-01-15,29,17,1096,627,17,8386,1,0
5045,3306,1,2025-07-24,29,15,1001,411,22,8388,1,0
5046,3307,2,2024-02-17,29,2,1091,560,29,8389,1,0
5047,3308,1,2025-02-10,29,1,1186,333,49,8390,1,0
5048,3308,1,2025-02-10,29,17,1186,782,7,8391,1,0
5049,3309,2,2025-08-11,29,16,1025,373,19,8392,1,0
5050,3309,1,2025-08-11,29,14,1025,230,4,8394,1,0
5051,3309,1,2025-08-11,29,18,1025,679,18,8395,1,0
5052,3310,2,2026-06-02,29,19,1012,408,18,8396,1,0
5053,3310,1,2026-06-02,29,8,1012,972,22,8397,1,0
5054,3311,1,2024-12-02,29,15,1104,410,18,8400,1,0
5055,3312,1,2026-06-25,29,20,1001,584,29,8401,1,0
5056,3312,1,2026-06-25,29,21,1001,920,43,8403,1,0
5057,3313,1,2024-09-25,29,8,1215,280,47,8405,1,0
5058,3314,1,2025-03-05,29,1,1007,589,23,8407,1,0
5059,3317,1,2026-04-04,29,12,1156,575,27,8410,1,0
5060,3317,1,2026-04-04,29,20,1156,996,49,8411,1,0
5061,3319,1,2024-08-26,29,18,1025,881,50,8413,1,0
5062,3319,1,2024-08-26,29,13,1025,865,13,8414,1,0
5063,3319,1,2024-08-26,29,18,1025,598,19,8416,1,0
5064,3320,2,2025-06-26,29,18,1001,385,26,8417,1,0
5065,3320,1,2025-06-26,29,27,1001,505,13,8418,1,0
5066,3320,1,2025-06-26,29,21,1001,968,13,8419,1,0
5067,3320,1,2025-06-26,29,26,1001,518,1,8420,1,0
5068,3321,1,2025-07-09,29,11,1214,526,5,8421,1,0
5069,3322,1,2024-09-13,29,30,1006,817,32,8424,1,0
5070,3323,2,2026-05-26,29,11,1113,759,40,8427,1,0
5071,3323,1,2026-05-26,29,21,1113,557,48,8428,1,0
5072,3324,1,2024-06-20,29,4,1126,224,48,8429,1,0
5073,3324,1,2024-06-20,29,17,1126,775,37,8430,1,0
5074,3325,1,2025-10-03,29,16,1013,810,23,8432,1,0
5075,3325,1,2025-10-03,29,4,1013,124,38,8433,1,0
5076,3328,1,2024-01-22,29,27,1061,353,14,8437,1,0
5077,3328,1,2024-01-22,29,30,1061,698,18,8439,1,0
5078,3329,1,2025-11-23,29,16,1006,965,9,8440,1,0
5079,3329,1,2025-11-23,29,19,1006,911,23,8442,1,0
5080,3331,1,2025-05-08,29,3,1027,429,24,8445,1,0
5081,3332,1,2024-04-28,29,7,1003,691,4,8448,1,0
5082,3332,1,2024-04-28,29,10,1003,215,27,8449,1,0
5083,3334,1,2025-03-13,29,28,1002,543,49,8453,1,0
5084,3334,1,2025-03-13,29,31,1002,300,49,8454,1,0
5085,3334,1,2025-03-13,29,7,1002,927,39,8455,1,0
5086,3335,1,2026-01-06,29,30,1008,531,12,8457,1,0
5087,3335,1,2026-01-06,29,4,1008,553,39,8459,1,0
5088,3336,1,2025-11-08,29,2,1007,452,45,8460,1,0
5089,3336,1,2025-11-08,29,11,1007,202,12,8461,1,0
5090,3336,1,2025-11-08,29,18,1007,735,13,8462,1,0
5091,3337,1,2024-10-22,29,26,1076,689,40,8463,1,0
5092,3339,1,2026-05-07,29,6,1178,914,39,8466,1,0
5093,3340,1,2026-06-23,29,17,1186,109,33,8467,1,0
5094,3340,1,2026-06-23,29,25,1186,351,29,8468,1,0
5095,3341,1,2025-01-07,29,31,1178,177,30,8470,1,0
5096,3342,1,2024-10-03,29,27,1014,856,27,8471,1,0
5097,3342,2,2024-10-03,29,29,1014,702,27,8473,1,0
5098,3342,2,2024-10-03,29,26,1014,511,47,8474,1,0
5099,3343,1,2025-06-22,29,14,1059,690,22,8475,1,0
5100,3343,1,2025-06-22,29,24,1059,764,35,8477,1,0
5101,3344,1,2026-01-27,29,19,1012,821,28,8478,1,0
5102,3344,1,2026-01-27,29,28,1012,553,9,8479,1,0
5103,3344,1,2026-01-27,29,29,1012,480,49,8480,1,0
5104,3345,1,2025-09-09,29,2,1009,781,23,8482,1,0
5105,3346,2,2025-12-21,29,13,1008,849,4,8483,1,0
5106,3348,1,2025-12-16,29,21,1052,591,16,8485,1,0
5107,3348,1,2025-12-16,29,15,1052,250,3,8486,1,0
5108,3349,2,2025-02-11,29,4,1015,474,21,8487,1,0
5109,3349,1,2025-02-11,29,17,1015,699,38,8488,1,0
5110,3349,1,2025-02-11,29,1,1015,207,12,8489,1,0
5111,3350,1,2024-09-09,29,15,1013,224,50,8490,1,0
5112,3351,1,2024-07-29,29,30,1009,973,11,8491,1,0
5113,3352,1,2024-04-05,29,25,1012,181,44,8493,1,0
5114,3352,1,2024-04-05,29,20,1012,106,41,8495,1,0
5115,3354,1,2024-03-05,29,15,1021,186,8,8500,1,0
5116,3354,2,2024-03-05,29,29,1021,370,14,8501,1,0
5117,3355,1,2025-01-23,29,24,1007,248,8,8503,1,0
5118,3355,1,2025-01-23,29,8,1007,897,34,8504,1,0
5119,3356,1,2025-04-07,29,4,1001,425,1,8506,1,0
5120,3356,1,2025-04-07,29,1,1001,446,10,8507,1,0
5121,3356,1,2025-04-07,29,1,1001,228,5,8508,1,0
5122,3357,1,2025-09-25,29,30,1125,936,38,8509,1,0
5123,3357,1,2025-09-25,29,17,1125,156,17,8510,1,0
5124,3357,1,2025-09-25,29,1,1125,269,23,8511,1,0
5125,3358,1,2024-03-11,29,27,1011,324,3,8513,1,0
5126,3358,1,2024-03-11,29,14,1011,319,45,8514,1,0
5127,3359,1,2025-03-31,29,11,1015,728,20,8515,1,0
5128,3359,2,2025-03-31,29,14,1015,238,23,8516,1,0
5129,3359,2,2025-03-31,29,14,1015,228,8,8517,1,0
5130,3360,1,2024-04-09,29,5,1002,109,34,8518,1,0
5131,3360,1,2024-04-09,29,24,1002,355,15,8519,1,0
5132,3360,1,2024-04-09,29,6,1002,131,35,8520,1,0
5133,3361,1,2024-03-09,29,30,1029,432,31,8521,1,0
5134,3361,1,2024-03-09,29,27,1029,510,18,8522,1,0
5135,3361,1,2024-03-09,29,21,1029,517,45,8523,1,0
5136,3363,1,2024-03-27,29,21,1051,830,40,8527,1,0
5137,3363,1,2024-03-27,29,10,1051,969,39,8528,1,0
5138,3363,1,2024-03-27,29,20,1051,828,21,8529,1,0
5139,3363,1,2024-03-27,29,30,1051,975,24,8530,1,0
5140,3364,1,2025-02-13,29,10,1057,212,44,8531,1,0
5141,3364,1,2025-02-13,29,1,1057,957,30,8532,1,0
5142,3365,1,2025-05-14,29,25,1004,712,1,8534,1,0
5143,3366,1,2025-07-09,29,17,1013,485,33,8537,1,0
5144,3367,1,2024-06-28,29,5,1025,626,39,8538,1,0
5145,3369,1,2025-02-05,29,25,1026,453,14,8541,1,0
5146,3369,1,2025-02-05,29,19,1026,926,2,8544,1,0
5147,3371,1,2026-03-15,29,31,1030,280,26,8547,1,0
5148,3371,1,2026-03-15,29,3,1030,130,34,8549,1,0
5149,3372,1,2025-03-12,29,15,1062,177,20,8550,1,0
5150,3373,1,2024-10-01,29,1,1014,326,45,8551,1,0
5151,3374,1,2025-10-09,29,31,1014,498,20,8552,1,0
5152,3375,1,2024-09-27,29,16,1008,625,13,8553,1,0
5153,3376,1,2026-04-09,29,18,1126,633,3,8554,1,0
5154,3376,1,2026-04-09,29,5,1126,758,16,8555,1,0
5155,3376,1,2026-04-09,29,12,1126,396,14,8556,1,0
5156,3376,1,2026-04-09,29,23,1126,418,29,8557,1,0
5157,3377,2,2025-02-06,29,12,1006,978,19,8558,1,0
5158,3379,1,2024-04-16,29,10,1230,932,3,8562,1,0
5159,3380,2,2025-06-13,29,10,1132,192,45,8566,1,0
5160,3381,1,2024-07-28,29,14,1015,547,9,8567,1,0
5161,3381,1,2024-07-28,29,25,1015,202,12,8568,1,0
5162,3381,1,2024-07-28,29,22,1015,566,50,8569,1,0
5163,3382,1,2026-06-20,29,6,1199,346,44,8570,1,0
5164,3382,1,2026-06-20,29,27,1199,421,8,8572,1,0
5165,3382,1,2026-06-20,29,18,1199,947,29,8573,1,0
5166,3383,1,2025-08-11,29,1,1045,559,14,8574,1,0
5167,3384,1,2024-12-30,29,6,1005,227,31,8576,1,0
5168,3385,1,2025-02-28,29,28,1028,975,14,8578,1,0
5169,3385,1,2025-02-28,29,7,1028,176,18,8579,1,0
5170,3385,1,2025-02-28,29,9,1028,432,12,8580,1,0
5171,3386,1,2026-06-14,29,16,1098,887,40,8582,1,0
5172,3386,2,2026-06-14,29,23,1098,101,10,8583,1,0
5173,3386,1,2026-06-14,29,7,1098,404,32,8584,1,0
5174,3388,2,2024-04-10,29,29,1071,306,1,8587,1,0
5175,3388,1,2024-04-10,29,14,1071,159,49,8588,1,0
5176,3388,1,2024-04-10,29,31,1071,461,47,8590,1,0
5177,3389,1,2025-05-17,29,14,1054,590,2,8593,1,0
5178,3390,1,2025-06-13,29,30,1179,330,28,8595,1,0
5179,3391,1,2024-05-12,29,12,1060,304,40,8598,1,0
5180,3392,1,2025-11-04,29,31,1009,816,26,8601,1,0
5181,3392,1,2025-11-04,29,6,1009,770,19,8603,1,0
5182,3393,1,2025-01-03,29,6,1069,842,3,8604,1,0
5183,3394,1,2025-04-15,29,27,1032,879,19,8608,1,0
5184,3394,1,2025-04-15,29,20,1032,109,48,8609,1,0
5185,3396,1,2024-06-30,29,10,1013,646,47,8612,1,0
5186,3396,1,2024-06-30,29,22,1013,316,36,8613,1,0
5187,3397,1,2026-04-21,29,1,1004,185,10,8614,1,0
5188,3397,1,2026-04-21,29,28,1004,407,16,8616,1,0
5189,3398,1,2026-06-22,29,10,1016,649,40,8619,1,0
5190,3400,1,2025-07-20,29,20,1193,101,35,8622,1,0
5191,3400,1,2025-07-20,29,21,1193,910,33,8623,1,0
5192,3401,1,2025-02-23,29,26,1011,738,42,8625,1,0
5193,3402,1,2025-06-23,29,16,1049,484,37,8626,1,0
5194,3402,1,2025-06-23,29,24,1049,991,45,8627,1,0
5195,3403,1,2024-04-04,29,12,1037,953,40,8628,1,0
5196,3403,1,2024-04-04,29,31,1037,562,42,8629,1,0
5197,3404,1,2026-05-29,29,4,1015,559,30,8630,1,0
5198,3404,2,2026-05-29,29,15,1015,521,29,8632,1,0
5199,3404,1,2026-05-29,29,25,1015,833,34,8633,1,0
5200,3405,1,2026-05-04,29,1,1003,606,1,8634,1,0
5201,3405,1,2026-05-04,29,9,1003,346,43,8636,1,0
5202,3406,1,2025-12-18,29,31,1015,968,2,8637,1,0
5203,3406,1,2025-12-18,29,14,1015,467,16,8638,1,0
5204,3408,1,2024-03-05,29,26,1012,806,46,8640,1,0
5205,3409,1,2024-01-07,29,1,1070,960,43,8641,1,0
5206,3410,1,2025-05-15,29,5,1006,824,38,8646,1,0
5207,3411,1,2024-12-26,29,28,1007,136,48,8647,1,0
5208,3412,2,2024-11-06,29,25,1082,626,42,8648,1,0
5209,3413,1,2024-03-04,29,18,1010,720,46,8650,1,0
5210,3413,2,2024-03-04,29,27,1010,325,36,8651,1,0
5211,3414,1,2024-12-29,29,28,1090,807,33,8652,1,0
5212,3417,1,2025-07-09,29,24,1166,180,25,8656,1,0
5213,3417,1,2025-07-09,29,12,1166,624,44,8658,1,0
5214,3418,2,2024-09-09,29,1,1050,519,15,8659,1,0
5215,3418,1,2024-09-09,29,5,1050,407,10,8660,1,0
5216,3418,1,2024-09-09,29,28,1050,451,48,8662,1,0
5217,3419,1,2024-03-09,29,9,1001,487,36,8663,1,0
5218,3420,1,2024-02-08,29,2,1035,231,38,8664,1,0
5219,3422,1,2024-06-22,29,7,1001,853,40,8667,1,0
5220,3427,1,2025-08-24,29,5,1008,878,22,8674,1,0
5221,3428,1,2025-06-24,29,11,1015,951,22,8677,1,0
5222,3429,1,2026-06-25,29,17,1145,161,27,8680,1,0
5223,3429,1,2026-06-25,29,21,1145,437,25,8682,1,0
5224,3430,1,2024-09-29,29,27,1112,947,15,8683,1,0
5225,3430,1,2024-09-29,29,20,1112,216,37,8684,1,0
5226,3431,1,2026-01-25,29,3,1008,958,50,8689,1,0
5227,3432,2,2024-06-03,29,25,1159,202,11,8692,1,0
5228,3432,1,2024-06-03,29,28,1159,619,27,8693,1,0
5229,3433,1,2026-02-14,29,5,1010,358,9,8694,1,0
5230,3433,1,2026-02-14,29,13,1010,507,33,8695,1,0
5231,3434,1,2026-02-22,29,5,1072,324,26,8698,1,0
5232,3435,1,2024-10-13,29,29,1002,427,30,8700,1,0
5233,3435,1,2024-10-13,29,31,1002,581,40,8702,1,0
5234,3435,1,2024-10-13,29,7,1002,356,19,8703,1,0
5235,3436,1,2024-05-29,29,27,1006,462,8,8704,1,0
5236,3437,1,2026-05-20,29,3,1013,339,45,8705,1,0
5237,3437,1,2026-05-20,29,16,1013,887,9,8707,1,0
5238,3438,1,2025-11-04,29,8,1045,593,48,8709,1,0
5239,3438,1,2025-11-04,29,23,1045,218,36,8710,1,0
5240,3439,1,2024-01-11,29,21,1003,275,36,8712,1,0
5241,3439,1,2024-01-11,29,22,1003,514,23,8713,1,0
5242,3440,1,2025-10-20,29,7,1027,821,19,8715,1,0
5243,3441,2,2024-06-07,29,16,1014,714,27,8717,1,0
5244,3441,1,2024-06-07,29,9,1014,687,22,8718,1,0
5245,3442,1,2025-07-09,29,26,1185,310,5,8721,1,0
5246,3443,1,2025-05-12,29,10,1050,333,29,8722,1,0
5247,3443,1,2025-05-12,29,22,1050,786,36,8723,1,0
5248,3444,1,2025-07-28,29,29,1041,671,27,8724,1,0
5249,3444,2,2025-07-28,29,6,1041,611,21,8725,1,0
5250,3444,1,2025-07-28,29,23,1041,303,6,8726,1,0
5251,3446,1,2025-07-20,29,31,1125,542,17,8730,1,0
5252,3446,1,2025-07-20,29,4,1125,887,10,8731,1,0
5253,3450,1,2026-04-19,29,2,1012,147,27,8738,1,0
5254,3450,1,2026-04-19,29,5,1012,184,10,8740,1,0
5255,3452,1,2025-01-16,29,11,1047,951,50,8743,1,0
5256,3453,1,2024-10-08,29,14,1139,849,5,8744,1,0
5257,3454,1,2025-01-31,29,22,1040,852,31,8745,1,0
5258,3454,1,2025-01-31,29,18,1040,701,49,8746,1,0
5259,3455,2,2024-10-16,29,19,1119,338,6,8748,1,0
5260,3455,1,2024-10-16,29,15,1119,604,43,8749,1,0
5261,3455,1,2024-10-16,29,28,1119,592,46,8751,1,0
5262,3456,1,2024-11-21,29,13,1028,881,46,8752,1,0
5263,3456,1,2024-11-21,29,8,1028,343,14,8753,1,0
5264,3457,1,2025-06-23,29,15,1015,493,32,8754,1,0
5265,3458,1,2025-09-19,29,27,1038,907,15,8757,1,0
5266,3458,1,2025-09-19,29,30,1038,178,3,8758,1,0
5267,3459,1,2025-03-17,29,1,1058,484,28,8759,1,0
5268,3459,1,2025-03-17,29,26,1058,970,47,8760,1,0
5269,3459,1,2025-03-17,29,28,1058,901,41,8761,1,0
5270,3460,2,2025-02-02,29,9,1005,226,18,8762,1,0
5271,3460,1,2025-02-02,29,10,1005,382,8,8763,1,0
5272,3460,1,2025-02-02,29,20,1005,351,4,8764,1,0
5273,3460,1,2025-02-02,29,30,1005,208,23,8765,1,0
5274,3461,1,2025-02-02,29,28,1010,567,35,8767,1,0
5275,3461,1,2025-02-02,29,6,1010,268,48,8768,1,0
5276,3462,1,2025-04-21,29,25,1014,919,27,8769,1,0
5277,3462,1,2025-04-21,29,22,1014,562,20,8771,1,0
5278,3463,1,2025-02-05,29,2,1167,595,27,8773,1,0
5279,3463,1,2025-02-05,29,19,1167,169,14,8774,1,0
5280,3464,1,2025-04-07,29,21,1040,493,10,8776,1,0
5281,3466,1,2024-08-23,29,20,1226,498,12,8781,1,0
5282,3468,1,2026-05-15,29,25,1010,698,32,8783,1,0
5283,3469,1,2026-04-28,29,17,1029,677,18,8786,1,0
5284,3470,1,2026-05-26,29,17,1009,728,44,8788,1,0
5285,3471,1,2024-12-31,29,6,1032,813,44,8790,1,0
5286,3472,1,2025-12-05,29,4,1011,512,35,8791,1,0
5287,3472,1,2025-12-05,29,10,1011,884,9,8793,1,0
5288,3473,1,2024-02-19,29,28,1011,846,42,8796,1,0
5289,3474,1,2026-03-12,29,7,1011,399,40,8797,1,0
5290,3475,1,2024-09-16,29,17,1015,574,36,8799,1,0
5291,3475,1,2024-09-16,29,3,1015,284,46,8800,1,0
5292,3476,1,2026-01-01,29,3,1147,648,49,8803,1,0
5293,3477,1,2024-11-23,29,31,1136,782,46,8805,1,0
5294,3477,1,2024-11-23,29,11,1136,982,23,8807,1,0
5295,3478,1,2024-08-11,29,17,1001,914,16,8809,1,0
5296,3478,1,2024-08-11,29,20,1001,936,42,8810,1,0
5297,3479,1,2025-09-30,29,30,1007,169,21,8812,1,0
5298,3479,1,2025-09-30,29,13,1007,240,28,8813,1,0
5299,3480,1,2025-07-22,29,28,1103,530,37,8814,1,0
5300,3481,1,2024-07-27,29,9,1223,276,38,8815,1,0
5301,3481,1,2024-07-27,29,4,1223,809,48,8817,1,0
5302,3483,2,2025-03-08,29,25,1014,294,20,8819,1,0
5303,3483,1,2025-03-08,29,11,1014,992,48,8820,1,0
5304,3484,2,2025-03-14,29,17,1012,905,38,8822,1,0
5305,3484,1,2025-03-14,29,7,1012,545,26,8823,1,0
5306,3485,1,2024-01-19,29,6,1031,550,12,8824,1,0
5307,3485,1,2024-01-19,29,3,1031,574,7,8825,1,0
5308,3485,1,2024-01-19,29,11,1031,169,25,8826,1,0
5309,3485,1,2024-01-19,29,26,1031,872,35,8827,1,0
5310,3486,1,2025-07-22,29,27,1003,831,28,8829,1,0
5311,3486,1,2025-07-22,29,20,1003,947,11,8830,1,0
5312,3487,1,2026-01-24,29,15,1130,476,14,8832,1,0
5313,3489,1,2026-04-05,29,7,1016,725,19,8834,1,0
5314,3489,1,2026-04-05,29,7,1016,763,27,8835,1,0
5315,3489,1,2026-04-05,29,1,1016,134,3,8837,1,0
5316,3490,1,2025-11-28,29,14,1039,141,37,8838,1,0
5317,3491,1,2025-08-20,29,28,1154,802,43,8840,1,0
5318,3491,1,2025-08-20,29,31,1154,828,19,8841,1,0
5319,3491,1,2025-08-20,29,31,1154,886,3,8842,1,0
5320,3491,1,2025-08-20,29,8,1154,801,12,8843,1,0
5321,3492,2,2024-10-08,29,23,1168,189,50,8844,1,0
5322,3495,1,2024-11-12,29,5,1029,616,3,8849,1,0
5323,3495,1,2024-11-12,29,20,1029,411,1,8850,1,0
5324,3495,1,2024-11-12,29,16,1029,373,32,8851,1,0
5325,3496,1,2024-09-02,29,4,1051,529,47,8852,1,0
5326,3497,1,2026-03-25,29,10,1012,571,38,8856,1,0
5327,3498,1,2025-10-02,29,26,1005,369,14,8858,1,0
5328,3499,1,2026-01-31,29,22,1003,765,13,8859,1,0
5329,3500,1,2024-04-07,29,8,1062,482,45,8860,1,0
5330,3500,1,2024-04-07,29,30,1062,329,28,8861,1,0
5331,3503,1,2024-06-22,29,23,1125,915,44,8867,1,0
5332,3505,1,2024-04-07,29,12,1025,359,7,8871,1,0
5333,3507,1,2025-05-25,29,7,1029,336,42,8874,1,0
5334,3507,1,2025-05-25,29,1,1029,157,19,8875,1,0
5335,3508,1,2026-02-20,29,25,1056,117,26,8877,1,0
5336,3508,1,2026-02-20,29,31,1056,178,35,8878,1,0
5337,3508,1,2026-02-20,29,27,1056,746,40,8880,1,0
5338,3509,1,2026-03-25,29,4,1002,463,50,8883,1,0
5339,3509,1,2026-03-25,29,11,1002,165,35,8884,1,0
5340,3510,1,2024-04-05,29,15,1027,595,3,8885,1,0
5341,3512,1,2026-02-19,29,1,1161,148,2,8889,1,0
5342,3512,1,2026-02-19,29,20,1161,765,42,8890,1,0
5343,3516,1,2024-07-30,29,5,1004,165,2,8896,1,0
5344,3516,2,2024-07-30,29,20,1004,914,2,8897,1,0
5345,3516,1,2024-07-30,29,2,1004,281,12,8899,1,0
5346,3517,1,2025-07-20,29,5,1113,214,20,8901,1,0
5347,3517,1,2025-07-20,29,8,1113,975,45,8902,1,0
5348,3519,1,2025-08-14,29,5,1114,877,33,8904,1,0
5349,3520,1,2025-08-07,29,19,1035,647,42,8905,1,0
5350,3520,1,2025-08-07,29,9,1035,273,18,8906,1,0
5351,3520,1,2025-08-07,29,11,1035,344,20,8907,1,0
5352,3521,1,2026-05-14,29,13,1061,936,1,8910,1,0
5353,3521,1,2026-05-14,29,19,1061,921,25,8911,1,0
5354,3523,1,2024-12-17,29,6,1135,517,7,8913,1,0
5355,3525,2,2025-10-03,29,19,1146,638,35,8915,1,0
5356,3525,1,2025-10-03,29,7,1146,755,45,8916,1,0
5357,3525,1,2025-10-03,29,13,1146,782,5,8917,1,0
5358,3525,1,2025-10-03,29,19,1146,374,1,8918,1,0
5359,3526,1,2026-05-16,29,8,1027,120,37,8920,1,0
5360,3526,1,2026-05-16,29,31,1027,814,41,8922,1,0
5361,3527,1,2026-04-23,29,30,1187,848,43,8924,1,0
5362,3527,1,2026-04-23,29,8,1187,739,40,8925,1,0
5363,3527,1,2026-04-23,29,25,1187,342,7,8926,1,0
5364,3528,1,2026-01-05,29,27,1013,598,12,8927,1,0
5365,3528,1,2026-01-05,29,10,1013,590,9,8929,1,0
5366,3529,1,2025-10-31,29,19,1003,287,32,8930,1,0
5367,3529,1,2025-10-31,29,8,1003,626,47,8931,1,0
5368,3530,1,2025-06-03,29,24,1093,786,15,8934,1,0
5369,3532,1,2025-07-20,29,26,1004,970,7,8936,1,0
5370,3532,1,2025-07-20,29,6,1004,639,49,8937,1,0
5371,3532,1,2025-07-20,29,30,1004,944,40,8938,1,0
5372,3532,1,2025-07-20,29,27,1004,576,40,8939,1,0
5373,3533,1,2026-04-30,29,25,1008,611,27,8940,1,0
5374,3534,1,2025-06-27,29,25,1001,880,49,8942,1,0
5375,3534,1,2025-06-27,29,8,1001,589,18,8943,1,0
5376,3535,1,2024-07-12,29,4,1055,177,13,8947,1,0
5377,3536,1,2026-01-03,29,27,1012,894,37,8949,1,0
5378,3536,1,2026-01-03,29,13,1012,285,33,8950,1,0
5379,3537,1,2024-06-10,29,22,1010,894,29,8953,1,0
5380,3537,1,2024-06-10,29,17,1010,271,36,8954,1,0
5381,3539,1,2024-01-16,29,29,1012,719,44,8959,1,0
5382,3540,1,2025-09-11,29,8,1029,941,40,8963,1,0
5383,3541,1,2024-02-16,29,25,1190,783,42,8965,1,0
5384,3541,1,2024-02-16,29,12,1190,372,11,8966,1,0
5385,3542,1,2024-06-04,29,29,1140,248,49,8967,1,0
5386,3542,1,2024-06-04,29,17,1140,844,2,8969,1,0
5387,3543,1,2025-12-20,29,10,1029,486,33,8971,1,0
5388,3544,1,2026-06-13,29,18,1007,903,8,8972,1,0
5389,3545,1,2024-11-20,29,9,1164,720,44,8973,1,0
5390,3545,2,2024-11-20,29,10,1164,922,19,8975,1,0
5391,3546,1,2025-05-09,29,7,1027,944,20,8976,1,0
5392,3546,1,2025-05-09,29,15,1027,500,5,8977,1,0
5393,3546,1,2025-05-09,29,7,1027,590,15,8978,1,0
5394,3547,1,2026-05-06,29,26,1060,579,4,8980,1,0
5395,3549,1,2024-02-19,29,7,1009,790,5,8985,1,0
5396,3549,1,2024-02-19,29,23,1009,244,35,8986,1,0
5397,3550,1,2024-09-18,29,25,1065,309,25,8988,1,0
5398,3551,1,2025-12-16,29,31,1010,472,22,8990,1,0
5399,3551,2,2025-12-16,29,18,1010,234,40,8991,1,0
5400,3551,1,2025-12-16,29,23,1010,335,21,8992,1,0
5401,3553,1,2024-05-28,29,3,1031,613,50,8995,1,0
5402,3554,1,2025-09-16,29,28,1005,625,10,8997,1,0
5403,3554,2,2025-09-16,29,13,1005,709,34,8998,1,0
5404,3555,1,2024-06-27,29,16,1003,201,42,9001,1,0
5405,3555,1,2024-06-27,29,30,1003,253,40,9003,1,0
5406,3556,1,2025-03-10,29,30,1199,360,46,9005,1,0
5407,3557,1,2025-05-17,29,17,1076,419,4,9006,1,0
5408,3557,1,2025-05-17,29,6,1076,203,17,9007,1,0
5409,3558,1,2025-01-05,29,26,1006,534,23,9008,1,0
5410,3558,1,2025-01-05,29,24,1006,729,44,9009,1,0
5411,3559,1,2025-11-23,29,30,1139,990,9,9011,1,0
5412,3559,1,2025-11-23,29,16,1139,451,26,9012,1,0
5413,3560,1,2025-11-15,29,26,1007,228,25,9013,1,0
5414,3561,1,2026-03-18,29,9,1100,412,47,9014,1,0
5415,3562,1,2024-03-23,29,29,1064,252,28,9016,1,0
5416,3562,1,2024-03-23,29,12,1064,732,27,9017,1,0
5417,3563,1,2025-12-26,29,28,1083,249,20,9018,1,0
5418,3563,1,2025-12-26,29,29,1083,852,24,9019,1,0
5419,3563,1,2025-12-26,29,13,1083,707,4,9020,1,0
5420,3564,1,2024-05-14,29,19,1014,287,15,9023,1,0
5421,3565,1,2025-07-04,29,29,1084,384,5,9024,1,0
5422,3566,1,2024-02-02,29,14,1001,651,19,9026,1,0
5423,3567,1,2025-08-03,29,18,1030,725,12,9028,1,0
5424,3568,1,2026-06-04,29,11,1230,691,47,9031,1,0
5425,3568,1,2026-06-04,29,22,1230,213,27,9032,1,0
5426,3569,1,2024-11-16,29,9,1006,960,20,9034,1,0
5427,3571,1,2026-05-17,29,14,1066,846,24,9037,1,0
5428,3572,2,2024-03-07,29,16,1111,112,9,9039,1,0
5429,3572,1,2024-03-07,29,10,1111,564,17,9040,1,0
5430,3573,1,2024-04-30,29,4,1086,754,28,9043,1,0
5431,3576,1,2026-06-30,29,8,1056,405,7,9049,1,0
5432,3578,1,2025-12-20,29,27,1025,601,3,9055,1,0
5433,3578,2,2025-12-20,29,26,1025,215,2,9056,1,0
5434,3578,1,2025-12-20,29,17,1025,536,21,9057,1,0
5435,3578,1,2025-12-20,29,7,1025,277,16,9058,1,0
5436,3579,1,2024-01-18,29,14,1162,304,24,9061,1,0
5437,3580,1,2024-12-06,29,16,1070,259,33,9063,1,0
5438,3580,1,2024-12-06,29,4,1070,892,36,9065,1,0
5439,3582,1,2024-09-16,29,1,1086,496,27,9070,1,0
5440,3583,1,2025-05-24,29,29,1123,804,33,9071,1,0
5441,3585,1,2025-05-04,29,17,1005,344,39,9076,1,0
5442,3585,1,2025-05-04,29,23,1005,151,10,9078,1,0
5443,3585,1,2025-05-04,29,13,1005,487,9,9079,1,0
5444,3586,1,2024-01-04,29,3,1030,534,43,9080,1,0
5445,3587,2,2025-12-15,29,15,1025,260,38,9081,1,0
5446,3588,1,2026-03-29,29,17,1004,194,43,9082,1,0
5447,3591,1,2025-03-25,29,9,1055,613,8,9087,1,0
5448,3591,1,2025-03-25,29,8,1055,542,42,9088,1,0
5449,3592,1,2025-11-21,29,7,1008,433,41,9090,1,0
5450,3592,2,2025-11-21,29,7,1008,923,44,9092,1,0
5451,3593,2,2025-11-11,29,20,1010,415,6,9093,1,0
5452,3593,1,2025-11-11,29,1,1010,582,25,9094,1,0
5453,3593,1,2025-11-11,29,30,1010,804,28,9095,1,0
5454,3593,1,2025-11-11,29,30,1010,643,6,9096,1,0
5455,3594,1,2024-08-05,29,12,1028,769,20,9097,1,0
5456,3594,1,2024-08-05,29,17,1028,797,35,9098,1,0
5457,3594,2,2024-08-05,29,30,1028,146,40,9099,1,0
5458,3595,1,2024-06-21,29,1,1010,426,32,9100,1,0
5459,3596,1,2026-05-05,29,2,1004,667,34,9101,1,0
5460,3597,1,2026-03-26,29,16,1057,564,22,9102,1,0
5461,3597,1,2026-03-26,29,2,1057,841,25,9105,1,0
5462,3598,1,2024-01-26,29,8,1221,661,31,9106,1,0
5463,3599,1,2025-05-14,29,12,1005,929,35,9108,1,0
5464,3599,1,2025-05-14,29,20,1005,203,18,9110,1,0
5465,3601,1,2024-04-03,29,5,1029,196,50,9113,1,0
5466,3601,1,2024-04-03,29,30,1029,676,11,9115,1,0
5467,3603,1,2024-02-09,29,8,1165,463,43,9119,1,0
5468,3603,1,2024-02-09,29,2,1165,832,38,9120,1,0
5469,3603,1,2024-02-09,29,1,1165,410,10,9121,1,0
5470,3604,1,2025-02-01,29,25,1161,988,26,9122,1,0
5471,3605,1,2026-06-07,29,29,1013,766,24,9123,1,0
5472,3605,1,2026-06-07,29,19,1013,743,17,9124,1,0
5473,3605,1,2026-06-07,29,2,1013,987,40,9125,1,0
5474,3606,1,2026-01-18,29,9,1044,577,37,9127,1,0
5475,3607,1,2024-03-04,29,23,1155,818,37,9129,1,0
5476,3607,1,2024-03-04,29,25,1155,982,19,9130,1,0
5477,3608,1,2026-04-26,29,21,1003,807,24,9132,1,0
5478,3608,1,2026-04-26,29,4,1003,491,33,9133,1,0
5479,3608,1,2026-04-26,29,7,1003,438,3,9134,1,0
5480,3609,1,2024-04-26,29,12,1003,405,11,9135,1,0
5481,3609,1,2024-04-26,29,20,1003,820,37,9137,1,0
5482,3609,1,2024-04-26,29,14,1003,650,11,9138,1,0
5483,3610,1,2026-03-31,29,6,1075,315,32,9139,1,0
5484,3611,1,2025-12-14,29,1,1005,675,12,9141,1,0
5485,3611,1,2025-12-14,29,21,1005,646,16,9142,1,0
5486,3611,1,2025-12-14,29,28,1005,973,17,9143,1,0
5487,3612,1,2024-03-14,29,4,1014,442,24,9144,1,0
5488,3612,1,2024-03-14,29,27,1014,754,49,9145,1,0
5489,3613,1,2025-06-03,29,17,1055,556,29,9148,1,0
5490,3614,1,2025-10-27,29,22,1008,919,45,9151,1,0
5491,3616,1,2025-10-18,29,15,1008,373,49,9157,1,0
5492,3617,1,2025-11-09,29,6,1046,184,22,9159,1,0
5493,3618,1,2025-01-13,29,31,1181,549,43,9160,1,0
5494,3619,1,2025-07-20,29,16,1003,265,15,9162,1,0
5495,3620,1,2026-06-13,29,29,1009,604,23,9165,1,0
5496,3620,1,2026-06-13,29,6,1009,684,33,9166,1,0
5497,3620,2,2026-06-13,29,16,1009,907,27,9167,1,0
5498,3620,1,2026-06-13,29,5,1009,468,48,9168,1,0
5499,3621,1,2025-12-06,29,22,1067,634,25,9169,1,0
5500,3623,1,2024-02-25,29,19,1002,212,28,9172,1,0
5501,3623,1,2024-02-25,29,28,1002,116,40,9173,1,0
5502,3623,1,2024-02-25,29,18,1002,899,10,9174,1,0
5503,3624,2,2025-09-11,29,1,1170,133,47,9175,1,0
5504,3625,1,2024-10-08,29,7,1007,843,15,9178,1,0
5505,3627,1,2025-11-21,29,13,1002,269,32,9182,1,0
5506,3628,1,2024-06-20,29,10,1010,604,13,9184,1,0
5507,3630,1,2024-10-30,29,4,1008,117,25,9186,1,0
5508,3630,1,2024-10-30,29,3,1008,727,35,9187,1,0
5509,3632,1,2025-11-02,29,13,1187,898,13,9192,1,0
5510,3632,1,2025-11-02,29,26,1187,967,7,9193,1,0
5511,3633,1,2026-02-03,29,25,1004,534,39,9194,1,0
5512,3633,1,2026-02-03,29,30,1004,119,18,9195,1,0
5513,3634,1,2026-01-06,29,26,1226,122,50,9196,1,0
5514,3635,1,2025-08-04,29,2,1033,952,50,9198,1,0
5515,3636,1,2026-01-25,29,27,1118,397,38,9201,1,0
5516,3636,1,2026-01-25,29,5,1118,381,20,9202,1,0
5517,3637,2,2024-04-16,29,2,1175,826,42,9203,1,0
5518,3637,1,2024-04-16,29,13,1175,950,40,9204,1,0
5519,3637,1,2024-04-16,29,15,1175,926,1,9205,1,0
5520,3638,2,2025-03-03,29,14,1124,403,14,9207,1,0
5521,3638,1,2025-03-03,29,16,1124,219,11,9208,1,0
5522,3639,1,2026-01-14,29,6,1009,283,14,9210,1,0
5523,3640,2,2025-05-18,29,14,1142,579,39,9212,1,0
5524,3641,1,2025-02-08,29,13,1021,649,28,9214,1,0
5525,3642,1,2025-06-22,29,16,1011,794,26,9215,1,0
5526,3642,2,2025-06-22,29,13,1011,987,22,9217,1,0
5527,3645,1,2024-09-16,29,22,1101,423,16,9222,1,0
5528,3645,1,2024-09-16,29,23,1101,735,46,9223,1,0
5529,3646,1,2026-01-19,29,14,1002,721,35,9224,1,0
5530,3646,1,2026-01-19,29,24,1002,566,16,9225,1,0
5531,3646,1,2026-01-19,29,31,1002,486,2,9226,1,0
5532,3646,1,2026-01-19,29,1,1002,320,19,9227,1,0
5533,3647,1,2025-06-01,29,23,1061,491,29,9228,1,0
5534,3647,1,2025-06-01,29,21,1061,873,7,9229,1,0
5535,3647,1,2025-06-01,29,8,1061,641,22,9231,1,0
5536,3648,1,2025-01-16,29,17,1002,675,30,9232,1,0
5537,3648,1,2025-01-16,29,20,1002,753,10,9233,1,0
5538,3650,1,2024-11-30,29,12,1005,203,1,9238,1,0
5539,3652,1,2024-06-12,29,14,1015,730,46,9240,1,0
5540,3653,1,2024-10-04,29,12,1203,172,50,9243,1,0
5541,3653,1,2024-10-04,29,27,1203,995,16,9245,1,0
5542,3653,1,2024-10-04,29,13,1203,276,48,9246,1,0
5543,3654,1,2024-06-25,29,8,1018,508,6,9248,1,0
5544,3655,1,2024-05-01,29,24,1034,245,47,9250,1,0
5545,3656,1,2025-10-05,29,16,1005,301,18,9253,1,0
5546,3656,1,2025-10-05,29,13,1005,442,50,9255,1,0
5547,3657,1,2026-05-01,29,15,1004,637,28,9256,1,0
5548,3657,1,2026-05-01,29,30,1004,411,37,9257,1,0
5549,3657,2,2026-05-01,29,2,1004,167,38,9258,1,0
5550,3658,1,2024-02-04,29,9,1005,357,30,9259,1,0
5551,3658,1,2024-02-04,29,24,1005,646,38,9260,1,0
5552,3659,1,2026-02-08,29,6,1076,260,27,9262,1,0
5553,3662,1,2025-07-27,29,8,1032,715,22,9268,1,0
5554,3663,1,2025-01-28,29,7,1012,804,16,9270,1,0
5555,3664,1,2024-11-14,29,8,1024,290,23,9271,1,0
5556,3664,1,2024-11-14,29,8,1024,525,22,9272,1,0
5557,3667,2,2026-06-27,29,16,1089,635,13,9278,1,0
5558,3668,1,2025-02-27,29,5,1059,460,25,9279,1,0
5559,3668,1,2025-02-27,29,31,1059,435,26,9280,1,0
5560,3668,1,2025-02-27,29,7,1059,220,46,9281,1,0
5561,3670,1,2024-08-02,29,16,1028,859,19,9285,1,0
5562,3671,1,2026-06-01,29,21,1153,692,5,9288,1,0
5563,3672,1,2024-09-07,29,28,1126,220,14,9289,1,0
5564,3674,1,2025-06-20,29,25,1031,552,42,9294,1,0
5565,3675,1,2024-10-16,29,19,1015,199,8,9296,1,0
5566,3675,1,2024-10-16,29,3,1015,925,45,9297,1,0
5567,3676,1,2026-02-20,29,3,1007,516,42,9298,1,0
5568,3677,1,2025-04-28,29,19,1004,695,14,9299,1,0
5569,3678,1,2024-10-31,29,10,1015,629,32,9300,1,0
5570,3678,1,2024-10-31,29,28,1015,248,8,9301,1,0
5571,3678,1,2024-10-31,29,4,1015,340,3,9303,1,0
5572,3679,1,2025-11-25,29,8,1054,704,40,9304,1,0
5573,3679,1,2025-11-25,29,16,1054,645,23,9306,1,0
5574,3680,2,2026-02-09,29,15,1002,922,40,9309,1,0
5575,3681,1,2026-02-20,29,11,1008,587,41,9311,1,0
5576,3682,1,2025-08-13,29,28,1054,497,47,9312,1,0
5577,3682,1,2025-08-13,29,30,1054,355,13,9313,1,0
5578,3683,1,2024-11-10,29,21,1066,735,39,9315,1,0
5579,3684,1,2024-01-08,29,21,1027,685,20,9316,1,0
5580,3685,1,2026-01-21,29,24,1007,324,31,9319,1,0
5581,3685,1,2026-01-21,29,9,1007,585,12,9320,1,0
5582,3686,1,2024-11-20,29,15,1216,988,16,9322,1,0
5583,3687,1,2024-04-21,29,15,1040,754,22,9324,1,0
5584,3687,1,2024-04-21,29,27,1040,216,39,9327,1,0
5585,3688,1,2026-03-30,29,13,1008,867,31,9328,1,0
5586,3690,1,2024-05-31,29,13,1143,479,30,9334,1,0
5587,3691,1,2026-06-14,29,12,1004,438,11,9337,1,0
5588,3692,1,2024-09-01,29,4,1141,964,2,9339,1,0
5589,3694,1,2026-05-15,29,2,1011,325,14,9341,1,0
5590,3695,1,2026-03-15,29,3,1001,556,22,9345,1,0
5591,3697,1,2025-11-16,29,9,1154,182,41,9351,1,0
5592,3698,1,2025-09-26,29,26,1004,672,20,9353,1,0
5593,3698,1,2025-09-26,29,9,1004,260,37,9354,1,0
5594,3698,1,2025-09-26,29,9,1004,679,8,9355,1,0
5595,3700,1,2025-02-19,29,21,1155,738,11,9357,1,0
5596,3700,1,2025-02-19,29,27,1155,500,25,9358,1,0
5597,3701,1,2025-11-04,29,19,1020,467,5,9360,1,0
5598,3702,1,2026-03-20,29,25,1057,597,30,9361,1,0
5599,3704,2,2025-01-11,29,20,1003,401,20,9366,1,0
5600,3704,1,2025-01-11,29,26,1003,765,37,9367,1,0
5601,3705,2,2026-05-13,29,5,1042,673,23,9368,1,0
5602,3705,1,2026-05-13,29,11,1042,278,20,9369,1,0
5603,3706,2,2024-03-11,29,20,1031,278,41,9370,1,0
5604,3707,1,2024-11-30,29,25,1002,519,36,9371,1,0
5605,3708,1,2026-05-30,29,23,1007,543,10,9375,1,0
5606,3709,1,2024-12-17,29,5,1032,476,41,9377,1,0
5607,3709,1,2024-12-17,29,26,1032,942,27,9378,1,0
5608,3710,1,2024-06-14,29,26,1030,767,48,9381,1,0
5609,3710,1,2024-06-14,29,4,1030,496,44,9382,1,0
5610,3710,1,2024-06-14,29,24,1030,930,39,9383,1,0
5611,3711,1,2026-03-23,29,22,1005,874,31,9384,1,0
5612,3713,1,2025-02-27,29,11,1011,174,30,9388,1,0
5613,3713,1,2025-02-27,29,15,1011,443,8,9389,1,0
5614,3713,1,2025-02-27,29,13,1011,286,38,9391,1,0
5615,3714,2,2025-10-19,29,19,1076,846,3,9392,1,0
5616,3715,1,2024-03-20,29,23,1201,307,13,9393,1,0
5617,3715,1,2024-03-20,29,19,1201,445,17,9394,1,0
5618,3715,1,2024-03-20,29,6,1201,744,24,9395,1,0
5619,3716,1,2025-03-08,29,4,1158,359,28,9396,1,0
5620,3716,1,2025-03-08,29,17,1158,440,32,9397,1,0
5621,3717,1,2024-01-28,29,18,1012,958,26,9398,1,0
5622,3717,1,2024-01-28,29,4,1012,853,49,9400,1,0
5623,3717,1,2024-01-28,29,2,1012,717,14,9401,1,0
5624,3718,1,2024-08-01,29,4,1087,998,23,9402,1,0
5625,3719,1,2024-03-14,29,12,1060,339,42,9404,1,0
5626,3720,1,2026-02-09,29,19,1204,742,1,9405,1,0
5627,3721,2,2025-03-11,29,2,1001,180,8,9408,1,0
5628,3722,1,2025-11-03,29,1,1006,622,43,9410,1,0
5629,3723,1,2025-12-17,29,9,1015,611,48,9411,1,0
5630,3723,1,2025-12-17,29,24,1015,480,30,9412,1,0
5631,3724,1,2026-04-04,29,12,1020,294,14,9413,1,0
5632,3725,1,2025-05-09,29,4,1186,128,40,9415,1,0
5633,3726,1,2026-04-18,29,26,1059,110,37,9416,1,0
5634,3726,1,2026-04-18,29,8,1059,692,11,9417,1,0
5635,3726,1,2026-04-18,29,1,1059,779,37,9418,1,0
5636,3728,1,2025-11-17,29,15,1141,638,44,9420,1,0
5637,3728,1,2025-11-17,29,6,1141,196,23,9422,1,0
5638,3729,2,2024-05-05,29,10,1188,765,43,9425,1,0
5639,3731,1,2026-06-05,29,23,1009,184,38,9428,1,0
5640,3732,1,2025-08-24,29,24,1010,180,23,9431,1,0
5641,3733,1,2025-09-08,29,3,1074,394,10,9433,1,0
5642,3733,1,2025-09-08,29,12,1074,415,21,9434,1,0
5643,3733,1,2025-09-08,29,4,1074,939,3,9436,1,0
5644,3735,1,2024-04-24,29,18,1005,659,19,9438,1,0
5645,3735,1,2024-04-24,29,30,1005,888,48,9439,1,0
5646,3735,1,2024-04-24,29,18,1005,706,37,9440,1,0
5647,3736,1,2024-02-03,29,31,1127,261,44,9441,1,0
5648,3736,1,2024-02-03,29,23,1127,280,41,9442,1,0
5649,3736,1,2024-02-03,29,29,1127,168,2,9443,1,0
5650,3736,1,2024-02-03,29,10,1127,496,5,9444,1,0
5651,3737,2,2024-02-14,29,11,1058,508,50,9445,1,0
5652,3737,1,2024-02-14,29,24,1058,150,18,9446,1,0
5653,3737,1,2024-02-14,29,2,1058,391,11,9447,1,0
5654,3738,1,2026-01-18,29,12,1008,559,16,9449,1,0
5655,3738,1,2026-01-18,29,15,1008,431,44,9450,1,0
5656,3738,1,2026-01-18,29,3,1008,318,20,9451,1,0
5657,3738,1,2026-01-18,29,30,1008,148,7,9452,1,0
5658,3739,1,2026-02-24,29,24,1212,563,1,9453,1,0
5659,3740,1,2026-04-02,29,29,1029,455,16,9454,1,0
5660,3740,1,2026-04-02,29,5,1029,239,20,9455,1,0
5661,3741,2,2026-04-16,29,14,1007,168,4,9457,1,0
5662,3742,1,2025-12-26,29,13,1009,884,7,9459,1,0
5663,3742,1,2025-12-26,29,18,1009,631,1,9460,1,0
5664,3742,1,2025-12-26,29,31,1009,806,49,9461,1,0
5665,3743,1,2024-04-30,29,30,1008,757,35,9463,1,0
5666,3743,1,2024-04-30,29,21,1008,280,8,9464,1,0
5667,3743,1,2024-04-30,29,15,1008,165,13,9465,1,0
5668,3745,1,2025-09-18,29,13,1028,838,5,9467,1,0
5669,3745,1,2025-09-18,29,30,1028,142,21,9468,1,0
5670,3746,2,2024-04-21,29,25,1015,189,38,9469,1,0
5671,3747,1,2025-01-28,29,2,1025,611,50,9470,1,0
5672,3748,1,2025-06-04,29,17,1015,709,49,9471,1,0
5673,3748,1,2025-06-04,29,16,1015,880,31,9472,1,0
5674,3749,1,2024-10-30,29,14,1031,103,1,9474,1,0
5675,3750,1,2024-04-02,29,17,1001,555,36,9475,1,0
5676,3751,1,2024-12-02,29,8,1011,145,42,9476,1,0
5677,3751,1,2024-12-02,29,24,1011,626,29,9478,1,0
5678,3753,1,2025-10-25,29,23,1006,204,33,9480,1,0
5679,3753,2,2025-10-25,29,28,1006,219,17,9482,1,0
5680,3755,2,2026-02-18,29,27,1087,793,45,9484,1,0
5681,3755,1,2026-02-18,29,13,1087,370,18,9485,1,0
5682,3756,1,2024-03-07,29,24,1131,974,3,9486,1,0
5683,3756,1,2024-03-07,29,22,1131,494,48,9487,1,0
5684,3757,2,2024-04-24,29,21,1013,427,41,9489,1,0
5685,3757,2,2024-04-24,29,3,1013,733,8,9490,1,0
5686,3757,2,2024-04-24,29,16,1013,624,45,9491,1,0
5687,3757,1,2024-04-24,29,2,1013,771,10,9492,1,0
5688,3758,1,2024-09-13,29,28,1006,181,12,9493,1,0
5689,3759,2,2025-10-31,29,6,1003,757,3,9494,1,0
5690,3760,2,2024-04-06,29,17,1013,732,28,9495,1,0
5691,3760,1,2024-04-06,29,17,1013,140,33,9496,1,0
5692,3761,1,2025-01-01,29,5,1206,189,29,9497,1,0
5693,3761,1,2025-01-01,29,14,1206,638,7,9498,1,0
5694,3761,1,2025-01-01,29,7,1206,444,37,9499,1,0
5695,3762,1,2024-07-30,29,29,1002,802,49,9500,1,0
5696,3763,1,2024-07-04,29,21,1009,415,35,9501,1,0
5697,3763,1,2024-07-04,29,12,1009,828,42,9502,1,0
5698,3764,1,2024-10-16,29,21,1090,469,25,9504,1,0
5699,3764,1,2024-10-16,29,31,1090,735,33,9505,1,0
5700,3766,1,2025-10-28,29,8,1012,574,12,9509,1,0
5701,3767,1,2025-06-19,29,31,1157,289,3,9511,1,0
5702,3767,1,2025-06-19,29,4,1157,356,50,9512,1,0
5703,3767,1,2025-06-19,29,2,1157,918,17,9513,1,0
5704,3768,1,2024-06-20,29,22,1003,422,30,9515,1,0
5705,3768,1,2024-06-20,29,4,1003,382,33,9516,1,0
5706,3768,1,2024-06-20,29,5,1003,638,26,9517,1,0
5707,3769,1,2025-04-22,29,5,1195,738,34,9518,1,0
5708,3770,1,2024-12-08,29,3,1056,867,18,9520,1,0
5709,3770,1,2024-12-08,29,14,1056,824,19,9521,1,0
5710,3771,1,2024-01-07,29,14,1001,222,34,9523,1,0
5711,3772,1,2026-03-31,29,31,1010,790,42,9524,1,0
5712,3772,2,2026-03-31,29,28,1010,197,16,9527,1,0
5713,3774,1,2024-03-01,29,29,1084,802,36,9529,1,0
5714,3775,1,2025-06-26,29,20,1024,650,47,9531,1,0
5715,3775,2,2025-06-26,29,24,1024,655,46,9533,1,0
5716,3776,1,2025-01-30,29,3,1007,659,13,9534,1,0
5717,3776,1,2025-01-30,29,14,1007,368,16,9535,1,0
5718,3776,1,2025-01-30,29,24,1007,927,13,9536,1,0
5719,3777,1,2026-03-04,29,12,1008,407,35,9539,1,0
5720,3778,1,2024-09-12,29,8,1007,926,2,9541,1,0
5721,3778,2,2024-09-12,29,26,1007,734,25,9542,1,0
5722,3779,1,2025-11-09,29,17,1030,571,17,9544,1,0
5723,3781,1,2024-03-15,29,12,1060,427,45,9546,1,0
5724,3781,1,2024-03-15,29,11,1060,535,33,9547,1,0
5725,3781,1,2024-03-15,29,11,1060,804,14,9548,1,0
5726,3782,1,2026-02-02,29,19,1037,267,3,9549,1,0
5727,3783,1,2025-04-08,29,5,1015,154,50,9550,1,0
5728,3784,1,2025-01-22,29,11,1162,260,25,9551,1,0
5729,3784,1,2025-01-22,29,12,1162,843,2,9553,1,0
5730,3785,1,2024-02-29,29,6,1011,907,35,9556,1,0
5731,3785,1,2024-02-29,29,13,1011,493,18,9557,1,0
5732,3786,1,2025-04-12,29,30,1024,383,19,9558,1,0
5733,3786,1,2025-04-12,29,31,1024,509,14,9559,1,0
5734,3786,1,2025-04-12,29,9,1024,175,16,9560,1,0
5735,3787,1,2024-01-28,29,23,1045,389,47,9562,1,0
5736,3787,1,2024-01-28,29,21,1045,748,47,9563,1,0
5737,3788,2,2025-02-10,29,11,1002,321,23,9565,1,0
5738,3788,1,2025-02-10,29,16,1002,443,42,9566,1,0
5739,3788,1,2025-02-10,29,29,1002,992,50,9567,1,0
5740,3789,1,2026-04-27,29,7,1007,760,23,9568,1,0
5741,3790,1,2024-08-25,29,30,1175,631,26,9571,1,0
5742,3790,1,2024-08-25,29,9,1175,687,19,9572,1,0
5743,3792,1,2025-11-15,29,26,1172,296,46,9574,1,0
5744,3792,1,2025-11-15,29,1,1172,266,28,9575,1,0
5745,3792,1,2025-11-15,29,15,1172,931,3,9576,1,0
5746,3792,1,2025-11-15,29,14,1172,748,38,9577,1,0
5747,3793,1,2024-08-01,29,15,1047,657,19,9578,1,0
5748,3794,1,2024-09-28,29,5,1001,257,30,9580,1,0
5749,3794,1,2024-09-28,29,19,1001,919,32,9582,1,0
5750,3795,1,2024-01-28,29,9,1052,149,4,9584,1,0
5751,3797,2,2025-03-24,29,24,1198,571,50,9588,1,0
5752,3797,1,2025-03-24,29,4,1198,205,8,9589,1,0
5753,3797,1,2025-03-24,29,2,1198,298,11,9590,1,0
5754,3800,1,2026-06-21,29,31,1042,360,30,9596,1,0
5755,3801,1,2024-02-11,29,17,1223,142,47,9598,1,0
5756,3802,1,2025-12-21,29,21,1029,812,37,9601,1,0
5757,3803,2,2025-01-20,29,11,1012,649,3,9602,1,0
5758,3803,1,2025-01-20,29,12,1012,742,32,9603,1,0
5759,3804,1,2025-06-08,29,13,1040,903,8,9604,1,0
5760,3804,1,2025-06-08,29,12,1040,370,11,9605,1,0
5761,3805,1,2024-07-29,29,2,1211,487,18,9607,1,0
5762,3805,1,2024-07-29,29,4,1211,162,32,9608,1,0
5763,3805,1,2024-07-29,29,15,1211,433,49,9609,1,0
5764,3806,1,2025-06-22,29,19,1054,366,37,9612,1,0
5765,3807,2,2024-04-16,29,1,1097,195,37,9615,1,0
5766,3807,1,2024-04-16,29,24,1097,160,29,9616,1,0
5767,3807,1,2024-04-16,29,19,1097,125,44,9617,1,0
5768,3809,1,2024-09-02,29,5,1008,737,37,9620,1,0
5769,3811,1,2024-04-29,29,16,1011,688,19,9622,1,0
5770,3811,1,2024-04-29,29,17,1011,600,14,9623,1,0
5771,3811,1,2024-04-29,29,28,1011,875,23,9624,1,0
5772,3812,1,2026-05-04,29,31,1181,920,12,9626,1,0
5773,3813,2,2024-05-19,29,1,1014,715,1,9629,1,0
5774,3814,1,2024-10-11,29,5,1013,649,35,9630,1,0
5775,3814,1,2024-10-11,29,8,1013,545,19,9631,1,0
5776,3814,1,2024-10-11,29,16,1013,782,31,9632,1,0
5777,3814,1,2024-10-11,29,5,1013,449,8,9633,1,0
5778,3815,1,2024-02-06,29,31,1019,707,4,9634,1,0
5779,3815,1,2024-02-06,29,10,1019,430,26,9636,1,0
5780,3817,1,2026-01-24,29,29,1051,821,5,9639,1,0
5781,3818,1,2024-12-01,29,9,1049,494,50,9641,1,0
5782,3819,1,2025-09-19,29,29,1048,485,7,9642,1,0
5783,3820,1,2025-03-11,29,26,1209,115,14,9643,1,0
5784,3822,1,2025-07-15,29,14,1162,484,43,9647,1,0
5785,3823,1,2024-11-25,29,13,1120,147,26,9649,1,0
5786,3823,1,2024-11-25,29,21,1120,650,31,9650,1,0
5787,3824,2,2026-02-05,29,11,1025,144,19,9652,1,0
5788,3825,2,2025-05-21,29,9,1012,265,15,9654,1,0
5789,3825,1,2025-05-21,29,23,1012,305,44,9656,1,0
5790,3826,1,2025-07-03,29,9,1005,144,37,9657,1,0
5791,3827,1,2025-10-28,29,17,1014,845,30,9658,1,0
5792,3828,1,2026-01-28,29,9,1003,383,44,9662,1,0
5793,3828,1,2026-01-28,29,6,1003,820,11,9663,1,0
5794,3829,1,2024-09-03,29,28,1205,630,17,9665,1,0
5795,3829,1,2024-09-03,29,28,1205,362,45,9666,1,0
5796,3829,1,2024-09-03,29,20,1205,817,29,9668,1,0
5797,3831,1,2025-02-21,29,18,1005,791,46,9671,1,0
5798,3831,1,2025-02-21,29,27,1005,844,5,9672,1,0
5799,3832,1,2025-02-21,29,5,1014,499,9,9673,1,0
5800,3833,1,2025-02-13,29,2,1013,253,38,9676,1,0
5801,3835,1,2024-06-30,29,17,1213,142,50,9680,1,0
5802,3835,1,2024-06-30,29,5,1213,814,30,9681,1,0
5803,3836,1,2026-01-06,29,13,1024,618,24,9682,1,0
5804,3836,1,2026-01-06,29,10,1024,384,5,9683,1,0
5805,3837,1,2024-08-12,29,28,1074,204,28,9685,1,0
5806,3837,1,2024-08-12,29,18,1074,592,32,9686,1,0
5807,3838,1,2024-01-25,29,4,1001,854,5,9687,1,0
5808,3838,1,2024-01-25,29,13,1001,653,36,9688,1,0
5809,3840,2,2026-04-09,29,12,1008,911,28,9693,1,0
5810,3841,1,2024-03-18,29,19,1011,783,32,9695,1,0
5811,3841,1,2024-03-18,29,5,1011,910,19,9696,1,0
5812,3842,1,2025-03-26,29,15,1051,657,33,9699,1,0
5813,3842,1,2025-03-26,29,8,1051,919,18,9700,1,0
5814,3843,1,2024-07-14,29,6,1031,121,46,9701,1,0
5815,3843,1,2024-07-14,29,1,1031,668,27,9703,1,0
5816,3844,1,2024-12-22,29,20,1013,867,7,9704,1,0
5817,3845,1,2025-05-18,29,22,1067,334,45,9705,1,0
5818,3845,1,2025-05-18,29,24,1067,528,14,9706,1,0
5819,3846,1,2024-12-26,29,16,1052,246,47,9708,1,0
5820,3846,1,2024-12-26,29,23,1052,906,19,9709,1,0
5821,3846,1,2024-12-26,29,7,1052,819,17,9711,1,0
5822,3847,1,2026-04-08,29,12,1006,507,31,9712,1,0
5823,3847,1,2026-04-08,29,20,1006,163,49,9713,1,0
5824,3847,1,2026-04-08,29,26,1006,428,7,9714,1,0
5825,3847,2,2026-04-08,29,8,1006,489,11,9715,1,0
5826,3849,1,2024-08-17,29,13,1175,137,29,9719,1,0
5827,3850,1,2025-11-30,29,2,1004,555,46,9721,1,0
5828,3851,1,2025-02-25,29,4,1005,274,50,9722,1,0
5829,3854,1,2024-10-19,29,7,1047,228,25,9727,1,0
5830,3855,1,2025-11-25,29,31,1001,872,31,9731,1,0
5831,3855,1,2025-11-25,29,9,1001,133,13,9732,1,0
5832,3856,1,2025-11-17,29,12,1002,500,43,9733,1,0
5833,3857,1,2025-02-25,29,13,1033,749,25,9737,1,0
5834,3858,1,2025-12-19,29,11,1212,478,49,9739,1,0
5835,3858,1,2025-12-19,29,9,1212,458,45,9740,1,0
5836,3858,1,2025-12-19,29,18,1212,731,22,9741,1,0
5837,3859,1,2024-03-02,29,11,1008,945,39,9742,1,0
5838,3859,1,2024-03-02,29,18,1008,535,24,9743,1,0
5839,3859,1,2024-03-02,29,5,1008,499,37,9744,1,0
5840,3859,1,2024-03-02,29,13,1008,534,45,9745,1,0
5841,3861,1,2024-04-04,29,26,1024,763,34,9749,1,0
5842,3861,1,2024-04-04,29,1,1024,245,5,9750,1,0
5843,3862,2,2025-04-13,29,20,1169,808,11,9751,1,0
5844,3862,1,2025-04-13,29,12,1169,879,20,9752,1,0
5845,3863,1,2024-02-13,29,28,1220,374,24,9753,1,0
5846,3864,1,2026-05-06,29,31,1019,936,26,9754,1,0
5847,3865,1,2025-02-02,29,9,1026,786,9,9755,1,0
5848,3865,1,2025-02-02,29,9,1026,708,29,9756,1,0
5849,3866,1,2024-06-08,29,23,1121,361,10,9758,1,0
5850,3867,1,2026-06-02,29,16,1025,639,20,9761,1,0
5851,3867,1,2026-06-02,29,8,1025,954,33,9762,1,0
5852,3867,1,2026-06-02,29,12,1025,255,44,9763,1,0
5853,3868,1,2024-09-26,29,18,1031,930,18,9765,1,0
5854,3868,2,2024-09-26,29,30,1031,135,3,9766,1,0
5855,3870,1,2024-12-12,29,25,1015,867,17,9770,1,0
5856,3871,2,2026-02-26,29,30,1005,764,25,9773,1,0
5857,3871,1,2026-02-26,29,25,1005,175,49,9774,1,0
5858,3872,1,2024-06-21,29,3,1003,358,28,9775,1,0
5859,3872,1,2024-06-21,29,12,1003,782,30,9777,1,0
5860,3872,1,2024-06-21,29,15,1003,164,34,9778,1,0
5861,3873,1,2024-11-18,29,9,1001,792,17,9779,1,0
5862,3874,1,2025-06-03,29,13,1144,821,35,9781,1,0
5863,3874,1,2025-06-03,29,1,1144,609,9,9782,1,0
5864,3875,1,2024-10-29,29,20,1015,791,26,9784,1,0
5865,3875,1,2024-10-29,29,25,1015,575,18,9786,1,0
5866,3876,1,2025-08-08,29,16,1010,771,35,9787,1,0
5867,3877,1,2025-06-13,29,5,1008,841,26,9791,1,0
5868,3878,1,2024-05-22,29,25,1213,390,5,9792,1,0
5869,3878,1,2024-05-22,29,8,1213,130,48,9793,1,0
5870,3878,1,2024-05-22,29,9,1213,127,10,9794,1,0
5871,3879,1,2024-04-11,29,10,1026,117,4,9798,1,0
5872,3879,1,2024-04-11,29,8,1026,939,31,9799,1,0
5873,3880,1,2024-07-14,29,2,1028,127,11,9801,1,0
5874,3881,1,2025-02-11,29,28,1159,287,40,9803,1,0
5875,3882,1,2026-05-01,29,17,1004,331,17,9807,1,0
5876,3882,1,2026-05-01,29,7,1004,879,1,9809,1,0
5877,3883,1,2025-06-13,29,4,1046,629,28,9810,1,0
5878,3883,1,2025-06-13,29,31,1046,820,40,9811,1,0
5879,3884,1,2025-05-03,29,24,1030,412,31,9812,1,0
5880,3884,1,2025-05-03,29,31,1030,920,32,9813,1,0
5881,3885,1,2025-02-10,29,5,1008,134,35,9818,1,0
5882,3887,1,2025-04-27,29,7,1010,886,16,9823,1,0
5883,3888,1,2024-12-06,29,18,1002,460,6,9825,1,0
5884,3889,1,2024-08-16,29,3,1012,954,8,9826,1,0
5885,3890,1,2026-05-22,29,9,1213,590,20,9827,1,0
5886,3892,1,2026-04-06,29,24,1048,480,4,9829,1,0
5887,3893,2,2025-09-24,29,11,1013,710,31,9831,1,0
5888,3894,1,2024-05-09,29,10,1161,739,5,9832,1,0
5889,3894,2,2024-05-09,29,24,1161,569,19,9833,1,0
5890,3895,1,2025-06-02,29,17,1005,192,29,9835,1,0
5891,3896,1,2024-03-24,29,12,1003,135,27,9836,1,0
5892,3896,1,2024-03-24,29,30,1003,173,32,9837,1,0
5893,3897,1,2024-09-13,29,18,1001,643,42,9838,1,0
5894,3897,1,2024-09-13,29,13,1001,353,2,9839,1,0
5895,3898,1,2024-09-12,29,28,1042,847,40,9840,1,0
5896,3900,1,2024-11-04,29,9,1011,148,14,9844,1,0
5897,3900,1,2024-11-04,29,19,1011,994,35,9845,1,0
5898,3901,1,2024-09-29,29,3,1009,141,23,9846,1,0
5899,3902,1,2024-06-05,29,22,1218,136,10,9848,1,0
5900,3902,1,2024-06-05,29,31,1218,808,20,9849,1,0
5901,3905,1,2025-06-12,29,14,1011,276,42,9855,1,0
5902,3905,1,2025-06-12,29,24,1011,790,44,9856,1,0
5903,3905,2,2025-06-12,29,17,1011,784,4,9857,1,0
5904,3906,1,2024-06-09,29,8,1105,374,39,9860,1,0
5905,3907,1,2024-03-11,29,14,1078,854,3,9862,1,0
5906,3908,1,2026-01-05,29,17,1051,443,35,9864,1,0
5907,3909,1,2026-05-13,29,7,1167,647,50,9865,1,0
5908,3909,1,2026-05-13,29,26,1167,361,16,9867,1,0
5909,3910,1,2025-06-26,29,6,1033,271,6,9869,1,0
5910,3911,1,2024-04-07,29,29,1107,337,46,9870,1,0
5911,3911,2,2024-04-07,29,4,1107,444,12,9871,1,0
5912,3913,1,2025-06-06,29,28,1007,539,1,9874,1,0
5913,3914,1,2024-06-25,29,11,1002,961,20,9877,1,0
5914,3914,1,2024-06-25,29,4,1002,109,43,9878,1,0
5915,3914,1,2024-06-25,29,6,1002,625,1,9879,1,0
5916,3916,1,2026-06-06,29,2,1074,573,13,9881,1,0
5917,3916,1,2026-06-06,29,6,1074,951,35,9882,1,0
5918,3917,1,2026-01-08,29,28,1006,222,30,9884,1,0
5919,3919,1,2025-03-02,29,25,1006,948,16,9888,1,0
5920,3920,1,2024-01-03,29,8,1014,696,47,9889,1,0
5921,3920,1,2024-01-03,29,17,1014,130,27,9890,1,0
5922,3920,1,2024-01-03,29,19,1014,791,42,9891,1,0
5923,3921,1,2025-01-09,29,22,1170,881,10,9893,1,0
5924,3923,1,2026-05-07,29,26,1007,159,23,9898,1,0
5925,3923,1,2026-05-07,29,20,1007,623,40,9899,1,0
5926,3924,1,2025-06-21,29,15,1025,925,45,9900,1,0
5927,3926,1,2024-08-17,29,8,1001,620,30,9903,1,0
5928,3926,2,2024-08-17,29,1,1001,164,4,9904,1,0
5929,3926,1,2024-08-17,29,30,1001,947,8,9906,1,0
5930,3927,2,2024-12-19,29,5,1079,392,14,9907,1,0
5931,3928,1,2026-04-23,29,25,1013,717,23,9908,1,0
5932,3929,1,2024-07-04,29,16,1030,484,39,9909,1,0
5933,3929,1,2024-07-04,29,11,1030,157,30,9911,1,0
5934,3930,1,2024-05-05,29,14,1072,226,2,9912,1,0
5935,3930,1,2024-05-05,29,10,1072,220,4,9913,1,0
5936,3930,1,2024-05-05,29,8,1072,493,27,9914,1,0
5937,3931,1,2026-02-03,29,1,1188,485,7,9915,1,0
5938,3931,1,2026-02-03,29,19,1188,349,50,9916,1,0
5939,3932,1,2024-03-22,29,9,1029,469,7,9918,1,0
5940,3932,1,2024-03-22,29,31,1029,444,1,9920,1,0
5941,3933,1,2025-12-07,29,5,1011,291,30,9921,1,0
5942,3933,1,2025-12-07,29,14,1011,357,28,9922,1,0
5943,3933,1,2025-12-07,29,12,1011,859,48,9924,1,0
5944,3934,1,2025-12-27,29,27,1185,294,45,9925,1,0
5945,3935,1,2025-03-25,29,30,1007,780,8,9926,1,0
5946,3935,2,2025-03-25,29,8,1007,445,49,9927,1,0
5947,3936,2,2025-03-10,29,9,1054,456,17,9928,1,0
5948,3937,1,2024-08-22,29,22,1008,155,12,9931,1,0
5949,3937,1,2024-08-22,29,15,1008,632,17,9933,1,0
5950,3938,1,2024-06-22,29,31,1029,696,25,9935,1,0
5951,3939,1,2026-02-02,29,9,1011,566,25,9936,1,0
5952,3939,1,2026-02-02,29,27,1011,190,41,9937,1,0
5953,3939,1,2026-02-02,29,24,1011,972,28,9938,1,0
5954,3940,1,2024-01-16,29,1,1052,726,16,9941,1,0
5955,3941,2,2024-12-22,29,2,1044,255,49,9943,1,0
5956,3941,1,2024-12-22,29,26,1044,895,2,9945,1,0
5957,3942,1,2025-02-24,29,30,1034,705,48,9950,1,0
5958,3943,1,2024-10-02,29,21,1026,999,45,9951,1,0
5959,3943,1,2024-10-02,29,29,1026,893,4,9952,1,0
5960,3944,1,2024-05-26,29,12,1010,227,20,9953,1,0
5961,3945,1,2024-04-14,29,30,1157,459,26,9956,1,0
5962,3946,1,2026-04-27,29,28,1045,910,35,9959,1,0
5963,3947,1,2024-03-13,29,8,1229,384,3,9963,1,0
5964,3947,1,2024-03-13,29,26,1229,449,16,9964,1,0
5965,3949,1,2024-12-29,29,2,1014,664,2,9966,1,0
5966,3950,2,2024-10-20,29,5,1006,572,14,9967,1,0
5967,3950,1,2024-10-20,29,12,1006,961,9,9968,1,0
5968,3951,1,2026-02-21,29,1,1068,991,34,9971,1,0
5969,3951,1,2026-02-21,29,28,1068,844,46,9972,1,0
5970,3952,1,2024-01-31,29,21,1013,170,17,9975,1,0
5971,3952,1,2024-01-31,29,17,1013,438,12,9976,1,0
5972,3952,1,2024-01-31,29,22,1013,892,18,9977,1,0
5973,3953,1,2026-03-16,29,20,1035,830,3,9978,1,0
5974,3954,1,2026-03-11,29,13,1001,731,20,9979,1,0
5975,3954,1,2026-03-11,29,28,1001,657,35,9980,1,0
5976,3955,1,2024-09-06,29,29,1110,676,20,9981,1,0
5977,3956,1,2025-08-24,29,22,1193,863,5,9982,1,0
5978,3956,1,2025-08-24,29,30,1193,393,5,9983,1,0
5979,3956,2,2025-08-24,29,9,1193,283,5,9984,1,0
5980,3957,2,2024-05-12,29,19,1007,580,35,9985,1,0
5981,3958,1,2024-04-18,29,12,1043,340,42,9986,1,0
5982,3959,1,2025-08-26,29,31,1015,289,42,9990,1,0
5983,3959,1,2025-08-26,29,17,1015,193,39,9991,1,0
5984,3959,1,2025-08-26,29,19,1015,881,8,9992,1,0
5985,3960,1,2026-02-15,29,18,1127,284,41,9993,1,0
5986,3960,1,2026-02-15,29,1,1127,845,9,9994,1,0
5987,3961,1,2024-07-01,29,15,1042,335,26,9995,1,0
5988,3962,1,2024-12-01,29,27,1099,396,7,9996,1,0
5989,3963,1,2025-08-14,29,12,1010,549,38,9997,1,0
5990,3964,2,2025-10-24,29,21,1229,693,24,10000,1,0
5991,3965,1,2025-01-26,29,27,1158,845,32,10002,1,0
5992,3965,2,2025-01-26,29,24,1158,406,14,10003,1,0
5993,3966,1,2024-03-14,29,12,1029,717,44,10004,1,0
5994,3968,1,2026-01-23,29,22,1051,667,12,10008,1,0
5995,3969,2,2024-01-21,29,8,1028,118,3,10010,1,0
5996,3969,1,2024-01-21,29,3,1028,492,47,10011,1,0
5997,3969,1,2024-01-21,29,5,1028,274,42,10012,1,0
5998,3970,1,2025-09-13,29,31,1037,943,21,10013,1,0
5999,3970,1,2025-09-13,29,20,1037,405,29,10015,1,0
6000,3971,1,2026-03-22,29,30,1143,154,35,10017,1,0
6001,3972,2,2024-12-29,29,19,1010,266,23,10019,1,0
6002,3973,1,2026-04-17,29,11,1094,715,24,10021,1,0
6003,3974,1,2024-04-11,29,3,1030,643,4,10022,1,0
6004,3975,2,2025-06-05,29,19,1110,778,3,10024,1,0
6005,3975,1,2025-06-05,29,15,1110,277,14,10025,1,0
6006,3975,1,2025-06-05,29,20,1110,769,28,10026,1,0
6007,3975,1,2025-06-05,29,25,1110,637,31,10027,1,0
6008,3977,1,2024-10-07,29,22,1079,554,33,10031,1,0
6009,3978,1,2025-06-11,29,23,1057,253,29,10032,1,0
6010,3980,1,2026-04-18,29,10,1035,587,21,10035,1,0
6011,3981,1,2025-09-16,29,2,1011,749,44,10036,1,0
6012,3981,2,2025-09-16,29,5,1011,487,24,10038,1,0
6013,3981,1,2025-09-16,29,11,1011,758,8,10039,1,0
6014,3982,1,2024-05-18,29,28,1127,775,31,10041,1,0
6015,3982,1,2024-05-18,29,27,1127,780,50,10042,1,0
6016,3983,2,2025-09-03,29,27,1202,735,11,10045,1,0
6017,3983,1,2025-09-03,29,30,1202,528,48,10047,1,0
6018,3985,1,2025-08-31,29,1,1045,642,18,10049,1,0
6019,3986,1,2024-07-25,29,3,1108,198,40,10052,1,0
6020,3986,1,2024-07-25,29,20,1108,148,26,10053,1,0
6021,3987,1,2025-09-04,29,17,1164,674,49,10055,1,0
6022,3988,1,2025-04-01,29,10,1008,546,4,10056,1,0
6023,3988,2,2025-04-01,29,11,1008,646,6,10059,1,0
6024,3989,1,2024-05-27,29,20,1108,890,25,10060,1,0
6025,3990,2,2025-12-03,29,17,1055,522,33,10063,1,0
6026,3990,1,2025-12-03,29,11,1055,280,41,10064,1,0
6027,3991,1,2024-07-21,29,22,1055,817,22,10065,1,0
6028,3993,2,2024-05-10,29,11,1001,974,20,10068,1,0
6029,3994,1,2025-02-07,29,25,1045,622,12,10070,1,0
6030,3994,1,2025-02-07,29,20,1045,561,31,10071,1,0
6031,3995,1,2024-02-04,29,16,1151,368,46,10072,1,0
6032,3995,1,2024-02-04,29,31,1151,820,10,10073,1,0
6033,3995,1,2024-02-04,29,3,1151,485,22,10074,1,0
6034,3995,1,2024-02-04,29,15,1151,885,16,10075,1,0
6035,3996,1,2024-05-05,29,27,1026,401,23,10076,1,0
6036,3996,1,2024-05-05,29,24,1026,843,6,10078,1,0
6037,3997,1,2025-05-15,29,1,1001,627,15,10081,1,0
6038,3998,1,2026-06-09,29,22,1076,699,47,10082,1,0
6039,3999,1,2024-10-18,29,30,1215,963,14,10083,1,0
6040,4000,1,2025-04-20,29,11,1024,329,35,10085,1,0
6041,4000,1,2025-04-20,29,4,1024,648,2,10086,1,0
6042,4001,2,2024-12-01,29,18,1028,245,5,10090,1,0
6043,4002,1,2024-07-31,29,13,1182,953,22,10092,1,0
6044,4003,1,2024-05-12,29,5,1220,710,15,10094,1,0
6045,4003,1,2024-05-12,29,29,1220,650,43,10095,1,0
6046,4004,2,2025-07-18,29,22,1001,950,6,10096,1,0
6047,4004,1,2025-07-18,29,12,1001,905,11,10097,1,0
6048,4004,2,2025-07-18,29,14,1001,936,1,10098,1,0
6049,4004,1,2025-07-18,29,16,1001,595,47,10099,1,0
6050,4005,1,2026-04-01,29,26,1012,712,42,10100,1,0
6051,4005,1,2026-04-01,29,21,1012,689,22,10101,1,0
6052,4006,1,2025-12-27,29,1,1006,299,35,10102,1,0
6053,4006,1,2025-12-27,29,6,1006,849,30,10104,1,0
6054,4007,1,2025-09-25,29,14,1127,276,40,10105,1,0
6055,4007,1,2025-09-25,29,22,1127,975,21,10106,1,0
6056,4007,1,2025-09-25,29,29,1127,176,40,10107,1,0
6057,4007,1,2025-09-25,29,9,1127,617,20,10108,1,0
6058,4008,1,2024-06-07,29,10,1013,791,48,10109,1,0
6059,4008,1,2024-06-07,29,28,1013,210,2,10110,1,0
6060,4009,1,2024-10-01,29,17,1045,521,43,10112,1,0
6061,4009,1,2024-10-01,29,14,1045,105,1,10113,1,0
6062,4010,1,2025-12-26,29,13,1012,232,36,10116,1,0
6063,4010,1,2025-12-26,29,14,1012,743,47,10117,1,0
6064,4010,1,2025-12-26,29,31,1012,245,22,10118,1,0
6065,4011,1,2025-07-07,29,2,1030,100,1,10120,1,0
6066,4012,1,2025-01-15,29,24,1001,663,43,10123,1,0
6067,4012,1,2025-01-15,29,4,1001,990,23,10124,1,0
6068,4013,1,2025-09-26,29,30,1154,534,10,10125,1,0
6069,4013,2,2025-09-26,29,4,1154,626,31,10126,1,0
6070,4013,1,2025-09-26,29,29,1154,753,32,10127,1,0
6071,4014,1,2025-04-09,29,18,1015,101,18,10130,1,0
6072,4015,1,2026-01-28,29,31,1045,897,15,10132,1,0
6073,4015,1,2026-01-28,29,7,1045,936,16,10133,1,0
6074,4016,1,2025-02-09,29,23,1011,138,30,10134,1,0
6075,4016,1,2025-02-09,29,28,1011,593,3,10135,1,0
6076,4017,1,2024-08-24,29,9,1013,528,11,10136,1,0
6077,4017,1,2024-08-24,29,17,1013,510,41,10138,1,0
6078,4017,1,2024-08-24,29,18,1013,834,7,10139,1,0
6079,4018,1,2025-01-19,29,30,1003,310,11,10140,1,0
6080,4018,1,2025-01-19,29,12,1003,650,41,10141,1,0
6081,4019,1,2024-11-11,29,1,1001,994,41,10143,1,0
6082,4021,1,2026-04-10,29,11,1041,243,13,10145,1,0
6083,4021,1,2026-04-10,29,17,1041,140,50,10146,1,0
6084,4022,1,2025-11-19,29,1,1005,123,28,10147,1,0
6085,4023,2,2026-01-19,29,19,1015,394,27,10150,1,0
6086,4024,1,2025-12-28,29,1,1044,421,8,10151,1,0
6087,4024,1,2025-12-28,29,4,1044,547,50,10152,1,0
6088,4024,1,2025-12-28,29,9,1044,797,34,10154,1,0
6089,4025,1,2025-11-19,29,10,1003,836,4,10155,1,0
6090,4026,1,2025-03-16,29,17,1012,850,11,10156,1,0
6091,4026,1,2025-03-16,29,29,1012,492,3,10157,1,0
6092,4027,1,2024-01-24,29,13,1148,554,11,10158,1,0
6093,4027,1,2024-01-24,29,20,1148,831,31,10159,1,0
6094,4029,1,2024-10-28,29,23,1215,961,5,10162,1,0
6095,4029,1,2024-10-28,29,31,1215,912,25,10163,1,0
6096,4030,1,2026-03-15,29,21,1004,733,9,10164,1,0
6097,4031,1,2024-03-11,29,5,1122,393,10,10166,1,0
6098,4033,1,2024-10-20,29,12,1020,636,40,10171,1,0
6099,4034,1,2025-04-01,29,6,1149,460,2,10174,1,0
6100,4035,1,2026-04-24,29,7,1009,146,22,10179,1,0
6101,4036,1,2024-06-23,29,8,1005,311,32,10180,1,0
6102,4036,1,2024-06-23,29,16,1005,292,14,10181,1,0
6103,4037,1,2024-02-19,29,5,1191,899,36,10184,1,0
6104,4037,1,2024-02-19,29,9,1191,205,13,10185,1,0
6105,4038,1,2025-06-25,29,9,1027,651,2,10187,1,0
6106,4038,1,2025-06-25,29,9,1027,771,13,10188,1,0
6107,4038,2,2025-06-25,29,31,1027,920,19,10189,1,0
6108,4039,2,2024-08-28,29,30,1072,732,17,10191,1,0
6109,4039,1,2024-08-28,29,3,1072,620,47,10192,1,0
6110,4039,1,2024-08-28,29,10,1072,737,2,10193,1,0
6111,4040,1,2024-05-10,29,4,1058,883,16,10194,1,0
6112,4040,1,2024-05-10,29,9,1058,495,43,10195,1,0
6113,4041,1,2024-09-13,29,25,1011,834,36,10200,1,0
6114,4042,1,2024-05-10,29,5,1027,921,36,10201,1,0
6115,4042,1,2024-05-10,29,5,1027,208,11,10202,1,0
6116,4042,1,2024-05-10,29,29,1027,238,14,10203,1,0
6117,4042,1,2024-05-10,29,12,1027,403,42,10204,1,0
6118,4043,1,2025-12-11,29,7,1001,585,3,10205,1,0
6119,4043,1,2025-12-11,29,22,1001,749,31,10206,1,0
6120,4044,1,2024-03-29,29,6,1112,163,48,10209,1,0
6121,4044,1,2024-03-29,29,7,1112,462,5,10210,1,0
6122,4045,1,2026-06-24,29,16,1130,493,13,10212,1,0
6123,4046,1,2025-11-20,29,18,1015,347,32,10213,1,0
6124,4047,1,2024-03-17,29,9,1002,223,49,10214,1,0
6125,4048,1,2025-09-16,29,22,1191,386,41,10218,1,0
6126,4048,1,2025-09-16,29,31,1191,924,46,10219,1,0
6127,4049,1,2024-06-04,29,11,1115,279,23,10220,1,0
6128,4049,1,2024-06-04,29,11,1115,117,5,10222,1,0
6129,4049,1,2024-06-04,29,6,1115,106,7,10223,1,0
6130,4050,1,2025-05-15,29,24,1047,618,20,10224,1,0
6131,4051,2,2025-09-10,29,20,1031,591,34,10226,1,0
6132,4051,1,2025-09-10,29,1,1031,509,30,10227,1,0
6133,4051,1,2025-09-10,29,7,1031,932,17,10228,1,0
6134,4052,1,2026-06-03,29,15,1005,623,12,10229,1,0
6135,4053,1,2024-11-21,29,27,1013,793,47,10231,1,0
6136,4054,1,2025-08-03,29,6,1031,591,32,10234,1,0
6137,4055,1,2025-07-01,29,15,1032,107,7,10236,1,0
6138,4055,1,2025-07-01,29,3,1032,942,25,10237,1,0
6139,4055,1,2025-07-01,29,16,1032,459,17,10238,1,0
6140,4056,1,2025-11-30,29,22,1094,227,29,10239,1,0
6141,4056,1,2025-11-30,29,18,1094,115,43,10240,1,0
6142,4056,1,2025-11-30,29,31,1094,632,47,10241,1,0
6143,4057,2,2026-04-21,29,15,1093,931,50,10242,1,0
6144,4057,2,2026-04-21,29,21,1093,965,41,10243,1,0
6145,4057,1,2026-04-21,29,28,1093,334,1,10244,1,0
6146,4058,2,2026-03-25,29,7,1012,896,45,10245,1,0
6147,4059,1,2025-10-04,29,15,1014,860,49,10247,1,0
6148,4059,1,2025-10-04,29,18,1014,599,9,10249,1,0
6149,4060,1,2024-08-10,29,26,1015,339,21,10250,1,0
6150,4060,1,2024-08-10,29,8,1015,959,6,10251,1,0
6151,4061,1,2024-02-17,29,1,1101,956,3,10252,1,0
6152,4061,1,2024-02-17,29,27,1101,755,16,10253,1,0
6153,4061,1,2024-02-17,29,12,1101,269,15,10254,1,0
6154,4062,1,2024-12-04,29,8,1033,846,9,10256,1,0
6155,4063,1,2024-01-23,29,8,1008,305,16,10257,1,0
6156,4064,1,2024-05-05,29,15,1045,612,46,10259,1,0
6157,4064,1,2024-05-05,29,6,1045,149,1,10260,1,0
6158,4068,1,2026-03-22,29,9,1185,309,30,10269,1,0
6159,4070,1,2025-02-19,29,7,1173,821,42,10274,1,0
6160,4070,1,2025-02-19,29,1,1173,122,38,10275,1,0
6161,4071,1,2025-02-12,29,26,1032,452,43,10276,1,0
6162,4072,1,2024-05-25,29,16,1187,612,43,10277,1,0
6163,4072,1,2024-05-25,29,7,1187,351,10,10279,1,0
6164,4073,1,2025-08-28,29,27,1006,279,5,10282,1,0
6165,4074,1,2025-10-06,29,30,1187,750,3,10284,1,0
6166,4074,1,2025-10-06,29,10,1187,712,24,10285,1,0
6167,4076,1,2024-06-28,29,4,1002,122,37,10287,1,0
6168,4076,1,2024-06-28,29,1,1002,676,6,10289,1,0
6169,4077,1,2025-07-20,29,2,1177,335,41,10291,1,0
6170,4078,1,2024-03-18,29,20,1184,780,29,10293,1,0
6171,4079,1,2026-03-22,29,26,1012,601,11,10296,1,0
6172,4080,1,2024-02-13,29,30,1099,263,2,10297,1,0
6173,4080,1,2024-02-13,29,10,1099,135,34,10298,1,0
6174,4081,1,2026-02-28,29,13,1024,576,11,10300,1,0
6175,4082,1,2024-12-07,29,23,1005,453,2,10301,1,0
6176,4082,1,2024-12-07,29,17,1005,408,50,10302,1,0
6177,4083,1,2025-04-03,29,1,1007,107,37,10303,1,0
6178,4084,1,2025-07-13,29,31,1002,606,6,10307,1,0
6179,4084,1,2025-07-13,29,28,1002,693,48,10308,1,0
6180,4085,1,2025-01-08,29,28,1048,587,47,10309,1,0
6181,4085,1,2025-01-08,29,11,1048,458,40,10310,1,0
6182,4085,1,2025-01-08,29,18,1048,614,3,10312,1,0
6183,4086,1,2024-04-02,29,21,1116,433,10,10313,1,0
6184,4087,1,2024-04-11,29,17,1029,864,42,10315,1,0
6185,4088,1,2025-02-16,29,23,1002,449,16,10318,1,0
6186,4089,1,2026-05-22,29,22,1001,797,26,10320,1,0
6187,4090,1,2024-12-10,29,23,1006,905,31,10322,1,0
6188,4090,1,2024-12-10,29,17,1006,126,29,10323,1,0
6189,4090,1,2024-12-10,29,20,1006,393,30,10325,1,0
6190,4092,1,2024-01-20,29,9,1028,721,46,10331,1,0
6191,4093,1,2024-09-05,29,19,1034,846,2,10333,1,0
6192,4093,1,2024-09-05,29,10,1034,633,36,10334,1,0
6193,4094,1,2025-03-08,29,12,1201,669,1,10336,1,0
6194,4094,1,2025-03-08,29,25,1201,217,36,10337,1,0
6195,4095,1,2024-01-09,29,4,1154,551,43,10338,1,0
6196,4095,1,2024-01-09,29,18,1154,793,22,10339,1,0
6197,4095,1,2024-01-09,29,16,1154,735,47,10340,1,0
6198,4095,1,2024-01-09,29,16,1154,736,47,10341,1,0
6199,4096,1,2024-12-06,29,24,1005,185,37,10342,1,0
6200,4097,1,2024-06-22,29,17,1055,138,47,10343,1,0
6201,4097,1,2024-06-22,29,25,1055,399,20,10345,1,0
6202,4098,1,2025-04-10,29,6,1002,133,9,10346,1,0
6203,4099,1,2025-02-09,29,15,1005,993,36,10347,1,0
6204,4099,1,2025-02-09,29,6,1005,623,10,10348,1,0
6205,4099,1,2025-02-09,29,26,1005,310,38,10350,1,0
6206,4100,2,2025-09-04,29,28,1035,113,46,10351,1,0
6207,4101,1,2025-04-02,29,3,1006,642,45,10353,1,0
6208,4101,1,2025-04-02,29,17,1006,405,9,10355,1,0
6209,4102,1,2024-08-28,29,17,1004,196,47,10356,1,0
6210,4103,1,2024-10-07,29,4,1043,662,27,10357,1,0
6211,4104,1,2025-05-21,29,16,1091,397,9,10358,1,0
6212,4104,2,2025-05-21,29,29,1091,297,14,10360,1,0
6213,4105,1,2025-03-11,29,2,1048,326,9,10363,1,0
6214,4105,2,2025-03-11,29,13,1048,333,46,10364,1,0
6215,4107,2,2025-08-29,29,2,1013,355,15,10367,1,0
6216,4107,1,2025-08-29,29,18,1013,121,38,10368,1,0
6217,4107,1,2025-08-29,29,21,1013,688,34,10369,1,0
6218,4107,1,2025-08-29,29,14,1013,683,37,10370,1,0
6219,4108,1,2024-10-19,29,9,1013,491,8,10371,1,0
6220,4108,1,2024-10-19,29,17,1013,574,2,10372,1,0
6221,4109,1,2025-03-08,29,10,1110,166,25,10374,1,0
6222,4109,1,2025-03-08,29,29,1110,878,23,10375,1,0
6223,4109,1,2025-03-08,29,17,1110,166,7,10376,1,0
6224,4109,1,2025-03-08,29,22,1110,688,24,10377,1,0
6225,4110,1,2024-12-24,29,30,1223,886,38,10378,1,0
6226,4111,1,2026-04-04,29,19,1049,102,19,10379,1,0
6227,4112,1,2025-03-13,29,19,1069,262,50,10380,1,0
6228,4113,2,2026-02-27,29,7,1003,366,30,10383,1,0
6229,4113,1,2026-02-27,29,4,1003,499,20,10384,1,0
6230,4114,1,2024-11-01,29,20,1130,303,23,10385,1,0
6231,4114,1,2024-11-01,29,8,1130,175,17,10387,1,0
6232,4114,1,2024-11-01,29,21,1130,563,9,10388,1,0
6233,4115,1,2026-03-27,29,27,1025,118,47,10389,1,0
6234,4116,1,2024-10-16,29,26,1004,512,26,10390,1,0
6235,4117,1,2024-02-07,29,15,1026,200,49,10391,1,0
6236,4118,1,2024-08-21,29,22,1007,679,46,10394,1,0
6237,4118,1,2024-08-21,29,29,1007,708,30,10395,1,0
6238,4119,1,2026-05-13,29,3,1004,285,37,10396,1,0
6239,4119,1,2026-05-13,29,14,1004,896,11,10397,1,0
6240,4119,1,2026-05-13,29,26,1004,736,23,10398,1,0
6241,4119,1,2026-05-13,29,18,1004,346,22,10399,1,0
6242,4120,1,2026-05-10,29,11,1031,830,19,10400,1,0
6243,4121,1,2024-11-25,29,23,1152,233,24,10401,1,0
6244,4121,1,2024-11-25,29,24,1152,216,7,10402,1,0
6245,4122,1,2024-09-11,29,22,1061,314,15,10405,1,0
6246,4123,1,2026-06-03,29,30,1026,491,21,10409,1,0
6247,4124,1,2026-01-08,29,20,1160,873,24,10412,1,0
6248,4124,2,2026-01-08,29,30,1160,509,11,10413,1,0
6249,4125,1,2024-03-20,29,16,1118,748,1,10414,1,0
6250,4126,1,2026-02-19,29,7,1188,983,12,10415,1,0
6251,4126,1,2026-02-19,29,17,1188,158,50,10416,1,0
6252,4127,1,2024-07-22,29,9,1034,534,26,10419,1,0
6253,4127,1,2024-07-22,29,7,1034,563,44,10420,1,0
6254,4128,1,2026-05-22,29,20,1029,500,49,10421,1,0
6255,4130,1,2025-07-21,29,20,1009,395,5,10426,1,0
6256,4130,1,2025-07-21,29,1,1009,677,32,10427,1,0
6257,4131,1,2025-04-10,29,26,1134,169,33,10428,1,0
6258,4131,1,2025-04-10,29,16,1134,496,13,10429,1,0
6259,4132,1,2026-01-02,29,2,1048,731,17,10430,1,0
6260,4132,1,2026-01-02,29,1,1048,220,41,10432,1,0
6261,4133,1,2024-03-13,29,27,1030,787,9,10433,1,0
6262,4134,1,2024-02-15,29,18,1003,312,32,10434,1,0
6263,4134,1,2024-02-15,29,19,1003,755,37,10436,1,0
6264,4134,2,2024-02-15,29,1,1003,746,16,10437,1,0
6265,4135,1,2024-02-10,29,9,1014,542,33,10438,1,0
6266,4135,1,2024-02-10,29,21,1014,457,2,10439,1,0
6267,4136,2,2025-10-07,29,28,1116,741,38,10440,1,0
6268,4137,1,2024-08-25,29,20,1008,767,18,10441,1,0
6269,4137,1,2024-08-25,29,28,1008,738,3,10443,1,0
6270,4138,1,2026-06-16,29,25,1200,751,40,10445,1,0
6271,4138,1,2026-06-16,29,22,1200,161,46,10446,1,0
6272,4139,1,2024-04-21,29,10,1124,659,39,10447,1,0
6273,4139,1,2024-04-21,29,29,1124,747,29,10448,1,0
6274,4140,2,2026-03-10,29,8,1180,414,15,10450,1,0
6275,4140,1,2026-03-10,29,3,1180,295,39,10452,1,0
6276,4141,1,2026-02-15,29,9,1214,312,31,10453,1,0
6277,4141,1,2026-02-15,29,19,1214,443,20,10454,1,0
6278,4141,1,2026-02-15,29,5,1214,244,48,10455,1,0
6279,4143,1,2024-01-13,29,25,1013,955,33,10457,1,0
6280,4144,1,2024-12-12,29,9,1073,203,41,10458,1,0
6281,4145,2,2024-12-06,29,16,1156,748,48,10459,1,0
6282,4146,1,2025-01-27,29,31,1046,928,8,10461,1,0
6283,4146,1,2025-01-27,29,3,1046,557,19,10462,1,0
6284,4146,2,2025-01-27,29,28,1046,885,6,10463,1,0
6285,4147,1,2025-08-18,29,9,1006,753,8,10464,1,0
6286,4151,1,2026-04-14,29,1,1054,368,39,10470,1,0
6287,4151,1,2026-04-14,29,7,1054,614,13,10472,1,0
6288,4151,1,2026-04-14,29,30,1054,343,43,10473,1,0
6289,4152,1,2025-04-04,29,15,1012,466,45,10474,1,0
6290,4152,1,2025-04-04,29,19,1012,994,47,10475,1,0
6291,4153,1,2025-05-08,29,20,1150,902,47,10476,1,0
6292,4153,1,2025-05-08,29,2,1150,510,39,10478,1,0
6293,4154,1,2026-05-09,29,11,1135,997,27,10479,1,0
6294,4154,1,2026-05-09,29,16,1135,977,13,10480,1,0
6295,4155,1,2024-09-18,29,23,1005,871,16,10482,1,0
6296,4155,1,2024-09-18,29,30,1005,112,14,10483,1,0
6297,4156,1,2025-05-17,29,28,1009,463,28,10485,1,0
6298,4157,1,2026-03-11,29,4,1051,336,33,10488,1,0
6299,4157,1,2026-03-11,29,8,1051,604,36,10490,1,0
6300,4158,1,2026-06-19,29,14,1007,142,49,10491,1,0
6301,4160,1,2025-08-24,29,17,1004,251,29,10497,1,0
6302,4161,1,2025-11-28,29,8,1014,282,38,10498,1,0
6303,4162,1,2024-01-27,29,5,1120,615,41,10499,1,0
6304,4162,1,2024-01-27,29,30,1120,205,14,10500,1,0
6305,4163,1,2026-03-09,29,8,1011,568,6,10503,1,0
6306,4163,1,2026-03-09,29,25,1011,734,17,10504,1,0
6307,4164,1,2026-01-18,29,11,1027,843,5,10507,1,0
6308,4164,1,2026-01-18,29,27,1027,884,11,10508,1,0
6309,4165,1,2026-02-05,29,2,1004,498,18,10509,1,0
6310,4165,1,2026-02-05,29,5,1004,631,37,10511,1,0
6311,4166,1,2024-11-14,29,13,1007,480,41,10512,1,0
6312,4166,1,2024-11-14,29,19,1007,283,38,10514,1,0
6313,4167,1,2025-11-06,29,1,1187,142,11,10515,1,0
6314,4167,1,2025-11-06,29,11,1187,494,38,10516,1,0
6315,4168,1,2024-02-24,29,6,1108,874,9,10517,1,0
6316,4168,1,2024-02-24,29,19,1108,475,38,10519,1,0
6317,4169,1,2024-04-14,29,26,1024,556,9,10521,1,0
6318,4170,1,2025-12-18,29,22,1007,967,29,10523,1,0
6319,4171,1,2025-09-30,29,11,1004,595,25,10524,1,0
6320,4171,1,2025-09-30,29,10,1004,278,41,10525,1,0
6321,4173,1,2025-09-07,29,24,1006,176,10,10530,1,0
6322,4173,1,2025-09-07,29,11,1006,594,44,10531,1,0
6323,4174,1,2025-10-29,29,13,1014,232,8,10532,1,0
6324,4175,2,2025-08-31,29,14,1014,608,35,10534,1,0
6325,4177,1,2024-12-04,29,19,1014,110,17,10537,1,0
6326,4178,1,2025-02-03,29,7,1115,264,34,10538,1,0
6327,4178,1,2025-02-03,29,1,1115,977,1,10539,1,0
6328,4178,1,2025-02-03,29,25,1115,639,10,10540,1,0
6329,4179,1,2025-03-10,29,23,1218,671,28,10542,1,0
6330,4180,1,2024-02-27,29,16,1014,468,38,10545,1,0
6331,4180,1,2024-02-27,29,24,1014,429,1,10547,1,0
6332,4180,1,2024-02-27,29,29,1014,961,31,10548,1,0
6333,4181,1,2026-03-20,29,12,1013,931,30,10549,1,0
6334,4182,1,2026-04-11,29,13,1014,338,45,10550,1,0
6335,4182,1,2026-04-11,29,13,1014,131,24,10551,1,0
6336,4182,1,2026-04-11,29,14,1014,614,3,10552,1,0
6337,4186,2,2025-05-05,29,18,1014,965,48,10558,1,0
6338,4187,1,2025-02-09,29,1,1003,810,36,10559,1,0
6339,4188,1,2025-09-17,29,20,1022,850,22,10560,1,0
6340,4189,1,2025-11-05,29,20,1006,163,25,10562,1,0
6341,4190,1,2024-04-17,29,30,1210,204,18,10565,1,0
6342,4193,1,2026-01-01,29,13,1017,791,48,10569,1,0
6343,4193,1,2026-01-01,29,26,1017,514,30,10570,1,0
6344,4193,1,2026-01-01,29,12,1017,213,3,10571,1,0
6345,4193,1,2026-01-01,29,5,1017,977,3,10572,1,0
6346,4194,1,2025-12-09,29,4,1086,495,45,10573,1,0
6347,4195,1,2024-08-24,29,7,1006,127,38,10574,1,0
6348,4195,1,2024-08-24,29,12,1006,394,40,10575,1,0
6349,4195,1,2024-08-24,29,10,1006,997,5,10576,1,0
6350,4196,1,2025-08-31,29,9,1145,821,22,10578,1,0
6351,4197,1,2026-06-17,29,8,1031,261,37,10579,1,0
6352,4199,2,2026-06-25,29,26,1075,305,33,10582,1,0
6353,4199,1,2026-06-25,29,30,1075,822,48,10583,1,0
6354,4200,1,2025-11-16,29,7,1033,210,3,10585,1,0
6355,4201,2,2024-06-06,29,22,1010,563,3,10587,1,0
6356,4201,1,2024-06-06,29,18,1010,954,23,10588,1,0
6357,4202,1,2025-08-12,29,18,1133,411,37,10589,1,0
6358,4203,1,2025-11-28,29,13,1032,264,13,10593,1,0
6359,4203,1,2025-11-28,29,11,1032,241,8,10594,1,0
6360,4204,1,2026-06-30,29,21,1209,596,29,10597,1,0
6361,4204,1,2026-06-30,29,1,1209,797,9,10599,1,0
6362,4205,1,2025-09-03,29,19,1011,932,47,10602,1,0
6363,4206,1,2024-07-14,29,19,1014,204,5,10603,1,0
6364,4206,1,2024-07-14,29,30,1014,161,14,10604,1,0
6365,4206,1,2024-07-14,29,6,1014,186,24,10605,1,0
6366,4207,1,2024-07-29,29,27,1005,396,6,10606,1,0
6367,4208,1,2025-03-11,29,16,1189,952,38,10607,1,0
6368,4208,1,2025-03-11,29,15,1189,813,15,10608,1,0
6369,4209,1,2025-11-04,29,27,1002,961,37,10609,1,0
6370,4210,1,2025-09-23,29,15,1100,617,32,10614,1,0
6371,4211,1,2024-02-12,29,13,1002,843,28,10615,1,0
6372,4213,1,2024-11-18,29,22,1028,297,7,10619,1,0
6373,4214,1,2025-01-01,29,21,1003,975,14,10621,1,0
6374,4214,2,2025-01-01,29,13,1003,983,8,10622,1,0
6375,4215,1,2025-09-01,29,20,1002,427,48,10623,1,0
6376,4216,1,2024-04-06,29,18,1047,780,49,10625,1,0
6377,4217,1,2024-05-15,29,22,1001,998,36,10627,1,0
6378,4217,1,2024-05-15,29,12,1001,756,15,10628,1,0
6379,4217,2,2024-05-15,29,13,1001,549,24,10629,1,0
6380,4217,1,2024-05-15,29,4,1001,297,11,10630,1,0
6381,4218,1,2024-10-15,29,17,1026,744,10,10633,1,0
6382,4219,1,2024-10-17,29,7,1043,299,26,10634,1,0
6383,4219,1,2024-10-17,29,2,1043,525,3,10635,1,0
6384,4220,1,2024-07-27,29,6,1003,261,3,10636,1,0
6385,4221,1,2024-10-01,29,11,1004,116,15,10639,1,0
6386,4221,1,2024-10-01,29,27,1004,953,41,10640,1,0
6387,4222,1,2025-10-04,29,12,1060,446,33,10643,1,0
6388,4223,1,2025-07-10,29,24,1001,121,24,10644,1,0
6389,4223,1,2025-07-10,29,19,1001,179,7,10646,1,0
6390,4225,1,2026-01-15,29,31,1055,246,8,10648,1,0
6391,4225,1,2026-01-15,29,2,1055,582,44,10649,1,0
6392,4226,1,2024-09-08,29,13,1124,345,35,10651,1,0
6393,4226,1,2024-09-08,29,5,1124,721,2,10653,1,0
6394,4227,1,2026-04-12,29,18,1148,383,49,10655,1,0
6395,4227,1,2026-04-12,29,23,1148,895,45,10656,1,0
6396,4228,1,2024-12-25,29,21,1008,937,18,10657,1,0
6397,4229,2,2026-02-22,29,6,1030,303,33,10658,1,0
6398,4230,2,2024-02-23,29,13,1170,967,9,10660,1,0
6399,4230,1,2024-02-23,29,20,1170,126,29,10661,1,0
6400,4231,1,2024-07-09,29,22,1197,113,16,10662,1,0
6401,4232,1,2025-02-08,29,28,1055,836,44,10663,1,0
6402,4232,1,2025-02-08,29,7,1055,492,50,10665,1,0
6403,4232,1,2025-02-08,29,14,1055,556,49,10666,1,0
6404,4233,1,2025-11-20,29,6,1053,586,38,10667,1,0
6405,4234,1,2024-07-28,29,23,1041,573,45,10668,1,0
6406,4236,1,2025-01-31,29,15,1041,284,9,10670,1,0
6407,4237,1,2026-02-05,29,22,1044,429,36,10673,1,0
6408,4238,1,2024-01-22,29,5,1013,354,17,10674,1,0
6409,4239,1,2025-04-05,29,18,1015,454,43,10675,1,0
6410,4240,2,2024-11-19,29,14,1005,532,12,10676,1,0
6411,4241,1,2025-08-01,29,30,1194,201,45,10678,1,0
6412,4241,2,2025-08-01,29,6,1194,943,34,10679,1,0
6413,4241,1,2025-08-01,29,15,1194,979,7,10680,1,0
6414,4242,1,2026-01-05,29,12,1059,642,19,10682,1,0
6415,4243,1,2024-06-21,29,15,1014,474,29,10685,1,0
6416,4243,1,2024-06-21,29,6,1014,404,4,10686,1,0
6417,4244,1,2025-02-17,29,22,1004,757,17,10688,1,0
6418,4245,1,2024-08-20,29,18,1048,980,18,10689,1,0
6419,4248,1,2025-05-31,29,6,1222,325,24,10692,1,0
6420,4248,1,2025-05-31,29,10,1222,444,9,10693,1,0
6421,4249,1,2024-07-06,29,29,1004,692,9,10697,1,0
6422,4250,1,2025-10-18,29,6,1139,956,34,10698,1,0
6423,4250,2,2025-10-18,29,12,1139,654,23,10699,1,0
6424,4252,1,2026-03-20,29,19,1015,517,21,10703,1,0
6425,4254,1,2024-11-15,29,19,1014,856,10,10706,1,0
6426,4254,1,2024-11-15,29,23,1014,160,29,10707,1,0
6427,4255,1,2024-08-23,29,16,1015,178,33,10708,1,0
6428,4256,1,2024-06-17,29,16,1001,949,9,10709,1,0
6429,4256,1,2024-06-17,29,28,1001,789,1,10710,1,0
6430,4256,1,2024-06-17,29,28,1001,212,43,10711,1,0
6431,4257,1,2025-01-02,29,15,1143,780,41,10713,1,0
6432,4258,1,2025-05-13,29,7,1004,282,3,10714,1,0
6433,4258,1,2025-05-13,29,24,1004,301,22,10715,1,0
6434,4258,1,2025-05-13,29,18,1004,836,1,10716,1,0
6435,4260,1,2025-04-06,29,24,1039,451,41,10722,1,0
6436,4260,1,2025-04-06,29,11,1039,677,35,10723,1,0
6437,4261,1,2025-12-19,29,22,1106,723,27,10725,1,0
6438,4261,1,2025-12-19,29,8,1106,815,23,10726,1,0
6439,4261,1,2025-12-19,29,26,1106,553,33,10727,1,0
6440,4262,1,2025-07-09,29,26,1002,908,24,10728,1,0
6441,4263,1,2024-02-07,29,29,1003,723,36,10730,1,0
6442,4264,1,2025-01-06,29,27,1011,829,44,10732,1,0
6443,4264,1,2025-01-06,29,1,1011,306,29,10733,1,0
6444,4265,1,2026-02-11,29,19,1033,541,20,10734,1,0
6445,4266,1,2026-06-05,29,30,1012,960,40,10735,1,0
6446,4266,1,2026-06-05,29,6,1012,664,49,10738,1,0
6447,4267,1,2026-05-17,29,7,1220,707,30,10739,1,0
6448,4268,1,2025-08-15,29,15,1014,943,7,10741,1,0
6449,4268,1,2025-08-15,29,18,1014,985,13,10742,1,0
6450,4269,1,2026-06-08,29,2,1160,701,45,10747,1,0
6451,4270,1,2025-01-29,29,16,1014,364,24,10748,1,0
6452,4271,1,2025-03-05,29,16,1139,271,33,10749,1,0
6453,4272,1,2026-06-13,29,2,1058,626,47,10751,1,0
6454,4274,1,2025-11-29,29,19,1095,702,34,10754,1,0
6455,4274,1,2025-11-29,29,14,1095,401,29,10756,1,0
6456,4275,2,2024-04-24,29,12,1047,314,4,10757,1,0
6457,4275,1,2024-04-24,29,6,1047,677,30,10758,1,0
6458,4275,1,2024-04-24,29,25,1047,277,23,10759,1,0
6459,4277,1,2025-10-08,29,25,1188,309,7,10762,1,0
6460,4278,2,2026-04-07,29,17,1015,323,3,10764,1,0
6461,4278,1,2026-04-07,29,15,1015,653,6,10765,1,0
6462,4279,1,2026-03-13,29,18,1010,161,26,10767,1,0
6463,4280,1,2025-06-06,29,21,1014,232,28,10771,1,0
6464,4281,1,2024-07-29,29,1,1015,847,1,10772,1,0
6465,4283,1,2025-02-03,29,21,1024,600,35,10775,1,0
6466,4283,1,2025-02-03,29,17,1024,300,21,10777,1,0
6467,4284,1,2025-02-05,29,11,1059,871,23,10778,1,0
6468,4285,1,2024-04-19,29,31,1033,388,35,10779,1,0
6469,4285,1,2024-04-19,29,15,1033,611,32,10780,1,0
6470,4285,1,2024-04-19,29,23,1033,576,20,10781,1,0
6471,4285,1,2024-04-19,29,27,1033,699,21,10782,1,0
6472,4286,1,2024-02-09,29,7,1044,465,41,10783,1,0
6473,4287,1,2024-07-25,29,27,1007,695,5,10785,1,0
6474,4287,1,2024-07-25,29,15,1007,595,12,10787,1,0
6475,4288,1,2024-09-29,29,10,1008,361,31,10788,1,0
6476,4289,1,2024-05-13,29,5,1091,603,29,10792,1,0
6477,4290,1,2025-08-19,29,29,1003,949,21,10793,1,0
6478,4290,1,2025-08-19,29,12,1003,111,26,10794,1,0
6479,4290,1,2025-08-19,29,2,1003,963,41,10795,1,0
6480,4291,2,2024-10-31,29,10,1027,690,36,10796,1,0
6481,4292,1,2025-03-29,29,21,1001,893,21,10797,1,0
6482,4292,1,2025-03-29,29,2,1001,985,47,10799,1,0
6483,4292,2,2025-03-29,29,2,1001,465,14,10800,1,0
6484,4293,2,2025-06-09,29,11,1007,615,11,10802,1,0
6485,4293,1,2025-06-09,29,25,1007,853,20,10803,1,0
6486,4293,1,2025-06-09,29,8,1007,411,32,10804,1,0
6487,4294,2,2025-07-06,29,6,1169,667,2,10805,1,0
6488,4294,1,2025-07-06,29,21,1169,435,22,10806,1,0
6489,4294,1,2025-07-06,29,18,1169,198,48,10807,1,0
6490,4295,1,2024-08-18,29,5,1219,205,49,10808,1,0
6491,4296,1,2025-12-30,29,21,1002,298,13,10811,1,0
6492,4296,1,2025-12-30,29,9,1002,398,26,10812,1,0
6493,4297,1,2024-05-02,29,6,1028,633,36,10813,1,0
6494,4299,1,2025-07-02,29,27,1195,899,13,10816,1,0
6495,4300,1,2026-01-21,29,2,1161,399,47,10819,1,0
6496,4302,1,2025-02-28,29,1,1024,804,18,10821,1,0
6497,4303,1,2025-10-23,29,19,1043,113,20,10822,1,0
6498,4303,1,2025-10-23,29,23,1043,701,33,10823,1,0
6499,4304,1,2026-06-27,29,28,1182,862,1,10826,1,0
6500,4304,1,2026-06-27,29,31,1182,291,21,10827,1,0
6501,4305,1,2026-04-11,29,25,1032,650,30,10829,1,0
6502,4306,1,2024-04-12,29,24,1044,632,36,10834,1,0
6503,4307,1,2026-05-09,29,27,1009,290,22,10835,1,0
6504,4307,1,2026-05-09,29,17,1009,837,50,10836,1,0
6505,4307,1,2026-05-09,29,10,1009,297,48,10837,1,0
6506,4308,1,2025-01-27,29,26,1012,226,15,10838,1,0
6507,4308,1,2025-01-27,29,18,1012,758,50,10841,1,0
6508,4310,1,2025-07-02,29,9,1215,789,8,10843,1,0
6509,4310,1,2025-07-02,29,8,1215,693,22,10845,1,0
6510,4311,1,2026-04-12,29,2,1031,577,23,10846,1,0
6511,4311,1,2026-04-12,29,26,1031,281,49,10847,1,0
6512,4311,1,2026-04-12,29,28,1031,306,27,10848,1,0
6513,4314,1,2025-01-08,29,31,1024,924,24,10855,1,0
6514,4315,1,2024-08-03,29,23,1089,588,17,10859,1,0
6515,4316,1,2024-05-10,29,3,1033,317,35,10860,1,0
6516,4316,1,2024-05-10,29,22,1033,633,10,10861,1,0
6517,4316,2,2024-05-10,29,11,1033,719,39,10862,1,0
6518,4316,2,2024-05-10,29,15,1033,364,34,10863,1,0
6519,4317,1,2026-04-04,29,24,1012,762,37,10865,1,0
6520,4318,1,2025-05-05,29,23,1002,504,2,10866,1,0
6521,4318,1,2025-05-05,29,1,1002,967,39,10867,1,0
6522,4318,1,2025-05-05,29,14,1002,474,16,10868,1,0
6523,4319,1,2025-09-19,29,1,1004,332,39,10871,1,0
6524,4320,1,2026-03-09,29,29,1012,229,19,10872,1,0
6525,4320,1,2026-03-09,29,16,1012,978,30,10873,1,0
6526,4320,1,2026-03-09,29,6,1012,930,38,10874,1,0
6527,4323,2,2025-09-11,29,20,1009,210,10,10878,1,0
6528,4323,1,2025-09-11,29,8,1009,410,9,10879,1,0
6529,4323,2,2025-09-11,29,26,1009,134,2,10881,1,0
6530,4325,1,2024-06-05,29,20,1024,930,42,10883,1,0
6531,4325,1,2024-06-05,29,22,1024,229,30,10884,1,0
6532,4326,1,2025-09-26,29,22,1184,296,36,10885,1,0
6533,4326,1,2025-09-26,29,31,1184,695,16,10886,1,0
6534,4326,1,2025-09-26,29,19,1184,618,27,10887,1,0
6535,4327,1,2025-03-12,29,31,1184,863,27,10890,1,0
6536,4328,1,2025-09-03,29,19,1209,507,3,10892,1,0
6537,4329,1,2026-02-01,29,21,1163,468,26,10894,1,0
6538,4329,1,2026-02-01,29,14,1163,852,32,10895,1,0
6539,4330,1,2024-11-06,29,1,1059,787,48,10899,1,0
6540,4330,1,2024-11-06,29,9,1059,259,19,10900,1,0
6541,4330,1,2024-11-06,29,18,1059,804,3,10901,1,0
6542,4331,1,2024-07-23,29,15,1056,852,47,10902,1,0
6543,4331,1,2024-07-23,29,23,1056,727,18,10903,1,0
6544,4331,1,2024-07-23,29,27,1056,748,5,10904,1,0
6545,4332,1,2024-03-29,29,12,1008,882,40,10905,1,0
6546,4332,1,2024-03-29,29,7,1008,337,23,10906,1,0
6547,4332,1,2024-03-29,29,26,1008,672,17,10907,1,0
6548,4333,2,2026-06-06,29,20,1009,825,8,10908,1,0
6549,4333,1,2026-06-06,29,9,1009,450,6,10909,1,0
6550,4334,1,2026-02-16,29,5,1045,343,10,10910,1,0
6551,4335,1,2025-05-05,29,19,1051,672,44,10912,1,0
6552,4335,1,2025-05-05,29,25,1051,921,8,10913,1,0
6553,4336,1,2025-09-02,29,12,1071,869,46,10915,1,0
6554,4336,1,2025-09-02,29,28,1071,773,37,10916,1,0
6555,4336,1,2025-09-02,29,17,1071,654,31,10917,1,0
6556,4337,1,2024-07-29,29,19,1093,139,15,10919,1,0
6557,4337,1,2024-07-29,29,16,1093,706,36,10920,1,0
6558,4338,1,2024-03-07,29,31,1010,731,40,10922,1,0
6559,4338,2,2024-03-07,29,8,1010,436,49,10923,1,0
6560,4338,1,2024-03-07,29,27,1010,426,2,10924,1,0
6561,4339,1,2024-05-12,29,28,1010,563,27,10925,1,0
6562,4340,1,2026-04-23,29,28,1001,969,47,10929,1,0
6563,4341,1,2025-04-08,29,25,1012,168,6,10932,1,0
6564,4342,1,2026-06-11,29,31,1185,305,18,10934,1,0
6565,4342,1,2026-06-11,29,3,1185,407,9,10936,1,0
6566,4343,2,2024-07-02,29,29,1001,710,7,10938,1,0
6567,4343,2,2024-07-02,29,6,1001,221,13,10939,1,0
6568,4344,2,2025-03-21,29,22,1002,800,36,10940,1,0
6569,4344,1,2025-03-21,29,20,1002,698,3,10943,1,0
6570,4345,1,2025-04-02,29,27,1165,912,45,10944,1,0
6571,4345,1,2025-04-02,29,9,1165,573,33,10945,1,0
6572,4346,2,2025-06-27,29,31,1140,986,41,10946,1,0
6573,4347,1,2025-04-27,29,7,1211,117,41,10948,1,0
6574,4347,1,2025-04-27,29,18,1211,667,11,10949,1,0
6575,4349,1,2024-12-07,29,18,1191,728,42,10951,1,0
6576,4350,1,2025-11-19,29,22,1014,614,43,10952,1,0
6577,4350,1,2025-11-19,29,8,1014,829,23,10953,1,0
6578,4350,1,2025-11-19,29,5,1014,860,17,10954,1,0
6579,4351,1,2025-08-06,29,31,1032,551,27,10956,1,0
6580,4351,2,2025-08-06,29,16,1032,262,13,10957,1,0
6581,4351,1,2025-08-06,29,24,1032,663,21,10958,1,0
6582,4352,1,2026-01-17,29,9,1092,878,19,10959,1,0
6583,4352,1,2026-01-17,29,29,1092,195,26,10960,1,0
6584,4352,1,2026-01-17,29,17,1092,636,4,10961,1,0
6585,4353,1,2024-11-27,29,30,1015,290,44,10962,1,0
6586,4354,1,2024-10-09,29,29,1002,220,38,10967,1,0
6587,4355,1,2024-08-19,29,13,1144,434,46,10969,1,0
6588,4355,1,2024-08-19,29,14,1144,469,11,10970,1,0
6589,4355,1,2024-08-19,29,12,1144,912,11,10972,1,0
6590,4356,1,2025-04-18,29,21,1056,425,29,10973,1,0
6591,4356,2,2025-04-18,29,13,1056,183,8,10975,1,0
6592,4356,2,2025-04-18,29,30,1056,556,19,10976,1,0
6593,4358,1,2025-10-17,29,15,1003,864,48,10978,1,0
6594,4358,1,2025-10-17,29,8,1003,237,5,10980,1,0
6595,4358,1,2025-10-17,29,6,1003,277,13,10981,1,0
6596,4359,1,2025-10-13,29,9,1123,766,35,10983,1,0
6597,4359,1,2025-10-13,29,17,1123,990,4,10984,1,0
6598,4360,1,2025-04-27,29,4,1010,713,30,10985,1,0
6599,4363,1,2024-06-20,29,6,1050,124,20,10988,1,0
6600,4363,2,2024-06-20,29,16,1050,387,11,10989,1,0
6601,4364,1,2025-02-15,29,11,1126,999,23,10992,1,0
6602,4364,1,2025-02-15,29,23,1126,370,28,10993,1,0
6603,4364,1,2025-02-15,29,19,1126,154,37,10994,1,0
6604,4365,1,2025-04-23,29,20,1226,496,32,10995,1,0
6605,4366,1,2024-10-26,29,17,1026,603,22,10998,1,0
6606,4366,1,2024-10-26,29,25,1026,112,32,10999,1,0
6607,4366,1,2024-10-26,29,11,1026,870,17,11000,1,0
6608,4366,1,2024-10-26,29,21,1026,876,35,11001,1,0
6609,4368,1,2024-08-20,29,15,1075,252,47,11004,1,0
6610,4368,2,2024-08-20,29,31,1075,415,18,11005,1,0
6611,4369,1,2024-08-31,29,11,1212,427,1,11007,1,0
6612,4370,1,2024-07-30,29,3,1185,898,33,11008,1,0
6613,4370,1,2024-07-30,29,2,1185,318,2,11009,1,0
6614,4370,1,2024-07-30,29,31,1185,839,3,11010,1,0
6615,4371,1,2025-11-26,29,8,1068,280,47,11011,1,0
6616,4371,1,2025-11-26,29,12,1068,688,16,11013,1,0
6617,4372,1,2025-07-03,29,22,1033,700,18,11014,1,0
6618,4372,1,2025-07-03,29,20,1033,119,9,11016,1,0
6619,4373,1,2025-06-24,29,2,1015,177,24,11019,1,0
6620,4374,1,2025-01-13,29,22,1007,318,37,11020,1,0
6621,4374,1,2025-01-13,29,5,1007,238,22,11021,1,0
6622,4374,1,2025-01-13,29,20,1007,489,7,11022,1,0
6623,4376,1,2024-03-31,29,6,1030,168,42,11024,1,0
6624,4377,2,2025-02-22,29,4,1033,243,12,11026,1,0
6625,4378,1,2026-01-04,29,25,1012,680,22,11027,1,0
6626,4379,1,2025-02-08,29,16,1015,492,43,11028,1,0
6627,4379,2,2025-02-08,29,9,1015,726,31,11030,1,0
6628,4380,1,2024-12-20,29,5,1176,113,43,11032,1,0
6629,4380,1,2024-12-20,29,28,1176,155,37,11033,1,0
6630,4381,1,2026-05-05,29,8,1121,447,3,11035,1,0
6631,4385,1,2025-02-08,29,15,1004,646,18,11040,1,0
6632,4385,1,2025-02-08,29,19,1004,256,3,11042,1,0
6633,4386,1,2025-09-28,29,27,1043,460,16,11044,1,0
6634,4387,1,2024-03-21,29,10,1156,717,41,11045,1,0
6635,4387,1,2024-03-21,29,14,1156,696,7,11046,1,0
6636,4387,1,2024-03-21,29,27,1156,561,13,11047,1,0
6637,4388,1,2025-01-27,29,29,1012,517,5,11050,1,0
6638,4389,1,2025-02-11,29,22,1032,948,15,11053,1,0
6639,4389,1,2025-02-11,29,24,1032,590,50,11055,1,0
6640,4391,1,2026-04-18,29,17,1032,979,22,11057,1,0
6641,4391,1,2026-04-18,29,21,1032,183,8,11058,1,0
6642,4391,1,2026-04-18,29,31,1032,518,20,11059,1,0
6643,4392,2,2024-07-27,29,4,1154,395,42,11062,1,0
6644,4393,2,2024-07-23,29,17,1011,883,37,11063,1,0
6645,4393,1,2024-07-23,29,21,1011,625,42,11064,1,0
6646,4394,2,2026-04-22,29,29,1042,551,32,11066,1,0
6647,4395,1,2025-05-21,29,3,1006,410,39,11067,1,0
6648,4396,1,2026-02-03,29,3,1034,834,21,11069,1,0
6649,4398,1,2024-04-15,29,9,1006,561,29,11071,1,0
6650,4398,1,2024-04-15,29,28,1006,630,15,11072,1,0
6651,4399,1,2024-06-10,29,8,1045,355,8,11075,1,0
6652,4399,1,2024-06-10,29,5,1045,113,43,11076,1,0
6653,4401,1,2024-02-16,29,3,1050,518,36,11079,1,0
6654,4401,1,2024-02-16,29,26,1050,131,12,11080,1,0
6655,4401,1,2024-02-16,29,16,1050,814,41,11081,1,0
6656,4402,1,2024-06-28,29,18,1026,340,50,11082,1,0
6657,4402,1,2024-06-28,29,23,1026,623,30,11083,1,0
6658,4402,1,2024-06-28,29,16,1026,727,29,11084,1,0
6659,4403,1,2026-05-25,29,1,1009,641,45,11085,1,0
6660,4403,1,2026-05-25,29,18,1009,852,15,11086,1,0
6661,4403,1,2026-05-25,29,28,1009,862,6,11087,1,0
6662,4403,1,2026-05-25,29,1,1009,206,47,11088,1,0
6663,4404,1,2026-02-25,29,6,1058,794,28,11089,1,0
6664,4404,1,2026-02-25,29,1,1058,171,2,11090,1,0
6665,4405,1,2024-02-19,29,20,1012,447,8,11094,1,0
6666,4406,1,2025-10-06,29,17,1005,657,36,11095,1,0
6667,4406,1,2025-10-06,29,29,1005,681,2,11096,1,0
6668,4407,1,2025-03-23,29,26,1058,570,48,11097,1,0
6669,4407,1,2025-03-23,29,31,1058,277,13,11098,1,0
6670,4410,1,2025-12-18,29,13,1041,452,28,11105,1,0
6671,4410,1,2025-12-18,29,26,1041,106,11,11106,1,0
6672,4412,1,2025-05-12,29,28,1010,254,1,11109,1,0
6673,4412,1,2025-05-12,29,10,1010,113,37,11110,1,0
6674,4413,1,2025-05-04,29,6,1011,226,9,11111,1,0
6675,4413,1,2025-05-04,29,12,1011,962,30,11112,1,0
6676,4414,1,2024-01-29,29,8,1166,821,40,11113,1,0
6677,4414,1,2024-01-29,29,3,1166,895,39,11114,1,0
6678,4415,1,2025-01-07,29,5,1012,760,49,11118,1,0
6679,4416,1,2024-04-11,29,21,1215,222,23,11119,1,0
6680,4417,1,2025-08-20,29,20,1007,385,14,11120,1,0
6681,4417,1,2025-08-20,29,26,1007,754,44,11122,1,0
6682,4418,1,2024-04-26,29,31,1081,167,45,11124,1,0
6683,4418,2,2024-04-26,29,10,1081,158,31,11125,1,0
6684,4419,2,2024-09-05,29,29,1014,449,6,11126,1,0
6685,4419,1,2024-09-05,29,20,1014,357,4,11127,1,0
6686,4419,1,2024-09-05,29,6,1014,891,40,11128,1,0
6687,4420,1,2025-11-20,29,20,1060,369,40,11131,1,0
6688,4422,1,2026-03-07,29,3,1200,498,27,11135,1,0
6689,4422,1,2026-03-07,29,5,1200,649,27,11136,1,0
6690,4423,1,2026-03-02,29,16,1133,109,2,11140,1,0
6691,4424,1,2024-11-23,29,12,1154,264,30,11141,1,0
6692,4424,1,2024-11-23,29,5,1154,507,31,11142,1,0
6693,4425,1,2024-08-04,29,30,1077,978,38,11146,1,0
6694,4425,1,2024-08-04,29,3,1077,141,2,11147,1,0
6695,4428,1,2025-09-24,29,19,1010,743,9,11152,1,0
6696,4428,1,2025-09-24,29,11,1010,480,24,11153,1,0
6697,4429,1,2025-07-27,29,20,1219,281,12,11154,1,0
6698,4429,1,2025-07-27,29,24,1219,211,6,11155,1,0
6699,4429,1,2025-07-27,29,9,1219,777,2,11156,1,0
6700,4430,2,2024-03-20,29,11,1043,284,29,11157,1,0
6701,4431,1,2026-06-25,29,11,1091,637,34,11158,1,0
6702,4431,2,2026-06-25,29,6,1091,929,41,11159,1,0
6703,4432,1,2025-12-21,29,23,1005,965,40,11160,1,0
6704,4432,1,2025-12-21,29,2,1005,768,8,11162,1,0
6705,4432,1,2025-12-21,29,14,1005,263,40,11163,1,0
6706,4433,1,2026-03-26,29,22,1030,344,35,11166,1,0
6707,4434,1,2024-09-24,29,18,1037,167,38,11168,1,0
6708,4435,1,2025-03-28,29,11,1131,595,36,11172,1,0
6709,4436,1,2024-06-29,29,3,1030,820,26,11173,1,0
6710,4436,2,2024-06-29,29,4,1030,139,28,11174,1,0
6711,4436,1,2024-06-29,29,6,1030,204,2,11175,1,0
6712,4437,2,2024-10-03,29,26,1154,589,32,11176,1,0
6713,4437,1,2024-10-03,29,19,1154,833,32,11177,1,0
6714,4437,2,2024-10-03,29,15,1154,728,45,11178,1,0
6715,4437,1,2024-10-03,29,9,1154,595,32,11179,1,0
6716,4438,1,2026-04-09,29,17,1134,854,34,11180,1,0
6717,4439,2,2024-11-27,29,12,1206,777,11,11181,1,0
6718,4440,1,2024-02-24,29,14,1010,104,35,11182,1,0
6719,4441,1,2024-02-16,29,18,1013,581,34,11184,1,0
6720,4441,1,2024-02-16,29,5,1013,617,20,11185,1,0
6721,4442,1,2024-12-14,29,2,1076,415,37,11186,1,0
6722,4442,1,2024-12-14,29,8,1076,581,40,11187,1,0
6723,4442,1,2024-12-14,29,16,1076,786,41,11188,1,0
6724,4446,1,2024-06-09,29,8,1029,179,7,11197,1,0
6725,4446,1,2024-06-09,29,15,1029,419,21,11198,1,0
6726,4447,1,2025-11-02,29,1,1128,284,27,11200,1,0
6727,4447,1,2025-11-02,29,2,1128,273,27,11201,1,0
6728,4447,1,2025-11-02,29,15,1128,451,21,11202,1,0
6729,4449,1,2025-01-19,29,4,1026,835,12,11205,1,0
6730,4450,1,2024-02-01,29,16,1051,481,49,11208,1,0
6731,4451,1,2024-02-20,29,7,1010,264,26,11209,1,0
6732,4451,1,2024-02-20,29,31,1010,364,21,11210,1,0
6733,4452,1,2026-06-15,29,2,1001,456,4,11212,1,0
6734,4453,1,2026-06-22,29,15,1065,732,17,11213,1,0
6735,4453,1,2026-06-22,29,6,1065,441,25,11216,1,0
6736,4454,1,2026-04-08,29,3,1051,117,5,11217,1,0
6737,4455,1,2024-10-20,29,13,1013,353,37,11219,1,0
6738,4456,1,2025-01-26,29,11,1005,914,40,11222,1,0
6739,4456,1,2025-01-26,29,28,1005,455,3,11223,1,0
6740,4456,1,2025-01-26,29,9,1005,988,32,11224,1,0
6741,4457,1,2026-03-19,29,6,1032,623,6,11225,1,0
6742,4457,1,2026-03-19,29,6,1032,354,33,11227,1,0
6743,4458,1,2024-07-17,29,24,1001,724,43,11228,1,0
6744,4459,1,2026-03-09,29,31,1009,593,33,11232,1,0
6745,4459,1,2026-03-09,29,3,1009,540,5,11234,1,0
6746,4460,1,2025-10-13,29,20,1124,849,2,11235,1,0
6747,4460,2,2025-10-13,29,29,1124,636,24,11236,1,0
6748,4461,1,2025-05-08,29,21,1014,549,5,11239,1,0
6749,4461,1,2025-05-08,29,15,1014,383,45,11240,1,0
6750,4461,2,2025-05-08,29,15,1014,976,39,11241,1,0
6751,4462,1,2024-05-10,29,26,1011,766,6,11244,1,0
6752,4464,1,2024-12-07,29,1,1063,755,22,11248,1,0
6753,4464,1,2024-12-07,29,22,1063,515,48,11249,1,0
6754,4465,2,2025-08-04,29,1,1002,754,7,11251,1,0
6755,4465,2,2025-08-04,29,9,1002,165,47,11252,1,0
6756,4466,1,2025-01-15,29,10,1003,260,33,11253,1,0
6757,4467,1,2024-08-01,29,17,1003,430,16,11255,1,0
6758,4467,1,2024-08-01,29,29,1003,538,16,11256,1,0
6759,4468,1,2025-05-25,29,2,1210,970,22,11258,1,0
6760,4468,2,2025-05-25,29,29,1210,767,3,11259,1,0
6761,4469,1,2025-04-18,29,2,1053,585,10,11260,1,0
6762,4469,1,2025-04-18,29,28,1053,373,15,11261,1,0
6763,4469,1,2025-04-18,29,31,1053,260,37,11262,1,0
6764,4470,1,2024-06-16,29,14,1045,278,26,11263,1,0
6765,4470,1,2024-06-16,29,23,1045,526,24,11264,1,0
6766,4471,1,2026-03-21,29,12,1060,198,9,11267,1,0
6767,4471,1,2026-03-21,29,26,1060,965,3,11268,1,0
6768,4472,1,2025-11-04,29,21,1079,461,46,11269,1,0
6769,4473,1,2025-08-11,29,24,1226,843,46,11270,1,0
6770,4474,1,2024-12-20,29,5,1071,658,28,11273,1,0
6771,4474,1,2024-12-20,29,21,1071,728,42,11274,1,0
6772,4475,1,2026-03-02,29,26,1042,682,18,11276,1,0
6773,4475,1,2026-03-02,29,3,1042,810,17,11277,1,0
6774,4476,1,2025-03-24,29,31,1039,558,16,11279,1,0
6775,4476,1,2025-03-24,29,27,1039,558,10,11280,1,0
6776,4478,2,2024-02-25,29,27,1008,639,40,11283,1,0
6777,4478,1,2024-02-25,29,3,1008,580,38,11284,1,0
6778,4478,1,2024-02-25,29,3,1008,560,22,11286,1,0
6779,4479,2,2025-01-13,29,4,1014,428,6,11287,1,0
6780,4481,1,2025-07-10,29,29,1009,218,5,11290,1,0
6781,4481,1,2025-07-10,29,7,1009,697,16,11291,1,0
6782,4482,1,2025-04-12,29,25,1226,765,19,11294,1,0
6783,4482,1,2025-04-12,29,16,1226,998,27,11295,1,0
6784,4483,1,2024-05-14,29,29,1010,422,34,11296,1,0
6785,4483,1,2024-05-14,29,18,1010,464,2,11297,1,0
6786,4483,1,2024-05-14,29,12,1010,111,37,11298,1,0
6787,4485,1,2025-06-13,29,26,1049,461,2,11300,1,0
6788,4485,1,2025-06-13,29,25,1049,745,32,11301,1,0
6789,4486,1,2026-05-25,29,16,1229,125,17,11305,1,0
6790,4486,2,2026-05-25,29,18,1229,183,17,11306,1,0
6791,4487,1,2025-07-27,29,21,1030,509,4,11307,1,0
6792,4489,1,2025-11-19,29,8,1007,576,11,11312,1,0
6793,4490,1,2025-02-11,29,31,1031,587,36,11314,1,0
6794,4491,1,2025-08-17,29,25,1004,972,38,11316,1,0
6795,4491,1,2025-08-17,29,17,1004,869,15,11317,1,0
6796,4491,1,2025-08-17,29,27,1004,592,46,11318,1,0
6797,4492,1,2025-03-12,29,19,1172,832,38,11320,1,0
6798,4492,2,2025-03-12,29,30,1172,508,24,11322,1,0
6799,4493,1,2024-11-16,29,29,1009,916,20,11323,1,0
6800,4493,1,2024-11-16,29,9,1009,282,45,11324,1,0
6801,4494,2,2024-03-23,29,30,1196,844,1,11325,1,0
6802,4495,1,2024-06-04,29,5,1009,141,27,11328,1,0
6803,4495,1,2024-06-04,29,1,1009,408,19,11329,1,0
6804,4495,1,2024-06-04,29,12,1009,903,11,11330,1,0
6805,4496,2,2025-04-13,29,27,1151,414,33,11332,1,0
6806,4496,1,2025-04-13,29,10,1151,791,32,11333,1,0
6807,4497,1,2024-09-19,29,20,1154,111,19,11334,1,0
6808,4497,1,2024-09-19,29,9,1154,277,18,11335,1,0
6809,4497,1,2024-09-19,29,30,1154,155,25,11336,1,0
6810,4499,1,2024-10-30,29,31,1194,918,20,11339,1,0
6811,4499,1,2024-10-30,29,24,1194,382,2,11340,1,0
6812,4499,1,2024-10-30,29,10,1194,704,7,11341,1,0
6813,4500,1,2025-09-05,29,21,1178,443,35,11343,1,0
6814,4501,1,2025-12-08,29,17,1002,867,20,11344,1,0
6815,4502,1,2024-11-12,29,15,1211,441,33,11347,1,0
6816,4502,1,2024-11-12,29,27,1211,601,1,11348,1,0
6817,4502,1,2024-11-12,29,19,1211,511,28,11349,1,0
6818,4503,1,2025-01-20,29,10,1014,816,22,11350,1,0
6819,4505,1,2024-02-13,29,16,1012,197,24,11353,1,0
6820,4505,1,2024-02-13,29,5,1012,760,5,11354,1,0
6821,4505,1,2024-02-13,29,29,1012,749,45,11355,1,0
6822,4506,1,2025-03-17,29,16,1006,992,14,11356,1,0
6823,4507,1,2025-05-03,29,21,1034,387,11,11357,1,0
6824,4507,1,2025-05-03,29,27,1034,640,49,11358,1,0
6825,4509,1,2026-04-21,29,28,1067,577,43,11361,1,0
6826,4510,1,2025-03-06,29,6,1013,622,27,11362,1,0
6827,4510,1,2025-03-06,29,20,1013,742,17,11363,1,0
6828,4510,1,2025-03-06,29,7,1013,678,15,11364,1,0
6829,4510,1,2025-03-06,29,28,1013,400,34,11365,1,0
6830,4511,1,2026-03-13,29,26,1003,342,22,11366,1,0
6831,4511,1,2026-03-13,29,3,1003,911,32,11367,1,0
6832,4512,1,2025-01-23,29,27,1011,971,37,11373,1,0
6833,4513,1,2025-10-27,29,13,1002,569,6,11374,1,0
6834,4513,1,2025-10-27,29,17,1002,582,34,11375,1,0
6835,4513,1,2025-10-27,29,8,1002,200,21,11376,1,0
6836,4514,1,2026-01-27,29,9,1006,674,5,11377,1,0
6837,4514,1,2026-01-27,29,13,1006,463,39,11378,1,0
6838,4514,1,2026-01-27,29,21,1006,614,50,11379,1,0
6839,4516,1,2026-01-11,29,13,1052,688,2,11381,1,0
6840,4517,1,2024-04-20,29,26,1206,580,35,11382,1,0
6841,4517,1,2024-04-20,29,8,1206,251,8,11383,1,0
6842,4517,1,2024-04-20,29,20,1206,403,1,11384,1,0
6843,4517,1,2024-04-20,29,16,1206,942,14,11385,1,0
6844,4518,2,2024-05-02,29,6,1012,526,49,11386,1,0
6845,4519,1,2026-04-22,29,7,1001,291,49,11387,1,0
6846,4519,1,2026-04-22,29,30,1001,503,29,11389,1,0
6847,4520,1,2025-03-02,29,16,1034,754,35,11390,1,0
6848,4520,1,2025-03-02,29,22,1034,232,42,11391,1,0
6849,4521,1,2026-05-05,29,14,1059,267,31,11392,1,0
6850,4522,1,2024-02-10,29,7,1044,673,42,11394,1,0
6851,4522,1,2024-02-10,29,22,1044,702,33,11395,1,0
6852,4522,1,2024-02-10,29,8,1044,535,34,11396,1,0
6853,4523,1,2026-03-26,29,29,1052,481,38,11397,1,0
6854,4523,1,2026-03-26,29,14,1052,598,16,11398,1,0
6855,4523,1,2026-03-26,29,20,1052,700,50,11399,1,0
6856,4523,1,2026-03-26,29,17,1052,310,8,11400,1,0
6857,4524,1,2026-04-17,29,19,1009,886,29,11404,1,0
6858,4527,1,2025-01-07,29,5,1009,825,31,11408,1,0
6859,4527,1,2025-01-07,29,2,1009,751,1,11409,1,0
6860,4527,1,2025-01-07,29,1,1009,401,47,11410,1,0
6861,4528,2,2026-03-09,29,9,1013,754,46,11411,1,0
6862,4528,2,2026-03-09,29,26,1013,958,49,11412,1,0
6863,4529,1,2025-11-20,29,12,1014,586,40,11413,1,0
6864,4530,1,2026-06-20,29,17,1005,851,34,11414,1,0
6865,4531,1,2025-09-13,29,8,1009,230,10,11415,1,0
6866,4531,1,2025-09-13,29,29,1009,527,33,11417,1,0
6867,4532,1,2026-05-06,29,26,1008,269,29,11419,1,0
6868,4532,1,2026-05-06,29,22,1008,946,4,11420,1,0
6869,4533,1,2024-10-06,29,19,1016,292,33,11421,1,0
6870,4533,2,2024-10-06,29,29,1016,693,9,11422,1,0
6871,4533,1,2024-10-06,29,8,1016,859,48,11423,1,0
6872,4534,2,2025-08-30,29,17,1040,827,32,11424,1,0
6873,4535,1,2025-07-10,29,14,1035,481,10,11428,1,0
6874,4536,1,2024-09-03,29,6,1047,150,27,11429,1,0
6875,4538,2,2026-01-30,29,18,1015,447,9,11434,1,0
6876,4538,1,2026-01-30,29,26,1015,584,8,11435,1,0
6877,4539,1,2025-02-20,29,27,1002,425,46,11437,1,0
6878,4540,1,2026-03-05,29,5,1059,972,8,11439,1,0
6879,4541,1,2025-02-21,29,11,1201,857,25,11441,1,0
6880,4542,1,2025-08-05,29,16,1055,766,49,11444,1,0
6881,4543,1,2025-01-24,29,29,1112,519,48,11448,1,0
6882,4544,1,2024-11-26,29,9,1006,688,13,11449,1,0
6883,4546,1,2025-07-07,29,11,1127,207,30,11452,1,0
6884,4546,1,2025-07-07,29,22,1127,677,41,11453,1,0
6885,4546,1,2025-07-07,29,13,1127,630,36,11454,1,0
6886,4549,1,2025-10-20,29,11,1085,957,2,11459,1,0
6887,4550,1,2024-03-20,29,27,1014,864,42,11464,1,0
6888,4551,1,2026-05-13,29,30,1223,906,18,11465,1,0
6889,4551,1,2026-05-13,29,20,1223,636,45,11466,1,0
6890,4551,1,2026-05-13,29,14,1223,274,15,11468,1,0
6891,4552,1,2026-04-28,29,26,1069,897,13,11469,1,0
6892,4553,1,2025-02-19,29,21,1009,103,41,11473,1,0
6893,4554,1,2024-04-18,29,17,1182,951,1,11475,1,0
6894,4554,1,2024-04-18,29,19,1182,705,5,11477,1,0
6895,4555,1,2025-10-09,29,20,1187,620,46,11478,1,0
6896,4556,1,2026-02-25,29,18,1008,412,5,11480,1,0
6897,4556,1,2026-02-25,29,22,1008,913,11,11481,1,0
6898,4556,1,2026-02-25,29,27,1008,926,49,11482,1,0
6899,4557,1,2024-08-31,29,7,1170,310,12,11483,1,0
6900,4557,1,2024-08-31,29,9,1170,982,14,11484,1,0
6901,4558,1,2026-02-14,29,16,1084,616,30,11487,1,0
6902,4558,1,2026-02-14,29,29,1084,494,18,11488,1,0
6903,4559,1,2026-04-23,29,31,1009,347,21,11489,1,0
6904,4559,1,2026-04-23,29,1,1009,196,35,11490,1,0
6905,4559,1,2026-04-23,29,25,1009,884,9,11491,1,0
6906,4560,1,2026-04-02,29,24,1188,917,11,11492,1,0
6907,4562,1,2025-05-10,29,6,1015,892,47,11495,1,0
6908,4562,1,2025-05-10,29,15,1015,960,48,11496,1,0
6909,4562,1,2025-05-10,29,20,1015,114,17,11497,1,0
6910,4563,1,2024-02-23,29,17,1008,601,37,11498,1,0
6911,4564,1,2026-03-09,29,10,1135,882,32,11499,1,0
6912,4565,1,2026-02-09,29,23,1046,247,50,11500,1,0
6913,4565,1,2026-02-09,29,15,1046,220,28,11501,1,0
6914,4566,1,2026-01-09,29,9,1010,477,10,11502,1,0
6915,4566,1,2026-01-09,29,5,1010,718,47,11503,1,0
6916,4566,1,2026-01-09,29,24,1010,246,16,11505,1,0
6917,4567,1,2024-03-13,29,29,1015,965,10,11507,1,0
6918,4569,1,2026-05-14,29,24,1041,891,30,11511,1,0
6919,4569,1,2026-05-14,29,27,1041,156,2,11512,1,0
6920,4570,1,2026-04-27,29,28,1053,807,21,11514,1,0
6921,4571,1,2024-04-04,29,8,1013,407,49,11515,1,0
6922,4571,1,2024-04-04,29,23,1013,656,28,11516,1,0
6923,4572,1,2025-07-18,29,27,1130,123,10,11517,1,0
6924,4573,1,2024-04-26,29,14,1004,379,27,11518,1,0
6925,4573,1,2024-04-26,29,6,1004,824,16,11519,1,0
6926,4573,2,2024-04-26,29,31,1004,740,4,11520,1,0
6927,4573,1,2024-04-26,29,3,1004,207,32,11521,1,0
6928,4574,1,2026-03-18,29,8,1064,249,46,11522,1,0
6929,4574,1,2026-03-18,29,16,1064,473,30,11525,1,0
6930,4575,2,2026-05-07,29,3,1036,920,23,11526,1,0
6931,4575,1,2026-05-07,29,31,1036,405,50,11527,1,0
6932,4575,1,2026-05-07,29,27,1036,959,43,11528,1,0
6933,4576,1,2025-11-13,29,1,1062,593,11,11529,1,0
6934,4577,1,2024-11-13,29,20,1145,879,41,11531,1,0
6935,4577,1,2024-11-13,29,30,1145,160,23,11532,1,0
6936,4578,1,2025-04-19,29,24,1118,145,42,11533,1,0
6937,4578,1,2025-04-19,29,18,1118,871,1,11534,1,0
6938,4578,1,2025-04-19,29,25,1118,842,39,11535,1,0
6939,4579,1,2024-08-26,29,24,1005,218,12,11537,1,0
6940,4580,1,2025-11-17,29,5,1013,310,10,11538,1,0
6941,4581,1,2024-12-08,29,4,1012,287,13,11540,1,0
6942,4581,1,2024-12-08,29,23,1012,225,47,11541,1,0
6943,4581,1,2024-12-08,29,6,1012,974,10,11542,1,0
6944,4582,1,2024-04-05,29,19,1200,140,25,11543,1,0
6945,4582,1,2024-04-05,29,22,1200,630,44,11544,1,0
6946,4583,2,2025-02-27,29,25,1013,564,28,11547,1,0
6947,4583,1,2025-02-27,29,25,1013,372,28,11549,1,0
6948,4584,1,2025-07-31,29,9,1032,573,42,11550,1,0
6949,4584,1,2025-07-31,29,14,1032,620,40,11551,1,0
6950,4584,1,2025-07-31,29,22,1032,531,32,11552,1,0
6951,4584,1,2025-07-31,29,4,1032,347,40,11553,1,0
6952,4585,1,2024-06-25,29,8,1002,691,37,11554,1,0
6953,4586,2,2025-01-17,29,4,1008,855,44,11556,1,0
6954,4589,1,2024-10-11,29,8,1094,765,11,11560,1,0
6955,4589,1,2024-10-11,29,30,1094,986,16,11562,1,0
6956,4590,1,2025-08-08,29,20,1093,288,22,11563,1,0
6957,4591,1,2026-01-08,29,28,1008,823,30,11565,1,0
6958,4592,1,2024-02-21,29,19,1013,234,43,11567,1,0
6959,4592,1,2024-02-21,29,13,1013,775,39,11568,1,0
6960,4594,1,2026-03-26,29,30,1103,863,39,11574,1,0
6961,4596,1,2024-09-04,29,6,1098,768,15,11580,1,0
6962,4596,1,2024-09-04,29,25,1098,776,34,11581,1,0
6963,4597,1,2024-06-30,29,29,1002,676,35,11583,1,0
6964,4597,1,2024-06-30,29,5,1002,220,37,11584,1,0
6965,4598,2,2025-01-10,29,18,1014,730,24,11585,1,0
6966,4598,1,2025-01-10,29,13,1014,409,26,11586,1,0
6967,4600,1,2025-07-28,29,19,1137,102,9,11590,1,0
6968,4603,1,2025-05-08,29,14,1006,850,40,11593,1,0
6969,4604,1,2026-01-05,29,6,1014,388,3,11594,1,0
6970,4608,1,2025-05-27,29,18,1004,637,43,11601,1,0
6971,4610,1,2024-03-26,29,11,1205,380,35,11604,1,0
6972,4610,1,2024-03-26,29,22,1205,695,36,11606,1,0
6973,4610,1,2024-03-26,29,18,1205,741,27,11607,1,0
6974,4612,1,2026-01-28,29,23,1025,229,4,11610,1,0
6975,4613,1,2024-01-15,29,29,1001,247,18,11612,1,0
6976,4613,1,2024-01-15,29,2,1001,482,50,11613,1,0
6977,4614,1,2024-10-04,29,27,1136,899,24,11614,1,0
6978,4615,1,2024-03-08,29,20,1030,792,37,11615,1,0
6979,4616,1,2025-08-29,29,27,1202,862,34,11616,1,0
6980,4616,1,2025-08-29,29,8,1202,788,2,11617,1,0
6981,4616,1,2025-08-29,29,14,1202,816,13,11618,1,0
6982,4616,1,2025-08-29,29,29,1202,921,24,11619,1,0
6983,4617,1,2024-10-12,29,17,1005,877,11,11620,1,0
6984,4619,1,2024-07-07,29,26,1133,391,32,11625,1,0
6985,4620,1,2025-11-03,29,14,1008,184,11,11627,1,0
6986,4620,1,2025-11-03,29,22,1008,923,49,11628,1,0
6987,4620,1,2025-11-03,29,30,1008,999,16,11629,1,0
6988,4621,1,2025-10-03,29,13,1007,318,6,11632,1,0
6989,4621,1,2025-10-03,29,23,1007,309,44,11633,1,0
6990,4622,2,2025-03-26,29,6,1026,770,34,11634,1,0
6991,4623,1,2025-02-08,29,13,1062,322,20,11635,1,0
6992,4624,1,2024-11-27,29,8,1007,230,18,11637,1,0
6993,4625,1,2025-11-16,29,1,1001,817,11,11643,1,0
6994,4626,1,2025-05-11,29,18,1031,278,29,11644,1,0
6995,4626,1,2025-05-11,29,28,1031,592,31,11645,1,0
6996,4626,1,2025-05-11,29,19,1031,982,7,11647,1,0
6997,4627,1,2025-04-26,29,22,1200,864,35,11648,1,0
6998,4628,1,2024-01-28,29,13,1001,879,38,11649,1,0
6999,4628,1,2024-01-28,29,1,1001,498,4,11650,1,0
7000,4629,1,2024-09-18,29,28,1192,433,20,11652,1,0
7001,4630,1,2026-01-09,29,4,1002,710,35,11653,1,0
7002,4631,1,2024-05-25,29,25,1038,227,5,11654,1,0
7003,4631,1,2024-05-25,29,19,1038,597,12,11655,1,0
7004,4632,1,2024-08-27,29,17,1002,450,21,11656,1,0
7005,4633,1,2024-08-10,29,6,1013,335,15,11658,1,0
7006,4634,1,2025-03-09,29,25,1026,180,32,11659,1,0
7007,4634,1,2025-03-09,29,23,1026,468,8,11660,1,0
7008,4634,1,2025-03-09,29,5,1026,230,35,11661,1,0
7009,4635,1,2025-01-01,29,6,1012,398,22,11663,1,0
7010,4635,2,2025-01-01,29,27,1012,239,20,11664,1,0
7011,4636,1,2025-02-26,29,30,1038,627,17,11665,1,0
7012,4636,1,2025-02-26,29,14,1038,585,22,11667,1,0
7013,4638,1,2026-02-28,29,3,1009,289,3,11669,1,0
7014,4640,1,2026-01-30,29,21,1027,688,32,11671,1,0
7015,4642,1,2025-08-10,29,23,1007,514,29,11676,1,0
7016,4643,1,2024-12-17,29,7,1004,976,27,11677,1,0
7017,4644,1,2024-12-27,29,23,1015,746,31,11679,1,0
7018,4645,1,2025-09-08,29,28,1052,711,41,11682,1,0
7019,4646,1,2025-03-16,29,29,1050,711,19,11684,1,0
7020,4647,1,2025-05-30,29,26,1010,761,47,11687,1,0
7021,4647,1,2025-05-30,29,12,1010,884,46,11688,1,0
7022,4647,1,2025-05-30,29,5,1010,844,11,11690,1,0
7023,4648,2,2025-01-15,29,5,1010,916,40,11691,1,0
7024,4649,1,2025-01-11,29,3,1195,156,28,11692,1,0
7025,4650,2,2026-05-16,29,15,1143,378,23,11698,1,0
7026,4651,1,2024-10-25,29,14,1046,633,33,11699,1,0
7027,4651,1,2024-10-25,29,9,1046,595,7,11700,1,0
7028,4652,1,2024-09-05,29,6,1003,843,12,11701,1,0
7029,4652,1,2024-09-05,29,3,1003,804,48,11702,1,0
7030,4652,1,2024-09-05,29,27,1003,517,15,11703,1,0
7031,4653,1,2024-07-01,29,29,1047,571,20,11704,1,0
7032,4653,1,2024-07-01,29,26,1047,844,24,11705,1,0
7033,4654,1,2024-08-12,29,14,1009,778,25,11706,1,0
7034,4654,1,2024-08-12,29,30,1009,593,6,11707,1,0
7035,4655,1,2024-05-26,29,23,1003,333,50,11709,1,0
7036,4655,1,2024-05-26,29,20,1003,697,16,11710,1,0
7037,4655,1,2024-05-26,29,5,1003,876,20,11712,1,0
7038,4656,1,2024-08-27,29,5,1011,374,5,11713,1,0
7039,4657,1,2025-06-02,29,4,1005,372,14,11715,1,0
7040,4658,1,2024-01-21,29,13,1075,725,16,11717,1,0
7041,4659,1,2026-02-08,29,15,1025,154,40,11718,1,0
7042,4659,1,2026-02-08,29,23,1025,407,40,11720,1,0
7043,4660,1,2026-01-06,29,7,1032,197,12,11723,1,0
7044,4661,1,2025-01-09,29,26,1042,775,7,11725,1,0
7045,4662,2,2026-05-12,29,13,1008,600,44,11726,1,0
7046,4662,1,2026-05-12,29,17,1008,530,23,11727,1,0
7047,4664,1,2025-12-03,29,7,1124,285,37,11731,1,0
7048,4665,1,2026-04-13,29,17,1010,467,28,11732,1,0
7049,4665,1,2026-04-13,29,23,1010,921,45,11734,1,0
7050,4665,1,2026-04-13,29,1,1010,535,32,11735,1,0
7051,4666,1,2024-01-17,29,18,1032,758,18,11736,1,0
7052,4668,1,2025-07-25,29,19,1007,330,44,11738,1,0
7053,4668,1,2025-07-25,29,5,1007,903,28,11740,1,0
7054,4669,1,2026-04-26,29,9,1012,805,37,11741,1,0
7055,4669,1,2026-04-26,29,27,1012,363,8,11743,1,0
7056,4670,1,2025-01-18,29,6,1060,989,42,11744,1,0
7057,4670,1,2025-01-18,29,12,1060,238,13,11745,1,0
7058,4670,1,2025-01-18,29,2,1060,359,10,11746,1,0
7059,4671,1,2025-07-23,29,28,1199,359,30,11748,1,0
7060,4672,1,2024-03-14,29,20,1034,985,10,11751,1,0
7061,4674,1,2026-04-10,29,29,1002,969,32,11754,1,0
7062,4674,1,2026-04-10,29,1,1002,721,28,11756,1,0
7063,4675,1,2025-05-16,29,25,1058,896,25,11757,1,0
7064,4676,1,2025-07-18,29,31,1121,238,21,11758,1,0
7065,4677,1,2024-11-14,29,3,1010,504,11,11759,1,0
7066,4677,1,2024-11-14,29,6,1010,197,45,11760,1,0
7067,4678,1,2024-11-28,29,12,1215,420,30,11762,1,0
7068,4679,2,2025-10-13,29,23,1030,409,23,11764,1,0
7069,4680,2,2024-03-09,29,19,1052,224,30,11765,1,0
7070,4681,1,2025-07-19,29,23,1053,553,24,11767,1,0
7071,4682,1,2025-02-09,29,24,1171,687,28,11772,1,0
7072,4683,2,2025-08-14,29,17,1045,360,11,11773,1,0
7073,4683,1,2025-08-14,29,17,1045,956,1,11774,1,0
7074,4683,1,2025-08-14,29,20,1045,779,28,11775,1,0
7075,4684,1,2026-04-09,29,6,1122,436,9,11776,1,0
7076,4685,1,2025-05-25,29,24,1017,191,28,11777,1,0
7077,4686,1,2025-01-26,29,21,1008,442,47,11781,1,0
7078,4686,1,2025-01-26,29,17,1008,837,1,11782,1,0
7079,4686,1,2025-01-26,29,9,1008,796,29,11783,1,0
7080,4688,1,2024-02-21,29,22,1049,624,44,11787,1,0
7081,4688,1,2024-02-21,29,16,1049,646,2,11788,1,0
7082,4689,1,2025-04-16,29,6,1105,594,34,11790,1,0
7083,4691,1,2024-10-05,29,21,1179,686,13,11794,1,0
7084,4691,1,2024-10-05,29,18,1179,811,2,11795,1,0
7085,4691,1,2024-10-05,29,22,1179,954,4,11796,1,0
7086,4692,1,2025-03-03,29,1,1044,933,33,11797,1,0
7087,4693,1,2024-07-12,29,25,1028,829,31,11800,1,0
7088,4693,1,2024-07-12,29,13,1028,560,23,11802,1,0
7089,4694,2,2025-08-05,29,14,1054,174,21,11803,1,0
7090,4694,2,2025-08-05,29,20,1054,665,9,11804,1,0
7091,4696,1,2024-10-14,29,16,1205,974,36,11807,1,0
7092,4697,1,2026-06-06,29,2,1097,797,36,11809,1,0
7093,4698,2,2025-01-14,29,23,1048,295,12,11810,1,0
7094,4698,1,2025-01-14,29,1,1048,369,47,11813,1,0
7095,4699,1,2026-03-03,29,22,1032,942,18,11814,1,0
7096,4700,1,2024-01-10,29,7,1015,237,21,11819,1,0
7097,4701,1,2026-06-05,29,24,1036,910,36,11821,1,0
7098,4702,1,2025-12-21,29,25,1010,759,20,11822,1,0
7099,4703,1,2025-10-23,29,20,1006,147,9,11824,1,0
7100,4705,1,2024-09-24,29,15,1005,139,38,11829,1,0
7101,4706,1,2025-10-03,29,4,1179,371,27,11830,1,0
7102,4708,1,2025-06-05,29,19,1175,293,37,11835,1,0
7103,4709,1,2024-12-23,29,9,1008,602,14,11837,1,0
7104,4709,1,2024-12-23,29,5,1008,569,34,11838,1,0
7105,4710,1,2025-07-13,29,20,1119,596,4,11839,1,0
7106,4713,1,2024-09-25,29,10,1050,535,30,11844,1,0
7107,4713,1,2024-09-25,29,19,1050,742,50,11845,1,0
7108,4714,1,2024-04-18,29,9,1136,753,37,11846,1,0
7109,4715,1,2025-04-15,29,2,1020,351,48,11848,1,0
7110,4716,1,2025-04-26,29,4,1051,877,42,11852,1,0
7111,4716,1,2025-04-26,29,31,1051,965,31,11853,1,0
7112,4717,1,2025-06-20,29,25,1007,996,48,11854,1,0
7113,4717,2,2025-06-20,29,1,1007,491,29,11855,1,0
7114,4717,1,2025-06-20,29,3,1007,659,12,11856,1,0
7115,4718,1,2026-06-16,29,28,1161,676,10,11858,1,0
7116,4719,1,2024-10-19,29,1,1133,357,38,11859,1,0
7117,4720,1,2024-06-15,29,1,1224,999,7,11860,1,0
7118,4720,1,2024-06-15,29,12,1224,625,10,11861,1,0
7119,4721,2,2024-05-31,29,7,1140,207,19,11862,1,0
7120,4721,1,2024-05-31,29,3,1140,475,13,11863,1,0
7121,4722,1,2025-04-04,29,16,1026,847,34,11864,1,0
7122,4724,1,2026-01-21,29,28,1072,145,15,11868,1,0
7123,4724,1,2026-01-21,29,30,1072,543,49,11869,1,0
7124,4725,1,2025-11-17,29,7,1011,234,2,11871,1,0
7125,4726,1,2025-05-02,29,23,1086,732,25,11872,1,0
7126,4726,1,2025-05-02,29,16,1086,419,29,11874,1,0
7127,4727,1,2025-08-22,29,30,1167,536,39,11875,1,0
7128,4728,1,2025-04-06,29,26,1069,632,36,11876,1,0
7129,4728,2,2025-04-06,29,2,1069,707,15,11877,1,0
7130,4729,1,2026-01-28,29,9,1015,188,14,11878,1,0
7131,4729,1,2026-01-28,29,23,1015,961,28,11879,1,0
7132,4729,1,2026-01-28,29,5,1015,469,44,11880,1,0
7133,4729,1,2026-01-28,29,8,1015,115,23,11881,1,0
7134,4732,1,2024-12-21,29,15,1008,592,34,11885,1,0
7135,4733,1,2025-09-15,29,20,1003,622,48,11886,1,0
7136,4733,1,2025-09-15,29,1,1003,755,30,11887,1,0
7137,4734,1,2024-06-21,29,15,1003,879,2,11893,1,0
7138,4735,1,2024-08-26,29,6,1050,433,26,11894,1,0
7139,4735,1,2024-08-26,29,27,1050,873,11,11895,1,0
7140,4735,1,2024-08-26,29,1,1050,149,17,11896,1,0
7141,4735,1,2024-08-26,29,1,1050,587,30,11897,1,0
7142,4736,1,2024-05-23,29,29,1030,461,43,11898,1,0
7143,4737,1,2026-01-09,29,10,1096,431,44,11899,1,0
7144,4737,1,2026-01-09,29,5,1096,766,37,11900,1,0
7145,4737,1,2026-01-09,29,19,1096,195,9,11901,1,0
7146,4739,1,2026-02-02,29,30,1217,326,27,11904,1,0
7147,4740,1,2024-04-12,29,21,1001,239,40,11906,1,0
7148,4740,1,2024-04-12,29,25,1001,500,35,11907,1,0
7149,4740,1,2024-04-12,29,21,1001,997,49,11908,1,0
7150,4741,2,2025-12-26,29,27,1222,288,42,11910,1,0
7151,4743,1,2025-04-22,29,19,1009,897,10,11916,1,0
7152,4743,2,2025-04-22,29,14,1009,547,26,11917,1,0
7153,4744,2,2026-02-09,29,21,1089,647,40,11919,1,0
7154,4747,1,2026-03-13,29,13,1012,476,21,11923,1,0
7155,4748,1,2025-05-24,29,11,1121,784,39,11924,1,0
7156,4748,1,2025-05-24,29,18,1121,844,3,11925,1,0
7157,4749,1,2026-02-08,29,26,1009,442,8,11926,1,0
7158,4749,1,2026-02-08,29,30,1009,419,2,11927,1,0
7159,4750,1,2025-01-19,29,30,1007,753,9,11929,1,0
7160,4750,1,2025-01-19,29,6,1007,795,9,11932,1,0
7161,4751,2,2025-03-27,29,21,1006,168,9,11934,1,0
7162,4751,1,2025-03-27,29,15,1006,828,5,11936,1,0
7163,4752,1,2025-10-17,29,14,1221,386,18,11937,1,0
7164,4753,1,2024-03-06,29,22,1157,810,6,11940,1,0
7165,4753,1,2024-03-06,29,28,1157,763,47,11941,1,0
7166,4756,1,2024-08-06,29,19,1030,529,19,11946,1,0
7167,4757,1,2024-05-09,29,30,1002,469,23,11949,1,0
7168,4757,1,2024-05-09,29,24,1002,249,39,11950,1,0
7169,4758,1,2025-10-20,29,21,1014,726,21,11951,1,0
7170,4759,1,2024-04-16,29,3,1005,628,46,11953,1,0
7171,4759,1,2024-04-16,29,15,1005,611,23,11954,1,0
7172,4760,1,2024-05-21,29,18,1031,217,20,11955,1,0
7173,4760,1,2024-05-21,29,31,1031,237,30,11956,1,0
7174,4760,2,2024-05-21,29,27,1031,836,27,11957,1,0
7175,4760,1,2024-05-21,29,19,1031,493,22,11958,1,0
7176,4762,1,2025-03-05,29,23,1095,339,11,11962,1,0
7177,4763,1,2025-10-07,29,8,1037,767,34,11964,1,0
7178,4765,1,2024-05-16,29,17,1060,614,17,11967,1,0
7179,4765,1,2024-05-16,29,28,1060,173,38,11968,1,0
7180,4765,1,2024-05-16,29,31,1060,636,25,11969,1,0
7181,4766,1,2024-06-07,29,28,1006,941,18,11971,1,0
7182,4767,1,2024-03-17,29,30,1114,986,11,11973,1,0
7183,4767,1,2024-03-17,29,29,1114,580,45,11974,1,0
7184,4768,1,2025-04-24,29,13,1007,287,12,11976,1,0
7185,4768,1,2025-04-24,29,16,1007,181,12,11977,1,0
7186,4770,1,2024-05-30,29,29,1087,404,24,11980,1,0
7187,4770,1,2024-05-30,29,16,1087,893,42,11981,1,0
7188,4771,1,2026-05-10,29,20,1058,362,11,11986,1,0
7189,4772,1,2025-11-05,29,22,1010,603,24,11989,1,0
7190,4773,1,2025-11-13,29,27,1121,315,15,11990,1,0
7191,4773,1,2025-11-13,29,11,1121,561,34,11991,1,0
7192,4774,1,2025-03-12,29,3,1056,887,10,11992,1,0
7193,4776,1,2025-11-01,29,17,1001,558,19,11994,1,0
7194,4776,1,2025-11-01,29,29,1001,335,22,11995,1,0
7195,4776,2,2025-11-01,29,27,1001,660,49,11997,1,0
7196,4777,1,2026-05-16,29,29,1030,785,40,11998,1,0
7197,4778,1,2024-04-22,29,27,1013,923,23,12002,1,0
7198,4778,1,2024-04-22,29,9,1013,112,6,12003,1,0
7199,4778,1,2024-04-22,29,19,1013,697,41,12004,1,0
7200,4779,1,2026-06-20,29,14,1013,361,44,12007,1,0
7201,4780,1,2024-12-27,29,5,1002,994,11,12008,1,0
7202,4780,1,2024-12-27,29,26,1002,720,3,12009,1,0
7203,4781,1,2025-08-11,29,7,1128,984,6,12012,1,0
7204,4781,1,2025-08-11,29,15,1128,214,1,12013,1,0
7205,4781,1,2025-08-11,29,6,1128,181,49,12014,1,0
7206,4781,1,2025-08-11,29,5,1128,180,6,12015,1,0
7207,4782,2,2024-04-15,29,23,1029,198,20,12017,1,0
7208,4782,1,2024-04-15,29,23,1029,883,47,12018,1,0
7209,4782,2,2024-04-15,29,12,1029,805,47,12019,1,0
7210,4783,1,2024-03-29,29,1,1005,713,10,12020,1,0
7211,4784,1,2025-12-31,29,31,1216,215,12,12022,1,0
7212,4784,1,2025-12-31,29,20,1216,991,11,12023,1,0
7213,4784,1,2025-12-31,29,24,1216,209,14,12024,1,0
7214,4785,1,2024-09-14,29,23,1002,348,46,12025,1,0
7215,4785,1,2024-09-14,29,6,1002,526,9,12026,1,0
7216,4785,1,2024-09-14,29,29,1002,606,5,12027,1,0
7217,4786,1,2025-10-19,29,21,1037,330,31,12028,1,0
7218,4786,1,2025-10-19,29,23,1037,637,40,12029,1,0
7219,4787,2,2024-04-06,29,25,1001,549,38,12032,1,0
7220,4788,1,2025-04-23,29,10,1028,849,31,12033,1,0
7221,4788,1,2025-04-23,29,26,1028,849,49,12034,1,0
7222,4788,1,2025-04-23,29,31,1028,551,11,12035,1,0
7223,4789,2,2025-05-13,29,21,1207,450,20,12037,1,0
7224,4790,1,2025-01-09,29,27,1005,229,18,12038,1,0
7225,4790,1,2025-01-09,29,24,1005,220,45,12039,1,0
7226,4790,2,2025-01-09,29,16,1005,257,20,12040,1,0
7227,4792,2,2026-06-15,29,31,1191,999,11,12043,1,0
7228,4794,1,2024-11-17,29,14,1124,711,10,12046,1,0
7229,4795,1,2026-02-16,29,2,1190,414,28,12048,1,0
7230,4795,1,2026-02-16,29,18,1190,162,35,12049,1,0
7231,4796,1,2025-03-01,29,4,1024,937,42,12051,1,0
7232,4797,1,2025-01-20,29,20,1004,751,42,12053,1,0
7233,4797,1,2025-01-20,29,2,1004,474,36,12054,1,0
7234,4798,1,2025-04-27,29,3,1011,284,40,12055,1,0
7235,4799,1,2025-07-26,29,9,1178,315,26,12057,1,0
7236,4799,1,2025-07-26,29,4,1178,635,42,12058,1,0
7237,4800,1,2024-07-19,29,19,1015,302,39,12060,1,0
7238,4800,1,2024-07-19,29,25,1015,971,15,12061,1,0
7239,4802,1,2026-01-01,29,18,1169,557,2,12063,1,0
7240,4803,1,2024-10-19,29,15,1182,698,47,12065,1,0
7241,4805,1,2025-12-17,29,27,1056,844,46,12067,1,0
7242,4806,1,2026-01-31,29,4,1041,140,35,12068,1,0
7243,4806,1,2026-01-31,29,7,1041,596,38,12070,1,0
7244,4807,1,2024-04-06,29,13,1142,864,29,12071,1,0
7245,4808,1,2024-12-23,29,2,1137,791,23,12073,1,0
7246,4808,1,2024-12-23,29,1,1137,105,24,12074,1,0
7247,4809,1,2026-01-08,29,8,1127,451,32,12075,1,0
7248,4810,1,2024-11-21,29,8,1169,406,26,12077,1,0
7249,4810,1,2024-11-21,29,10,1169,463,12,12078,1,0
7250,4811,1,2026-04-04,29,16,1009,542,31,12079,1,0
7251,4811,1,2026-04-04,29,10,1009,513,43,12080,1,0
7252,4812,1,2025-12-22,29,24,1066,115,26,12082,1,0
7253,4814,1,2025-12-08,29,13,1012,403,46,12086,1,0
7254,4814,1,2025-12-08,29,27,1012,148,29,12087,1,0
7255,4814,1,2025-12-08,29,2,1012,117,28,12088,1,0
7256,4815,1,2024-04-11,29,20,1015,254,16,12089,1,0
7257,4815,1,2024-04-11,29,23,1015,648,13,12092,1,0
7258,4816,1,2025-01-02,29,28,1181,800,5,12093,1,0
7259,4817,1,2025-07-09,29,4,1010,869,12,12096,1,0
7260,4817,1,2025-07-09,29,19,1010,830,9,12097,1,0
7261,4818,1,2026-01-12,29,8,1006,540,50,12098,1,0
7262,4819,1,2026-02-11,29,23,1027,860,43,12100,1,0
7263,4819,1,2026-02-11,29,31,1027,811,16,12101,1,0
7264,4820,1,2024-09-14,29,24,1053,758,12,12102,1,0
7265,4820,1,2024-09-14,29,8,1053,650,10,12103,1,0
7266,4821,1,2024-05-15,29,31,1171,659,4,12105,1,0
7267,4822,1,2026-01-29,29,6,1015,889,24,12106,1,0
7268,4822,1,2026-01-29,29,31,1015,233,28,12107,1,0
7269,4822,1,2026-01-29,29,31,1015,253,4,12108,1,0
7270,4823,2,2024-11-15,29,17,1012,491,48,12111,1,0
7271,4823,1,2024-11-15,29,30,1012,617,11,12112,1,0
7272,4824,1,2025-06-09,29,11,1007,843,9,12115,1,0
7273,4824,1,2025-06-09,29,14,1007,324,50,12116,1,0
7274,4825,1,2024-02-05,29,21,1015,662,49,12118,1,0
7275,4826,1,2025-01-30,29,22,1010,316,31,12120,1,0
7276,4827,1,2024-08-24,29,31,1121,990,1,12121,1,0
7277,4827,1,2024-08-24,29,1,1121,536,4,12122,1,0
7278,4828,1,2024-02-08,29,23,1223,536,13,12127,1,0
7279,4828,1,2024-02-08,29,22,1223,631,41,12128,1,0
7280,4829,1,2024-05-21,29,18,1009,808,22,12130,1,0
7281,4830,1,2024-01-21,29,8,1027,339,20,12132,1,0
7282,4831,1,2024-03-18,29,1,1002,681,13,12133,1,0
7283,4832,1,2026-03-05,29,27,1051,860,4,12134,1,0
7284,4832,1,2026-03-05,29,11,1051,774,27,12135,1,0
7285,4832,1,2026-03-05,29,7,1051,641,26,12136,1,0
7286,4834,1,2025-02-10,29,26,1012,270,40,12139,1,0
7287,4836,1,2026-04-18,29,27,1027,942,11,12144,1,0
7288,4837,1,2026-05-15,29,29,1057,682,43,12145,1,0
7289,4838,1,2024-09-30,29,5,1106,806,18,12146,1,0
7290,4838,1,2024-09-30,29,13,1106,244,46,12147,1,0
7291,4838,2,2024-09-30,29,18,1106,893,27,12149,1,0
7292,4839,1,2026-05-02,29,2,1001,963,13,12150,1,0
7293,4840,1,2026-01-05,29,11,1043,542,35,12151,1,0
7294,4842,2,2025-01-17,29,21,1015,917,32,12155,1,0
7295,4843,1,2024-12-08,29,15,1173,295,14,12158,1,0
7296,4843,1,2024-12-08,29,19,1173,965,28,12159,1,0
7297,4844,1,2024-07-13,29,31,1174,605,13,12161,1,0
7298,4845,1,2024-12-27,29,3,1003,280,48,12162,1,0
7299,4845,1,2024-12-27,29,6,1003,365,11,12163,1,0
7300,4846,1,2024-01-13,29,12,1003,665,39,12165,1,0
7301,4846,2,2024-01-13,29,21,1003,397,38,12166,1,0
7302,4846,2,2024-01-13,29,4,1003,422,5,12168,1,0
7303,4847,1,2026-04-04,29,28,1172,515,8,12172,1,0
7304,4848,1,2026-05-17,29,23,1004,248,30,12173,1,0
7305,4849,1,2024-07-08,29,15,1025,938,5,12175,1,0
7306,4850,1,2024-04-30,29,21,1199,866,44,12176,1,0
7307,4852,2,2025-02-28,29,9,1149,168,22,12180,1,0
7308,4853,1,2025-11-23,29,9,1211,377,26,12181,1,0
7309,4855,1,2024-02-27,29,29,1024,518,30,12183,1,0
7310,4855,2,2024-02-27,29,7,1024,715,43,12184,1,0
7311,4855,1,2024-02-27,29,27,1024,884,45,12185,1,0
7312,4855,1,2024-02-27,29,21,1024,266,12,12186,1,0
7313,4856,1,2024-06-17,29,4,1043,968,24,12188,1,0
7314,4856,1,2024-06-17,29,17,1043,980,49,12189,1,0
7315,4857,2,2025-11-27,29,10,1028,380,11,12191,1,0
7316,4858,1,2025-12-27,29,6,1033,833,10,12192,1,0
7317,4859,1,2024-04-21,29,20,1028,292,35,12194,1,0
7318,4860,1,2025-11-04,29,14,1007,869,42,12196,1,0
7319,4862,1,2025-03-20,29,3,1008,662,39,12201,1,0
7320,4863,1,2025-07-09,29,29,1007,863,34,12203,1,0
7321,4864,1,2024-07-23,29,25,1007,169,11,12207,1,0
7322,4865,1,2024-09-07,29,5,1031,825,40,12211,1,0
7323,4866,1,2024-10-21,29,16,1111,781,4,12213,1,0
7324,4866,1,2024-10-21,29,22,1111,390,11,12214,1,0
7325,4866,1,2024-10-21,29,9,1111,909,3,12216,1,0
7326,4867,1,2025-04-27,29,11,1039,796,35,12219,1,0
7327,4869,1,2025-06-13,29,27,1006,956,9,12222,1,0
7328,4870,1,2024-10-20,29,2,1122,690,45,12223,1,0
7329,4870,1,2024-10-20,29,10,1122,860,16,12224,1,0
7330,4870,1,2024-10-20,29,29,1122,564,22,12225,1,0
7331,4870,1,2024-10-20,29,25,1122,210,5,12226,1,0
7332,4874,1,2026-06-15,29,31,1010,652,1,12235,1,0
7333,4875,1,2024-04-04,29,23,1006,738,12,12238,1,0
7334,4875,2,2024-04-04,29,23,1006,593,23,12240,1,0
7335,4876,1,2025-10-10,29,30,1024,970,22,12242,1,0
7336,4876,1,2025-10-10,29,19,1024,300,49,12244,1,0
7337,4877,1,2025-09-22,29,1,1059,804,9,12245,1,0
7338,4878,1,2026-06-09,29,10,1013,319,32,12248,1,0
7339,4879,1,2026-05-04,29,15,1013,429,8,12249,1,0
7340,4880,2,2025-06-28,29,22,1018,925,41,12251,1,0
7341,4880,1,2025-06-28,29,30,1018,482,32,12252,1,0
7342,4880,1,2025-06-28,29,28,1018,408,47,12253,1,0
7343,4882,1,2026-06-02,29,29,1008,336,6,12257,1,0
7344,4883,1,2024-08-02,29,19,1137,859,6,12261,1,0
7345,4883,1,2024-08-02,29,30,1137,941,9,12262,1,0
7346,4884,1,2024-02-17,29,6,1025,734,17,12265,1,0
7347,4884,1,2024-02-17,29,26,1025,585,30,12266,1,0
7348,4885,1,2026-05-03,29,3,1172,949,28,12267,1,0
7349,4886,1,2025-02-18,29,24,1024,971,29,12268,1,0
7350,4886,1,2025-02-18,29,15,1024,160,26,12269,1,0
7351,4886,1,2025-02-18,29,10,1024,983,4,12270,1,0
7352,4887,1,2024-05-08,29,26,1169,732,18,12271,1,0
7353,4887,1,2024-05-08,29,20,1169,964,8,12272,1,0
7354,4888,1,2024-02-07,29,23,1024,687,32,12273,1,0
7355,4890,1,2025-11-01,29,12,1047,607,50,12277,1,0
7356,4890,1,2025-11-01,29,29,1047,616,4,12279,1,0
7357,4891,1,2025-02-25,29,18,1039,263,46,12282,1,0
7358,4892,1,2026-01-06,29,8,1044,177,1,12285,1,0
7359,4893,1,2024-03-18,29,21,1015,761,34,12286,1,0
7360,4893,1,2024-03-18,29,21,1015,936,40,12288,1,0
7361,4894,1,2024-06-06,29,2,1012,132,21,12290,1,0
7362,4894,1,2024-06-06,29,22,1012,892,21,12291,1,0
7363,4895,1,2025-03-29,29,20,1004,851,49,12292,1,0
7364,4895,1,2025-03-29,29,4,1004,937,18,12295,1,0
7365,4896,2,2024-01-10,29,22,1004,309,27,12296,1,0
7366,4897,1,2026-01-31,29,8,1008,256,2,12297,1,0
7367,4897,1,2026-01-31,29,17,1008,248,22,12298,1,0
7368,4897,1,2026-01-31,29,17,1008,258,6,12299,1,0
7369,4898,1,2025-12-14,29,14,1012,179,50,12300,1,0
7370,4898,2,2025-12-14,29,14,1012,930,37,12301,1,0
7371,4899,1,2025-10-02,29,7,1015,127,42,12303,1,0
7372,4900,1,2025-04-10,29,6,1004,594,29,12305,1,0
7373,4901,1,2026-05-03,29,24,1059,574,46,12307,1,0
7374,4901,1,2026-05-03,29,5,1059,625,44,12308,1,0
7375,4902,1,2024-03-29,29,25,1056,734,24,12312,1,0
7376,4903,1,2025-08-02,29,25,1011,984,43,12314,1,0
7377,4903,1,2025-08-02,29,2,1011,343,11,12315,1,0
7378,4904,1,2025-02-17,29,2,1012,624,12,12317,1,0
7379,4905,2,2025-08-21,29,9,1204,203,10,12318,1,0
7380,4906,1,2024-01-25,29,26,1133,180,27,12322,1,0
7381,4907,2,2025-12-22,29,30,1028,220,4,12323,1,0
7382,4908,1,2025-07-07,29,29,1001,432,19,12325,1,0
7383,4909,1,2025-03-25,29,7,1007,777,29,12326,1,0
7384,4910,1,2025-12-12,29,24,1008,686,23,12330,1,0
7385,4910,1,2025-12-12,29,9,1008,255,43,12331,1,0
7386,4911,1,2024-08-04,29,8,1008,658,3,12333,1,0
7387,4911,1,2024-08-04,29,20,1008,392,28,12334,1,0
7388,4912,1,2024-01-17,29,12,1024,526,41,12336,1,0
7389,4912,1,2024-01-17,29,14,1024,537,17,12337,1,0
7390,4913,1,2024-07-06,29,8,1015,782,15,12341,1,0
7391,4914,1,2025-05-22,29,3,1013,656,33,12343,1,0
7392,4914,1,2025-05-22,29,10,1013,434,19,12344,1,0
7393,4915,1,2025-02-10,29,10,1136,728,41,12346,1,0
7394,4915,1,2025-02-10,29,19,1136,358,6,12347,1,0
7395,4916,1,2024-11-01,29,24,1021,312,24,12348,1,0
7396,4916,1,2024-11-01,29,2,1021,845,28,12350,1,0
7397,4916,1,2024-11-01,29,11,1021,755,33,12351,1,0
7398,4917,1,2026-06-23,29,5,1011,689,4,12352,1,0
7399,4918,1,2025-07-17,29,7,1033,825,12,12354,1,0
7400,4918,1,2025-07-17,29,31,1033,921,33,12355,1,0
7401,4918,1,2025-07-17,29,3,1033,336,26,12356,1,0
7402,4918,1,2025-07-17,29,25,1033,299,26,12357,1,0
7403,4919,2,2025-04-17,29,1,1154,557,33,12359,1,0
7404,4920,1,2025-03-18,29,9,1060,933,26,12362,1,0
7405,4921,1,2025-05-16,29,31,1010,575,14,12365,1,0
7406,4921,1,2025-05-16,29,23,1010,666,14,12366,1,0
7407,4922,1,2024-01-26,29,8,1007,197,31,12368,1,0
7408,4922,1,2024-01-26,29,7,1007,425,40,12369,1,0
7409,4923,1,2026-04-16,29,21,1210,844,42,12370,1,0
7410,4923,1,2026-04-16,29,29,1210,388,40,12371,1,0
7411,4923,1,2026-04-16,29,17,1210,724,3,12373,1,0
7412,4925,1,2024-02-05,29,27,1003,637,31,12378,1,0
7413,4926,2,2026-06-02,29,16,1157,989,47,12379,1,0
7414,4926,1,2026-06-02,29,1,1157,954,37,12380,1,0
7415,4926,1,2026-06-02,29,31,1157,946,49,12381,1,0
7416,4927,1,2025-08-18,29,4,1003,873,24,12383,1,0
7417,4928,1,2025-03-06,29,18,1162,352,18,12384,1,0
7418,4928,1,2025-03-06,29,2,1162,812,20,12387,1,0
7419,4929,2,2025-09-29,29,15,1013,881,38,12388,1,0
7420,4929,2,2025-09-29,29,16,1013,369,18,12389,1,0
7421,4931,1,2024-08-22,29,4,1041,435,23,12391,1,0
7422,4931,1,2024-08-22,29,31,1041,870,48,12392,1,0
7423,4932,1,2025-01-07,29,6,1165,854,25,12393,1,0
7424,4933,1,2024-07-26,29,3,1148,169,47,12394,1,0
7425,4934,1,2025-06-02,29,1,1056,644,37,12398,1,0
7426,4934,1,2025-06-02,29,16,1056,934,3,12400,1,0
7427,4934,1,2025-06-02,29,21,1056,966,24,12401,1,0
7428,4935,1,2025-08-15,29,28,1034,513,49,12402,1,0
7429,4936,1,2024-03-01,29,15,1014,591,24,12403,1,0
7430,4936,1,2024-03-01,29,13,1014,469,47,12404,1,0
7431,4936,1,2024-03-01,29,7,1014,499,44,12405,1,0
7432,4937,2,2024-03-26,29,13,1041,245,40,12407,1,0
7433,4939,1,2024-02-15,29,24,1011,941,14,12410,1,0
7434,4940,1,2025-08-04,29,29,1044,409,14,12412,1,0
7435,4940,1,2025-08-04,29,21,1044,227,17,12413,1,0
7436,4941,1,2025-06-14,29,17,1010,437,25,12414,1,0
7437,4942,1,2025-02-12,29,28,1039,839,42,12415,1,0
7438,4943,1,2026-02-02,29,27,1049,423,30,12418,1,0
7439,4944,1,2026-05-20,29,17,1122,417,37,12420,1,0
7440,4944,1,2026-05-20,29,13,1122,822,15,12421,1,0
7441,4944,1,2026-05-20,29,21,1122,566,18,12422,1,0
7442,4945,1,2025-07-07,29,3,1112,245,42,12424,1,0
7443,4945,1,2025-07-07,29,5,1112,653,3,12425,1,0
7444,4947,1,2025-02-10,29,16,1172,147,23,12427,1,0
7445,4947,1,2025-02-10,29,13,1172,548,18,12430,1,0
7446,4948,1,2024-07-07,29,18,1003,533,13,12431,1,0
7447,4948,1,2024-07-07,29,6,1003,447,33,12434,1,0
7448,4951,1,2025-07-18,29,3,1071,335,41,12437,1,0
7449,4952,1,2025-08-08,29,31,1146,299,23,12438,1,0
7450,4952,1,2025-08-08,29,13,1146,339,41,12441,1,0
7451,4953,1,2026-03-07,29,22,1007,268,4,12442,1,0
7452,4954,1,2025-03-23,29,20,1112,316,40,12444,1,0
7453,4954,2,2025-03-23,29,15,1112,929,18,12445,1,0
7454,4955,1,2025-10-18,29,23,1035,461,30,12446,1,0
7455,4956,1,2026-02-08,29,31,1128,820,24,12448,1,0
7456,4956,1,2026-02-08,29,11,1128,710,37,12450,1,0
7457,4958,1,2024-07-30,29,18,1175,608,34,12452,1,0
7458,4958,1,2024-07-30,29,17,1175,523,10,12453,1,0
7459,4959,1,2024-10-21,29,18,1025,627,18,12454,1,0
7460,4961,2,2025-04-30,29,13,1117,536,7,12459,1,0
7461,4962,1,2026-02-04,29,1,1005,879,29,12461,1,0
7462,4963,1,2024-03-01,29,25,1005,817,49,12463,1,0
7463,4963,1,2024-03-01,29,3,1005,928,9,12464,1,0
7464,4964,1,2025-07-16,29,26,1154,168,15,12466,1,0
7465,4965,1,2025-06-07,29,19,1028,675,47,12468,1,0
7466,4965,1,2025-06-07,29,30,1028,992,5,12469,1,0
7467,4966,1,2025-03-07,29,7,1012,254,32,12471,1,0
7468,4966,2,2025-03-07,29,30,1012,286,48,12472,1,0
7469,4967,1,2025-10-08,29,7,1014,995,18,12473,1,0
7470,4967,1,2025-10-08,29,21,1014,154,21,12475,1,0
7471,4967,2,2025-10-08,29,4,1014,243,7,12476,1,0
7472,4968,1,2025-01-17,29,31,1097,664,23,12477,1,0
7473,4968,1,2025-01-17,29,7,1097,967,1,12478,1,0
7474,4968,1,2025-01-17,29,31,1097,560,27,12480,1,0
7475,4970,1,2024-04-24,29,31,1091,423,24,12483,1,0
7476,4970,1,2024-04-24,29,10,1091,177,36,12484,1,0
7477,4972,1,2024-08-03,29,8,1028,581,10,12487,1,0
7478,4973,1,2025-04-07,29,2,1007,251,25,12488,1,0
7479,4974,1,2024-10-06,29,26,1055,298,43,12490,1,0
7480,4975,1,2026-04-27,29,18,1036,796,8,12491,1,0
7481,4975,1,2026-04-27,29,24,1036,654,30,12492,1,0
7482,4976,1,2026-03-09,29,24,1039,295,49,12494,1,0
7483,4976,1,2026-03-09,29,5,1039,527,7,12495,1,0
7484,4977,1,2024-06-02,29,11,1100,984,10,12497,1,0
7485,4978,1,2026-03-16,29,14,1004,203,10,12501,1,0
7486,4979,1,2024-02-21,29,27,1027,749,13,12502,1,0
7487,4979,1,2024-02-21,29,10,1027,812,37,12503,1,0
7488,4979,1,2024-02-21,29,5,1027,469,16,12504,1,0
7489,4980,1,2025-02-06,29,13,1034,424,5,12506,1,0
7490,4980,1,2025-02-06,29,5,1034,506,26,12507,1,0
7491,4981,1,2024-05-21,29,14,1010,240,3,12509,1,0
7492,4981,1,2024-05-21,29,11,1010,725,41,12510,1,0
7493,4982,1,2026-06-10,29,23,1149,821,38,12512,1,0
7494,4982,1,2026-06-10,29,14,1149,385,7,12513,1,0
7495,4982,1,2026-06-10,29,4,1149,390,11,12514,1,0
7496,4983,1,2024-05-23,29,11,1004,497,12,12515,1,0
7497,4983,1,2024-05-23,29,3,1004,816,46,12516,1,0
7498,4984,1,2026-05-03,29,6,1002,399,19,12517,1,0
7499,4984,1,2026-05-03,29,17,1002,618,6,12518,1,0
7500,4985,1,2024-08-14,29,10,1008,387,18,12519,1,0
7501,4985,1,2024-08-14,29,24,1008,473,22,12521,1,0
7502,4987,2,2024-05-29,29,6,1003,473,2,12525,1,0
7503,4987,1,2024-05-29,29,21,1003,745,35,12526,1,0
7504,4988,1,2025-04-12,29,30,1032,951,18,12527,1,0
7505,4989,1,2024-01-21,29,12,1001,369,49,12529,1,0
7506,4990,2,2024-08-14,29,19,1025,818,1,12532,1,0
7507,4990,1,2024-08-14,29,19,1025,927,12,12533,1,0
7508,4992,1,2026-03-23,29,1,1176,957,30,12535,1,0
7509,4993,1,2024-09-06,29,17,1115,842,13,12537,1,0
7510,4993,1,2024-09-06,29,30,1115,128,15,12539,1,0
7511,4994,1,2025-09-11,29,10,1078,674,12,12541,1,0
7512,4995,1,2025-05-06,29,20,1004,228,46,12542,1,0
7513,4995,1,2025-05-06,29,6,1004,391,1,12543,1,0
7514,4995,1,2025-05-06,29,4,1004,791,33,12544,1,0
7515,4995,1,2025-05-06,29,30,1004,139,3,12545,1,0
7516,4996,1,2025-12-21,29,17,1005,674,8,12547,1,0
7517,4996,1,2025-12-21,29,17,1005,667,45,12548,1,0
7518,4996,1,2025-12-21,29,19,1005,226,12,12549,1,0
7519,4998,1,2024-12-11,29,25,1011,123,46,12551,1,0
7520,4999,2,2024-03-06,29,13,1003,429,26,12553,1,0
7521,4999,1,2024-03-06,29,15,1003,718,30,12555,1,0
7522,5000,1,2025-12-11,29,1,1030,227,47,12556,1,0
7523,5000,2,2025-12-11,29,4,1030,167,32,12557,1,0
