ComplainantID,CaseMasterID,ComplainantName,AgeYear,OccupationID,ReligionID,CasteID,GenderID
1,1,"Pooja Joshi",74,16,2,6,F
2,2,"Roopa Sharma",53,9,2,2,F
3,3,"Meghana Reddy",57,1,5,5,F
4,4,"Rekha Yadav",37,6,2,3,F
5,5,"Asha Shetty",51,5,3,3,F
6,6,"Nithin Joshi",50,19,5,1,M
7,7,"Rakesh Shetty",40,9,3,2,M
8,8,"Arun Bhat",42,7,5,9,M
9,9,"Kiran Hiremath",47,5,4,1,M
10,10,"Rashmi Shetty",48,18,4,6,F
11,11,"Santosh Hiremath",57,19,2,4,M
12,12,"Anil Gowda",80,7,5,5,M
13,13,"Arun Desai",46,6,3,8,M
14,14,"Santosh Naik",59,3,4,5,M
15,15,"Shilpa Desai",52,2,4,5,F
16,16,"Abhishek Hegde",67,1,2,1,M
17,17,"Sahana Kulkarni",44,3,2,5,F
18,18,"Sunil Desai",79,12,2,9,M
19,19,"Anil Kulkarni",40,14,5,10,M
20,20,"Puneeth Bhat",48,14,4,6,M
21,21,"Suma Joshi",31,17,3,1,F
22,22,"Vinay Hiremath",52,14,3,2,M
23,23,"Mahesh Desai",64,16,4,10,M
24,24,"Puneeth Rao",20,8,4,8,T
25,25,"Rekha Joshi",64,5,5,2,F
26,26,"Karthik Patil",60,5,5,7,M
27,27,"Anil Sharma",75,19,4,8,M
28,28,"Prakash Bhat",56,2,4,9,M
29,29,"Darshan Yadav",25,4,1,4,M
30,30,"Roopa Joshi",53,12,2,2,F
31,31,"Anil Hiremath",70,7,3,6,M
32,32,"Nithin Hegde",80,11,3,5,M
33,33,"Nithin Patil",56,4,1,3,M
34,34,"Ramya Desai",50,20,1,2,F
35,35,"Ramesh Reddy",51,10,1,5,M
36,36,"Manjunath Shetty",20,10,4,4,M
37,37,"Anil Hiremath",57,6,3,10,M
38,38,"Karthik Yadav",26,7,3,9,M
39,39,"Ramesh Bhat",63,10,5,6,M
40,40,"Karthik Kumar",30,14,2,7,M
41,41,"Meghana Hegde",48,13,3,3,F
42,42,"Karthik Yadav",39,10,3,5,M
43,43,"Puneeth Patil",71,10,1,1,M
44,44,"Anil Kumar",29,8,1,5,M
45,45,"Meghana Kumar",66,19,1,1,F
46,46,"Geetha Joshi",70,1,2,10,F
47,47,"Geetha Shetty",51,18,2,6,F
48,48,"Rekha Singh",61,13,2,4,F
49,49,"Sangeetha Hegde",33,17,2,7,F
50,50,"Rekha Bhat",69,14,4,9,F
51,51,"Manjunath Kumar",77,7,1,8,M
52,52,"Vijay Hegde",59,19,5,7,M
53,53,"Sahana Patil",71,2,5,10,F
54,54,"Abhishek Kulkarni",61,16,1,1,M
55,55,"Rekha Rao",54,8,5,7,F
56,56,"Mahesh Hiremath",45,3,1,5,M
57,57,"Pradeep Singh",47,1,1,6,M
58,58,"Bhagya Naik",54,6,2,5,F
59,59,"Geetha Hegde",46,16,3,3,F
60,60,"Bhagya Patil",68,12,5,10,F
61,61,"Shilpa Hegde",60,19,5,3,T
62,62,"Ramesh Reddy",19,18,4,8,M
63,63,"Arun Rao",41,15,5,3,M
64,64,"Kiran Singh",57,18,5,8,M
65,65,"Pradeep Reddy",53,8,2,10,M
66,66,"Rashmi Yadav",59,5,5,5,F
67,67,"Anil Hegde",53,4,4,1,M
68,68,"Mahesh Joshi",23,12,2,1,M
69,69,"Karthik Reddy",38,17,5,1,M
70,70,"Santosh Kumar",65,13,3,1,M
71,71,"Shivakumar Rao",66,2,1,7,M
72,72,"Anusha Patil",33,6,1,1,F
73,73,"Sunil Shetty",49,19,1,4,M
74,74,"Ramesh Yadav",32,11,3,2,M
75,75,"Shruthi Hiremath",57,10,1,4,F
76,76,"Darshan Hiremath",32,7,2,10,M
77,77,"Rakesh Joshi",72,10,5,1,M
78,78,"Arun Naik",24,8,2,4,M
79,79,"Mahesh Kumar",76,3,3,7,M
80,80,"Sahana Hegde",42,2,4,9,F
81,81,"Shruthi Desai",78,16,1,6,F
82,82,"Geetha Reddy",39,20,3,4,F
83,83,"Vinay Reddy",77,3,3,5,M
84,84,"Kiran Joshi",78,4,1,6,M
85,85,"Kiran Kumar",80,18,3,5,M
86,86,"Anil Shetty",48,13,4,8,M
87,87,"Vinay Naik",53,2,5,10,M
88,88,"Suresh Shetty",42,19,5,2,M
89,89,"Kavya Sharma",76,9,3,1,F
90,90,"Sahana Desai",56,17,5,1,F
91,91,"Shilpa Gowda",33,9,1,5,F
92,92,"Swathi Yadav",46,1,4,3,F
93,93,"Prakash Hiremath",55,10,1,8,M
94,94,"Kiran Bhat",53,1,4,5,M
95,95,"Arun Rao",78,4,4,1,M
96,96,"Asha Bhat",38,6,1,8,F
97,97,"Arun Kumar",53,8,2,6,M
98,98,"Darshan Kumar",64,4,3,1,M
99,99,"Rashmi Yadav",71,7,3,7,F
100,100,"Karthik Joshi",50,4,1,1,M
101,101,"Suresh Desai",70,5,1,3,M
102,102,"Rashmi Sharma",76,17,5,10,F
103,103,"Ramya Sharma",57,16,3,4,F
104,104,"Manjunath Shetty",55,10,5,9,M
105,105,"Karthik Naik",30,4,3,10,M
106,106,"Vinay Rao",53,5,1,7,M
107,107,"Pradeep Gowda",51,4,1,7,M
108,108,"Shivakumar Hegde",60,18,1,1,M
109,109,"Nithin Patil",45,20,3,8,M
110,110,"Shruthi Reddy",60,1,5,6,F
111,111,"Kiran Patil",23,9,5,2,M
112,112,"Pooja Desai",77,10,5,2,F
113,113,"Vinay Hiremath",52,7,3,4,M
114,114,"Suresh Kumar",40,10,5,3,M
115,115,"Basavaraj Shetty",53,3,1,9,M
116,116,"Arun Sharma",50,13,3,9,M
117,117,"Vinay Bhat",65,12,2,1,M
118,118,"Puneeth Hiremath",59,16,5,1,M
119,119,"Puneeth Joshi",77,6,5,7,M
120,120,"Pradeep Bhat",55,15,5,10,M
121,121,"Ramya Sharma",75,18,5,2,F
122,122,"Pradeep Desai",73,8,1,5,M
123,123,"Arun Sharma",34,13,2,2,M
124,124,"Meghana Yadav",23,3,5,1,F
125,125,"Shilpa Desai",60,17,1,2,T
126,126,"Divya Singh",77,6,4,9,F
127,127,"Swathi Singh",79,8,2,6,F
128,128,"Meghana Gowda",66,18,1,8,F
129,129,"Sahana Singh",38,9,2,9,F
130,130,"Bhagya Yadav",72,5,5,9,F
131,131,"Shivakumar Kumar",54,6,3,6,M
132,132,"Sunil Hiremath",35,3,2,3,M
133,133,"Asha Joshi",53,19,4,9,F
134,134,"Pradeep Kulkarni",56,8,2,7,M
135,135,"Rekha Joshi",26,8,1,3,F
136,136,"Geetha Singh",33,2,2,8,F
137,137,"Pradeep Hegde",30,6,3,10,M
138,138,"Anusha Rao",49,4,2,8,F
139,139,"Rakesh Kulkarni",52,6,5,6,M
140,140,"Geetha Kumar",51,2,2,2,F
141,141,"Ramesh Shetty",71,6,5,9,M
142,142,"Arun Kumar",42,5,3,1,M
143,143,"Vinay Kumar",64,16,2,8,M
144,144,"Pradeep Yadav",77,10,5,1,M
145,145,"Suresh Hiremath",46,8,2,2,M
146,146,"Anusha Kumar",61,3,1,1,F
147,147,"Sunil Sharma",57,1,4,10,M
148,148,"Sunil Desai",57,13,2,7,M
149,149,"Swathi Patil",58,9,4,1,F
150,150,"Bhagya Kumar",57,17,2,7,F
151,151,"Basavaraj Joshi",27,20,5,10,M
152,152,"Puneeth Kumar",37,7,2,2,M
153,153,"Rakesh Hiremath",74,10,3,8,M
154,154,"Rakesh Kumar",74,15,3,2,M
155,155,"Vijay Gowda",56,19,4,8,M
156,156,"Roopa Patil",23,10,4,3,F
157,157,"Vinay Shetty",48,17,4,8,M
158,158,"Basavaraj Kumar",18,1,1,6,M
159,159,"Nithin Rao",54,20,4,3,M
160,160,"Roopa Singh",71,7,1,8,F
161,161,"Rekha Hegde",27,20,1,6,F
162,162,"Sudeep Desai",47,2,1,7,M
163,163,"Bhagya Shetty",80,4,4,5,F
164,164,"Suresh Kulkarni",52,3,3,4,M
165,165,"Darshan Gowda",54,18,3,7,M
166,166,"Anil Gowda",37,18,2,3,M
167,167,"Geetha Desai",37,12,1,10,F
168,168,"Anil Kulkarni",28,19,1,5,M
169,169,"Abhishek Sharma",29,17,1,6,M
170,170,"Rakesh Rao",36,15,4,8,M
171,171,"Swathi Hegde",35,19,2,9,F
172,172,"Santosh Shetty",21,7,5,2,M
173,173,"Sangeetha Joshi",35,3,3,1,F
174,174,"Basavaraj Gowda",77,16,4,7,M
175,175,"Rekha Hiremath",75,5,1,4,F
176,176,"Rakesh Gowda",31,17,4,9,M
177,177,"Ramesh Kulkarni",70,6,5,2,M
178,178,"Shivakumar Hiremath",38,2,5,3,M
179,179,"Rekha Yadav",52,5,2,3,F
180,180,"Basavaraj Kumar",38,9,3,10,M
181,181,"Vijay Patil",74,20,4,3,M
182,182,"Prakash Sharma",73,15,3,1,M
183,183,"Anil Naik",59,10,2,8,M
184,184,"Basavaraj Gowda",57,11,1,9,M
185,185,"Sunil Yadav",38,18,5,5,M
186,186,"Pradeep Singh",65,3,1,4,M
187,187,"Rashmi Rao",33,4,1,6,F
188,188,"Rashmi Singh",77,10,5,3,F
189,189,"Santosh Patil",59,14,3,7,M
190,190,"Arun Singh",63,19,2,4,M
191,191,"Vijay Naik",19,4,3,8,M
192,192,"Karthik Desai",50,12,1,5,M
193,193,"Prakash Kulkarni",41,6,1,4,M
194,194,"Sahana Hegde",29,4,2,3,F
195,195,"Ramesh Patil",45,3,3,1,M
196,196,"Sunil Desai",41,20,2,9,M
197,197,"Meghana Desai",62,19,2,8,F
198,198,"Kiran Reddy",47,16,1,7,M
199,199,"Sudeep Hegde",30,20,4,2,M
200,200,"Rakesh Reddy",25,3,4,1,M
201,201,"Shilpa Hiremath",46,11,4,8,F
202,202,"Manjunath Patil",26,4,4,6,M
203,203,"Pradeep Yadav",35,1,3,7,M
204,204,"Shilpa Hegde",35,14,4,5,F
205,205,"Pooja Kumar",72,4,2,4,F
206,206,"Manjunath Patil",73,3,3,10,M
207,207,"Kiran Hegde",56,8,4,4,M
208,208,"Sunil Bhat",41,12,1,9,M
209,209,"Pradeep Reddy",70,6,3,9,M
210,210,"Ramya Singh",68,7,3,6,F
211,211,"Sangeetha Singh",45,12,2,7,F
212,212,"Abhishek Kumar",36,14,2,7,M
213,213,"Darshan Hegde",80,13,4,10,M
214,214,"Sunil Rao",46,15,2,2,M
215,215,"Meghana Bhat",53,2,4,5,F
216,216,"Puneeth Joshi",48,3,2,8,M
217,217,"Suresh Singh",56,2,5,8,M
218,218,"Nithin Kulkarni",59,4,3,8,M
219,219,"Basavaraj Shetty",36,10,2,9,M
220,220,"Sunil Hegde",79,1,2,8,M
221,221,"Basavaraj Kumar",23,8,2,5,M
222,222,"Santosh Desai",46,8,5,6,M
223,223,"Manjunath Desai",74,11,3,1,M
224,224,"Pradeep Gowda",33,16,3,5,M
225,225,"Asha Desai",78,6,4,1,F
226,226,"Basavaraj Hiremath",67,17,3,3,M
227,227,"Anil Yadav",50,15,3,4,M
228,228,"Pradeep Yadav",23,17,4,10,M
229,229,"Shilpa Reddy",41,19,4,1,F
230,230,"Rakesh Singh",27,9,1,3,M
231,231,"Bhagya Patil",79,16,5,1,F
232,232,"Asha Shetty",69,13,3,2,F
233,233,"Pradeep Rao",21,1,1,5,M
234,234,"Rashmi Kulkarni",48,17,2,3,F
235,235,"Shivakumar Hiremath",41,3,3,2,M
236,236,"Shruthi Sharma",18,14,5,8,F
237,237,"Vijay Desai",20,7,5,10,M
238,238,"Swathi Singh",30,8,1,5,F
239,239,"Kiran Patil",56,3,5,10,M
240,240,"Shruthi Singh",42,20,5,2,F
241,241,"Ramesh Patil",26,12,3,10,M
242,242,"Kiran Kulkarni",44,11,2,2,M
243,243,"Roopa Patil",80,6,2,5,F
244,244,"Rekha Singh",37,5,2,4,F
245,245,"Roopa Sharma",51,2,2,4,F
246,246,"Prakash Desai",37,20,3,7,M
247,247,"Shivakumar Joshi",30,12,4,7,M
248,248,"Vinay Singh",64,14,2,8,M
249,249,"Geetha Hiremath",31,6,1,10,F
250,250,"Prakash Singh",35,7,1,3,M
251,251,"Nithin Patil",33,12,1,2,M
252,252,"Asha Sharma",47,6,2,1,F
253,253,"Rakesh Desai",29,20,1,1,M
254,254,"Sudeep Reddy",40,3,3,10,M
255,255,"Kiran Gowda",56,8,4,4,M
256,256,"Santosh Singh",65,8,2,9,M
257,257,"Anusha Shetty",43,15,3,3,F
258,258,"Vijay Singh",43,3,3,10,M
259,259,"Sudeep Gowda",18,12,4,7,M
260,260,"Ramesh Desai",58,5,3,10,M
261,261,"Shruthi Reddy",22,14,5,7,F
262,262,"Shilpa Rao",23,16,1,1,F
263,263,"Roopa Hiremath",42,20,1,6,F
264,264,"Sangeetha Singh",37,20,1,6,F
265,265,"Shilpa Yadav",52,16,1,6,F
266,266,"Shruthi Kulkarni",21,19,5,4,F
267,267,"Asha Sharma",58,7,2,1,T
268,268,"Anil Kulkarni",62,18,4,2,M
269,269,"Divya Gowda",41,5,4,7,F
270,270,"Ramesh Reddy",33,15,3,1,M
271,271,"Shilpa Rao",42,18,2,7,F
272,272,"Shilpa Rao",57,18,4,6,F
273,273,"Karthik Kulkarni",41,1,2,5,M
274,274,"Mahesh Kumar",62,9,2,10,M
275,275,"Arun Reddy",51,3,3,6,M
276,276,"Karthik Patil",28,17,2,3,M
277,277,"Kiran Shetty",58,3,1,4,M
278,278,"Rashmi Sharma",49,1,4,9,F
279,279,"Sangeetha Naik",71,1,5,7,F
280,280,"Puneeth Hiremath",40,7,1,9,M
281,281,"Shilpa Singh",51,14,3,1,F
282,282,"Karthik Gowda",34,8,1,6,M
283,283,"Santosh Kumar",32,2,4,7,M
284,284,"Shivakumar Hegde",31,20,1,7,M
285,285,"Divya Singh",77,4,1,9,F
286,286,"Darshan Kulkarni",20,7,4,8,M
287,287,"Asha Joshi",37,8,3,5,F
288,288,"Swathi Patil",50,12,3,2,F
289,289,"Swathi Kumar",70,14,3,3,F
290,290,"Kiran Shetty",30,5,4,10,M
291,291,"Shilpa Sharma",28,11,5,3,F
292,292,"Arun Sharma",52,18,4,9,M
293,293,"Mahesh Desai",72,5,3,8,M
294,294,"Karthik Shetty",48,1,5,7,M
295,295,"Darshan Kumar",42,20,1,4,M
296,296,"Sudeep Patil",33,9,1,10,M
297,297,"Vinay Hiremath",50,12,2,2,T
298,298,"Ramya Hegde",46,12,5,7,F
299,299,"Vijay Reddy",69,10,5,2,M
300,300,"Prakash Hegde",41,15,3,1,M
301,301,"Vinay Hiremath",72,15,1,2,M
302,302,"Ramesh Bhat",78,11,5,1,M
303,303,"Suma Hegde",79,12,4,8,F
304,304,"Arun Rao",56,13,2,6,M
305,305,"Shilpa Sharma",59,6,5,10,F
306,306,"Santosh Reddy",58,2,3,7,M
307,307,"Geetha Gowda",78,1,1,3,F
308,308,"Abhishek Reddy",63,1,4,1,M
309,309,"Roopa Rao",33,9,1,5,F
310,310,"Divya Hiremath",24,16,1,7,F
311,311,"Ramya Rao",37,4,2,10,F
312,312,"Vijay Kumar",79,3,3,9,M
313,313,"Sangeetha Reddy",49,10,5,9,F
314,314,"Nithin Kulkarni",49,18,3,10,M
315,315,"Vijay Sharma",20,4,4,3,M
316,316,"Kiran Desai",42,1,2,1,M
317,317,"Karthik Bhat",38,5,5,7,M
318,318,"Kiran Kumar",56,11,3,8,M
319,319,"Puneeth Kulkarni",78,5,4,2,M
320,320,"Arun Shetty",40,12,1,1,M
321,321,"Swathi Sharma",31,10,5,5,F
322,322,"Manjunath Sharma",45,11,1,3,M
323,323,"Darshan Reddy",33,12,3,6,M
324,324,"Asha Rao",34,20,1,7,F
325,325,"Vinay Reddy",21,12,1,1,M
326,326,"Sudeep Joshi",26,14,5,4,M
327,327,"Sahana Desai",34,20,5,10,F
328,328,"Kavya Reddy",65,16,2,4,F
329,329,"Manjunath Singh",43,13,4,3,M
330,330,"Arun Kumar",48,4,5,8,M
331,331,"Rakesh Joshi",18,17,2,6,M
332,332,"Anusha Reddy",75,6,4,7,F
333,333,"Shruthi Rao",38,17,2,2,F
334,334,"Bhagya Shetty",40,16,5,6,F
335,335,"Mahesh Shetty",73,10,4,10,M
336,336,"Vijay Shetty",69,19,5,1,M
337,337,"Nithin Gowda",53,13,2,7,M
338,338,"Kiran Desai",56,10,2,10,M
339,339,"Meghana Joshi",32,15,1,1,F
340,340,"Swathi Kumar",66,2,1,9,F
341,341,"Shruthi Reddy",37,18,2,7,F
342,342,"Sunil Joshi",73,6,2,10,M
343,343,"Kavya Joshi",38,11,5,6,F
344,344,"Darshan Hiremath",66,3,1,4,M
345,345,"Anusha Singh",55,5,5,5,F
346,346,"Suma Desai",34,13,5,4,F
347,347,"Manjunath Desai",61,17,5,10,M
348,348,"Prakash Rao",30,18,5,4,M
349,349,"Anusha Shetty",38,6,5,6,F
350,350,"Vijay Bhat",49,20,2,3,M
351,351,"Ramya Kulkarni",71,10,4,8,F
352,352,"Kiran Joshi",61,16,2,6,M
353,353,"Rashmi Gowda",78,6,5,7,F
354,354,"Anil Gowda",37,2,3,2,M
355,355,"Vijay Kulkarni",76,18,5,4,M
356,356,"Suresh Bhat",43,10,3,3,M
357,357,"Bhagya Sharma",38,1,2,9,F
358,358,"Sahana Sharma",26,13,1,5,F
359,359,"Rashmi Kulkarni",51,11,4,3,F
360,360,"Basavaraj Kumar",32,19,2,2,M
361,361,"Meghana Kumar",28,2,2,9,F
362,362,"Pradeep Desai",29,1,2,8,M
363,363,"Asha Sharma",35,4,1,8,F
364,364,"Sangeetha Rao",75,2,1,4,F
365,365,"Vinay Shetty",54,3,2,2,M
366,366,"Rashmi Kulkarni",21,9,2,10,F
367,367,"Sudeep Yadav",41,10,2,6,M
368,368,"Vinay Yadav",64,13,4,4,M
369,369,"Sahana Kumar",60,15,1,3,F
370,370,"Kiran Bhat",43,11,3,7,M
371,371,"Vijay Patil",34,3,3,2,M
372,372,"Nithin Shetty",27,15,4,1,M
373,373,"Darshan Sharma",45,5,5,2,M
374,374,"Suma Joshi",53,17,1,10,F
375,375,"Arun Gowda",39,19,1,8,M
376,376,"Santosh Reddy",24,20,3,6,M
377,377,"Shilpa Hiremath",55,20,5,9,F
378,378,"Anil Shetty",58,1,2,10,M
379,379,"Bhagya Reddy",63,10,4,1,F
380,380,"Pooja Singh",75,15,3,10,F
381,381,"Anil Hiremath",34,7,5,5,M
382,382,"Sahana Sharma",35,5,3,10,F
383,383,"Sunil Shetty",80,2,4,10,M
384,384,"Pooja Bhat",46,4,4,2,F
385,385,"Arun Naik",39,16,2,3,M
386,386,"Anusha Kumar",37,17,4,2,F
387,387,"Anil Hegde",64,1,4,1,M
388,388,"Vinay Sharma",78,2,3,5,M
389,389,"Anil Gowda",26,11,2,5,M
390,390,"Basavaraj Shetty",53,3,5,8,M
391,391,"Anil Gowda",57,8,3,7,M
392,392,"Bhagya Desai",60,3,3,6,F
393,393,"Ramesh Singh",46,13,2,4,M
394,394,"Anil Shetty",45,16,1,5,M
395,395,"Prakash Bhat",53,12,1,3,M
396,396,"Manjunath Hegde",19,8,1,7,M
397,397,"Darshan Naik",50,5,2,4,M
398,398,"Rekha Hegde",52,17,5,10,F
399,399,"Anusha Rao",43,16,3,4,F
400,400,"Rakesh Reddy",33,12,3,8,M
401,401,"Asha Hegde",26,10,1,2,F
402,402,"Swathi Bhat",75,19,2,4,F
403,403,"Anil Naik",51,4,1,10,M
404,404,"Meghana Hiremath",56,17,4,1,F
405,405,"Nithin Yadav",60,1,2,10,M
406,406,"Roopa Desai",80,6,2,9,F
407,407,"Vijay Desai",39,10,5,9,M
408,408,"Pooja Hegde",32,8,2,4,F
409,409,"Prakash Hiremath",58,9,4,6,M
410,410,"Bhagya Naik",47,12,4,3,F
411,411,"Meghana Yadav",63,13,2,8,F
412,412,"Pradeep Rao",53,13,4,7,M
413,413,"Puneeth Gowda",79,16,2,9,M
414,414,"Shivakumar Rao",55,17,2,2,M
415,415,"Sahana Hiremath",66,1,4,2,F
416,416,"Puneeth Naik",63,11,1,4,M
417,417,"Sudeep Sharma",34,20,1,7,M
418,418,"Vijay Shetty",29,9,4,5,M
419,419,"Pooja Naik",45,5,4,10,F
420,420,"Darshan Hegde",73,6,2,6,M
421,421,"Geetha Kulkarni",61,20,4,8,F
422,422,"Geetha Bhat",71,12,2,7,F
423,423,"Vijay Reddy",52,20,4,1,M
424,424,"Asha Bhat",59,5,4,6,T
425,425,"Sangeetha Desai",36,15,4,6,F
426,426,"Vijay Reddy",60,12,4,10,T
427,427,"Santosh Sharma",19,20,5,7,M
428,428,"Shivakumar Patil",35,20,1,10,T
429,429,"Sahana Reddy",19,5,1,4,F
430,430,"Sangeetha Reddy",57,4,1,3,F
431,431,"Suresh Hiremath",40,7,4,10,M
432,432,"Pooja Kumar",29,8,2,7,F
433,433,"Asha Gowda",80,19,3,10,F
434,434,"Vijay Hegde",52,15,3,7,M
435,435,"Puneeth Kulkarni",71,8,2,8,M
436,436,"Mahesh Bhat",41,16,3,9,M
437,437,"Vijay Singh",56,9,2,6,M
438,438,"Sunil Hegde",49,7,5,9,M
439,439,"Kiran Sharma",41,5,3,7,M
440,440,"Vinay Patil",74,12,3,6,M
441,441,"Rashmi Shetty",56,2,1,4,F
442,442,"Pradeep Shetty",20,12,5,3,M
443,443,"Karthik Kumar",30,10,2,10,M
444,444,"Meghana Sharma",47,1,3,8,F
445,445,"Meghana Rao",30,1,1,8,F
446,446,"Mahesh Shetty",49,6,5,7,M
447,447,"Sangeetha Bhat",56,6,5,3,F
448,448,"Nithin Hiremath",32,19,3,7,M
449,449,"Suresh Kulkarni",33,7,5,2,M
450,450,"Mahesh Hiremath",18,13,3,4,M
451,451,"Pooja Patil",60,4,4,7,T
452,452,"Kavya Joshi",55,3,2,8,F
453,453,"Roopa Reddy",44,18,4,2,F
454,454,"Puneeth Shetty",54,18,3,9,M
455,455,"Rashmi Hegde",76,4,2,7,F
456,456,"Suresh Rao",33,2,4,1,M
457,457,"Arun Hegde",76,10,4,9,M
458,458,"Swathi Joshi",49,6,1,5,F
459,459,"Asha Joshi",50,19,4,4,F
460,460,"Divya Patil",75,9,5,6,F
461,461,"Abhishek Yadav",32,10,4,10,M
462,462,"Anusha Shetty",46,1,4,10,F
463,463,"Anil Bhat",72,14,3,3,M
464,464,"Sudeep Shetty",22,6,5,2,M
465,465,"Puneeth Reddy",63,15,5,8,M
466,466,"Sudeep Gowda",31,5,4,10,M
467,467,"Rekha Desai",21,12,4,7,F
468,468,"Rekha Desai",21,18,5,9,F
469,469,"Swathi Bhat",34,7,4,3,F
470,470,"Sahana Bhat",60,17,3,8,F
471,471,"Kavya Yadav",43,16,1,6,F
472,472,"Kavya Gowda",48,6,1,3,F
473,473,"Anil Shetty",71,15,5,5,M
474,474,"Rakesh Bhat",34,3,3,6,M
475,475,"Geetha Hegde",46,6,1,3,F
476,476,"Vijay Kumar",31,19,5,10,M
477,477,"Suresh Sharma",71,10,1,4,M
478,478,"Meghana Kumar",52,14,1,6,F
479,479,"Rekha Kulkarni",52,3,2,2,F
480,480,"Arun Singh",50,13,2,9,M
481,481,"Prakash Hiremath",31,16,5,8,M
482,482,"Karthik Patil",78,10,2,5,M
483,483,"Anusha Patil",38,13,1,5,F
484,484,"Sahana Naik",44,9,5,4,F
485,485,"Sunil Bhat",48,8,1,2,M
486,486,"Sudeep Naik",49,2,3,1,M
487,487,"Abhishek Singh",75,5,1,5,M
488,488,"Sangeetha Yadav",48,6,1,5,F
489,489,"Shivakumar Singh",63,5,2,4,M
490,490,"Sunil Naik",20,19,2,10,M
491,491,"Ramya Kumar",56,15,1,8,F
492,492,"Arun Rao",51,3,2,4,M
493,493,"Santosh Kumar",79,1,2,7,M
494,494,"Ramesh Shetty",37,17,5,2,M
495,495,"Sunil Hegde",30,11,2,10,M
496,496,"Bhagya Sharma",39,16,5,2,F
497,497,"Abhishek Hiremath",40,8,3,6,M
498,498,"Vijay Patil",44,2,1,7,M
499,499,"Rashmi Hiremath",57,17,5,5,F
500,500,"Manjunath Naik",64,4,3,4,M
501,501,"Sudeep Kumar",54,17,3,10,M
502,502,"Nithin Hegde",32,17,4,6,M
503,503,"Suma Gowda",74,12,5,6,F
504,504,"Manjunath Bhat",66,3,3,1,M
505,505,"Manjunath Hiremath",27,15,1,6,M
506,506,"Meghana Yadav",54,8,3,9,F
507,507,"Sahana Bhat",43,3,3,5,F
508,508,"Kiran Reddy",39,1,5,5,M
509,509,"Shruthi Sharma",27,10,5,4,F
510,510,"Shilpa Bhat",75,13,5,6,F
511,511,"Rashmi Kumar",55,4,3,4,F
512,512,"Suresh Hiremath",46,2,5,5,M
513,513,"Vinay Singh",59,2,4,3,M
514,514,"Sudeep Rao",61,4,1,10,M
515,515,"Mahesh Hiremath",25,17,1,2,M
516,516,"Arun Naik",74,4,5,3,M
517,517,"Rashmi Gowda",41,13,3,1,F
518,518,"Santosh Kulkarni",68,6,2,1,M
519,519,"Arun Singh",79,18,4,8,M
520,520,"Vinay Kumar",45,18,3,9,M
521,521,"Roopa Hiremath",42,15,5,1,F
522,522,"Puneeth Hiremath",47,5,5,10,M
523,523,"Nithin Desai",41,1,4,9,M
524,524,"Anil Shetty",38,10,4,2,M
525,525,"Shilpa Kulkarni",78,5,4,1,F
526,526,"Rashmi Sharma",63,14,3,6,F
527,527,"Rashmi Reddy",69,7,1,6,F
528,528,"Suma Bhat",65,4,2,4,F
529,529,"Manjunath Shetty",51,6,2,9,M
530,530,"Asha Hiremath",75,7,2,8,F
531,531,"Kiran Shetty",58,14,1,8,M
532,532,"Ramesh Hegde",33,11,2,10,M
533,533,"Meghana Singh",51,12,5,6,F
534,534,"Suresh Desai",71,19,3,1,M
535,535,"Vijay Shetty",31,20,1,3,M
536,536,"Kiran Singh",77,11,2,9,M
537,537,"Rekha Rao",33,18,4,9,F
538,538,"Pooja Gowda",69,1,1,4,F
539,539,"Santosh Patil",46,5,2,5,M
540,540,"Asha Desai",45,10,5,2,F
541,541,"Manjunath Yadav",53,9,1,8,M
542,542,"Asha Shetty",36,3,1,5,F
543,543,"Manjunath Kumar",25,5,1,6,M
544,544,"Karthik Kulkarni",79,15,1,5,M
545,545,"Puneeth Patil",38,20,5,9,M
546,546,"Vijay Kulkarni",78,2,4,8,M
547,547,"Arun Rao",24,6,1,5,M
548,548,"Vinay Kulkarni",77,17,1,2,M
549,549,"Geetha Shetty",37,3,2,9,F
550,550,"Shivakumar Naik",39,15,5,7,M
551,551,"Rakesh Kulkarni",27,12,5,4,M
552,552,"Abhishek Desai",60,6,2,7,M
553,553,"Puneeth Desai",76,9,3,8,M
554,554,"Nithin Singh",56,18,2,2,M
555,555,"Suresh Hegde",39,12,2,7,M
556,556,"Bhagya Hiremath",31,5,1,9,F
557,557,"Suma Yadav",49,15,3,9,F
558,558,"Shruthi Yadav",26,2,1,7,F
559,559,"Karthik Sharma",55,17,4,8,M
560,560,"Mahesh Hiremath",73,9,5,3,M
561,561,"Pooja Reddy",34,15,3,9,F
562,562,"Anusha Patil",34,8,3,1,F
563,563,"Pradeep Patil",56,18,2,9,M
564,564,"Prakash Joshi",73,20,5,10,M
565,565,"Anusha Singh",28,4,2,2,F
566,566,"Pradeep Hiremath",25,10,1,4,M
567,567,"Shruthi Singh",71,2,4,7,F
568,568,"Nithin Hiremath",28,19,1,8,M
569,569,"Manjunath Desai",77,15,3,6,M
570,570,"Puneeth Rao",27,17,5,2,M
571,571,"Arun Hegde",74,9,1,1,M
572,572,"Suresh Bhat",44,1,5,3,M
573,573,"Pooja Kulkarni",53,19,5,10,F
574,574,"Pooja Kumar",75,18,5,7,F
575,575,"Nithin Joshi",80,9,3,9,M
576,576,"Kavya Hiremath",41,6,1,10,F
577,577,"Santosh Reddy",74,15,4,1,M
578,578,"Rakesh Hegde",55,6,3,10,M
579,579,"Pooja Patil",30,2,2,7,F
580,580,"Shilpa Naik",59,2,1,7,F
581,581,"Mahesh Naik",30,12,1,2,M
582,582,"Abhishek Gowda",58,5,5,1,M
583,583,"Abhishek Yadav",60,1,2,8,M
584,584,"Shilpa Rao",32,7,5,6,F
585,585,"Nithin Bhat",46,6,5,5,M
586,586,"Sunil Joshi",49,5,5,2,M
587,587,"Darshan Naik",57,5,2,8,M
588,588,"Darshan Shetty",61,6,5,9,M
589,589,"Abhishek Hiremath",59,5,1,10,M
590,590,"Karthik Shetty",39,18,3,5,M
591,591,"Rekha Shetty",60,9,2,4,F
592,592,"Nithin Gowda",41,9,3,4,M
593,593,"Manjunath Hegde",77,20,2,6,M
594,594,"Rekha Patil",51,19,2,4,F
595,595,"Shivakumar Gowda",30,4,4,9,M
596,596,"Shivakumar Sharma",31,5,2,8,M
597,597,"Ramya Bhat",22,8,5,2,F
598,598,"Nithin Rao",59,7,2,3,M
599,599,"Anusha Desai",37,16,1,9,F
600,600,"Puneeth Shetty",79,5,2,4,M
601,601,"Basavaraj Sharma",73,8,1,2,M
602,602,"Kiran Naik",72,4,5,6,M
603,603,"Vinay Sharma",60,3,4,5,M
604,604,"Shivakumar Shetty",54,7,5,6,M
605,605,"Pradeep Hiremath",47,13,1,10,M
606,606,"Meghana Hiremath",35,10,5,8,F
607,607,"Suma Patil",34,7,1,10,F
608,608,"Pradeep Naik",37,11,3,5,M
609,609,"Ramya Bhat",32,2,5,6,F
610,610,"Manjunath Patil",37,10,4,2,M
611,611,"Pooja Kumar",78,3,3,6,F
612,612,"Abhishek Kumar",37,14,2,2,M
613,613,"Kavya Hegde",63,10,1,8,F
614,614,"Prakash Bhat",57,1,2,6,M
615,615,"Kavya Rao",35,3,2,4,F
616,616,"Rashmi Kulkarni",21,14,3,9,F
617,617,"Sangeetha Hiremath",43,6,1,3,F
618,618,"Bhagya Yadav",55,3,4,1,F
619,619,"Mahesh Kulkarni",34,13,3,5,M
620,620,"Shivakumar Singh",49,9,5,3,M
621,621,"Ramya Bhat",55,5,4,3,F
622,622,"Pooja Shetty",29,14,5,8,F
623,623,"Sahana Hegde",67,13,3,7,F
624,624,"Prakash Reddy",59,6,5,4,M
625,625,"Ramya Gowda",21,6,3,4,F
626,626,"Vijay Yadav",75,3,5,6,M
627,627,"Anil Reddy",18,17,2,4,M
628,628,"Meghana Sharma",42,18,5,2,F
629,629,"Shruthi Bhat",52,13,5,7,F
630,630,"Rakesh Hiremath",49,1,5,1,M
631,631,"Ramesh Rao",42,5,4,1,M
632,632,"Shilpa Desai",43,1,2,1,F
633,633,"Shruthi Reddy",51,9,3,5,F
634,634,"Vijay Bhat",40,10,4,7,M
635,635,"Santosh Patil",18,6,1,2,M
636,636,"Mahesh Shetty",44,12,2,6,M
637,637,"Kiran Naik",49,20,2,7,M
638,638,"Sudeep Gowda",36,10,4,6,M
639,639,"Santosh Joshi",74,13,4,5,M
640,640,"Shivakumar Kulkarni",75,12,4,6,M
641,641,"Basavaraj Singh",75,6,5,7,M
642,642,"Shilpa Shetty",48,1,1,10,F
643,643,"Shivakumar Hegde",30,5,4,1,M
644,644,"Santosh Bhat",59,10,3,1,T
645,645,"Pooja Kumar",52,13,5,4,F
646,646,"Pooja Hegde",73,4,1,7,F
647,647,"Suresh Hiremath",69,15,3,4,M
648,648,"Prakash Reddy",34,15,1,9,M
649,649,"Sunil Singh",66,9,2,1,M
650,650,"Prakash Yadav",80,1,2,9,M
651,651,"Manjunath Joshi",66,12,2,9,M
652,652,"Bhagya Singh",19,16,2,7,F
653,653,"Santosh Patil",20,14,1,7,M
654,654,"Suma Bhat",22,11,1,1,F
655,655,"Pooja Kumar",66,6,2,2,F
656,656,"Sunil Yadav",68,4,4,2,M
657,657,"Suresh Bhat",79,1,5,5,M
658,658,"Shivakumar Bhat",35,3,2,7,M
659,659,"Shivakumar Shetty",80,16,3,10,M
660,660,"Sunil Yadav",29,5,1,3,M
661,661,"Sudeep Kumar",18,13,4,4,M
662,662,"Shruthi Shetty",42,15,5,9,F
663,663,"Sangeetha Shetty",60,1,1,6,F
664,664,"Darshan Patil",24,3,5,3,M
665,665,"Rakesh Gowda",18,10,1,3,M
666,666,"Suresh Rao",68,2,3,7,M
667,667,"Swathi Desai",18,11,2,5,F
668,668,"Ramya Hiremath",46,1,5,7,F
669,669,"Shilpa Kulkarni",50,7,3,1,F
670,670,"Anil Shetty",67,10,2,6,M
671,671,"Shivakumar Joshi",23,17,4,1,M
672,672,"Sunil Patil",78,16,1,4,M
673,673,"Karthik Hiremath",58,10,4,9,M
674,674,"Anusha Singh",33,19,4,5,F
675,675,"Rashmi Kumar",74,4,4,10,F
676,676,"Vijay Gowda",42,19,3,3,M
677,677,"Sahana Joshi",75,6,3,4,F
678,678,"Manjunath Gowda",37,12,5,7,M
679,679,"Sangeetha Reddy",26,8,5,6,F
680,680,"Meghana Naik",48,2,2,2,F
681,681,"Pradeep Joshi",26,13,2,3,M
682,682,"Kiran Desai",67,1,5,10,M
683,683,"Vijay Singh",49,1,2,9,M
684,684,"Karthik Sharma",24,10,3,9,M
685,685,"Manjunath Kumar",69,7,4,1,M
686,686,"Shruthi Naik",60,11,3,1,F
687,687,"Basavaraj Patil",37,19,4,1,M
688,688,"Arun Gowda",60,4,5,3,M
689,689,"Sunil Patil",55,12,3,6,M
690,690,"Sahana Kulkarni",52,8,2,3,F
691,691,"Santosh Joshi",50,3,5,4,M
692,692,"Abhishek Gowda",18,18,3,6,M
693,693,"Karthik Kulkarni",37,15,4,10,M
694,694,"Sudeep Naik",66,10,4,5,M
695,695,"Bhagya Rao",54,16,2,7,F
696,696,"Roopa Shetty",68,13,2,5,F
697,697,"Kavya Desai",43,7,2,2,F
698,698,"Rashmi Singh",49,9,4,2,F
699,699,"Basavaraj Joshi",39,12,3,5,M
700,700,"Pradeep Patil",45,11,1,9,M
701,701,"Divya Hiremath",48,12,2,7,F
702,702,"Prakash Hegde",50,8,4,9,M
703,703,"Rekha Naik",47,13,1,9,F
704,704,"Shruthi Kulkarni",39,8,4,5,F
705,705,"Suma Hegde",36,17,5,9,F
706,706,"Prakash Shetty",51,19,5,3,M
707,707,"Sangeetha Kulkarni",61,3,5,6,F
708,708,"Karthik Hegde",58,11,1,4,M
709,709,"Sangeetha Gowda",51,15,3,2,F
710,710,"Vijay Hiremath",43,17,2,1,M
711,711,"Santosh Gowda",55,3,2,4,M
712,712,"Swathi Shetty",62,5,1,6,F
713,713,"Ramesh Joshi",35,6,4,10,M
714,714,"Rashmi Naik",36,15,5,3,F
715,715,"Manjunath Shetty",36,3,3,4,M
716,716,"Vinay Sharma",38,18,4,3,M
717,717,"Shivakumar Bhat",36,8,1,10,M
718,718,"Vijay Bhat",54,3,2,8,M
719,719,"Pooja Kumar",51,1,3,8,F
720,720,"Arun Desai",23,4,3,8,M
721,721,"Vijay Bhat",29,3,5,1,T
722,722,"Arun Gowda",27,14,2,4,M
723,723,"Kavya Yadav",49,10,2,2,F
724,724,"Arun Hegde",53,13,1,5,M
725,725,"Suresh Hegde",53,8,3,10,M
726,726,"Manjunath Desai",20,1,5,9,M
727,727,"Asha Desai",32,4,5,3,F
728,728,"Arun Gowda",58,6,5,6,M
729,729,"Rashmi Kulkarni",52,10,4,3,F
730,730,"Mahesh Singh",54,10,4,10,M
731,731,"Sudeep Yadav",39,15,1,3,M
732,732,"Sudeep Kumar",72,13,3,5,M
733,733,"Asha Hiremath",57,6,2,9,F
734,734,"Sahana Bhat",74,9,3,3,F
735,735,"Suresh Yadav",74,1,4,1,M
736,736,"Meghana Kulkarni",64,19,1,7,F
737,737,"Pooja Kulkarni",54,19,5,8,F
738,738,"Darshan Naik",80,18,1,2,M
739,739,"Ramya Hegde",43,16,1,9,F
740,740,"Roopa Hiremath",37,13,2,9,F
741,741,"Karthik Yadav",38,17,4,6,M
742,742,"Nithin Desai",34,20,4,5,M
743,743,"Abhishek Hegde",56,3,4,1,M
744,744,"Ramesh Naik",30,20,4,10,M
745,745,"Anusha Shetty",40,17,5,3,F
746,746,"Swathi Reddy",48,14,2,4,F
747,747,"Divya Reddy",57,3,3,2,F
748,748,"Pradeep Gowda",77,4,4,10,M
749,749,"Suma Hegde",70,18,4,1,F
750,750,"Suresh Desai",55,2,5,10,M
751,751,"Karthik Rao",33,18,5,7,M
752,752,"Kavya Reddy",21,20,2,4,F
753,753,"Kiran Hegde",40,2,3,8,M
754,754,"Darshan Naik",50,11,1,4,M
755,755,"Rekha Gowda",76,14,2,3,F
756,756,"Ramya Naik",37,6,3,2,F
757,757,"Shilpa Yadav",22,19,5,2,F
758,758,"Rashmi Hiremath",36,6,1,9,F
759,759,"Ramesh Bhat",68,3,2,8,M
760,760,"Anil Bhat",73,7,1,10,M
761,761,"Swathi Kulkarni",77,9,5,7,F
762,762,"Vinay Hegde",31,7,1,9,M
763,763,"Pooja Singh",24,15,1,7,F
764,764,"Ramya Kumar",18,11,3,1,F
765,765,"Darshan Bhat",57,5,3,1,M
766,766,"Darshan Gowda",33,2,1,2,M
767,767,"Suma Kulkarni",39,15,4,1,F
768,768,"Shilpa Desai",70,11,5,2,T
769,769,"Rakesh Joshi",59,11,2,6,M
770,770,"Bhagya Naik",38,9,2,5,F
771,771,"Manjunath Naik",30,16,5,1,M
772,772,"Basavaraj Joshi",56,13,2,4,M
773,773,"Shivakumar Shetty",60,7,3,4,M
774,774,"Abhishek Joshi",64,3,2,4,M
775,775,"Pooja Yadav",49,9,5,2,F
776,776,"Darshan Patil",33,10,2,2,T
777,777,"Sudeep Sharma",56,5,1,10,T
778,778,"Santosh Kumar",43,16,3,10,M
779,779,"Ramesh Yadav",56,14,2,7,M
780,780,"Meghana Kulkarni",75,12,3,8,F
781,781,"Divya Desai",41,17,3,3,F
782,782,"Basavaraj Yadav",73,6,3,1,M
783,783,"Puneeth Bhat",39,18,3,8,M
784,784,"Kiran Kumar",40,12,4,9,M
785,785,"Anusha Kulkarni",22,20,3,3,F
786,786,"Rashmi Patil",35,19,1,3,F
787,787,"Vinay Gowda",38,14,5,7,M
788,788,"Arun Shetty",39,19,5,1,M
789,789,"Meghana Rao",40,9,2,4,F
790,790,"Vijay Hiremath",18,5,5,6,M
791,791,"Puneeth Bhat",56,4,3,4,M
792,792,"Puneeth Bhat",20,14,1,10,M
793,793,"Pooja Patil",30,11,4,5,F
794,794,"Anil Naik",46,4,1,8,M
795,795,"Basavaraj Sharma",58,14,2,6,M
796,796,"Kiran Naik",54,18,5,3,M
797,797,"Kiran Shetty",74,13,3,3,M
798,798,"Vinay Kulkarni",63,10,4,3,M
799,799,"Meghana Rao",56,9,2,2,F
800,800,"Meghana Singh",72,7,2,10,F
801,801,"Suresh Hiremath",49,5,2,1,M
802,802,"Sunil Kumar",36,15,5,7,M
803,803,"Manjunath Hegde",58,2,1,4,M
804,804,"Kavya Patil",31,17,3,2,F
805,805,"Sahana Hegde",42,15,5,5,F
806,806,"Santosh Kumar",48,4,3,9,M
807,807,"Kiran Singh",63,5,1,8,M
808,808,"Basavaraj Naik",34,10,4,2,M
809,809,"Abhishek Rao",78,17,4,4,M
810,810,"Swathi Bhat",30,7,1,6,F
811,811,"Sunil Gowda",19,6,3,3,M
812,812,"Manjunath Gowda",50,2,2,7,M
813,813,"Shruthi Kumar",32,16,2,7,F
814,814,"Anil Hiremath",68,7,2,6,M
815,815,"Swathi Shetty",39,9,2,8,F
816,816,"Anusha Gowda",57,20,4,8,F
817,817,"Shruthi Reddy",43,17,3,1,F
818,818,"Puneeth Yadav",45,17,1,10,M
819,819,"Santosh Sharma",48,20,4,7,M
820,820,"Arun Kumar",54,15,1,2,M
821,821,"Rashmi Kumar",19,5,3,1,F
822,822,"Shruthi Hiremath",60,2,1,8,F
823,823,"Basavaraj Kulkarni",19,20,3,7,M
824,824,"Meghana Desai",46,16,1,9,F
825,825,"Roopa Patil",56,7,3,3,F
826,826,"Shruthi Naik",47,11,1,3,F
827,827,"Anusha Naik",66,4,1,3,F
828,828,"Roopa Reddy",62,8,5,4,F
829,829,"Rakesh Patil",77,3,3,8,M
830,830,"Suma Naik",19,20,5,6,F
831,831,"Arun Patil",39,17,3,2,M
832,832,"Sudeep Kulkarni",33,14,5,6,M
833,833,"Shivakumar Singh",56,3,1,9,M
834,834,"Pooja Desai",57,16,5,10,F
835,835,"Nithin Singh",54,12,3,2,M
836,836,"Sunil Hiremath",21,5,1,2,M
837,837,"Manjunath Naik",47,3,4,4,M
838,838,"Sangeetha Reddy",29,12,4,10,F
839,839,"Darshan Kumar",61,10,4,2,M
840,840,"Prakash Naik",33,1,3,7,M
841,841,"Shivakumar Bhat",55,4,1,9,M
842,842,"Rakesh Patil",38,14,3,7,M
843,843,"Puneeth Yadav",33,3,5,4,M
844,844,"Santosh Hegde",35,19,1,1,M
845,845,"Swathi Sharma",73,14,2,2,F
846,846,"Swathi Hegde",32,19,4,5,F
847,847,"Suresh Shetty",74,5,1,8,M
848,848,"Abhishek Rao",64,1,1,9,M
849,849,"Shruthi Kulkarni",46,14,3,2,F
850,850,"Vinay Kulkarni",24,10,2,5,M
851,851,"Puneeth Desai",32,8,5,7,M
852,852,"Bhagya Naik",60,8,3,4,F
853,853,"Sahana Desai",56,9,4,1,F
854,854,"Arun Kumar",18,15,2,5,M
855,855,"Kiran Gowda",59,11,1,9,M
856,856,"Shruthi Hegde",68,9,2,9,F
857,857,"Anusha Yadav",57,15,5,10,F
858,858,"Anil Kumar",58,4,5,2,M
859,859,"Pradeep Rao",61,17,5,9,M
860,860,"Darshan Gowda",60,10,1,2,M
861,861,"Abhishek Hegde",59,1,1,5,M
862,862,"Suresh Kulkarni",53,15,5,7,M
863,863,"Puneeth Sharma",45,2,3,2,M
864,864,"Anil Kulkarni",70,20,3,5,M
865,865,"Abhishek Sharma",59,7,3,2,M
866,866,"Vinay Kulkarni",63,3,2,9,M
867,867,"Shilpa Desai",54,16,2,5,F
868,868,"Rakesh Singh",52,3,1,1,M
869,869,"Karthik Hiremath",80,3,1,1,M
870,870,"Geetha Rao",59,16,5,2,F
871,871,"Basavaraj Desai",49,15,1,4,M
872,872,"Shruthi Bhat",76,17,4,1,F
873,873,"Nithin Hegde",58,5,2,9,M
874,874,"Pooja Gowda",31,10,3,2,F
875,875,"Vinay Desai",58,16,2,1,M
876,876,"Puneeth Gowda",54,5,2,6,M
877,877,"Swathi Hegde",69,3,4,6,F
878,878,"Karthik Reddy",68,11,1,6,M
879,879,"Arun Kumar",37,16,4,7,M
880,880,"Sahana Patil",38,10,5,1,F
881,881,"Vijay Reddy",77,9,4,3,M
882,882,"Vijay Joshi",39,13,1,8,M
883,883,"Mahesh Shetty",34,11,2,2,M
884,884,"Ramya Sharma",60,14,5,3,T
885,885,"Karthik Reddy",33,15,4,4,T
886,886,"Meghana Kulkarni",33,5,2,3,F
887,887,"Abhishek Kumar",53,10,4,1,M
888,888,"Kiran Patil",51,1,1,8,M
889,889,"Rashmi Reddy",65,7,4,8,F
890,890,"Mahesh Reddy",54,9,2,1,M
891,891,"Roopa Yadav",71,19,3,2,F
892,892,"Karthik Sharma",55,18,5,3,M
893,893,"Sangeetha Shetty",36,14,5,5,F
894,894,"Suresh Joshi",60,11,3,1,M
895,895,"Vinay Gowda",44,16,4,2,M
896,896,"Anil Hiremath",53,6,4,5,M
897,897,"Karthik Kumar",43,18,2,10,M
898,898,"Santosh Naik",30,11,1,8,M
899,899,"Meghana Gowda",77,15,1,10,F
900,900,"Shivakumar Yadav",72,19,4,4,M
901,901,"Pradeep Singh",39,9,5,1,M
902,902,"Ramesh Sharma",79,10,4,6,M
903,903,"Meghana Patil",57,15,4,8,F
904,904,"Basavaraj Rao",36,19,2,5,M
905,905,"Prakash Hegde",33,18,3,5,M
906,906,"Pradeep Singh",47,4,2,2,M
907,907,"Meghana Hiremath",37,2,2,9,F
908,908,"Rakesh Hegde",59,9,3,3,M
909,909,"Divya Kumar",18,13,5,1,F
910,910,"Santosh Bhat",40,1,3,10,M
911,911,"Asha Shetty",36,4,3,3,F
912,912,"Meghana Rao",74,13,3,8,F
913,913,"Puneeth Patil",54,2,5,5,M
914,914,"Rashmi Desai",38,20,2,1,F
915,915,"Karthik Singh",35,19,1,1,M
916,916,"Sunil Singh",69,16,1,6,M
917,917,"Santosh Gowda",54,8,3,6,M
918,918,"Geetha Gowda",35,19,2,6,F
919,919,"Abhishek Kumar",21,10,1,3,M
920,920,"Manjunath Sharma",63,3,3,6,M
921,921,"Abhishek Patil",78,19,1,4,M
922,922,"Shivakumar Desai",75,14,2,6,M
923,923,"Geetha Desai",51,14,1,9,F
924,924,"Kavya Kumar",56,13,1,7,F
925,925,"Suresh Hiremath",39,18,2,7,T
926,926,"Shruthi Naik",31,17,5,10,F
927,927,"Suresh Patil",76,15,2,10,M
928,928,"Meghana Sharma",68,4,4,8,F
929,929,"Geetha Singh",37,1,1,10,F
930,930,"Sunil Reddy",46,14,3,5,M
931,931,"Ramya Gowda",40,3,4,7,F
932,932,"Suresh Naik",57,15,2,8,M
933,933,"Shivakumar Hiremath",50,3,5,10,M
934,934,"Rashmi Kulkarni",64,17,1,2,F
935,935,"Karthik Singh",57,10,4,1,M
936,936,"Roopa Hiremath",38,9,1,8,F
937,937,"Anusha Hiremath",53,3,2,7,F
938,938,"Basavaraj Joshi",50,9,5,2,M
939,939,"Karthik Shetty",46,3,3,5,M
940,940,"Shruthi Kumar",64,19,2,7,F
941,941,"Anusha Bhat",73,8,3,10,F
942,942,"Darshan Reddy",74,20,2,6,M
943,943,"Nithin Hiremath",79,2,1,1,M
944,944,"Shivakumar Bhat",50,7,5,5,M
945,945,"Roopa Bhat",74,3,5,7,T
946,946,"Basavaraj Hiremath",55,15,1,3,M
947,947,"Abhishek Naik",31,17,1,6,M
948,948,"Geetha Gowda",36,16,4,4,F
949,949,"Asha Yadav",24,1,1,9,F
950,950,"Basavaraj Bhat",50,14,3,5,M
951,951,"Suresh Rao",57,18,3,3,M
952,952,"Rakesh Hegde",69,7,5,2,M
953,953,"Nithin Joshi",48,1,1,6,M
954,954,"Darshan Kulkarni",24,11,3,3,M
955,955,"Anil Sharma",43,11,3,9,M
956,956,"Roopa Rao",20,11,3,10,F
957,957,"Ramesh Reddy",74,9,4,7,M
958,958,"Nithin Patil",76,8,2,9,M
959,959,"Swathi Kulkarni",35,14,2,7,F
960,960,"Kiran Singh",50,3,4,8,M
961,961,"Meghana Kumar",42,2,2,4,F
962,962,"Shivakumar Hegde",69,5,3,10,M
963,963,"Santosh Hegde",74,2,2,1,M
964,964,"Basavaraj Bhat",48,1,4,6,M
965,965,"Basavaraj Gowda",41,11,1,3,M
966,966,"Shruthi Rao",78,13,1,8,F
967,967,"Ramya Patil",21,16,2,2,F
968,968,"Pradeep Patil",73,5,5,4,M
969,969,"Kiran Bhat",53,14,3,8,M
970,970,"Santosh Joshi",43,2,4,2,M
971,971,"Nithin Hiremath",47,17,1,4,M
972,972,"Pooja Bhat",47,9,1,7,F
973,973,"Shilpa Sharma",18,13,4,2,F
974,974,"Ramesh Hegde",80,4,4,9,M
975,975,"Ramya Patil",32,11,2,10,F
976,976,"Santosh Naik",73,13,5,10,M
977,977,"Puneeth Kulkarni",53,18,4,4,M
978,978,"Suresh Joshi",44,7,1,8,M
979,979,"Shruthi Hegde",72,9,5,9,F
980,980,"Darshan Rao",45,16,3,5,M
981,981,"Sangeetha Shetty",62,8,5,10,F
982,982,"Shruthi Yadav",40,20,3,9,F
983,983,"Rekha Naik",33,6,3,5,F
984,984,"Kiran Kulkarni",32,18,5,3,M
985,985,"Abhishek Shetty",60,6,2,3,M
986,986,"Meghana Hiremath",34,13,1,4,F
987,987,"Shivakumar Naik",70,12,3,8,M
988,988,"Mahesh Singh",77,1,3,3,M
989,989,"Bhagya Shetty",41,13,3,7,F
990,990,"Divya Rao",63,15,4,1,F
991,991,"Vinay Joshi",79,7,1,2,M
992,992,"Arun Patil",38,3,1,9,M
993,993,"Pradeep Desai",47,19,3,6,M
994,994,"Rashmi Desai",27,15,5,9,F
995,995,"Anil Hegde",27,9,4,4,M
996,996,"Swathi Shetty",35,3,5,1,F
997,997,"Anil Naik",34,16,1,4,M
998,998,"Rashmi Gowda",67,7,5,2,F
999,999,"Karthik Reddy",61,13,5,4,M
1000,1000,"Sudeep Rao",19,8,3,5,M
1001,1001,"Nithin Gowda",56,1,2,10,M
1002,1002,"Shivakumar Hegde",46,19,4,2,M
1003,1003,"Santosh Gowda",71,17,3,9,M
1004,1004,"Puneeth Naik",45,7,2,4,M
1005,1005,"Sunil Yadav",53,2,4,4,M
1006,1006,"Prakash Kulkarni",18,9,3,2,M
1007,1007,"Shruthi Hegde",39,17,2,7,F
1008,1008,"Manjunath Shetty",23,5,2,8,M
1009,1009,"Ramesh Hegde",56,18,1,2,M
1010,1010,"Sangeetha Hegde",74,6,5,6,F
1011,1011,"Pradeep Joshi",37,6,4,5,T
1012,1012,"Suresh Kulkarni",29,18,2,4,M
1013,1013,"Asha Patil",61,9,1,1,F
1014,1014,"Sangeetha Rao",37,4,2,6,F
1015,1015,"Bhagya Kumar",71,19,3,8,F
1016,1016,"Divya Sharma",18,1,4,1,F
1017,1017,"Prakash Naik",35,16,3,5,M
1018,1018,"Kavya Rao",45,8,1,4,F
1019,1019,"Kavya Hiremath",37,16,3,2,F
1020,1020,"Pradeep Naik",31,18,3,7,M
1021,1021,"Kavya Gowda",52,7,3,1,F
1022,1022,"Pooja Bhat",41,17,3,2,F
1023,1023,"Suma Desai",57,5,5,9,F
1024,1024,"Abhishek Rao",24,14,5,7,M
1025,1025,"Bhagya Yadav",33,11,2,5,F
1026,1026,"Sunil Hegde",76,18,5,6,M
1027,1027,"Nithin Naik",61,13,4,4,M
1028,1028,"Santosh Gowda",37,18,5,4,M
1029,1029,"Rakesh Patil",65,11,2,9,M
1030,1030,"Rekha Singh",44,20,2,9,F
1031,1031,"Santosh Rao",38,6,1,3,M
1032,1032,"Anil Yadav",57,10,5,1,M
1033,1033,"Abhishek Hiremath",62,2,3,2,M
1034,1034,"Shruthi Reddy",74,10,3,8,F
1035,1035,"Vinay Reddy",30,15,1,9,M
1036,1036,"Swathi Desai",28,9,1,1,F
1037,1037,"Ramya Yadav",68,2,2,1,F
1038,1038,"Sahana Sharma",48,17,5,2,F
1039,1039,"Anil Desai",19,18,1,5,M
1040,1040,"Sangeetha Patil",44,5,5,5,F
1041,1041,"Asha Yadav",29,3,5,6,F
1042,1042,"Nithin Hiremath",34,18,4,7,M
1043,1043,"Basavaraj Yadav",48,16,2,4,M
1044,1044,"Nithin Patil",18,6,1,6,M
1045,1045,"Shivakumar Bhat",33,5,2,2,M
1046,1046,"Sunil Shetty",38,18,2,5,M
1047,1047,"Vijay Shetty",50,2,5,7,M
1048,1048,"Anil Desai",73,11,2,6,M
1049,1049,"Prakash Hegde",41,6,5,8,T
1050,1050,"Shivakumar Bhat",31,16,3,4,M
1051,1051,"Rashmi Hiremath",26,9,2,1,F
1052,1052,"Anil Desai",63,15,3,5,M
1053,1053,"Pradeep Singh",19,16,3,9,M
1054,1054,"Abhishek Bhat",49,8,5,6,M
1055,1055,"Pradeep Desai",43,15,4,3,M
1056,1056,"Arun Rao",48,12,5,7,M
1057,1057,"Swathi Kumar",39,14,3,2,F
1058,1058,"Prakash Reddy",23,12,5,5,M
1059,1059,"Pradeep Sharma",45,3,4,5,M
1060,1060,"Ramya Yadav",68,3,2,10,F
1061,1061,"Meghana Rao",54,13,1,7,F
1062,1062,"Ramesh Hiremath",25,6,1,6,M
1063,1063,"Shivakumar Sharma",36,12,5,7,M
1064,1064,"Kavya Bhat",38,1,3,4,F
1065,1065,"Roopa Hiremath",55,4,2,7,F
1066,1066,"Vinay Yadav",31,5,4,4,M
1067,1067,"Vijay Kumar",46,11,4,6,M
1068,1068,"Pradeep Sharma",21,7,4,8,M
1069,1069,"Shruthi Sharma",55,7,5,5,F
1070,1070,"Suresh Yadav",49,2,5,9,M
1071,1071,"Kavya Bhat",56,13,4,4,F
1072,1072,"Asha Kumar",77,6,1,2,F
1073,1073,"Sahana Bhat",69,2,3,9,F
1074,1074,"Rashmi Joshi",71,11,3,4,F
1075,1075,"Suma Joshi",72,3,3,6,F
1076,1076,"Swathi Singh",42,4,3,1,F
1077,1077,"Roopa Desai",49,11,3,8,F
1078,1078,"Kiran Desai",55,8,3,1,M
1079,1079,"Kavya Patil",39,10,3,6,F
1080,1080,"Shivakumar Sharma",62,14,5,1,M
1081,1081,"Mahesh Kumar",56,3,1,2,M
1082,1082,"Bhagya Singh",51,14,4,4,F
1083,1083,"Divya Rao",66,17,1,9,F
1084,1084,"Geetha Gowda",72,13,3,10,F
1085,1085,"Divya Yadav",49,11,4,7,F
1086,1086,"Sunil Joshi",29,2,1,5,M
1087,1087,"Roopa Gowda",69,7,2,3,F
1088,1088,"Darshan Bhat",56,15,3,10,M
1089,1089,"Darshan Bhat",24,10,3,4,M
1090,1090,"Kiran Hegde",40,5,1,4,M
1091,1091,"Anusha Desai",69,8,2,1,F
1092,1092,"Sangeetha Hegde",53,3,3,5,F
1093,1093,"Anusha Yadav",30,2,1,10,F
1094,1094,"Meghana Shetty",46,18,3,7,F
1095,1095,"Nithin Kumar",33,3,4,10,M
1096,1096,"Sangeetha Kumar",59,16,4,6,F
1097,1097,"Geetha Shetty",25,18,4,9,F
1098,1098,"Sahana Singh",47,16,4,1,F
1099,1099,"Basavaraj Hegde",79,20,3,7,M
1100,1100,"Abhishek Singh",55,20,2,6,M
1101,1101,"Vijay Kumar",41,20,5,6,M
1102,1102,"Vinay Yadav",79,12,2,1,M
1103,1103,"Ramya Yadav",62,16,5,2,F
1104,1104,"Vinay Rao",69,3,4,8,M
1105,1105,"Prakash Shetty",22,2,5,3,M
1106,1106,"Nithin Joshi",32,3,1,5,M
1107,1107,"Pooja Yadav",49,4,2,3,F
1108,1108,"Kiran Kulkarni",44,6,1,3,M
1109,1109,"Rekha Gowda",49,15,2,5,F
1110,1110,"Basavaraj Reddy",49,11,4,2,M
1111,1111,"Rakesh Reddy",60,10,5,3,M
1112,1112,"Vinay Reddy",36,6,4,6,M
1113,1113,"Prakash Kulkarni",52,17,5,9,M
1114,1114,"Shilpa Gowda",75,17,3,3,F
1115,1115,"Swathi Rao",37,18,4,8,F
1116,1116,"Basavaraj Sharma",58,11,2,5,M
1117,1117,"Mahesh Shetty",19,3,4,9,M
1118,1118,"Nithin Kumar",80,15,2,2,M
1119,1119,"Bhagya Kulkarni",54,20,4,4,F
1120,1120,"Karthik Kumar",56,4,1,10,M
1121,1121,"Nithin Rao",31,5,5,2,T
1122,1122,"Sudeep Gowda",52,8,1,7,T
1123,1123,"Sunil Gowda",47,16,5,8,M
1124,1124,"Sudeep Kumar",37,4,2,2,M
1125,1125,"Pradeep Sharma",65,15,3,2,M
1126,1126,"Vijay Naik",20,9,3,6,M
1127,1127,"Anusha Hiremath",53,1,4,4,F
1128,1128,"Bhagya Rao",59,5,1,1,F
1129,1129,"Suma Yadav",44,16,1,9,T
1130,1130,"Anil Naik",68,2,2,1,M
1131,1131,"Abhishek Shetty",70,15,3,10,M
1132,1132,"Divya Hiremath",26,11,1,3,F
1133,1133,"Nithin Kumar",21,6,4,8,M
1134,1134,"Rekha Joshi",65,5,5,6,F
1135,1135,"Mahesh Desai",55,2,2,6,M
1136,1136,"Rekha Bhat",41,9,5,7,F
1137,1137,"Abhishek Desai",75,9,1,8,M
1138,1138,"Vinay Bhat",43,2,2,3,M
1139,1139,"Rekha Desai",63,4,4,5,F
1140,1140,"Rakesh Yadav",76,12,1,2,M
1141,1141,"Rashmi Rao",31,16,3,3,F
1142,1142,"Sudeep Yadav",67,9,5,7,M
1143,1143,"Abhishek Reddy",80,7,3,2,M
1144,1144,"Manjunath Sharma",32,11,5,7,M
1145,1145,"Santosh Gowda",36,20,3,2,M
1146,1146,"Asha Rao",58,11,1,9,F
1147,1147,"Rekha Reddy",45,13,4,5,F
1148,1148,"Sunil Shetty",79,19,4,9,M
1149,1149,"Ramesh Sharma",58,14,5,3,M
1150,1150,"Shilpa Bhat",41,18,3,8,F
1151,1151,"Shruthi Kumar",58,20,5,8,F
1152,1152,"Geetha Naik",50,6,1,6,F
1153,1153,"Vinay Rao",23,5,1,5,M
1154,1154,"Karthik Hiremath",61,14,4,7,M
1155,1155,"Arun Singh",68,8,5,7,M
1156,1156,"Karthik Joshi",60,17,5,6,M
1157,1157,"Vinay Desai",52,18,4,5,M
1158,1158,"Shilpa Yadav",26,20,3,8,F
1159,1159,"Sangeetha Bhat",56,15,2,2,F
1160,1160,"Puneeth Bhat",20,12,1,9,M
1161,1161,"Ramya Patil",34,7,3,1,F
1162,1162,"Anil Reddy",36,15,1,3,M
1163,1163,"Anil Singh",45,5,4,6,M
1164,1164,"Nithin Hegde",56,9,3,4,M
1165,1165,"Prakash Patil",72,7,2,9,M
1166,1166,"Shivakumar Yadav",72,17,3,2,M
1167,1167,"Shruthi Patil",68,19,4,5,F
1168,1168,"Suresh Kulkarni",27,3,2,8,M
1169,1169,"Kavya Shetty",63,11,2,10,F
1170,1170,"Shruthi Patil",78,20,3,9,F
1171,1171,"Basavaraj Yadav",28,8,3,7,M
1172,1172,"Ramesh Desai",24,17,4,3,M
1173,1173,"Arun Gowda",33,13,5,4,M
1174,1174,"Basavaraj Bhat",33,7,1,4,M
1175,1175,"Mahesh Gowda",75,8,1,8,M
1176,1176,"Vijay Kulkarni",45,1,2,8,M
1177,1177,"Basavaraj Reddy",29,5,3,3,M
1178,1178,"Asha Yadav",65,6,3,2,F
1179,1179,"Swathi Shetty",21,11,3,1,F
1180,1180,"Shivakumar Kulkarni",71,16,2,8,M
1181,1181,"Puneeth Shetty",70,7,4,9,M
1182,1182,"Suresh Shetty",51,9,4,2,M
1183,1183,"Prakash Hiremath",78,8,5,9,M
1184,1184,"Nithin Singh",46,15,4,5,M
1185,1185,"Kavya Desai",58,18,3,9,F
1186,1186,"Sahana Kulkarni",67,12,2,4,F
1187,1187,"Abhishek Naik",57,7,2,5,M
1188,1188,"Sangeetha Rao",80,15,1,5,F
1189,1189,"Anil Rao",72,16,5,3,M
1190,1190,"Basavaraj Shetty",55,11,4,9,M
1191,1191,"Geetha Rao",39,1,4,10,F
1192,1192,"Arun Yadav",55,17,2,3,M
1193,1193,"Rakesh Hiremath",66,15,5,5,M
1194,1194,"Arun Yadav",22,12,2,9,M
1195,1195,"Santosh Kumar",42,8,5,1,M
1196,1196,"Shivakumar Singh",76,16,3,2,M
1197,1197,"Anil Patil",50,9,2,8,M
1198,1198,"Suma Hegde",74,6,2,10,F
1199,1199,"Sudeep Sharma",42,14,2,1,M
1200,1200,"Suresh Hiremath",31,8,2,4,M
1201,1201,"Pradeep Patil",60,20,2,2,M
1202,1202,"Rakesh Singh",47,20,1,4,M
1203,1203,"Rashmi Kumar",52,1,2,7,F
1204,1204,"Abhishek Patil",29,19,3,1,M
1205,1205,"Darshan Hiremath",45,18,3,6,M
1206,1206,"Sahana Gowda",21,3,4,8,F
1207,1207,"Abhishek Kulkarni",18,5,1,7,M
1208,1208,"Asha Naik",44,8,4,5,T
1209,1209,"Suma Singh",72,13,5,8,F
1210,1210,"Pooja Yadav",33,15,1,9,F
1211,1211,"Sahana Kulkarni",69,1,1,4,F
1212,1212,"Anusha Hegde",71,17,2,1,F
1213,1213,"Sudeep Shetty",63,6,5,2,M
1214,1214,"Rakesh Reddy",55,11,1,4,M
1215,1215,"Arun Shetty",50,12,2,10,M
1216,1216,"Shilpa Hegde",60,9,5,1,F
1217,1217,"Basavaraj Desai",79,19,2,7,M
1218,1218,"Karthik Hegde",60,17,4,9,M
1219,1219,"Bhagya Reddy",78,15,2,5,F
1220,1220,"Pradeep Sharma",65,8,1,6,M
1221,1221,"Shruthi Patil",19,8,3,8,F
1222,1222,"Darshan Joshi",59,3,1,2,M
1223,1223,"Suresh Rao",40,14,1,7,M
1224,1224,"Meghana Kumar",52,7,5,8,F
1225,1225,"Anil Shetty",53,4,1,8,M
1226,1226,"Nithin Singh",49,6,3,10,M
1227,1227,"Pradeep Patil",52,16,2,4,M
1228,1228,"Vijay Hegde",46,5,2,5,M
1229,1229,"Nithin Reddy",60,6,5,7,M
1230,1230,"Ramya Naik",26,13,2,6,F
1231,1231,"Manjunath Patil",74,1,2,3,M
1232,1232,"Arun Hegde",42,10,2,5,M
1233,1233,"Basavaraj Naik",72,2,2,2,M
1234,1234,"Darshan Joshi",41,13,2,3,M
1235,1235,"Sunil Hegde",30,16,5,9,M
1236,1236,"Asha Rao",57,8,2,4,F
1237,1237,"Arun Rao",36,6,1,3,M
1238,1238,"Karthik Rao",44,5,3,10,M
1239,1239,"Puneeth Sharma",34,8,4,7,M
1240,1240,"Kiran Gowda",39,16,2,2,M
1241,1241,"Suresh Sharma",25,16,2,8,M
1242,1242,"Sudeep Bhat",40,12,1,7,M
1243,1243,"Suma Yadav",53,2,2,2,F
1244,1244,"Anusha Kulkarni",63,1,1,2,F
1245,1245,"Santosh Kulkarni",41,4,1,4,M
1246,1246,"Swathi Kumar",20,17,4,8,F
1247,1247,"Abhishek Kulkarni",54,18,3,8,M
1248,1248,"Roopa Hegde",74,8,1,5,F
1249,1249,"Karthik Joshi",65,5,2,2,M
1250,1250,"Pradeep Rao",35,9,3,10,M
1251,1251,"Basavaraj Patil",55,1,3,1,M
1252,1252,"Shruthi Singh",25,11,1,7,F
1253,1253,"Suresh Hiremath",58,16,2,6,M
1254,1254,"Darshan Bhat",68,14,4,8,M
1255,1255,"Sahana Patil",60,4,2,7,F
1256,1256,"Santosh Bhat",73,13,2,6,M
1257,1257,"Swathi Joshi",69,6,1,4,F
1258,1258,"Prakash Reddy",28,20,5,9,M
1259,1259,"Sangeetha Gowda",40,2,5,2,F
1260,1260,"Anil Yadav",79,15,4,5,M
1261,1261,"Sangeetha Shetty",72,16,1,7,F
1262,1262,"Bhagya Sharma",42,9,1,3,F
1263,1263,"Darshan Singh",45,6,2,4,M
1264,1264,"Anil Desai",73,7,3,2,M
1265,1265,"Sunil Sharma",45,18,2,7,M
1266,1266,"Divya Kulkarni",27,16,4,8,F
1267,1267,"Ramesh Naik",63,10,4,6,M
1268,1268,"Kavya Bhat",80,3,4,8,F
1269,1269,"Pooja Reddy",52,6,2,6,F
1270,1270,"Sudeep Hiremath",74,19,5,8,M
1271,1271,"Kiran Hegde",24,2,5,7,M
1272,1272,"Nithin Yadav",40,11,1,3,M
1273,1273,"Rashmi Hiremath",69,10,5,8,F
1274,1274,"Pradeep Shetty",78,3,4,2,M
1275,1275,"Roopa Bhat",74,18,1,1,F
1276,1276,"Ramesh Hegde",22,13,2,7,M
1277,1277,"Basavaraj Desai",66,16,2,10,M
1278,1278,"Shivakumar Bhat",54,7,4,5,M
1279,1279,"Mahesh Hegde",47,18,4,1,M
1280,1280,"Manjunath Reddy",53,12,1,9,M
1281,1281,"Sangeetha Reddy",59,4,1,9,F
1282,1282,"Darshan Bhat",68,6,2,8,M
1283,1283,"Sunil Desai",78,14,4,1,M
1284,1284,"Shivakumar Desai",75,13,1,7,M
1285,1285,"Manjunath Patil",38,19,1,6,M
1286,1286,"Darshan Kumar",57,7,3,10,M
1287,1287,"Suma Hiremath",43,1,5,8,F
1288,1288,"Mahesh Kulkarni",42,3,4,8,M
1289,1289,"Sudeep Gowda",41,1,3,2,M
1290,1290,"Darshan Reddy",36,19,2,5,M
1291,1291,"Ramesh Desai",51,13,4,6,M
1292,1292,"Sangeetha Hegde",51,16,5,5,F
1293,1293,"Prakash Reddy",45,14,1,4,M
1294,1294,"Vinay Patil",77,10,5,4,M
1295,1295,"Prakash Naik",33,10,2,5,M
1296,1296,"Sahana Reddy",58,13,4,9,F
1297,1297,"Karthik Desai",21,4,2,8,M
1298,1298,"Ramya Hiremath",78,9,4,2,F
1299,1299,"Santosh Kumar",69,6,4,7,M
1300,1300,"Puneeth Yadav",62,18,2,3,M
1301,1301,"Ramya Gowda",46,8,2,7,F
1302,1302,"Shruthi Hegde",32,13,4,8,F
1303,1303,"Bhagya Naik",30,4,5,1,F
1304,1304,"Abhishek Joshi",69,3,3,10,M
1305,1305,"Pradeep Rao",33,6,2,5,M
1306,1306,"Nithin Yadav",77,12,1,9,M
1307,1307,"Divya Gowda",30,5,1,1,F
1308,1308,"Karthik Hegde",78,6,3,5,M
1309,1309,"Roopa Kulkarni",33,2,1,8,F
1310,1310,"Arun Sharma",41,7,1,8,M
1311,1311,"Puneeth Hiremath",31,19,2,2,M
1312,1312,"Karthik Desai",19,1,1,6,M
1313,1313,"Kiran Yadav",30,7,3,8,M
1314,1314,"Karthik Hegde",73,9,2,5,M
1315,1315,"Suresh Kumar",46,14,4,10,M
1316,1316,"Sahana Shetty",44,6,1,4,F
1317,1317,"Sunil Kumar",38,3,1,5,M
1318,1318,"Kiran Gowda",45,2,3,5,M
1319,1319,"Pradeep Naik",58,18,5,4,M
1320,1320,"Anusha Naik",38,2,1,7,F
1321,1321,"Suresh Joshi",46,5,4,7,M
1322,1322,"Santosh Desai",73,4,2,2,M
1323,1323,"Puneeth Sharma",50,7,3,8,M
1324,1324,"Mahesh Singh",22,19,2,6,M
1325,1325,"Vinay Desai",44,3,2,10,M
1326,1326,"Geetha Joshi",60,10,1,3,F
1327,1327,"Rekha Kumar",55,16,1,9,F
1328,1328,"Karthik Naik",32,8,5,1,M
1329,1329,"Puneeth Kulkarni",71,5,2,5,M
1330,1330,"Karthik Bhat",53,10,1,6,T
1331,1331,"Suresh Yadav",62,19,3,6,M
1332,1332,"Ramesh Gowda",36,12,5,3,M
1333,1333,"Anil Yadav",53,1,3,4,M
1334,1334,"Pooja Desai",59,11,4,8,F
1335,1335,"Ramesh Desai",65,2,1,1,M
1336,1336,"Darshan Hegde",46,3,1,9,M
1337,1337,"Karthik Desai",54,8,1,6,M
1338,1338,"Vijay Hiremath",74,2,2,6,M
1339,1339,"Swathi Sharma",77,20,2,10,F
1340,1340,"Vijay Naik",48,5,3,2,M
1341,1341,"Pradeep Singh",45,12,2,7,M
1342,1342,"Suma Sharma",20,15,1,3,F
1343,1343,"Mahesh Hegde",64,6,1,6,M
1344,1344,"Meghana Bhat",46,18,4,1,F
1345,1345,"Suma Desai",32,16,4,8,F
1346,1346,"Santosh Shetty",40,2,4,10,M
1347,1347,"Pradeep Rao",66,12,5,10,M
1348,1348,"Karthik Bhat",47,4,3,7,M
1349,1349,"Sudeep Sharma",40,10,2,9,M
1350,1350,"Kiran Desai",30,20,2,5,M
1351,1351,"Nithin Hiremath",40,6,3,2,M
1352,1352,"Anusha Singh",21,12,4,9,F
1353,1353,"Pooja Naik",45,2,1,2,F
1354,1354,"Ramya Rao",78,9,1,1,F
1355,1355,"Kiran Naik",77,11,5,7,M
1356,1356,"Kiran Sharma",40,1,3,3,M
1357,1357,"Shilpa Rao",49,13,1,6,F
1358,1358,"Ramesh Joshi",35,10,1,5,M
1359,1359,"Sunil Singh",20,14,5,9,M
1360,1360,"Basavaraj Gowda",20,13,4,2,M
1361,1361,"Puneeth Kulkarni",80,12,3,8,M
1362,1362,"Swathi Patil",58,17,5,2,F
1363,1363,"Suresh Hiremath",57,6,1,7,M
1364,1364,"Geetha Patil",26,12,2,7,F
1365,1365,"Kavya Gowda",43,17,3,4,F
1366,1366,"Sangeetha Naik",31,9,4,1,F
1367,1367,"Kavya Reddy",75,18,5,1,F
1368,1368,"Kiran Rao",38,15,5,9,M
1369,1369,"Vinay Kumar",31,14,5,3,M
1370,1370,"Santosh Kulkarni",57,18,1,10,M
1371,1371,"Swathi Desai",78,4,5,8,F
1372,1372,"Suma Kulkarni",47,2,4,3,F
1373,1373,"Manjunath Yadav",71,7,4,8,M
1374,1374,"Anil Rao",41,3,4,10,M
1375,1375,"Prakash Kumar",34,18,3,5,M
1376,1376,"Shivakumar Gowda",45,14,3,1,M
1377,1377,"Pradeep Sharma",19,8,4,4,M
1378,1378,"Santosh Joshi",79,4,4,9,M
1379,1379,"Darshan Hegde",75,11,3,3,M
1380,1380,"Puneeth Singh",63,14,5,9,M
1381,1381,"Karthik Naik",41,3,3,10,T
1382,1382,"Kavya Yadav",22,12,5,6,F
1383,1383,"Rashmi Hegde",60,15,2,1,F
1384,1384,"Suma Joshi",35,14,3,4,F
1385,1385,"Bhagya Sharma",39,12,5,9,F
1386,1386,"Rekha Naik",32,16,3,1,F
1387,1387,"Shivakumar Shetty",19,6,5,10,M
1388,1388,"Vinay Shetty",18,19,5,10,M
1389,1389,"Karthik Bhat",67,1,5,1,M
1390,1390,"Ramesh Desai",57,1,4,1,M
1391,1391,"Vijay Patil",34,17,5,4,M
1392,1392,"Shruthi Reddy",44,11,5,10,F
1393,1393,"Pooja Yadav",65,1,1,3,F
1394,1394,"Nithin Rao",29,13,5,10,M
1395,1395,"Basavaraj Hiremath",35,12,4,4,M
1396,1396,"Nithin Singh",61,12,3,8,M
1397,1397,"Rakesh Naik",56,1,3,4,M
1398,1398,"Pradeep Singh",31,4,5,10,M
1399,1399,"Anil Sharma",46,20,4,9,M
1400,1400,"Darshan Shetty",22,17,1,5,M
1401,1401,"Shilpa Naik",46,7,1,6,F
1402,1402,"Darshan Rao",45,18,5,1,T
1403,1403,"Suresh Yadav",75,5,5,5,M
1404,1404,"Meghana Sharma",63,8,1,4,F
1405,1405,"Pradeep Rao",67,12,1,10,M
1406,1406,"Vijay Sharma",31,6,4,9,M
1407,1407,"Basavaraj Hegde",45,4,3,2,M
1408,1408,"Karthik Singh",40,16,5,7,M
1409,1409,"Shivakumar Rao",51,12,5,8,M
1410,1410,"Mahesh Desai",52,14,2,4,M
1411,1411,"Asha Gowda",67,4,3,8,F
1412,1412,"Sangeetha Singh",62,6,3,7,F
1413,1413,"Shivakumar Hiremath",20,2,4,9,M
1414,1414,"Mahesh Sharma",55,8,4,4,M
1415,1415,"Vinay Hiremath",49,1,4,2,M
1416,1416,"Meghana Sharma",72,17,1,5,F
1417,1417,"Kavya Shetty",69,20,4,5,F
1418,1418,"Ramya Gowda",44,13,1,9,F
1419,1419,"Ramesh Gowda",58,6,3,2,M
1420,1420,"Suresh Joshi",42,2,5,9,M
1421,1421,"Nithin Rao",44,4,4,4,M
1422,1422,"Vinay Hiremath",46,14,3,4,M
1423,1423,"Arun Kulkarni",24,1,1,4,M
1424,1424,"Manjunath Reddy",57,16,3,1,M
1425,1425,"Manjunath Joshi",57,16,1,1,M
1426,1426,"Suresh Kulkarni",41,1,4,10,M
1427,1427,"Sunil Yadav",51,11,3,4,M
1428,1428,"Vinay Desai",37,6,5,2,M
1429,1429,"Rakesh Desai",42,3,3,4,M
1430,1430,"Rashmi Gowda",33,4,5,9,F
1431,1431,"Pradeep Sharma",32,18,2,1,M
1432,1432,"Shilpa Gowda",39,14,5,2,F
1433,1433,"Anusha Rao",52,9,2,8,F
1434,1434,"Vinay Singh",42,18,1,7,M
1435,1435,"Sunil Rao",57,15,3,4,M
1436,1436,"Sudeep Shetty",59,4,4,9,M
1437,1437,"Meghana Reddy",43,10,4,3,F
1438,1438,"Suresh Kumar",46,13,3,8,M
1439,1439,"Pooja Kumar",43,8,2,9,F
1440,1440,"Suresh Rao",51,19,2,1,M
1441,1441,"Basavaraj Kulkarni",70,3,3,7,M
1442,1442,"Anil Gowda",34,7,4,9,T
1443,1443,"Anusha Naik",45,8,3,8,F
1444,1444,"Ramesh Bhat",25,3,4,2,M
1445,1445,"Sahana Hiremath",38,11,1,1,F
1446,1446,"Mahesh Desai",38,16,1,6,M
1447,1447,"Mahesh Hiremath",56,13,5,8,M
1448,1448,"Ramesh Reddy",46,9,3,2,M
1449,1449,"Rekha Kumar",60,2,4,3,F
1450,1450,"Nithin Sharma",47,7,2,3,M
1451,1451,"Swathi Kulkarni",36,9,5,9,F
1452,1452,"Puneeth Singh",21,3,1,10,M
1453,1453,"Prakash Reddy",51,12,5,8,M
1454,1454,"Nithin Rao",43,8,5,7,M
1455,1455,"Sangeetha Kulkarni",24,5,1,8,F
1456,1456,"Suresh Rao",58,9,2,8,M
1457,1457,"Roopa Patil",64,5,2,5,F
1458,1458,"Anil Kumar",70,14,1,8,M
1459,1459,"Rashmi Joshi",31,12,3,5,F
1460,1460,"Kiran Joshi",51,11,2,10,M
1461,1461,"Nithin Bhat",19,12,4,9,M
1462,1462,"Santosh Singh",46,7,1,2,M
1463,1463,"Vinay Patil",51,19,1,8,M
1464,1464,"Vijay Shetty",76,3,4,10,M
1465,1465,"Vijay Kulkarni",22,13,4,5,M
1466,1466,"Swathi Joshi",48,16,4,9,F
1467,1467,"Karthik Singh",21,1,2,4,M
1468,1468,"Darshan Hiremath",60,15,3,6,M
1469,1469,"Vijay Rao",80,14,1,2,M
1470,1470,"Asha Yadav",75,14,2,6,F
1471,1471,"Anil Reddy",39,15,3,3,M
1472,1472,"Manjunath Desai",63,15,1,6,M
1473,1473,"Rashmi Hegde",63,12,2,4,F
1474,1474,"Anusha Kulkarni",49,5,3,5,F
1475,1475,"Kiran Reddy",44,6,5,10,M
1476,1476,"Geetha Hiremath",37,9,1,5,F
1477,1477,"Puneeth Bhat",37,6,1,8,M
1478,1478,"Anil Singh",51,16,5,4,M
1479,1479,"Mahesh Naik",37,15,2,10,M
1480,1480,"Santosh Gowda",56,19,1,8,M
1481,1481,"Vinay Naik",47,14,3,9,M
1482,1482,"Meghana Rao",55,5,1,4,F
1483,1483,"Ramya Kumar",73,15,1,3,F
1484,1484,"Prakash Desai",47,17,2,5,M
1485,1485,"Puneeth Joshi",39,17,3,9,M
1486,1486,"Divya Hegde",51,9,4,10,T
1487,1487,"Shilpa Bhat",67,12,1,10,F
1488,1488,"Roopa Sharma",62,10,5,8,F
1489,1489,"Mahesh Singh",33,7,4,9,M
1490,1490,"Pradeep Hiremath",35,6,3,6,M
1491,1491,"Meghana Patil",45,4,1,9,F
1492,1492,"Sangeetha Joshi",35,15,1,2,F
1493,1493,"Divya Hiremath",21,9,2,7,F
1494,1494,"Sangeetha Patil",47,15,5,1,F
1495,1495,"Vijay Kulkarni",21,15,4,10,M
1496,1496,"Abhishek Joshi",38,6,3,9,M
1497,1497,"Ramya Singh",38,10,5,3,F
1498,1498,"Mahesh Hiremath",35,6,5,9,M
1499,1499,"Anusha Patil",66,13,1,2,F
1500,1500,"Anusha Naik",39,15,3,9,F
1501,1501,"Shivakumar Hiremath",41,20,1,7,M
1502,1502,"Meghana Reddy",65,8,3,10,F
1503,1503,"Rashmi Hiremath",24,6,5,7,F
1504,1504,"Santosh Bhat",28,8,2,1,M
1505,1505,"Santosh Rao",52,8,3,1,M
1506,1506,"Sunil Gowda",53,2,5,1,M
1507,1507,"Puneeth Kulkarni",30,9,4,3,M
1508,1508,"Shilpa Joshi",39,3,2,5,F
1509,1509,"Divya Kumar",59,19,3,10,F
1510,1510,"Swathi Hegde",53,1,4,1,F
1511,1511,"Shruthi Rao",39,2,3,6,F
1512,1512,"Rashmi Yadav",50,3,3,4,F
1513,1513,"Roopa Naik",64,15,1,7,F
1514,1514,"Manjunath Desai",43,19,1,1,M
1515,1515,"Ramesh Singh",20,7,1,1,M
1516,1516,"Suresh Hegde",43,4,1,6,M
1517,1517,"Mahesh Kumar",38,14,3,1,M
1518,1518,"Ramya Kulkarni",59,8,2,7,F
1519,1519,"Swathi Patil",19,17,1,3,F
1520,1520,"Pradeep Hiremath",71,3,1,1,M
1521,1521,"Prakash Bhat",34,8,3,2,M
1522,1522,"Vinay Yadav",54,4,1,1,M
1523,1523,"Roopa Patil",43,16,4,1,F
1524,1524,"Rekha Shetty",55,2,3,1,F
1525,1525,"Divya Yadav",49,15,3,6,F
1526,1526,"Divya Reddy",39,18,2,9,F
1527,1527,"Abhishek Bhat",69,1,5,3,M
1528,1528,"Manjunath Sharma",74,13,1,7,M
1529,1529,"Kavya Rao",53,11,4,9,F
1530,1530,"Kavya Hegde",46,1,1,3,F
1531,1531,"Suresh Gowda",42,19,2,9,M
1532,1532,"Geetha Patil",26,8,1,6,F
1533,1533,"Sahana Yadav",78,20,3,6,F
1534,1534,"Basavaraj Hiremath",63,2,2,7,M
1535,1535,"Suresh Singh",51,3,3,7,M
1536,1536,"Rashmi Hegde",43,11,5,7,F
1537,1537,"Bhagya Rao",44,12,4,6,F
1538,1538,"Sahana Naik",49,15,1,6,F
1539,1539,"Sahana Hegde",75,17,2,5,F
1540,1540,"Bhagya Patil",52,7,4,9,F
1541,1541,"Vijay Shetty",33,7,1,5,M
1542,1542,"Puneeth Kulkarni",65,6,2,5,M
1543,1543,"Suresh Naik",67,6,2,2,M
1544,1544,"Rekha Hegde",33,18,2,4,F
1545,1545,"Karthik Sharma",30,9,2,6,M
1546,1546,"Shruthi Hiremath",77,5,5,5,F
1547,1547,"Kavya Reddy",41,1,3,10,F
1548,1548,"Arun Yadav",46,7,2,2,T
1549,1549,"Shivakumar Sharma",56,19,2,1,M
1550,1550,"Rekha Kumar",49,7,3,10,F
1551,1551,"Asha Kulkarni",24,3,5,4,F
1552,1552,"Nithin Patil",34,11,4,9,M
1553,1553,"Rekha Desai",31,4,3,1,F
1554,1554,"Swathi Reddy",30,11,2,6,F
1555,1555,"Sunil Reddy",49,2,5,7,M
1556,1556,"Anusha Gowda",25,13,3,6,F
1557,1557,"Roopa Gowda",49,8,4,3,F
1558,1558,"Pooja Desai",39,5,1,8,F
1559,1559,"Rakesh Rao",42,8,1,5,M
1560,1560,"Rakesh Sharma",46,12,3,10,M
1561,1561,"Prakash Singh",62,10,5,10,M
1562,1562,"Arun Shetty",69,10,2,4,M
1563,1563,"Meghana Kulkarni",61,12,4,9,F
1564,1564,"Meghana Joshi",58,10,3,1,F
1565,1565,"Sudeep Hiremath",42,10,5,7,M
1566,1566,"Kiran Kulkarni",25,1,4,10,M
1567,1567,"Karthik Rao",48,18,3,7,M
1568,1568,"Darshan Patil",35,19,4,1,M
1569,1569,"Sahana Joshi",35,12,2,4,F
1570,1570,"Nithin Sharma",55,3,3,4,M
1571,1571,"Meghana Kulkarni",28,3,4,7,F
1572,1572,"Sunil Hiremath",53,8,2,10,M
1573,1573,"Shivakumar Yadav",47,1,2,6,M
1574,1574,"Rashmi Bhat",77,12,2,9,F
1575,1575,"Basavaraj Rao",57,13,4,9,M
1576,1576,"Puneeth Bhat",61,14,5,10,M
1577,1577,"Sahana Reddy",50,13,2,8,F
1578,1578,"Meghana Rao",29,6,5,8,F
1579,1579,"Manjunath Singh",27,7,5,2,M
1580,1580,"Pradeep Desai",40,20,5,10,M
1581,1581,"Sunil Kulkarni",54,12,1,5,M
1582,1582,"Vijay Joshi",63,5,1,3,M
1583,1583,"Arun Hegde",18,7,3,4,M
1584,1584,"Basavaraj Shetty",62,6,3,5,M
1585,1585,"Arun Bhat",48,9,3,9,M
1586,1586,"Shilpa Naik",44,15,3,7,F
1587,1587,"Meghana Naik",42,12,2,2,F
1588,1588,"Karthik Joshi",23,13,4,9,T
1589,1589,"Swathi Patil",32,12,1,10,F
1590,1590,"Rakesh Yadav",33,17,3,9,M
1591,1591,"Kavya Yadav",60,2,5,10,F
1592,1592,"Abhishek Patil",79,15,4,10,M
1593,1593,"Ramesh Bhat",70,9,4,3,M
1594,1594,"Bhagya Kulkarni",58,14,3,2,F
1595,1595,"Karthik Yadav",68,9,3,10,M
1596,1596,"Meghana Kumar",31,8,1,8,F
1597,1597,"Pradeep Kumar",48,2,2,4,M
1598,1598,"Divya Desai",36,15,2,9,F
1599,1599,"Anusha Hegde",37,11,2,5,F
1600,1600,"Roopa Desai",64,3,1,2,F
1601,1601,"Manjunath Joshi",24,2,2,8,M
1602,1602,"Ramesh Sharma",66,12,1,8,M
1603,1603,"Sangeetha Patil",55,18,2,6,F
1604,1604,"Suma Singh",18,10,2,7,F
1605,1605,"Pradeep Bhat",66,8,5,1,M
1606,1606,"Anil Singh",34,8,5,6,M
1607,1607,"Sangeetha Bhat",26,11,1,3,F
1608,1608,"Suresh Reddy",23,1,3,6,M
1609,1609,"Ramya Yadav",38,15,5,8,F
1610,1610,"Pooja Yadav",55,9,1,4,F
1611,1611,"Shivakumar Reddy",56,9,5,1,M
1612,1612,"Swathi Kumar",53,14,2,4,F
1613,1613,"Sunil Shetty",58,20,4,4,M
1614,1614,"Ramesh Kulkarni",36,8,3,2,M
1615,1615,"Anusha Reddy",33,11,1,8,F
1616,1616,"Pradeep Desai",36,1,4,7,M
1617,1617,"Prakash Kulkarni",46,5,1,5,M
1618,1618,"Sahana Hiremath",39,8,5,2,F
1619,1619,"Mahesh Joshi",56,16,2,3,M
1620,1620,"Abhishek Sharma",60,17,2,8,M
1621,1621,"Ramya Reddy",49,11,3,4,F
1622,1622,"Kavya Gowda",57,16,2,5,F
1623,1623,"Suresh Singh",49,17,5,6,M
1624,1624,"Anil Gowda",66,2,1,3,M
1625,1625,"Roopa Sharma",73,3,5,5,F
1626,1626,"Kavya Bhat",42,5,2,8,F
1627,1627,"Darshan Rao",38,20,1,5,M
1628,1628,"Ramya Yadav",76,6,1,6,F
1629,1629,"Roopa Rao",77,11,3,3,F
1630,1630,"Prakash Naik",39,19,4,5,M
1631,1631,"Sahana Hegde",21,17,1,9,F
1632,1632,"Roopa Hiremath",30,8,1,2,F
1633,1633,"Swathi Patil",22,15,5,1,F
1634,1634,"Asha Patil",18,16,1,1,F
1635,1635,"Kavya Hegde",24,2,1,2,F
1636,1636,"Prakash Sharma",71,14,2,3,M
1637,1637,"Anil Hiremath",38,11,1,3,M
1638,1638,"Sunil Bhat",43,10,5,8,M
1639,1639,"Anil Yadav",32,20,4,5,M
1640,1640,"Sangeetha Joshi",56,4,2,8,F
1641,1641,"Asha Kumar",27,20,3,7,F
1642,1642,"Mahesh Kumar",26,14,3,8,T
1643,1643,"Manjunath Reddy",76,13,2,4,M
1644,1644,"Sangeetha Patil",54,2,5,9,F
1645,1645,"Abhishek Bhat",66,13,5,5,M
1646,1646,"Suma Kulkarni",26,19,2,1,F
1647,1647,"Puneeth Kulkarni",39,12,3,1,M
1648,1648,"Roopa Kumar",56,11,2,6,F
1649,1649,"Shilpa Hegde",32,20,2,6,F
1650,1650,"Divya Yadav",68,16,5,5,F
1651,1651,"Nithin Hiremath",57,11,5,5,M
1652,1652,"Shruthi Naik",66,12,4,2,F
1653,1653,"Anil Yadav",70,12,1,9,M
1654,1654,"Nithin Hiremath",73,12,1,9,M
1655,1655,"Swathi Kumar",54,7,3,10,F
1656,1656,"Prakash Shetty",47,1,1,9,M
1657,1657,"Santosh Shetty",39,13,4,6,M
1658,1658,"Abhishek Sharma",45,12,1,2,M
1659,1659,"Suma Rao",47,10,5,7,F
1660,1660,"Anil Hiremath",41,14,2,9,M
1661,1661,"Puneeth Patil",74,13,4,8,M
1662,1662,"Darshan Patil",31,4,5,5,M
1663,1663,"Ramya Naik",58,13,4,9,F
1664,1664,"Vinay Kulkarni",49,8,5,7,M
1665,1665,"Kiran Kumar",51,14,4,7,M
1666,1666,"Sahana Kumar",61,2,1,9,F
1667,1667,"Rashmi Kulkarni",22,3,4,8,F
1668,1668,"Abhishek Shetty",32,3,3,6,M
1669,1669,"Meghana Gowda",30,19,4,3,F
1670,1670,"Santosh Shetty",60,19,2,3,M
1671,1671,"Puneeth Desai",80,3,2,3,M
1672,1672,"Suresh Patil",21,17,4,5,M
1673,1673,"Anusha Kumar",37,12,5,2,F
1674,1674,"Ramya Desai",21,5,4,7,F
1675,1675,"Pooja Shetty",80,16,3,1,F
1676,1676,"Sahana Hegde",20,1,4,3,F
1677,1677,"Rekha Singh",65,11,2,7,F
1678,1678,"Manjunath Bhat",47,16,4,10,M
1679,1679,"Santosh Shetty",78,12,5,4,M
1680,1680,"Divya Desai",59,3,3,7,F
1681,1681,"Prakash Reddy",22,17,2,2,M
1682,1682,"Ramesh Kumar",65,14,1,5,M
1683,1683,"Roopa Joshi",50,2,3,7,F
1684,1684,"Nithin Yadav",56,18,5,4,M
1685,1685,"Anil Rao",34,5,4,7,M
1686,1686,"Sunil Desai",80,1,2,5,M
1687,1687,"Kavya Shetty",72,2,4,8,F
1688,1688,"Arun Desai",36,11,3,4,M
1689,1689,"Puneeth Naik",43,2,3,4,M
1690,1690,"Vijay Kumar",39,20,1,8,M
1691,1691,"Shilpa Sharma",40,2,5,6,F
1692,1692,"Kavya Hiremath",34,10,3,4,F
1693,1693,"Manjunath Shetty",30,9,1,8,M
1694,1694,"Mahesh Sharma",50,19,3,6,M
1695,1695,"Suresh Hiremath",56,13,3,5,M
1696,1696,"Manjunath Rao",49,5,4,3,M
1697,1697,"Sudeep Hegde",56,12,2,10,M
1698,1698,"Geetha Kulkarni",32,3,2,7,F
1699,1699,"Basavaraj Hegde",77,15,4,6,M
1700,1700,"Swathi Rao",22,8,5,7,F
1701,1701,"Suma Gowda",78,14,5,10,F
1702,1702,"Shruthi Rao",29,7,5,6,F
1703,1703,"Sunil Hegde",30,2,3,6,M
1704,1704,"Roopa Reddy",31,6,2,3,F
1705,1705,"Basavaraj Rao",58,18,4,9,M
1706,1706,"Vinay Kumar",60,3,5,1,M
1707,1707,"Divya Singh",36,18,3,9,F
1708,1708,"Pooja Gowda",39,5,4,6,F
1709,1709,"Shruthi Reddy",53,12,1,2,F
1710,1710,"Rekha Singh",34,8,5,3,F
1711,1711,"Bhagya Patil",49,16,1,3,F
1712,1712,"Shilpa Hegde",57,12,2,4,F
1713,1713,"Suma Joshi",46,4,3,2,F
1714,1714,"Puneeth Bhat",36,5,3,4,M
1715,1715,"Shruthi Hiremath",36,15,5,4,F
1716,1716,"Manjunath Kumar",50,4,1,6,M
1717,1717,"Rekha Kumar",42,6,4,10,F
1718,1718,"Santosh Kulkarni",57,4,3,8,M
1719,1719,"Suresh Gowda",54,12,5,3,M
1720,1720,"Meghana Shetty",23,8,5,6,F
1721,1721,"Karthik Naik",50,16,4,4,M
1722,1722,"Rashmi Gowda",42,18,3,10,F
1723,1723,"Manjunath Joshi",33,4,3,2,M
1724,1724,"Kiran Gowda",47,11,1,5,M
1725,1725,"Shivakumar Yadav",69,16,1,6,M
1726,1726,"Sunil Yadav",43,20,1,2,M
1727,1727,"Shilpa Reddy",47,19,4,9,F
1728,1728,"Rakesh Reddy",43,15,1,9,M
1729,1729,"Suresh Gowda",50,4,2,2,M
1730,1730,"Shruthi Shetty",55,15,4,9,F
1731,1731,"Arun Bhat",68,1,5,9,M
1732,1732,"Vinay Shetty",44,6,2,2,M
1733,1733,"Kavya Kulkarni",48,2,3,8,F
1734,1734,"Swathi Reddy",61,4,1,2,F
1735,1735,"Kiran Bhat",41,1,2,4,M
1736,1736,"Shilpa Gowda",22,19,5,10,F
1737,1737,"Santosh Hegde",57,2,2,8,M
1738,1738,"Sudeep Yadav",74,7,4,3,M
1739,1739,"Arun Shetty",60,16,3,6,M
1740,1740,"Vinay Desai",73,2,4,5,M
1741,1741,"Puneeth Shetty",77,13,2,5,M
1742,1742,"Santosh Hiremath",47,17,3,7,M
1743,1743,"Geetha Naik",20,12,4,3,F
1744,1744,"Swathi Kumar",71,15,4,6,F
1745,1745,"Asha Desai",43,9,4,9,F
1746,1746,"Prakash Hiremath",33,19,4,2,M
1747,1747,"Bhagya Hiremath",46,6,1,6,F
1748,1748,"Sunil Yadav",39,11,1,6,M
1749,1749,"Kiran Reddy",76,11,3,3,M
1750,1750,"Divya Hegde",25,4,1,4,F
1751,1751,"Bhagya Joshi",46,11,3,8,F
1752,1752,"Kiran Yadav",27,10,4,10,M
1753,1753,"Puneeth Singh",37,19,2,10,M
1754,1754,"Karthik Bhat",59,7,4,9,M
1755,1755,"Anil Singh",50,14,4,5,M
1756,1756,"Puneeth Shetty",49,12,3,9,M
1757,1757,"Vijay Hegde",59,20,4,2,M
1758,1758,"Swathi Yadav",51,10,3,9,F
1759,1759,"Sahana Gowda",49,8,4,7,F
1760,1760,"Manjunath Rao",22,8,2,3,M
1761,1761,"Shilpa Reddy",58,16,2,10,F
1762,1762,"Kavya Rao",47,5,3,6,F
1763,1763,"Roopa Bhat",72,13,3,7,F
1764,1764,"Rakesh Joshi",30,18,2,4,M
1765,1765,"Karthik Hiremath",28,19,4,4,M
1766,1766,"Vijay Desai",49,18,3,5,M
1767,1767,"Sangeetha Singh",31,2,1,1,F
1768,1768,"Santosh Hiremath",30,13,1,2,M
1769,1769,"Sudeep Hiremath",30,4,4,6,M
1770,1770,"Shilpa Patil",50,6,4,3,F
1771,1771,"Meghana Naik",45,15,3,2,F
1772,1772,"Abhishek Rao",24,3,5,3,M
1773,1773,"Ramesh Reddy",36,17,2,4,M
1774,1774,"Ramya Singh",73,10,5,7,F
1775,1775,"Abhishek Naik",35,11,4,1,M
1776,1776,"Roopa Hegde",67,3,5,1,F
1777,1777,"Sunil Kumar",45,13,2,9,M
1778,1778,"Sahana Gowda",27,10,4,2,F
1779,1779,"Suresh Yadav",68,10,5,2,M
1780,1780,"Vinay Shetty",44,7,3,2,M
1781,1781,"Santosh Joshi",58,7,2,8,M
1782,1782,"Anusha Joshi",66,12,1,10,F
1783,1783,"Abhishek Bhat",73,4,1,10,M
1784,1784,"Abhishek Reddy",50,3,4,8,M
1785,1785,"Ramesh Joshi",63,16,1,7,T
1786,1786,"Manjunath Kumar",46,15,2,3,M
1787,1787,"Bhagya Joshi",45,12,5,1,F
1788,1788,"Arun Reddy",65,11,4,1,M
1789,1789,"Sahana Rao",30,16,5,1,F
1790,1790,"Darshan Kumar",58,6,3,2,M
1791,1791,"Santosh Bhat",72,19,5,9,M
1792,1792,"Basavaraj Patil",18,17,5,10,M
1793,1793,"Karthik Reddy",67,20,1,2,M
1794,1794,"Kiran Kulkarni",80,16,1,1,M
1795,1795,"Prakash Hegde",57,9,5,2,M
1796,1796,"Rakesh Joshi",19,3,5,9,M
1797,1797,"Sunil Naik",35,19,3,2,M
1798,1798,"Mahesh Kulkarni",73,18,5,4,M
1799,1799,"Suma Hegde",43,18,2,4,F
1800,1800,"Basavaraj Yadav",35,1,5,2,M
1801,1801,"Kiran Rao",71,12,3,9,M
1802,1802,"Bhagya Hiremath",63,8,2,1,F
1803,1803,"Rashmi Naik",79,20,1,3,F
1804,1804,"Mahesh Shetty",56,13,1,5,M
1805,1805,"Basavaraj Kulkarni",39,8,5,10,M
1806,1806,"Darshan Singh",25,14,4,3,M
1807,1807,"Ramya Yadav",40,1,1,9,F
1808,1808,"Anil Gowda",54,13,3,9,M
1809,1809,"Vinay Yadav",38,3,4,7,M
1810,1810,"Rekha Gowda",72,3,4,10,F
1811,1811,"Vinay Hiremath",34,9,1,8,M
1812,1812,"Mahesh Shetty",69,20,5,4,M
1813,1813,"Meghana Naik",22,2,3,10,F
1814,1814,"Shruthi Rao",39,10,2,10,F
1815,1815,"Swathi Singh",52,6,2,3,F
1816,1816,"Kiran Shetty",62,9,2,7,M
1817,1817,"Anil Hiremath",25,5,3,10,M
1818,1818,"Divya Patil",60,16,3,4,F
1819,1819,"Pooja Kumar",74,4,3,2,F
1820,1820,"Nithin Rao",61,10,2,9,M
1821,1821,"Swathi Singh",40,10,3,7,F
1822,1822,"Sahana Kulkarni",53,6,2,1,F
1823,1823,"Pradeep Rao",41,20,3,10,M
1824,1824,"Kiran Naik",38,9,4,7,M
1825,1825,"Sunil Hegde",78,6,1,6,M
1826,1826,"Divya Hiremath",31,19,2,9,F
1827,1827,"Rakesh Rao",49,1,4,10,M
1828,1828,"Rekha Singh",51,4,3,8,F
1829,1829,"Basavaraj Patil",58,3,4,9,M
1830,1830,"Kiran Rao",67,5,4,7,M
1831,1831,"Rashmi Kulkarni",32,11,1,1,F
1832,1832,"Pooja Joshi",22,11,4,10,F
1833,1833,"Karthik Hegde",70,10,4,7,M
1834,1834,"Kavya Rao",48,2,2,9,F
1835,1835,"Arun Bhat",33,17,2,1,M
1836,1836,"Arun Gowda",43,18,2,5,M
1837,1837,"Suresh Hiremath",72,20,3,9,M
1838,1838,"Basavaraj Naik",46,11,2,2,M
1839,1839,"Mahesh Patil",46,2,4,1,M
1840,1840,"Rakesh Sharma",79,8,5,4,M
1841,1841,"Ramesh Desai",28,15,3,7,M
1842,1842,"Shruthi Shetty",25,10,3,5,F
1843,1843,"Karthik Hegde",52,11,1,4,M
1844,1844,"Roopa Gowda",68,17,5,2,F
1845,1845,"Sudeep Patil",67,20,5,7,M
1846,1846,"Vijay Bhat",39,4,3,3,M
1847,1847,"Rekha Hiremath",76,15,3,1,F
1848,1848,"Manjunath Gowda",20,18,2,2,M
1849,1849,"Santosh Bhat",28,17,4,10,M
1850,1850,"Geetha Reddy",36,18,2,4,F
1851,1851,"Pradeep Sharma",22,17,3,5,M
1852,1852,"Abhishek Rao",31,6,5,2,M
1853,1853,"Divya Sharma",40,18,3,9,F
1854,1854,"Kiran Shetty",57,10,3,10,M
1855,1855,"Sangeetha Patil",34,16,2,6,F
1856,1856,"Kiran Joshi",55,17,2,10,M
1857,1857,"Nithin Sharma",57,6,5,2,M
1858,1858,"Nithin Kumar",44,20,2,9,M
1859,1859,"Karthik Sharma",41,6,4,2,M
1860,1860,"Vinay Hiremath",24,11,2,8,M
1861,1861,"Asha Gowda",43,10,5,6,F
1862,1862,"Vinay Bhat",19,13,2,2,M
1863,1863,"Vinay Rao",46,14,3,4,M
1864,1864,"Rekha Rao",40,2,1,3,F
1865,1865,"Vijay Patil",33,15,4,5,M
1866,1866,"Vijay Kulkarni",22,9,5,7,M
1867,1867,"Pooja Joshi",77,13,3,5,F
1868,1868,"Karthik Gowda",20,10,4,9,M
1869,1869,"Manjunath Desai",79,20,2,10,M
1870,1870,"Divya Hegde",32,10,5,4,F
1871,1871,"Arun Rao",47,6,2,6,M
1872,1872,"Pooja Joshi",75,16,3,1,F
1873,1873,"Shilpa Gowda",35,2,3,1,F
1874,1874,"Prakash Sharma",74,13,5,6,M
1875,1875,"Abhishek Reddy",29,9,1,5,M
1876,1876,"Meghana Singh",50,14,3,9,F
1877,1877,"Swathi Kulkarni",58,3,1,6,F
1878,1878,"Manjunath Shetty",64,7,1,6,M
1879,1879,"Vinay Gowda",52,5,1,3,M
1880,1880,"Basavaraj Joshi",56,18,2,6,M
1881,1881,"Karthik Bhat",40,15,4,5,M
1882,1882,"Arun Hegde",47,14,4,3,T
1883,1883,"Sudeep Sharma",24,8,3,4,M
1884,1884,"Sangeetha Sharma",74,16,3,3,F
1885,1885,"Kavya Kumar",32,7,5,5,F
1886,1886,"Santosh Kulkarni",57,6,5,7,M
1887,1887,"Ramesh Yadav",41,9,4,7,M
1888,1888,"Santosh Hegde",43,18,2,3,M
1889,1889,"Anil Naik",77,16,2,6,M
1890,1890,"Asha Yadav",71,4,4,10,F
1891,1891,"Rekha Rao",42,3,3,3,F
1892,1892,"Abhishek Desai",44,5,5,6,M
1893,1893,"Ramesh Joshi",77,7,3,5,M
1894,1894,"Swathi Sharma",43,19,4,1,F
1895,1895,"Pradeep Rao",71,2,5,7,M
1896,1896,"Sangeetha Kumar",57,5,4,1,F
1897,1897,"Bhagya Kumar",44,7,4,2,F
1898,1898,"Ramya Kumar",57,15,5,4,F
1899,1899,"Bhagya Hegde",31,16,3,10,F
1900,1900,"Anil Naik",52,1,2,4,M
1901,1901,"Roopa Yadav",23,18,1,9,F
1902,1902,"Abhishek Shetty",65,5,2,8,M
1903,1903,"Sahana Hegde",53,2,2,4,F
1904,1904,"Vinay Rao",77,13,2,2,M
1905,1905,"Manjunath Kulkarni",28,19,4,6,M
1906,1906,"Darshan Gowda",20,10,5,7,M
1907,1907,"Basavaraj Hegde",60,15,5,9,M
1908,1908,"Puneeth Singh",37,3,3,8,M
1909,1909,"Anil Reddy",52,17,5,3,M
1910,1910,"Mahesh Naik",39,9,2,8,M
1911,1911,"Puneeth Bhat",18,6,3,7,M
1912,1912,"Suma Patil",24,8,1,8,F
1913,1913,"Puneeth Rao",38,1,1,1,M
1914,1914,"Sahana Sharma",41,17,3,3,F
1915,1915,"Abhishek Joshi",74,19,2,8,M
1916,1916,"Karthik Gowda",32,20,1,2,M
1917,1917,"Ramya Shetty",72,16,3,6,F
1918,1918,"Vijay Reddy",37,13,2,6,M
1919,1919,"Abhishek Reddy",19,17,1,9,M
1920,1920,"Suresh Shetty",64,15,2,4,M
1921,1921,"Asha Joshi",40,15,3,6,F
1922,1922,"Sunil Kulkarni",56,7,4,7,M
1923,1923,"Basavaraj Rao",77,14,4,1,M
1924,1924,"Shilpa Singh",50,12,5,5,F
1925,1925,"Asha Hiremath",55,4,4,3,F
1926,1926,"Rakesh Reddy",65,19,5,8,M
1927,1927,"Kavya Singh",54,13,5,7,F
1928,1928,"Rakesh Desai",41,18,3,2,M
1929,1929,"Vijay Sharma",57,6,5,1,M
1930,1930,"Mahesh Yadav",43,7,5,9,M
1931,1931,"Darshan Patil",66,20,2,7,M
1932,1932,"Shruthi Shetty",76,14,3,3,F
1933,1933,"Shilpa Bhat",53,12,3,1,F
1934,1934,"Prakash Sharma",41,2,2,2,M
1935,1935,"Meghana Shetty",21,16,1,2,F
1936,1936,"Darshan Singh",68,2,3,4,M
1937,1937,"Suma Kulkarni",58,9,2,4,F
1938,1938,"Abhishek Kulkarni",57,9,1,6,M
1939,1939,"Abhishek Singh",34,4,3,1,T
1940,1940,"Sahana Yadav",80,10,2,1,F
1941,1941,"Suma Desai",64,4,1,1,F
1942,1942,"Sudeep Hegde",58,13,3,6,M
1943,1943,"Geetha Patil",34,5,1,10,F
1944,1944,"Sahana Shetty",40,19,2,6,F
1945,1945,"Sahana Joshi",67,4,1,6,F
1946,1946,"Santosh Hegde",78,13,1,8,M
1947,1947,"Rakesh Hegde",79,7,3,4,M
1948,1948,"Mahesh Kumar",23,10,4,2,M
1949,1949,"Puneeth Rao",59,3,2,4,M
1950,1950,"Mahesh Yadav",49,19,1,4,M
1951,1951,"Darshan Yadav",38,1,4,3,M
1952,1952,"Puneeth Joshi",28,3,2,9,M
1953,1953,"Shilpa Rao",72,16,2,3,F
1954,1954,"Sunil Reddy",41,16,5,7,M
1955,1955,"Bhagya Hegde",78,7,3,5,F
1956,1956,"Kavya Joshi",70,12,5,9,F
1957,1957,"Sangeetha Naik",28,13,4,1,T
1958,1958,"Bhagya Kumar",60,13,4,5,F
1959,1959,"Suresh Yadav",76,14,4,1,M
1960,1960,"Suma Kulkarni",43,12,2,2,F
1961,1961,"Suresh Hegde",58,14,1,4,M
1962,1962,"Suresh Hiremath",52,20,4,4,M
1963,1963,"Rekha Joshi",21,6,4,10,F
1964,1964,"Kavya Yadav",45,6,4,8,F
1965,1965,"Santosh Kumar",78,9,3,5,M
1966,1966,"Pradeep Hiremath",40,17,4,9,M
1967,1967,"Rashmi Gowda",63,18,4,3,F
1968,1968,"Bhagya Reddy",55,8,4,6,F
1969,1969,"Shilpa Naik",45,4,2,1,F
1970,1970,"Rekha Gowda",65,15,3,7,F
1971,1971,"Nithin Sharma",61,17,1,7,M
1972,1972,"Kiran Gowda",62,9,3,5,M
1973,1973,"Ramesh Sharma",70,19,1,5,M
1974,1974,"Bhagya Yadav",25,7,2,5,F
1975,1975,"Rashmi Shetty",59,8,4,1,F
1976,1976,"Suma Rao",33,18,2,3,F
1977,1977,"Anusha Joshi",71,8,1,2,F
1978,1978,"Ramesh Kulkarni",27,13,5,1,M
1979,1979,"Suma Kulkarni",28,10,1,4,F
1980,1980,"Vinay Desai",34,17,5,10,M
1981,1981,"Prakash Reddy",65,15,4,9,M
1982,1982,"Sahana Sharma",38,19,2,2,F
1983,1983,"Shruthi Sharma",40,7,3,9,F
1984,1984,"Puneeth Patil",39,8,5,8,M
1985,1985,"Santosh Hiremath",37,12,3,5,M
1986,1986,"Karthik Sharma",29,4,2,10,M
1987,1987,"Pooja Yadav",22,14,5,6,F
1988,1988,"Ramesh Naik",69,6,2,9,M
1989,1989,"Shivakumar Patil",63,11,4,3,M
1990,1990,"Darshan Hegde",34,8,1,5,M
1991,1991,"Shivakumar Kulkarni",24,15,3,2,M
1992,1992,"Suresh Bhat",42,18,1,6,M
1993,1993,"Shilpa Hegde",45,15,4,6,T
1994,1994,"Sunil Rao",19,15,2,3,M
1995,1995,"Pooja Desai",44,15,2,4,F
1996,1996,"Puneeth Hegde",52,11,2,6,M
1997,1997,"Sunil Reddy",77,16,5,1,M
1998,1998,"Roopa Hiremath",53,8,3,1,F
1999,1999,"Nithin Naik",37,17,1,5,M
2000,2000,"Sunil Desai",39,2,5,2,M
2001,2001,"Meghana Reddy",72,15,1,7,F
2002,2002,"Sahana Kulkarni",37,11,2,6,F
2003,2003,"Mahesh Reddy",58,13,4,3,M
2004,2004,"Sunil Desai",60,6,3,7,M
2005,2005,"Pooja Bhat",46,13,4,3,F
2006,2006,"Swathi Shetty",30,14,4,2,T
2007,2007,"Puneeth Desai",65,13,3,8,M
2008,2008,"Pradeep Yadav",42,6,2,3,M
2009,2009,"Pradeep Rao",35,16,1,8,T
2010,2010,"Rakesh Naik",54,12,5,2,M
2011,2011,"Kiran Naik",51,1,5,5,M
2012,2012,"Vinay Yadav",39,17,4,9,M
2013,2013,"Suma Sharma",21,11,1,7,F
2014,2014,"Kiran Kulkarni",77,1,4,9,M
2015,2015,"Karthik Hiremath",54,10,2,7,M
2016,2016,"Anil Desai",22,9,1,3,M
2017,2017,"Suma Bhat",75,15,2,1,F
2018,2018,"Suma Sharma",34,7,4,10,F
2019,2019,"Ramesh Shetty",40,6,3,3,M
2020,2020,"Shivakumar Joshi",34,15,1,5,M
2021,2021,"Swathi Kulkarni",44,9,4,2,F
2022,2022,"Ramya Yadav",64,6,1,7,F
2023,2023,"Rekha Bhat",60,17,5,10,F
2024,2024,"Geetha Kulkarni",49,16,1,4,F
2025,2025,"Puneeth Joshi",25,9,2,5,M
2026,2026,"Rakesh Hegde",75,10,5,2,M
2027,2027,"Kavya Patil",39,13,5,1,F
2028,2028,"Shivakumar Kumar",38,2,5,6,M
2029,2029,"Shilpa Yadav",43,2,2,3,F
2030,2030,"Puneeth Hiremath",25,9,3,1,M
2031,2031,"Ramya Kulkarni",30,19,3,5,F
2032,2032,"Arun Joshi",49,15,3,4,M
2033,2033,"Swathi Shetty",73,18,2,6,F
2034,2034,"Santosh Hiremath",53,6,5,7,M
2035,2035,"Divya Naik",48,13,1,5,F
2036,2036,"Suresh Kumar",33,5,2,6,M
2037,2037,"Geetha Gowda",42,16,3,6,F
2038,2038,"Basavaraj Yadav",36,19,3,2,M
2039,2039,"Manjunath Rao",60,18,2,9,M
2040,2040,"Rekha Singh",77,16,1,5,F
2041,2041,"Sangeetha Shetty",57,8,3,10,F
2042,2042,"Rashmi Singh",48,19,5,5,F
2043,2043,"Shivakumar Naik",47,12,4,7,M
2044,2044,"Vijay Patil",33,13,2,9,M
2045,2045,"Bhagya Rao",55,17,4,1,F
2046,2046,"Karthik Sharma",60,6,3,1,T
2047,2047,"Darshan Bhat",58,7,3,6,M
2048,2048,"Divya Sharma",57,15,1,9,F
2049,2049,"Manjunath Desai",24,7,5,10,M
2050,2050,"Pradeep Bhat",73,13,3,9,M
2051,2051,"Nithin Joshi",46,8,5,5,M
2052,2052,"Vijay Reddy",74,13,3,1,M
2053,2053,"Rashmi Desai",42,16,2,2,F
2054,2054,"Rashmi Hiremath",41,14,2,1,F
2055,2055,"Meghana Yadav",37,19,2,2,F
2056,2056,"Sudeep Hegde",78,18,3,2,M
2057,2057,"Kavya Singh",42,2,3,10,F
2058,2058,"Meghana Gowda",29,16,2,4,F
2059,2059,"Geetha Rao",45,19,1,5,F
2060,2060,"Arun Desai",44,9,3,1,M
2061,2061,"Darshan Reddy",26,2,4,7,M
2062,2062,"Manjunath Bhat",53,1,4,3,M
2063,2063,"Suma Patil",23,16,5,3,F
2064,2064,"Swathi Hegde",78,9,4,2,F
2065,2065,"Anusha Gowda",39,18,1,9,F
2066,2066,"Rekha Desai",19,8,4,5,F
2067,2067,"Ramya Shetty",34,13,1,4,F
2068,2068,"Sahana Joshi",64,11,3,3,F
2069,2069,"Mahesh Yadav",24,8,1,2,M
2070,2070,"Santosh Patil",50,5,1,2,M
2071,2071,"Vinay Kumar",74,17,2,9,M
2072,2072,"Sunil Kulkarni",44,19,2,8,M
2073,2073,"Swathi Patil",32,19,5,4,F
2074,2074,"Shivakumar Singh",21,16,3,10,M
2075,2075,"Nithin Desai",51,17,3,9,M
2076,2076,"Pradeep Singh",69,11,3,6,M
2077,2077,"Meghana Bhat",51,14,2,2,F
2078,2078,"Arun Kulkarni",44,17,4,7,M
2079,2079,"Rashmi Singh",32,7,5,5,F
2080,2080,"Rakesh Reddy",61,12,3,3,M
2081,2081,"Abhishek Desai",48,15,3,6,M
2082,2082,"Meghana Patil",52,19,4,9,F
2083,2083,"Swathi Gowda",46,13,4,5,F
2084,2084,"Shilpa Kulkarni",57,6,3,4,F
2085,2085,"Darshan Gowda",49,5,1,6,M
2086,2086,"Manjunath Patil",42,18,3,1,M
2087,2087,"Mahesh Hegde",60,4,5,4,M
2088,2088,"Prakash Reddy",39,3,5,10,M
2089,2089,"Karthik Yadav",62,15,1,2,M
2090,2090,"Divya Singh",26,4,4,8,F
2091,2091,"Manjunath Desai",48,7,2,3,M
2092,2092,"Rekha Patil",35,14,2,3,F
2093,2093,"Asha Reddy",71,8,2,5,F
2094,2094,"Sunil Hegde",57,19,4,5,M
2095,2095,"Kiran Desai",35,17,2,3,M
2096,2096,"Shivakumar Hiremath",52,11,5,3,M
2097,2097,"Divya Hegde",55,13,5,5,F
2098,2098,"Shivakumar Hiremath",55,15,4,5,M
2099,2099,"Ramesh Yadav",48,19,4,3,M
2100,2100,"Basavaraj Kulkarni",22,16,5,7,M
2101,2101,"Puneeth Kulkarni",34,18,4,7,M
2102,2102,"Shivakumar Patil",77,9,4,7,M
2103,2103,"Prakash Gowda",49,1,2,4,M
2104,2104,"Suresh Hegde",23,14,5,2,T
2105,2105,"Basavaraj Gowda",77,4,2,1,M
2106,2106,"Ramya Kulkarni",66,9,3,6,F
2107,2107,"Rashmi Hiremath",22,4,2,9,F
2108,2108,"Sudeep Desai",43,2,1,6,M
2109,2109,"Sudeep Naik",41,15,1,3,M
2110,2110,"Karthik Patil",48,13,5,1,M
2111,2111,"Suma Kumar",33,8,4,8,F
2112,2112,"Darshan Hegde",64,5,3,9,M
2113,2113,"Vijay Yadav",59,7,4,1,M
2114,2114,"Kiran Desai",34,17,5,8,M
2115,2115,"Asha Desai",68,19,2,10,F
2116,2116,"Shruthi Desai",31,15,5,1,F
2117,2117,"Sudeep Reddy",67,3,4,6,M
2118,2118,"Sangeetha Sharma",47,5,1,2,F
2119,2119,"Pooja Yadav",46,4,1,6,F
2120,2120,"Santosh Singh",78,20,2,9,M
2121,2121,"Vinay Shetty",54,9,3,1,M
2122,2122,"Manjunath Kulkarni",57,14,5,9,M
2123,2123,"Suresh Kumar",65,18,5,1,M
2124,2124,"Shivakumar Yadav",70,17,2,10,M
2125,2125,"Rakesh Yadav",69,12,4,7,M
2126,2126,"Prakash Sharma",69,11,5,2,M
2127,2127,"Swathi Sharma",63,10,1,7,F
2128,2128,"Manjunath Desai",74,14,2,10,M
2129,2129,"Darshan Hiremath",26,17,5,6,M
2130,2130,"Santosh Reddy",49,7,2,9,M
2131,2131,"Santosh Patil",55,16,1,3,M
2132,2132,"Sangeetha Kulkarni",39,6,4,10,F
2133,2133,"Karthik Bhat",40,8,3,1,M
2134,2134,"Suresh Kumar",73,3,1,6,M
2135,2135,"Manjunath Yadav",66,20,1,8,M
2136,2136,"Sunil Gowda",53,4,3,5,M
2137,2137,"Darshan Sharma",64,12,4,9,M
2138,2138,"Rekha Shetty",53,17,1,3,F
2139,2139,"Ramesh Patil",32,3,5,2,M
2140,2140,"Shivakumar Yadav",41,12,1,1,M
2141,2141,"Shilpa Shetty",80,6,5,8,F
2142,2142,"Anil Reddy",34,19,3,9,M
2143,2143,"Kavya Desai",29,19,1,8,F
2144,2144,"Rakesh Desai",48,14,4,3,M
2145,2145,"Prakash Hegde",33,19,3,5,M
2146,2146,"Ramya Singh",44,3,2,2,F
2147,2147,"Asha Rao",54,1,4,3,F
2148,2148,"Sahana Singh",30,1,4,1,F
2149,2149,"Sangeetha Naik",55,11,1,3,F
2150,2150,"Manjunath Gowda",48,17,2,7,M
2151,2151,"Mahesh Sharma",40,20,4,4,M
2152,2152,"Suma Yadav",53,3,4,2,F
2153,2153,"Ramesh Kumar",35,11,3,10,M
2154,2154,"Anusha Hegde",45,6,1,1,F
2155,2155,"Geetha Patil",33,4,3,8,F
2156,2156,"Pradeep Desai",47,9,1,5,M
2157,2157,"Suresh Rao",70,11,3,8,M
2158,2158,"Vijay Rao",29,19,3,10,M
2159,2159,"Shilpa Patil",34,18,1,8,T
2160,2160,"Abhishek Shetty",42,13,5,3,M
2161,2161,"Mahesh Kulkarni",78,8,3,7,M
2162,2162,"Prakash Hegde",57,1,1,8,M
2163,2163,"Vinay Rao",49,16,3,4,M
2164,2164,"Sunil Bhat",36,5,2,7,M
2165,2165,"Shivakumar Joshi",60,5,3,3,M
2166,2166,"Manjunath Rao",57,9,3,3,M
2167,2167,"Vijay Reddy",56,16,1,6,M
2168,2168,"Roopa Hegde",19,18,3,2,F
2169,2169,"Arun Rao",57,5,4,1,M
2170,2170,"Rashmi Kulkarni",55,7,3,1,F
2171,2171,"Suresh Naik",53,13,3,4,M
2172,2172,"Pooja Kulkarni",71,9,4,6,T
2173,2173,"Pradeep Patil",65,18,3,4,M
2174,2174,"Prakash Naik",33,17,2,4,M
2175,2175,"Shivakumar Hiremath",57,14,2,2,M
2176,2176,"Sudeep Hiremath",38,16,1,5,M
2177,2177,"Manjunath Sharma",30,15,2,3,M
2178,2178,"Darshan Naik",70,10,2,3,M
2179,2179,"Abhishek Kumar",52,4,4,10,M
2180,2180,"Ramya Rao",45,15,3,7,F
2181,2181,"Sahana Shetty",37,2,3,8,F
2182,2182,"Meghana Singh",54,3,2,2,F
2183,2183,"Nithin Joshi",63,14,3,2,M
2184,2184,"Sunil Desai",21,10,2,4,M
2185,2185,"Suma Gowda",20,7,3,5,F
2186,2186,"Rashmi Yadav",59,2,5,10,F
2187,2187,"Pooja Yadav",54,13,3,5,F
2188,2188,"Shruthi Sharma",52,1,4,1,F
2189,2189,"Arun Singh",22,14,4,6,M
2190,2190,"Basavaraj Gowda",29,13,1,5,M
2191,2191,"Suresh Singh",24,9,1,2,M
2192,2192,"Rekha Joshi",43,17,2,10,F
2193,2193,"Asha Gowda",38,6,1,7,F
2194,2194,"Basavaraj Shetty",59,19,1,5,M
2195,2195,"Bhagya Patil",77,6,5,2,F
2196,2196,"Pooja Yadav",22,14,1,2,F
2197,2197,"Shilpa Desai",47,8,4,9,F
2198,2198,"Vinay Gowda",43,8,1,3,M
2199,2199,"Sahana Rao",80,14,1,4,F
2200,2200,"Pooja Rao",21,11,5,4,F
2201,2201,"Suresh Gowda",60,13,3,6,M
2202,2202,"Shruthi Bhat",57,7,5,8,T
2203,2203,"Darshan Kumar",20,3,2,3,M
2204,2204,"Swathi Reddy",48,1,5,7,F
2205,2205,"Shivakumar Singh",59,13,2,6,M
2206,2206,"Rashmi Patil",63,17,3,7,F
2207,2207,"Anil Patil",69,13,2,3,M
2208,2208,"Pradeep Hiremath",32,13,4,2,M
2209,2209,"Shilpa Singh",74,13,2,8,F
2210,2210,"Rakesh Joshi",18,9,3,10,M
2211,2211,"Rashmi Hiremath",32,3,2,9,F
2212,2212,"Sangeetha Bhat",49,20,3,4,F
2213,2213,"Pradeep Gowda",56,19,1,2,M
2214,2214,"Kiran Kulkarni",31,13,2,5,M
2215,2215,"Shruthi Sharma",72,15,3,2,T
2216,2216,"Basavaraj Naik",73,9,1,5,M
2217,2217,"Kiran Yadav",49,14,4,3,M
2218,2218,"Karthik Shetty",72,14,4,1,M
2219,2219,"Kiran Kumar",58,5,3,2,M
2220,2220,"Anil Shetty",22,9,2,8,M
2221,2221,"Roopa Kulkarni",64,9,5,9,F
2222,2222,"Kavya Shetty",63,20,4,3,F
2223,2223,"Rashmi Reddy",69,11,4,3,F
2224,2224,"Nithin Bhat",53,11,1,1,M
2225,2225,"Pooja Gowda",48,5,5,10,F
2226,2226,"Basavaraj Kulkarni",71,19,5,3,M
2227,2227,"Shivakumar Bhat",35,3,1,8,M
2228,2228,"Roopa Reddy",32,8,1,8,F
2229,2229,"Santosh Shetty",37,18,1,5,M
2230,2230,"Rekha Hegde",30,17,1,3,F
2231,2231,"Anil Joshi",55,2,1,1,M
2232,2232,"Sudeep Kulkarni",48,6,2,7,M
2233,2233,"Sunil Joshi",65,4,1,2,M
2234,2234,"Mahesh Shetty",66,20,5,4,M
2235,2235,"Santosh Sharma",22,18,1,1,M
2236,2236,"Rashmi Gowda",41,2,4,8,F
2237,2237,"Puneeth Bhat",27,16,2,5,M
2238,2238,"Bhagya Patil",36,14,4,2,F
2239,2239,"Darshan Hiremath",27,16,4,8,M
2240,2240,"Roopa Bhat",70,5,3,1,F
2241,2241,"Kavya Rao",48,11,5,4,F
2242,2242,"Prakash Gowda",61,13,5,6,M
2243,2243,"Rakesh Kumar",54,18,4,4,M
2244,2244,"Meghana Patil",65,19,3,2,F
2245,2245,"Rashmi Yadav",33,5,5,5,F
2246,2246,"Kavya Rao",47,14,1,8,F
2247,2247,"Rakesh Gowda",48,1,4,2,M
2248,2248,"Ramya Gowda",19,13,1,10,F
2249,2249,"Suresh Sharma",21,4,2,6,M
2250,2250,"Abhishek Gowda",74,3,1,3,M
2251,2251,"Rashmi Hiremath",48,20,4,8,F
2252,2252,"Sudeep Kulkarni",52,14,3,9,M
2253,2253,"Pradeep Rao",19,9,1,2,M
2254,2254,"Karthik Hiremath",54,10,2,2,M
2255,2255,"Prakash Yadav",63,10,2,3,M
2256,2256,"Suresh Rao",73,8,1,10,M
2257,2257,"Pradeep Bhat",45,14,4,5,M
2258,2258,"Roopa Naik",21,9,1,8,F
2259,2259,"Bhagya Gowda",33,13,2,8,F
2260,2260,"Shivakumar Hegde",67,9,1,6,M
2261,2261,"Shivakumar Naik",78,17,1,6,M
2262,2262,"Pradeep Sharma",38,6,4,4,M
2263,2263,"Darshan Patil",79,20,1,10,M
2264,2264,"Shilpa Naik",71,4,4,10,F
2265,2265,"Manjunath Naik",34,8,5,9,T
2266,2266,"Kavya Shetty",67,2,4,10,F
2267,2267,"Vijay Rao",64,5,4,4,M
2268,2268,"Bhagya Kumar",41,11,4,10,F
2269,2269,"Manjunath Gowda",45,12,2,4,M
2270,2270,"Karthik Shetty",30,18,4,6,T
2271,2271,"Rashmi Gowda",54,6,4,10,F
2272,2272,"Shilpa Singh",64,2,3,8,F
2273,2273,"Rekha Yadav",35,16,2,9,F
2274,2274,"Sudeep Rao",68,17,2,6,M
2275,2275,"Shilpa Bhat",33,15,1,4,F
2276,2276,"Karthik Gowda",66,1,4,10,M
2277,2277,"Geetha Shetty",44,3,5,1,F
2278,2278,"Manjunath Gowda",34,20,2,8,M
2279,2279,"Mahesh Joshi",30,9,4,5,M
2280,2280,"Vijay Naik",43,11,4,7,M
2281,2281,"Shilpa Yadav",27,13,2,10,F
2282,2282,"Nithin Gowda",32,20,2,8,M
2283,2283,"Vijay Yadav",79,13,4,6,M
2284,2284,"Meghana Sharma",67,14,4,5,F
2285,2285,"Suresh Reddy",23,18,1,5,M
2286,2286,"Sangeetha Shetty",39,8,4,5,F
2287,2287,"Nithin Kulkarni",41,2,4,8,M
2288,2288,"Nithin Sharma",73,4,2,9,M
2289,2289,"Pradeep Shetty",20,5,4,9,M
2290,2290,"Rekha Shetty",49,18,3,2,F
2291,2291,"Darshan Joshi",25,18,4,4,M
2292,2292,"Sahana Hegde",65,20,4,7,F
2293,2293,"Geetha Kulkarni",25,18,2,6,F
2294,2294,"Basavaraj Rao",73,13,1,2,M
2295,2295,"Ramya Naik",26,7,1,2,F
2296,2296,"Suresh Sharma",39,9,1,10,M
2297,2297,"Abhishek Sharma",21,14,1,10,M
2298,2298,"Kiran Joshi",51,18,5,8,M
2299,2299,"Shruthi Naik",24,11,5,4,F
2300,2300,"Kiran Patil",37,13,1,7,M
2301,2301,"Pradeep Hiremath",47,17,5,4,M
2302,2302,"Kiran Hiremath",40,6,5,9,M
2303,2303,"Suma Gowda",70,1,1,10,F
2304,2304,"Kiran Joshi",23,15,3,3,M
2305,2305,"Sudeep Rao",59,18,5,5,M
2306,2306,"Prakash Bhat",58,2,1,3,M
2307,2307,"Nithin Sharma",60,13,1,4,M
2308,2308,"Rekha Kulkarni",43,3,1,8,F
2309,2309,"Bhagya Kumar",22,2,3,10,F
2310,2310,"Rakesh Hiremath",50,14,3,1,M
2311,2311,"Rashmi Hegde",68,7,2,5,F
2312,2312,"Vijay Bhat",39,14,2,7,M
2313,2313,"Vinay Naik",61,19,5,8,M
2314,2314,"Santosh Naik",56,15,2,2,M
2315,2315,"Sunil Sharma",21,5,5,7,M
2316,2316,"Darshan Rao",46,18,4,3,M
2317,2317,"Rekha Kumar",33,10,2,8,T
2318,2318,"Karthik Yadav",74,7,2,9,M
2319,2319,"Basavaraj Naik",31,9,5,1,M
2320,2320,"Rakesh Gowda",43,2,4,8,M
2321,2321,"Geetha Naik",27,19,1,3,F
2322,2322,"Shivakumar Hegde",61,4,5,1,M
2323,2323,"Mahesh Yadav",30,11,3,1,M
2324,2324,"Darshan Singh",37,10,4,7,M
2325,2325,"Rakesh Reddy",52,11,5,3,M
2326,2326,"Suma Joshi",34,14,2,4,F
2327,2327,"Meghana Patil",68,14,3,2,F
2328,2328,"Rashmi Bhat",51,3,2,5,F
2329,2329,"Arun Naik",49,7,2,7,M
2330,2330,"Arun Rao",58,12,3,8,M
2331,2331,"Pooja Kumar",38,4,4,1,F
2332,2332,"Sudeep Singh",58,19,2,1,M
2333,2333,"Mahesh Desai",61,12,3,9,T
2334,2334,"Sunil Kumar",52,14,2,10,M
2335,2335,"Meghana Singh",28,1,3,8,F
2336,2336,"Mahesh Hegde",78,4,5,8,M
2337,2337,"Swathi Rao",51,7,2,2,F
2338,2338,"Basavaraj Reddy",25,1,4,9,M
2339,2339,"Sudeep Kumar",36,17,1,4,M
2340,2340,"Roopa Reddy",58,13,2,8,F
2341,2341,"Geetha Bhat",78,17,4,1,F
2342,2342,"Swathi Gowda",48,12,4,8,F
2343,2343,"Darshan Shetty",67,5,5,4,M
2344,2344,"Ramesh Gowda",71,14,2,4,M
2345,2345,"Mahesh Yadav",34,1,1,10,M
2346,2346,"Anil Gowda",24,16,5,5,M
2347,2347,"Sahana Gowda",29,10,1,7,F
2348,2348,"Shivakumar Joshi",28,11,4,4,M
2349,2349,"Mahesh Joshi",77,14,5,5,M
2350,2350,"Pradeep Kulkarni",46,7,2,6,M
2351,2351,"Ramya Reddy",45,20,3,3,F
2352,2352,"Rakesh Yadav",52,17,3,6,M
2353,2353,"Bhagya Bhat",78,1,4,5,F
2354,2354,"Sunil Hegde",65,20,5,3,M
2355,2355,"Rashmi Kumar",39,3,3,10,F
2356,2356,"Kiran Hiremath",18,18,3,1,M
2357,2357,"Basavaraj Hiremath",62,10,3,7,M
2358,2358,"Anil Kumar",80,4,1,3,M
2359,2359,"Rekha Gowda",42,19,2,7,F
2360,2360,"Arun Hegde",24,18,2,6,M
2361,2361,"Sahana Patil",36,11,5,6,F
2362,2362,"Shivakumar Yadav",56,9,5,9,M
2363,2363,"Suma Reddy",18,7,5,3,F
2364,2364,"Bhagya Singh",34,12,4,8,F
2365,2365,"Prakash Naik",43,16,3,1,M
2366,2366,"Sudeep Shetty",41,12,5,4,M
2367,2367,"Prakash Kumar",29,8,3,3,M
2368,2368,"Bhagya Shetty",63,6,3,10,F
2369,2369,"Anusha Hegde",56,12,4,1,F
2370,2370,"Sangeetha Kumar",55,19,3,10,F
2371,2371,"Divya Singh",36,18,5,1,F
2372,2372,"Manjunath Naik",46,12,3,1,M
2373,2373,"Santosh Hiremath",40,1,2,2,M
2374,2374,"Anil Singh",58,20,1,8,M
2375,2375,"Sangeetha Bhat",48,11,5,9,F
2376,2376,"Suma Shetty",31,4,3,1,F
2377,2377,"Vinay Joshi",76,20,3,9,M
2378,2378,"Anusha Bhat",42,1,3,1,F
2379,2379,"Karthik Hiremath",54,4,5,6,M
2380,2380,"Asha Joshi",57,1,1,7,F
2381,2381,"Asha Hegde",35,9,3,5,F
2382,2382,"Divya Yadav",18,1,1,5,F
2383,2383,"Pooja Kulkarni",44,8,3,2,F
2384,2384,"Suma Sharma",73,2,2,1,F
2385,2385,"Roopa Desai",32,19,1,9,F
2386,2386,"Manjunath Shetty",48,16,4,2,M
2387,2387,"Sahana Rao",36,6,5,6,T
2388,2388,"Roopa Bhat",49,7,1,3,F
2389,2389,"Vinay Bhat",42,20,1,3,M
2390,2390,"Ramya Rao",37,20,4,6,F
2391,2391,"Karthik Sharma",64,11,1,10,M
2392,2392,"Shivakumar Sharma",37,16,3,9,M
2393,2393,"Abhishek Sharma",67,14,2,2,M
2394,2394,"Rekha Hegde",31,14,5,5,F
2395,2395,"Arun Reddy",53,13,2,5,M
2396,2396,"Anil Rao",36,12,1,4,M
2397,2397,"Darshan Sharma",41,5,5,8,M
2398,2398,"Ramesh Singh",39,10,4,6,M
2399,2399,"Sunil Gowda",51,9,4,8,M
2400,2400,"Nithin Joshi",31,12,2,2,M
2401,2401,"Asha Patil",61,4,5,4,F
2402,2402,"Bhagya Joshi",30,2,5,4,F
2403,2403,"Sunil Hiremath",54,11,3,7,M
2404,2404,"Asha Yadav",35,16,3,10,F
2405,2405,"Santosh Yadav",46,20,1,7,M
2406,2406,"Suresh Hiremath",60,5,3,2,M
2407,2407,"Prakash Gowda",51,19,3,10,M
2408,2408,"Anil Yadav",40,18,1,1,M
2409,2409,"Rashmi Joshi",58,1,5,5,F
2410,2410,"Prakash Singh",52,2,4,4,M
2411,2411,"Shivakumar Singh",67,11,3,9,M
2412,2412,"Meghana Bhat",78,16,1,9,F
2413,2413,"Pradeep Sharma",57,7,4,10,M
2414,2414,"Sunil Yadav",46,3,2,9,M
2415,2415,"Karthik Patil",76,6,5,6,M
2416,2416,"Karthik Kulkarni",59,17,2,2,M
2417,2417,"Pradeep Yadav",64,11,1,10,M
2418,2418,"Santosh Hiremath",33,6,4,3,M
2419,2419,"Sunil Gowda",37,13,4,7,M
2420,2420,"Mahesh Gowda",36,1,2,1,M
2421,2421,"Kiran Patil",59,10,3,7,M
2422,2422,"Ramesh Sharma",37,16,5,5,M
2423,2423,"Darshan Bhat",71,19,4,10,M
2424,2424,"Geetha Patil",41,10,5,2,F
2425,2425,"Darshan Bhat",41,2,5,2,M
2426,2426,"Sudeep Kulkarni",47,2,4,2,M
2427,2427,"Abhishek Singh",20,16,3,4,M
2428,2428,"Vijay Yadav",54,3,5,10,M
2429,2429,"Anusha Desai",38,12,2,10,F
2430,2430,"Pooja Naik",58,6,2,3,F
2431,2431,"Ramya Naik",59,20,4,3,F
2432,2432,"Kiran Desai",53,3,3,4,M
2433,2433,"Ramya Gowda",21,15,5,10,F
2434,2434,"Puneeth Yadav",42,18,2,9,M
2435,2435,"Santosh Shetty",48,8,4,10,M
2436,2436,"Shivakumar Gowda",65,7,3,2,M
2437,2437,"Suresh Bhat",26,11,2,6,M
2438,2438,"Abhishek Bhat",38,5,5,8,M
2439,2439,"Manjunath Hegde",46,8,1,10,M
2440,2440,"Anusha Kumar",76,10,2,4,F
2441,2441,"Shruthi Hiremath",42,13,5,10,F
2442,2442,"Abhishek Sharma",18,4,3,5,M
2443,2443,"Anil Reddy",37,2,1,1,M
2444,2444,"Arun Reddy",44,5,4,4,M
2445,2445,"Rakesh Singh",40,12,3,8,M
2446,2446,"Vinay Shetty",52,15,2,8,M
2447,2447,"Sudeep Joshi",23,18,3,1,M
2448,2448,"Puneeth Sharma",63,17,3,7,M
2449,2449,"Sangeetha Reddy",60,18,1,5,F
2450,2450,"Ramesh Singh",58,3,2,9,M
2451,2451,"Sudeep Singh",39,4,2,7,M
2452,2452,"Asha Joshi",40,10,5,9,F
2453,2453,"Pooja Hegde",52,10,1,9,F
2454,2454,"Asha Yadav",35,16,2,8,F
2455,2455,"Divya Bhat",68,12,1,5,F
2456,2456,"Rakesh Naik",48,3,5,8,M
2457,2457,"Nithin Kulkarni",58,16,5,9,M
2458,2458,"Sudeep Patil",22,13,5,3,M
2459,2459,"Swathi Kulkarni",73,10,4,10,F
2460,2460,"Pradeep Patil",24,20,4,6,M
2461,2461,"Kiran Shetty",30,5,5,2,M
2462,2462,"Anusha Joshi",45,17,4,3,F
2463,2463,"Anil Singh",19,10,4,3,M
2464,2464,"Shivakumar Hegde",48,15,1,5,M
2465,2465,"Suresh Bhat",44,20,5,6,M
2466,2466,"Divya Hiremath",71,13,5,3,F
2467,2467,"Arun Rao",47,19,1,5,M
2468,2468,"Ramya Rao",21,1,5,10,F
2469,2469,"Santosh Kulkarni",43,4,4,5,M
2470,2470,"Nithin Reddy",47,4,3,8,M
2471,2471,"Ramesh Reddy",66,3,3,2,M
2472,2472,"Anusha Hegde",42,12,2,9,F
2473,2473,"Manjunath Patil",46,14,2,6,M
2474,2474,"Rekha Kumar",80,18,3,2,F
2475,2475,"Sahana Desai",29,19,4,5,F
2476,2476,"Anil Patil",29,8,4,6,M
2477,2477,"Arun Rao",38,5,1,8,M
2478,2478,"Vijay Joshi",47,14,1,10,M
2479,2479,"Santosh Singh",50,20,2,6,M
2480,2480,"Mahesh Naik",32,8,1,6,M
2481,2481,"Anil Rao",41,15,3,3,M
2482,2482,"Bhagya Desai",58,20,5,5,F
2483,2483,"Karthik Bhat",76,13,1,7,M
2484,2484,"Geetha Sharma",19,2,5,1,F
2485,2485,"Ramesh Reddy",33,14,4,4,M
2486,2486,"Swathi Naik",40,7,4,1,F
2487,2487,"Anil Hegde",64,19,2,7,M
2488,2488,"Pooja Joshi",60,4,4,4,F
2489,2489,"Pradeep Gowda",24,11,2,6,M
2490,2490,"Manjunath Hegde",53,10,5,7,M
2491,2491,"Vinay Shetty",20,20,5,7,M
2492,2492,"Sahana Bhat",43,15,4,9,F
2493,2493,"Anil Yadav",55,8,4,4,M
2494,2494,"Shivakumar Bhat",72,16,3,2,M
2495,2495,"Shilpa Singh",57,17,5,8,F
2496,2496,"Santosh Naik",23,18,1,8,M
2497,2497,"Anil Bhat",57,10,3,1,M
2498,2498,"Ramesh Patil",27,3,2,7,M
2499,2499,"Asha Joshi",51,15,4,5,F
2500,2500,"Shruthi Desai",38,9,4,7,F
2501,2501,"Roopa Gowda",61,5,2,9,F
2502,2502,"Rekha Gowda",70,15,4,2,F
2503,2503,"Roopa Naik",41,18,1,9,F
2504,2504,"Geetha Yadav",44,18,1,5,F
2505,2505,"Shruthi Joshi",52,12,3,8,F
2506,2506,"Vinay Hiremath",38,19,4,2,M
2507,2507,"Meghana Reddy",74,7,3,6,F
2508,2508,"Shivakumar Sharma",70,12,3,4,M
2509,2509,"Shivakumar Hiremath",75,8,2,4,M
2510,2510,"Vijay Kumar",47,6,1,5,M
2511,2511,"Shruthi Kulkarni",46,5,5,4,F
2512,2512,"Geetha Sharma",28,16,1,6,F
2513,2513,"Kiran Singh",24,20,4,9,M
2514,2514,"Suresh Kumar",37,14,2,9,M
2515,2515,"Sudeep Bhat",59,6,5,4,M
2516,2516,"Shivakumar Naik",30,4,5,3,M
2517,2517,"Karthik Joshi",63,4,3,2,M
2518,2518,"Basavaraj Yadav",36,15,5,9,M
2519,2519,"Rakesh Desai",74,20,2,10,M
2520,2520,"Asha Patil",42,19,2,5,F
2521,2521,"Rakesh Joshi",26,15,1,4,M
2522,2522,"Nithin Patil",28,11,2,4,M
2523,2523,"Ramesh Gowda",27,7,2,9,M
2524,2524,"Puneeth Gowda",73,6,4,10,M
2525,2525,"Puneeth Hiremath",52,1,4,6,M
2526,2526,"Abhishek Joshi",51,13,1,7,M
2527,2527,"Swathi Desai",67,2,3,3,F
2528,2528,"Roopa Reddy",28,16,1,6,F
2529,2529,"Anil Patil",69,3,4,3,M
2530,2530,"Sangeetha Kulkarni",34,20,4,4,F
2531,2531,"Karthik Kulkarni",37,8,1,3,M
2532,2532,"Sahana Reddy",41,8,5,10,F
2533,2533,"Rashmi Sharma",42,13,1,4,F
2534,2534,"Nithin Bhat",45,2,4,8,M
2535,2535,"Sudeep Shetty",36,12,2,2,M
2536,2536,"Rakesh Rao",45,11,5,7,M
2537,2537,"Bhagya Gowda",73,7,1,7,F
2538,2538,"Rakesh Reddy",36,19,3,3,M
2539,2539,"Sunil Rao",48,7,4,5,M
2540,2540,"Santosh Shetty",48,2,4,3,M
2541,2541,"Puneeth Reddy",40,19,4,1,M
2542,2542,"Darshan Hegde",44,8,2,1,M
2543,2543,"Manjunath Gowda",64,18,2,4,M
2544,2544,"Sudeep Desai",36,5,5,5,M
2545,2545,"Sudeep Singh",48,20,1,6,M
2546,2546,"Suresh Bhat",47,20,1,7,M
2547,2547,"Basavaraj Gowda",22,7,4,1,M
2548,2548,"Arun Kulkarni",66,1,4,3,M
2549,2549,"Sunil Naik",67,20,4,5,M
2550,2550,"Rekha Patil",47,16,2,6,F
2551,2551,"Prakash Naik",60,19,1,9,M
2552,2552,"Divya Joshi",75,17,4,1,F
2553,2553,"Vinay Hiremath",24,9,4,10,M
2554,2554,"Swathi Gowda",30,13,3,1,F
2555,2555,"Bhagya Hegde",50,19,1,6,F
2556,2556,"Santosh Joshi",22,5,1,8,T
2557,2557,"Basavaraj Hiremath",46,16,1,4,M
2558,2558,"Prakash Kulkarni",42,10,4,8,M
2559,2559,"Santosh Singh",35,5,2,8,M
2560,2560,"Nithin Singh",18,17,5,10,M
2561,2561,"Arun Reddy",40,14,5,10,M
2562,2562,"Karthik Patil",41,15,3,5,M
2563,2563,"Bhagya Reddy",63,10,1,4,F
2564,2564,"Suresh Yadav",55,13,1,10,M
2565,2565,"Santosh Desai",47,7,4,7,M
2566,2566,"Shilpa Gowda",57,19,4,6,F
2567,2567,"Asha Singh",60,6,4,2,F
2568,2568,"Sangeetha Hegde",55,6,3,7,F
2569,2569,"Anil Naik",25,3,1,7,M
2570,2570,"Anil Sharma",67,10,5,5,M
2571,2571,"Pooja Kumar",48,9,4,1,F
2572,2572,"Roopa Singh",69,11,3,6,F
2573,2573,"Basavaraj Shetty",38,20,5,3,M
2574,2574,"Sangeetha Singh",29,6,5,7,F
2575,2575,"Pooja Naik",26,20,5,9,F
2576,2576,"Sunil Naik",44,13,5,5,M
2577,2577,"Asha Reddy",20,5,5,5,F
2578,2578,"Basavaraj Naik",40,14,5,3,M
2579,2579,"Vijay Kulkarni",67,2,2,10,M
2580,2580,"Suresh Kumar",34,4,1,3,M
2581,2581,"Manjunath Singh",80,16,1,3,M
2582,2582,"Vinay Kulkarni",22,13,4,9,M
2583,2583,"Santosh Gowda",21,4,2,8,M
2584,2584,"Anil Gowda",50,7,1,3,M
2585,2585,"Rakesh Shetty",26,8,3,2,M
2586,2586,"Kiran Reddy",61,5,4,10,M
2587,2587,"Pradeep Bhat",57,7,4,6,M
2588,2588,"Asha Shetty",53,2,5,5,F
2589,2589,"Pradeep Kumar",41,8,4,5,M
2590,2590,"Darshan Hegde",75,8,1,1,M
2591,2591,"Karthik Bhat",45,6,3,2,M
2592,2592,"Puneeth Patil",53,11,1,8,M
2593,2593,"Kiran Hiremath",68,7,2,10,M
2594,2594,"Puneeth Sharma",77,20,5,3,M
2595,2595,"Asha Joshi",32,14,2,1,T
2596,2596,"Ramya Hegde",74,4,3,6,T
2597,2597,"Santosh Bhat",39,9,3,6,M
2598,2598,"Puneeth Shetty",77,12,2,5,M
2599,2599,"Vijay Hiremath",59,18,3,9,M
2600,2600,"Shivakumar Singh",23,11,5,2,M
2601,2601,"Basavaraj Bhat",35,8,1,10,M
2602,2602,"Pooja Hegde",50,20,3,2,F
2603,2603,"Vijay Bhat",28,9,5,1,M
2604,2604,"Kiran Hiremath",29,11,2,1,M
2605,2605,"Sangeetha Singh",43,6,5,2,F
2606,2606,"Suresh Kumar",41,7,1,8,M
2607,2607,"Abhishek Kulkarni",26,1,3,8,M
2608,2608,"Basavaraj Reddy",75,12,5,9,M
2609,2609,"Nithin Gowda",34,2,5,5,M
2610,2610,"Shivakumar Shetty",23,3,5,9,M
2611,2611,"Suma Naik",40,17,3,6,F
2612,2612,"Abhishek Patil",57,10,1,3,M
2613,2613,"Sahana Desai",26,4,2,1,F
2614,2614,"Anusha Patil",42,10,1,7,F
2615,2615,"Prakash Bhat",56,20,2,4,M
2616,2616,"Vinay Hiremath",59,12,3,10,M
2617,2617,"Karthik Yadav",29,15,2,10,M
2618,2618,"Anusha Sharma",48,11,3,3,F
2619,2619,"Darshan Hiremath",39,10,5,4,M
2620,2620,"Kiran Patil",50,17,5,9,M
2621,2621,"Manjunath Singh",26,14,5,7,M
2622,2622,"Ramya Kumar",39,20,2,1,F
2623,2623,"Suma Sharma",19,12,1,3,F
2624,2624,"Anusha Yadav",41,10,5,2,F
2625,2625,"Puneeth Sharma",59,11,1,8,M
2626,2626,"Sunil Hiremath",77,11,3,8,M
2627,2627,"Kiran Joshi",23,2,5,5,M
2628,2628,"Puneeth Shetty",74,3,3,1,M
2629,2629,"Rakesh Rao",21,1,3,7,M
2630,2630,"Karthik Bhat",25,10,4,6,M
2631,2631,"Darshan Rao",21,20,4,9,M
2632,2632,"Mahesh Desai",57,3,4,8,M
2633,2633,"Kiran Patil",41,15,4,9,M
2634,2634,"Rashmi Kulkarni",52,20,5,10,F
2635,2635,"Pooja Reddy",38,1,5,2,F
2636,2636,"Prakash Sharma",39,5,3,8,M
2637,2637,"Puneeth Hiremath",36,9,5,10,M
2638,2638,"Arun Singh",70,1,3,10,M
2639,2639,"Puneeth Hegde",56,5,5,7,M
2640,2640,"Asha Bhat",46,3,4,1,F
2641,2641,"Vijay Hegde",35,10,4,3,M
2642,2642,"Suresh Rao",41,1,5,5,M
2643,2643,"Vijay Reddy",68,2,4,10,M
2644,2644,"Mahesh Shetty",49,7,2,9,M
2645,2645,"Anil Gowda",51,13,3,2,M
2646,2646,"Pooja Kumar",58,3,5,6,F
2647,2647,"Shivakumar Gowda",34,5,3,1,M
2648,2648,"Rakesh Patil",49,2,4,8,M
2649,2649,"Shruthi Bhat",25,8,2,3,F
2650,2650,"Asha Patil",71,4,3,2,F
2651,2651,"Pradeep Singh",25,13,2,7,M
2652,2652,"Shivakumar Joshi",80,11,5,4,M
2653,2653,"Sudeep Gowda",74,5,5,3,M
2654,2654,"Anil Shetty",47,9,3,4,M
2655,2655,"Darshan Kulkarni",35,14,3,5,M
2656,2656,"Santosh Joshi",55,13,2,8,M
2657,2657,"Arun Bhat",31,7,4,10,M
2658,2658,"Karthik Reddy",76,3,4,5,M
2659,2659,"Anil Singh",41,17,1,7,M
2660,2660,"Pradeep Kulkarni",49,14,3,6,M
2661,2661,"Prakash Hegde",20,12,5,7,M
2662,2662,"Ramya Singh",56,12,5,3,F
2663,2663,"Roopa Shetty",26,19,5,5,F
2664,2664,"Roopa Yadav",37,2,4,6,F
2665,2665,"Sudeep Singh",26,4,3,10,M
2666,2666,"Roopa Kulkarni",70,8,1,1,F
2667,2667,"Rekha Bhat",34,10,4,7,F
2668,2668,"Basavaraj Gowda",36,15,2,4,M
2669,2669,"Rakesh Singh",47,15,2,7,M
2670,2670,"Sangeetha Patil",29,5,3,3,F
2671,2671,"Shruthi Sharma",34,18,3,5,F
2672,2672,"Rashmi Shetty",40,7,2,9,F
2673,2673,"Karthik Patil",47,10,4,1,T
2674,2674,"Roopa Naik",42,14,1,4,F
2675,2675,"Kavya Reddy",19,19,4,6,F
2676,2676,"Nithin Hiremath",75,11,2,7,M
2677,2677,"Asha Shetty",22,6,1,8,F
2678,2678,"Kiran Patil",58,15,5,4,M
2679,2679,"Prakash Hiremath",51,5,2,5,M
2680,2680,"Sahana Yadav",29,20,4,3,F
2681,2681,"Shruthi Reddy",35,5,3,5,F
2682,2682,"Sangeetha Shetty",38,12,1,4,F
2683,2683,"Sudeep Patil",31,6,5,10,M
2684,2684,"Vinay Gowda",36,16,3,4,M
2685,2685,"Sudeep Sharma",54,19,1,10,M
2686,2686,"Arun Shetty",43,16,3,8,M
2687,2687,"Ramya Kulkarni",43,12,5,4,F
2688,2688,"Pradeep Kulkarni",79,9,5,4,M
2689,2689,"Sangeetha Shetty",69,5,4,5,F
2690,2690,"Suresh Yadav",26,15,2,3,M
2691,2691,"Anusha Gowda",79,4,1,10,T
2692,2692,"Kavya Desai",32,6,4,3,F
2693,2693,"Sunil Bhat",46,4,5,1,M
2694,2694,"Ramesh Hegde",75,8,5,3,M
2695,2695,"Kiran Yadav",34,3,1,9,M
2696,2696,"Nithin Shetty",73,7,3,2,M
2697,2697,"Santosh Hegde",43,9,1,2,M
2698,2698,"Shivakumar Bhat",77,20,5,3,M
2699,2699,"Suresh Bhat",20,4,1,2,M
2700,2700,"Kiran Yadav",22,19,5,8,M
2701,2701,"Kavya Hegde",18,9,3,2,T
2702,2702,"Puneeth Joshi",18,12,3,3,M
2703,2703,"Bhagya Kumar",34,10,1,1,F
2704,2704,"Bhagya Shetty",42,5,4,2,F
2705,2705,"Swathi Sharma",20,19,4,10,F
2706,2706,"Shilpa Bhat",33,2,4,6,F
2707,2707,"Roopa Shetty",60,3,2,4,F
2708,2708,"Mahesh Sharma",79,1,3,7,M
2709,2709,"Sunil Patil",67,8,4,4,M
2710,2710,"Darshan Hegde",21,4,3,8,M
2711,2711,"Suma Shetty",30,17,2,6,F
2712,2712,"Vinay Bhat",42,8,1,1,M
2713,2713,"Santosh Bhat",22,13,3,7,M
2714,2714,"Darshan Desai",74,17,4,1,M
2715,2715,"Suresh Hegde",57,3,5,5,M
2716,2716,"Shivakumar Gowda",25,15,3,10,M
2717,2717,"Puneeth Patil",37,20,5,8,M
2718,2718,"Manjunath Joshi",71,2,1,1,M
2719,2719,"Basavaraj Naik",44,18,4,10,M
2720,2720,"Nithin Desai",55,14,2,1,T
2721,2721,"Asha Desai",54,20,4,8,F
2722,2722,"Sudeep Yadav",57,15,4,10,M
2723,2723,"Shilpa Yadav",64,15,1,1,F
2724,2724,"Mahesh Reddy",35,17,1,2,M
2725,2725,"Karthik Bhat",46,20,3,2,M
2726,2726,"Rakesh Reddy",74,10,4,5,M
2727,2727,"Bhagya Shetty",40,7,4,2,F
2728,2728,"Prakash Shetty",30,17,4,3,M
2729,2729,"Suma Singh",76,11,2,4,F
2730,2730,"Abhishek Desai",79,11,4,9,M
2731,2731,"Pooja Bhat",38,7,2,2,F
2732,2732,"Rekha Bhat",50,6,2,8,F
2733,2733,"Arun Bhat",46,6,5,7,M
2734,2734,"Prakash Desai",59,3,2,5,M
2735,2735,"Kavya Singh",33,9,5,10,F
2736,2736,"Asha Singh",34,16,2,7,T
2737,2737,"Geetha Hiremath",56,6,3,3,F
2738,2738,"Divya Patil",28,9,4,9,F
2739,2739,"Darshan Sharma",35,1,1,3,M
2740,2740,"Rashmi Sharma",18,8,4,7,F
2741,2741,"Suresh Joshi",62,5,3,1,M
2742,2742,"Darshan Naik",75,19,4,4,M
2743,2743,"Rashmi Naik",49,2,1,7,F
2744,2744,"Kiran Yadav",50,16,2,7,M
2745,2745,"Basavaraj Hiremath",42,13,4,4,M
2746,2746,"Kiran Desai",48,19,3,7,M
2747,2747,"Kavya Joshi",29,19,4,5,F
2748,2748,"Shilpa Singh",55,9,1,7,F
2749,2749,"Santosh Sharma",52,12,2,3,M
2750,2750,"Meghana Desai",77,18,3,6,F
2751,2751,"Meghana Rao",49,5,5,5,F
2752,2752,"Suma Kulkarni",35,12,1,8,F
2753,2753,"Kiran Joshi",30,16,2,6,M
2754,2754,"Karthik Yadav",57,19,2,4,M
2755,2755,"Asha Gowda",33,6,4,5,F
2756,2756,"Vinay Bhat",65,1,1,2,M
2757,2757,"Swathi Hiremath",65,5,3,8,F
2758,2758,"Suma Kulkarni",39,19,4,10,F
2759,2759,"Sudeep Patil",63,9,2,9,M
2760,2760,"Divya Yadav",62,19,1,1,F
2761,2761,"Asha Gowda",28,19,2,5,F
2762,2762,"Sangeetha Kumar",50,5,5,2,F
2763,2763,"Bhagya Rao",57,7,5,7,F
2764,2764,"Pradeep Naik",79,12,5,2,M
2765,2765,"Rekha Rao",27,12,1,4,F
2766,2766,"Puneeth Shetty",63,8,3,6,M
2767,2767,"Vijay Reddy",33,8,2,8,M
2768,2768,"Geetha Hegde",38,7,4,2,F
2769,2769,"Ramya Singh",26,14,4,4,F
2770,2770,"Prakash Hiremath",50,4,4,5,M
2771,2771,"Kiran Yadav",49,5,1,2,M
2772,2772,"Darshan Yadav",55,20,3,2,M
2773,2773,"Prakash Desai",50,7,2,7,M
2774,2774,"Rashmi Desai",47,6,1,1,F
2775,2775,"Ramesh Bhat",66,9,1,5,M
2776,2776,"Sudeep Rao",58,4,3,10,M
2777,2777,"Shivakumar Patil",41,15,3,4,M
2778,2778,"Basavaraj Naik",63,5,2,7,M
2779,2779,"Karthik Reddy",32,2,5,2,M
2780,2780,"Vinay Yadav",69,8,4,10,M
2781,2781,"Suresh Shetty",50,10,3,7,M
2782,2782,"Puneeth Hegde",69,18,1,1,M
2783,2783,"Swathi Reddy",74,17,2,2,F
2784,2784,"Abhishek Kulkarni",28,16,5,3,M
2785,2785,"Prakash Shetty",39,17,3,9,M
2786,2786,"Pooja Reddy",19,4,5,1,F
2787,2787,"Kiran Sharma",26,10,3,1,M
2788,2788,"Karthik Sharma",29,15,3,2,M
2789,2789,"Pooja Kulkarni",65,16,4,3,F
2790,2790,"Vijay Hiremath",42,11,3,3,M
2791,2791,"Puneeth Shetty",19,6,1,10,M
2792,2792,"Suresh Naik",38,5,3,1,M
2793,2793,"Manjunath Rao",60,6,3,2,M
2794,2794,"Pooja Bhat",58,9,2,4,F
2795,2795,"Meghana Sharma",21,3,3,6,F
2796,2796,"Manjunath Singh",53,8,2,7,M
2797,2797,"Abhishek Hiremath",57,7,5,4,M
2798,2798,"Shivakumar Desai",42,10,1,5,M
2799,2799,"Divya Singh",36,7,5,3,F
2800,2800,"Kavya Bhat",38,20,4,9,F
2801,2801,"Shilpa Naik",19,16,1,4,F
2802,2802,"Vijay Hegde",57,17,3,4,M
2803,2803,"Anusha Bhat",44,17,4,2,F
2804,2804,"Asha Shetty",24,1,4,8,F
2805,2805,"Suresh Joshi",52,14,1,2,M
2806,2806,"Kavya Rao",21,18,2,7,F
2807,2807,"Divya Sharma",62,2,2,5,F
2808,2808,"Pooja Naik",80,15,2,5,F
2809,2809,"Kiran Reddy",57,8,2,5,M
2810,2810,"Kiran Desai",61,8,3,6,M
2811,2811,"Pradeep Sharma",47,2,4,10,M
2812,2812,"Shivakumar Sharma",31,5,2,5,M
2813,2813,"Rashmi Hiremath",37,15,1,5,F
2814,2814,"Suma Kumar",51,1,1,4,F
2815,2815,"Karthik Kumar",61,7,5,9,M
2816,2816,"Santosh Sharma",48,7,3,9,M
2817,2817,"Basavaraj Hiremath",33,13,4,6,M
2818,2818,"Santosh Rao",56,4,5,10,M
2819,2819,"Prakash Desai",36,14,5,7,M
2820,2820,"Vijay Reddy",27,6,4,5,M
2821,2821,"Nithin Sharma",30,4,4,5,M
2822,2822,"Pradeep Shetty",52,8,5,5,M
2823,2823,"Kavya Yadav",40,10,3,10,F
2824,2824,"Arun Joshi",52,16,4,2,M
2825,2825,"Suma Patil",74,17,3,9,F
2826,2826,"Manjunath Bhat",51,2,1,6,M
2827,2827,"Kiran Gowda",37,6,4,4,M
2828,2828,"Nithin Kumar",19,7,4,9,M
2829,2829,"Sunil Naik",48,17,2,6,M
2830,2830,"Kavya Hegde",80,2,3,8,F
2831,2831,"Santosh Bhat",51,10,1,7,M
2832,2832,"Darshan Kumar",54,20,3,2,M
2833,2833,"Kiran Gowda",46,6,3,9,M
2834,2834,"Abhishek Kulkarni",58,19,5,8,M
2835,2835,"Suma Bhat",71,14,1,10,F
2836,2836,"Vinay Singh",39,20,2,2,M
2837,2837,"Anil Rao",20,17,3,9,M
2838,2838,"Karthik Yadav",52,6,3,2,M
2839,2839,"Karthik Hiremath",35,16,2,10,M
2840,2840,"Rakesh Singh",29,7,5,3,M
2841,2841,"Santosh Joshi",39,5,2,9,M
2842,2842,"Geetha Desai",43,17,4,9,F
2843,2843,"Santosh Bhat",31,16,4,8,M
2844,2844,"Shivakumar Rao",55,17,1,6,M
2845,2845,"Anil Yadav",78,8,2,7,M
2846,2846,"Karthik Hiremath",59,18,2,10,M
2847,2847,"Karthik Joshi",60,8,4,4,M
2848,2848,"Bhagya Joshi",79,14,3,9,F
2849,2849,"Geetha Yadav",43,20,1,10,F
2850,2850,"Shivakumar Kumar",77,19,3,7,M
2851,2851,"Sangeetha Shetty",59,7,1,4,F
2852,2852,"Geetha Desai",41,9,2,2,F
2853,2853,"Pradeep Bhat",75,14,1,5,M
2854,2854,"Sudeep Singh",50,11,5,2,M
2855,2855,"Pooja Singh",49,17,3,8,F
2856,2856,"Prakash Naik",63,9,3,10,M
2857,2857,"Vinay Hegde",60,2,4,5,M
2858,2858,"Bhagya Naik",45,11,2,4,F
2859,2859,"Pooja Joshi",37,2,3,5,F
2860,2860,"Kavya Gowda",34,9,3,10,F
2861,2861,"Suma Rao",38,19,3,6,F
2862,2862,"Puneeth Kulkarni",36,9,5,9,M
2863,2863,"Nithin Singh",67,12,3,5,M
2864,2864,"Mahesh Desai",66,8,4,5,M
2865,2865,"Karthik Reddy",43,10,2,4,M
2866,2866,"Sudeep Patil",34,12,1,5,M
2867,2867,"Shilpa Reddy",67,5,2,5,F
2868,2868,"Sahana Shetty",41,8,2,1,F
2869,2869,"Shivakumar Desai",58,9,5,7,M
2870,2870,"Santosh Patil",55,18,3,7,M
2871,2871,"Mahesh Reddy",75,9,3,9,M
2872,2872,"Rashmi Sharma",35,16,5,6,F
2873,2873,"Rashmi Reddy",50,18,1,7,F
2874,2874,"Nithin Patil",39,16,3,4,M
2875,2875,"Darshan Reddy",53,18,3,1,M
2876,2876,"Nithin Hegde",43,20,3,9,M
2877,2877,"Divya Kumar",33,19,4,4,F
2878,2878,"Basavaraj Reddy",48,2,2,1,M
2879,2879,"Puneeth Gowda",27,9,4,4,M
2880,2880,"Abhishek Singh",56,12,5,8,M
2881,2881,"Pradeep Gowda",71,18,1,10,M
2882,2882,"Vinay Sharma",18,18,1,6,M
2883,2883,"Nithin Shetty",60,16,4,4,M
2884,2884,"Rakesh Singh",63,5,4,8,M
2885,2885,"Arun Sharma",56,2,2,4,M
2886,2886,"Pooja Yadav",55,18,3,2,F
2887,2887,"Suma Joshi",19,4,4,6,F
2888,2888,"Roopa Singh",75,5,5,3,F
2889,2889,"Santosh Kulkarni",26,20,2,1,M
2890,2890,"Suresh Sharma",54,8,5,2,M
2891,2891,"Suresh Naik",38,10,2,3,M
2892,2892,"Asha Yadav",32,17,4,3,F
2893,2893,"Manjunath Yadav",30,14,5,9,M
2894,2894,"Swathi Kulkarni",80,18,4,10,T
2895,2895,"Karthik Reddy",21,5,5,7,M
2896,2896,"Sunil Hiremath",43,10,1,2,M
2897,2897,"Roopa Rao",33,9,5,10,F
2898,2898,"Sangeetha Yadav",61,17,3,2,F
2899,2899,"Suresh Kumar",41,11,1,3,M
2900,2900,"Ramesh Sharma",80,8,4,3,M
2901,2901,"Darshan Bhat",46,15,4,2,M
2902,2902,"Kiran Shetty",34,18,2,1,M
2903,2903,"Shilpa Sharma",35,4,3,5,F
2904,2904,"Asha Reddy",19,18,1,2,F
2905,2905,"Asha Bhat",44,15,2,2,F
2906,2906,"Vijay Kulkarni",60,13,2,10,M
2907,2907,"Rekha Singh",24,18,2,1,F
2908,2908,"Sudeep Kumar",51,11,1,5,M
2909,2909,"Pooja Sharma",42,1,2,1,F
2910,2910,"Ramesh Desai",59,16,5,3,M
2911,2911,"Mahesh Bhat",34,1,4,2,M
2912,2912,"Darshan Gowda",19,2,3,1,M
2913,2913,"Suma Yadav",58,18,2,10,F
2914,2914,"Arun Hegde",68,1,1,10,M
2915,2915,"Bhagya Kulkarni",43,14,2,4,F
2916,2916,"Anil Naik",25,11,2,3,M
2917,2917,"Bhagya Desai",34,10,5,7,F
2918,2918,"Suresh Shetty",75,20,4,6,M
2919,2919,"Sahana Joshi",40,13,5,4,F
2920,2920,"Bhagya Sharma",33,12,1,8,F
2921,2921,"Nithin Desai",76,13,5,9,M
2922,2922,"Roopa Desai",58,2,5,4,F
2923,2923,"Nithin Reddy",27,18,3,9,M
2924,2924,"Rakesh Joshi",75,4,2,7,M
2925,2925,"Rakesh Bhat",49,10,3,8,M
2926,2926,"Sangeetha Kulkarni",68,15,1,3,F
2927,2927,"Rashmi Patil",53,16,3,10,F
2928,2928,"Vijay Sharma",58,19,3,3,M
2929,2929,"Suresh Sharma",70,9,4,9,M
2930,2930,"Ramya Gowda",26,10,2,1,F
2931,2931,"Kavya Sharma",49,5,2,5,F
2932,2932,"Sunil Gowda",66,2,4,10,M
2933,2933,"Sahana Singh",42,13,2,7,F
2934,2934,"Anusha Hiremath",67,15,5,7,F
2935,2935,"Ramesh Naik",33,16,1,6,M
2936,2936,"Suma Patil",25,3,1,4,F
2937,2937,"Darshan Hiremath",71,9,3,3,M
2938,2938,"Divya Reddy",74,2,1,10,F
2939,2939,"Asha Bhat",60,12,4,4,F
2940,2940,"Abhishek Singh",71,6,3,6,M
2941,2941,"Arun Singh",30,7,1,7,M
2942,2942,"Pradeep Rao",29,4,1,3,M
2943,2943,"Nithin Singh",57,13,2,4,M
2944,2944,"Anil Reddy",30,14,4,7,M
2945,2945,"Shivakumar Naik",38,1,2,1,M
2946,2946,"Darshan Yadav",45,20,5,1,M
2947,2947,"Kavya Joshi",38,12,1,6,F
2948,2948,"Basavaraj Joshi",34,6,1,6,M
2949,2949,"Pradeep Patil",78,3,5,5,M
2950,2950,"Vijay Hiremath",49,11,2,2,M
2951,2951,"Arun Kumar",45,4,2,9,M
2952,2952,"Rekha Gowda",78,15,3,6,F
2953,2953,"Manjunath Kumar",45,2,2,7,M
2954,2954,"Prakash Joshi",55,19,4,4,M
2955,2955,"Suma Hiremath",59,10,2,2,T
2956,2956,"Rashmi Patil",42,2,2,5,F
2957,2957,"Arun Kulkarni",23,6,4,8,M
2958,2958,"Kiran Desai",26,5,3,4,M
2959,2959,"Prakash Kulkarni",62,14,4,10,M
2960,2960,"Kiran Rao",45,14,4,2,M
2961,2961,"Sahana Yadav",41,9,5,8,F
2962,2962,"Karthik Gowda",45,3,5,8,M
2963,2963,"Shivakumar Naik",35,2,5,9,M
2964,2964,"Meghana Kumar",63,7,5,10,F
2965,2965,"Sahana Kulkarni",31,8,3,5,F
2966,2966,"Santosh Desai",19,2,3,9,M
2967,2967,"Nithin Patil",42,13,4,5,M
2968,2968,"Karthik Kulkarni",50,18,5,2,M
2969,2969,"Rekha Rao",29,2,2,1,F
2970,2970,"Prakash Yadav",35,18,5,10,M
2971,2971,"Suresh Kumar",28,14,2,4,M
2972,2972,"Shruthi Kumar",34,9,3,1,F
2973,2973,"Karthik Yadav",27,18,5,5,M
2974,2974,"Ramesh Singh",57,1,4,5,M
2975,2975,"Rekha Hiremath",43,16,4,6,F
2976,2976,"Karthik Bhat",47,2,5,9,M
2977,2977,"Shivakumar Bhat",54,3,1,4,M
2978,2978,"Vinay Rao",33,17,3,3,M
2979,2979,"Shilpa Reddy",76,18,3,9,F
2980,2980,"Abhishek Sharma",30,19,5,5,M
2981,2981,"Shilpa Yadav",36,9,5,2,F
2982,2982,"Rakesh Yadav",23,8,3,6,M
2983,2983,"Karthik Hiremath",69,16,1,2,M
2984,2984,"Basavaraj Yadav",39,20,4,8,M
2985,2985,"Shruthi Gowda",66,18,1,1,F
2986,2986,"Nithin Hegde",59,10,4,1,M
2987,2987,"Shivakumar Yadav",50,15,3,10,M
2988,2988,"Divya Desai",40,15,2,10,F
2989,2989,"Manjunath Naik",62,16,2,8,M
2990,2990,"Suresh Yadav",78,11,4,5,M
2991,2991,"Abhishek Desai",24,8,5,6,M
2992,2992,"Prakash Shetty",57,4,4,3,M
2993,2993,"Pradeep Hegde",70,1,3,2,M
2994,2994,"Basavaraj Bhat",28,19,5,10,M
2995,2995,"Suresh Yadav",68,20,5,9,M
2996,2996,"Abhishek Reddy",36,1,2,5,M
2997,2997,"Prakash Gowda",61,7,3,1,M
2998,2998,"Anil Hegde",47,9,4,1,M
2999,2999,"Puneeth Naik",24,15,3,6,M
3000,3000,"Bhagya Kumar",39,13,4,6,F
3001,3001,"Darshan Gowda",72,17,2,7,M
3002,3002,"Rekha Hegde",19,18,4,5,F
3003,3003,"Ramesh Rao",19,6,1,4,M
3004,3004,"Puneeth Joshi",72,8,5,9,M
3005,3005,"Basavaraj Hiremath",47,20,4,1,M
3006,3006,"Ramesh Kumar",31,14,5,9,M
3007,3007,"Darshan Joshi",31,15,1,7,M
3008,3008,"Manjunath Patil",75,9,1,1,M
3009,3009,"Puneeth Naik",36,14,1,2,M
3010,3010,"Shruthi Singh",58,14,3,10,F
3011,3011,"Ramesh Shetty",40,18,1,5,M
3012,3012,"Vinay Reddy",72,3,5,5,M
3013,3013,"Darshan Kumar",61,16,3,1,M
3014,3014,"Roopa Reddy",25,1,3,6,F
3015,3015,"Swathi Joshi",34,15,4,5,F
3016,3016,"Puneeth Sharma",63,3,4,10,M
3017,3017,"Suresh Kumar",74,6,3,1,M
3018,3018,"Asha Hiremath",67,20,3,3,F
3019,3019,"Darshan Naik",80,14,5,2,M
3020,3020,"Nithin Reddy",25,15,4,5,M
3021,3021,"Pooja Sharma",59,11,3,10,F
3022,3022,"Mahesh Shetty",53,4,1,7,M
3023,3023,"Abhishek Kulkarni",36,1,3,8,M
3024,3024,"Rakesh Desai",36,19,2,4,M
3025,3025,"Bhagya Kumar",75,1,5,9,F
3026,3026,"Shilpa Reddy",54,7,5,4,F
3027,3027,"Nithin Singh",74,16,3,4,T
3028,3028,"Mahesh Bhat",23,9,3,6,M
3029,3029,"Prakash Naik",19,17,2,7,M
3030,3030,"Anil Bhat",57,9,2,3,M
3031,3031,"Karthik Gowda",57,14,5,9,M
3032,3032,"Anusha Patil",60,14,4,10,F
3033,3033,"Mahesh Gowda",41,3,5,4,M
3034,3034,"Puneeth Joshi",40,4,2,5,M
3035,3035,"Vinay Joshi",34,3,2,3,M
3036,3036,"Sahana Bhat",53,8,2,7,T
3037,3037,"Shruthi Patil",24,9,2,8,F
3038,3038,"Santosh Shetty",27,9,2,2,M
3039,3039,"Pooja Joshi",32,18,1,7,F
3040,3040,"Mahesh Hiremath",65,13,1,4,M
3041,3041,"Ramesh Patil",46,5,1,8,M
3042,3042,"Pradeep Gowda",32,8,1,3,T
3043,3043,"Mahesh Rao",40,3,1,4,T
3044,3044,"Vinay Sharma",67,20,5,9,M
3045,3045,"Shilpa Desai",54,15,4,9,F
3046,3046,"Ramesh Hegde",79,16,4,9,M
3047,3047,"Ramya Desai",32,5,2,2,T
3048,3048,"Sangeetha Patil",74,16,1,5,F
3049,3049,"Darshan Shetty",24,20,1,4,M
3050,3050,"Mahesh Gowda",46,19,3,8,M
3051,3051,"Manjunath Sharma",53,4,1,1,M
3052,3052,"Rakesh Hiremath",32,6,5,4,M
3053,3053,"Abhishek Patil",50,14,4,8,M
3054,3054,"Shivakumar Sharma",57,9,5,9,M
3055,3055,"Sudeep Yadav",21,4,2,2,M
3056,3056,"Darshan Bhat",77,1,2,9,M
3057,3057,"Pooja Singh",58,17,2,6,F
3058,3058,"Vijay Singh",39,14,5,6,M
3059,3059,"Rakesh Patil",20,17,1,6,M
3060,3060,"Rekha Singh",69,1,1,3,F
3061,3061,"Santosh Rao",33,6,3,6,M
3062,3062,"Karthik Kumar",48,20,1,9,M
3063,3063,"Shruthi Rao",65,20,1,5,F
3064,3064,"Anil Kumar",77,2,4,2,M
3065,3065,"Suresh Singh",43,2,3,10,M
3066,3066,"Shilpa Singh",29,13,4,4,F
3067,3067,"Suresh Sharma",34,3,3,1,M
3068,3068,"Geetha Singh",52,3,1,9,F
3069,3069,"Ramya Yadav",48,11,5,6,F
3070,3070,"Kiran Sharma",54,19,1,7,M
3071,3071,"Vijay Yadav",38,1,4,6,M
3072,3072,"Swathi Shetty",20,6,2,2,F
3073,3073,"Karthik Shetty",42,8,1,2,M
3074,3074,"Rakesh Kulkarni",64,9,4,10,M
3075,3075,"Prakash Patil",48,4,5,7,M
3076,3076,"Ramesh Reddy",40,7,1,10,M
3077,3077,"Sangeetha Bhat",67,18,3,2,F
3078,3078,"Sunil Naik",38,2,5,5,M
3079,3079,"Shilpa Desai",46,12,5,3,T
3080,3080,"Prakash Kumar",29,4,1,10,M
3081,3081,"Santosh Yadav",40,12,4,8,M
3082,3082,"Sangeetha Rao",35,5,4,9,F
3083,3083,"Anusha Sharma",57,2,2,7,F
3084,3084,"Rashmi Hiremath",67,17,4,6,F
3085,3085,"Arun Singh",34,6,2,2,M
3086,3086,"Arun Singh",73,14,2,5,M
3087,3087,"Shivakumar Rao",69,5,2,8,M
3088,3088,"Anil Joshi",37,8,3,10,M
3089,3089,"Shruthi Yadav",59,8,5,3,F
3090,3090,"Sunil Yadav",55,4,5,2,M
3091,3091,"Darshan Rao",58,19,4,7,M
3092,3092,"Karthik Sharma",46,7,3,3,M
3093,3093,"Shruthi Hiremath",18,18,2,7,F
3094,3094,"Ramya Singh",76,2,5,7,F
3095,3095,"Arun Naik",32,20,3,3,M
3096,3096,"Vijay Reddy",37,15,3,5,M
3097,3097,"Manjunath Yadav",42,19,5,7,M
3098,3098,"Vinay Rao",62,5,5,9,M
3099,3099,"Sunil Gowda",44,17,5,9,M
3100,3100,"Sangeetha Desai",42,9,1,7,F
3101,3101,"Geetha Yadav",28,19,1,3,F
3102,3102,"Anusha Reddy",53,11,2,2,F
3103,3103,"Bhagya Reddy",55,17,5,1,F
3104,3104,"Manjunath Patil",58,12,4,4,M
3105,3105,"Puneeth Sharma",63,4,1,6,M
3106,3106,"Anusha Gowda",45,7,2,9,F
3107,3107,"Abhishek Rao",74,2,5,3,M
3108,3108,"Darshan Shetty",65,3,3,7,M
3109,3109,"Vijay Hiremath",59,1,4,8,M
3110,3110,"Asha Shetty",40,20,4,5,F
3111,3111,"Bhagya Shetty",36,14,1,8,F
3112,3112,"Nithin Kulkarni",34,14,3,8,M
3113,3113,"Ramesh Sharma",43,7,3,2,M
3114,3114,"Prakash Rao",48,2,5,1,M
3115,3115,"Roopa Hiremath",40,16,4,2,F
3116,3116,"Santosh Desai",40,6,4,9,M
3117,3117,"Basavaraj Kumar",48,7,2,4,M
3118,3118,"Arun Singh",71,8,4,4,M
3119,3119,"Mahesh Desai",72,14,3,9,M
3120,3120,"Suma Bhat",25,9,5,10,F
3121,3121,"Anil Gowda",38,2,3,5,M
3122,3122,"Roopa Hiremath",62,17,3,8,F
3123,3123,"Abhishek Kulkarni",47,12,2,8,M
3124,3124,"Abhishek Hegde",58,16,1,3,M
3125,3125,"Abhishek Naik",62,12,2,7,M
3126,3126,"Nithin Sharma",38,20,1,10,M
3127,3127,"Sunil Bhat",19,14,1,2,M
3128,3128,"Roopa Kulkarni",60,18,3,9,F
3129,3129,"Anil Rao",38,18,3,10,M
3130,3130,"Pradeep Desai",31,17,1,2,M
3131,3131,"Prakash Singh",76,13,2,1,M
3132,3132,"Mahesh Sharma",46,18,3,4,M
3133,3133,"Sahana Bhat",53,20,2,3,F
3134,3134,"Vinay Desai",50,14,3,7,M
3135,3135,"Kavya Joshi",71,17,5,7,F
3136,3136,"Basavaraj Naik",58,10,1,9,M
3137,3137,"Sahana Hegde",37,8,4,8,F
3138,3138,"Mahesh Naik",35,6,1,6,T
3139,3139,"Ramya Bhat",45,2,1,5,F
3140,3140,"Geetha Desai",54,14,3,7,F
3141,3141,"Divya Gowda",80,4,3,10,F
3142,3142,"Santosh Reddy",53,10,5,4,M
3143,3143,"Sangeetha Reddy",79,13,2,7,F
3144,3144,"Anil Naik",63,2,4,3,M
3145,3145,"Pooja Kumar",23,1,3,2,F
3146,3146,"Roopa Yadav",19,12,2,9,F
3147,3147,"Mahesh Desai",75,5,2,2,M
3148,3148,"Ramya Hiremath",57,19,4,7,F
3149,3149,"Suma Gowda",53,4,2,1,F
3150,3150,"Shruthi Desai",52,8,1,6,F
3151,3151,"Kiran Sharma",30,1,2,7,M
3152,3152,"Darshan Desai",45,10,4,10,M
3153,3153,"Shilpa Hiremath",65,3,2,6,F
3154,3154,"Sunil Shetty",36,10,2,9,M
3155,3155,"Pooja Bhat",25,9,4,2,F
3156,3156,"Vijay Yadav",55,12,4,10,M
3157,3157,"Roopa Gowda",42,3,3,4,F
3158,3158,"Anil Joshi",78,14,2,8,M
3159,3159,"Shilpa Reddy",48,20,1,2,F
3160,3160,"Rakesh Patil",27,10,2,9,M
3161,3161,"Abhishek Bhat",19,10,4,7,M
3162,3162,"Vijay Reddy",52,3,3,6,M
3163,3163,"Rakesh Yadav",73,19,1,2,M
3164,3164,"Suma Kulkarni",46,1,4,9,F
3165,3165,"Nithin Joshi",35,6,2,4,M
3166,3166,"Santosh Kumar",39,1,3,10,M
3167,3167,"Arun Naik",54,18,5,6,M
3168,3168,"Meghana Hiremath",39,2,3,1,F
3169,3169,"Rashmi Naik",46,13,2,5,F
3170,3170,"Ramesh Kulkarni",66,5,1,4,M
3171,3171,"Anil Kumar",49,9,3,4,M
3172,3172,"Darshan Gowda",60,12,5,8,M
3173,3173,"Divya Rao",48,17,3,1,F
3174,3174,"Divya Naik",64,10,2,5,F
3175,3175,"Prakash Naik",31,5,2,1,M
3176,3176,"Ramya Kumar",39,6,3,2,F
3177,3177,"Ramesh Yadav",59,10,2,5,M
3178,3178,"Shivakumar Hegde",62,7,3,4,M
3179,3179,"Sunil Bhat",65,12,4,3,M
3180,3180,"Swathi Rao",22,13,1,8,F
3181,3181,"Abhishek Patil",31,10,1,5,T
3182,3182,"Kavya Patil",55,12,5,9,F
3183,3183,"Nithin Rao",39,11,5,7,M
3184,3184,"Karthik Rao",46,10,3,4,M
3185,3185,"Nithin Hegde",64,6,2,2,M
3186,3186,"Manjunath Singh",57,2,2,3,M
3187,3187,"Vijay Patil",32,15,4,10,M
3188,3188,"Vinay Singh",37,14,2,10,M
3189,3189,"Sahana Joshi",34,15,2,10,F
3190,3190,"Bhagya Patil",45,17,2,3,F
3191,3191,"Puneeth Hiremath",47,14,2,3,M
3192,3192,"Sunil Bhat",29,17,5,9,M
3193,3193,"Geetha Sharma",48,19,1,9,F
3194,3194,"Sunil Yadav",40,20,4,9,M
3195,3195,"Darshan Shetty",32,19,5,4,M
3196,3196,"Swathi Hegde",41,8,5,1,F
3197,3197,"Sangeetha Sharma",59,20,1,5,F
3198,3198,"Anusha Bhat",30,10,1,9,F
3199,3199,"Rashmi Kulkarni",38,8,5,4,F
3200,3200,"Sangeetha Desai",38,4,5,5,F
3201,3201,"Mahesh Bhat",50,20,1,2,M
3202,3202,"Roopa Bhat",74,2,1,4,F
3203,3203,"Manjunath Kumar",19,17,4,5,M
3204,3204,"Santosh Kumar",47,15,1,9,M
3205,3205,"Anil Yadav",73,13,2,4,M
3206,3206,"Darshan Rao",52,15,1,2,M
3207,3207,"Darshan Sharma",61,1,3,2,M
3208,3208,"Prakash Naik",37,19,3,7,M
3209,3209,"Shruthi Yadav",77,12,5,8,F
3210,3210,"Sangeetha Bhat",21,15,5,10,F
3211,3211,"Karthik Rao",59,9,2,1,M
3212,3212,"Shilpa Kulkarni",59,6,1,1,F
3213,3213,"Rekha Hegde",34,4,4,10,T
3214,3214,"Roopa Joshi",77,14,5,6,F
3215,3215,"Santosh Hiremath",34,3,1,5,T
3216,3216,"Meghana Kumar",78,19,3,7,F
3217,3217,"Prakash Shetty",42,18,3,1,T
3218,3218,"Prakash Gowda",53,3,2,8,M
3219,3219,"Ramesh Yadav",58,14,3,3,M
3220,3220,"Asha Reddy",67,10,5,8,F
3221,3221,"Ramesh Singh",35,9,5,2,M
3222,3222,"Anil Patil",55,18,1,5,M
3223,3223,"Puneeth Yadav",50,7,1,10,M
3224,3224,"Meghana Kulkarni",25,18,2,9,F
3225,3225,"Manjunath Rao",51,20,5,8,M
3226,3226,"Rekha Reddy",32,12,1,4,F
3227,3227,"Abhishek Kumar",18,13,1,4,M
3228,3228,"Swathi Singh",64,7,1,5,F
3229,3229,"Darshan Singh",79,6,3,5,M
3230,3230,"Anusha Hiremath",77,15,5,2,F
3231,3231,"Ramya Patil",50,8,3,9,F
3232,3232,"Rashmi Desai",72,3,1,7,F
3233,3233,"Sudeep Yadav",49,19,1,9,M
3234,3234,"Rekha Shetty",64,1,3,7,F
3235,3235,"Pradeep Patil",40,1,5,3,M
3236,3236,"Suma Rao",30,11,2,8,F
3237,3237,"Santosh Kulkarni",31,12,2,9,M
3238,3238,"Darshan Bhat",37,16,2,8,M
3239,3239,"Santosh Shetty",47,7,2,7,M
3240,3240,"Swathi Desai",34,11,2,1,F
3241,3241,"Sudeep Gowda",44,18,4,1,M
3242,3242,"Nithin Kumar",32,14,3,9,M
3243,3243,"Shruthi Bhat",73,1,1,8,F
3244,3244,"Ramesh Singh",48,11,2,5,M
3245,3245,"Manjunath Reddy",64,14,1,6,M
3246,3246,"Santosh Kulkarni",46,10,1,9,M
3247,3247,"Shruthi Shetty",65,2,1,7,F
3248,3248,"Geetha Shetty",22,10,5,1,F
3249,3249,"Rekha Naik",43,8,2,8,F
3250,3250,"Manjunath Joshi",54,13,5,6,M
3251,3251,"Prakash Reddy",57,9,4,7,M
3252,3252,"Shilpa Gowda",23,16,1,9,T
3253,3253,"Asha Yadav",25,4,1,3,F
3254,3254,"Pooja Sharma",71,13,3,3,F
3255,3255,"Anil Gowda",42,19,3,5,M
3256,3256,"Darshan Bhat",63,7,3,3,M
3257,3257,"Shilpa Hegde",40,7,5,4,F
3258,3258,"Ramesh Rao",69,16,5,7,M
3259,3259,"Swathi Patil",48,2,1,5,F
3260,3260,"Sudeep Bhat",36,4,1,1,M
3261,3261,"Vinay Sharma",34,6,5,8,M
3262,3262,"Shruthi Shetty",49,1,3,9,F
3263,3263,"Nithin Kumar",40,1,3,3,M
3264,3264,"Bhagya Bhat",53,16,4,3,F
3265,3265,"Manjunath Kumar",49,8,2,9,M
3266,3266,"Sahana Yadav",20,10,3,7,F
3267,3267,"Mahesh Hegde",43,12,4,8,M
3268,3268,"Kiran Rao",31,6,5,5,M
3269,3269,"Geetha Shetty",54,13,4,8,F
3270,3270,"Karthik Patil",28,8,3,9,T
3271,3271,"Rekha Joshi",61,3,3,4,F
3272,3272,"Sunil Patil",44,16,4,8,M
3273,3273,"Basavaraj Patil",47,12,4,1,M
3274,3274,"Pooja Hiremath",30,19,1,2,F
3275,3275,"Sahana Bhat",71,16,3,7,T
3276,3276,"Roopa Sharma",68,16,1,2,F
3277,3277,"Asha Hiremath",50,16,4,6,F
3278,3278,"Suresh Yadav",53,9,2,7,M
3279,3279,"Sudeep Rao",63,12,1,3,M
3280,3280,"Anusha Desai",31,10,3,8,F
3281,3281,"Ramya Gowda",56,6,4,8,F
3282,3282,"Sunil Singh",42,3,1,10,M
3283,3283,"Sahana Naik",45,12,2,5,F
3284,3284,"Pradeep Gowda",48,19,5,4,M
3285,3285,"Ramesh Joshi",64,10,3,2,M
3286,3286,"Sudeep Sharma",59,19,2,4,M
3287,3287,"Ramesh Hiremath",38,18,3,3,M
3288,3288,"Sudeep Singh",80,10,2,6,M
3289,3289,"Sunil Gowda",53,13,1,6,M
3290,3290,"Darshan Patil",41,9,2,10,M
3291,3291,"Anil Rao",40,12,2,9,M
3292,3292,"Anusha Desai",76,3,2,2,F
3293,3293,"Ramesh Kumar",27,13,5,9,M
3294,3294,"Sangeetha Naik",59,1,1,10,F
3295,3295,"Pradeep Hiremath",29,1,3,8,M
3296,3296,"Nithin Shetty",72,8,1,4,M
3297,3297,"Bhagya Rao",50,7,2,9,F
3298,3298,"Sunil Shetty",31,4,2,1,M
3299,3299,"Suma Gowda",45,17,5,1,F
3300,3300,"Kiran Hiremath",53,17,4,6,M
3301,3301,"Santosh Sharma",45,7,1,6,M
3302,3302,"Swathi Sharma",58,14,1,1,F
3303,3303,"Meghana Singh",76,5,5,1,F
3304,3304,"Darshan Joshi",60,17,5,1,M
3305,3305,"Basavaraj Yadav",61,8,5,10,M
3306,3306,"Vijay Kumar",80,5,5,1,M
3307,3307,"Ramesh Kulkarni",74,7,4,10,M
3308,3308,"Puneeth Hiremath",35,4,4,7,M
3309,3309,"Roopa Patil",47,12,1,1,F
3310,3310,"Kavya Singh",28,18,1,10,F
3311,3311,"Sudeep Patil",53,20,5,10,M
3312,3312,"Shivakumar Desai",44,7,4,4,M
3313,3313,"Sangeetha Yadav",66,8,1,2,F
3314,3314,"Bhagya Patil",42,9,1,7,F
3315,3315,"Rashmi Kulkarni",48,2,4,10,F
3316,3316,"Manjunath Hiremath",31,11,5,8,M
3317,3317,"Santosh Rao",34,19,1,6,M
3318,3318,"Rakesh Kumar",39,10,2,6,M
3319,3319,"Divya Singh",21,19,5,7,F
3320,3320,"Darshan Naik",66,13,2,9,M
3321,3321,"Sangeetha Joshi",59,9,1,2,F
3322,3322,"Anusha Hegde",61,19,2,1,F
3323,3323,"Vijay Hiremath",72,16,1,6,M
3324,3324,"Kavya Gowda",21,20,4,3,F
3325,3325,"Shruthi Reddy",73,20,4,2,F
3326,3326,"Vinay Shetty",37,9,5,1,M
3327,3327,"Shilpa Rao",57,4,2,7,F
3328,3328,"Shivakumar Naik",30,16,1,7,M
3329,3329,"Roopa Gowda",27,4,1,2,F
3330,3330,"Kiran Yadav",79,18,3,1,M
3331,3331,"Sahana Bhat",36,7,4,8,F
3332,3332,"Pooja Patil",39,4,4,2,F
3333,3333,"Nithin Hegde",27,1,4,3,M
3334,3334,"Meghana Gowda",35,7,5,10,F
3335,3335,"Ramya Singh",33,7,2,10,F
3336,3336,"Pooja Kulkarni",41,11,3,1,F
3337,3337,"Nithin Rao",46,18,3,4,M
3338,3338,"Sunil Kumar",28,14,5,10,M
3339,3339,"Mahesh Kumar",29,13,3,7,M
3340,3340,"Sudeep Hiremath",49,12,1,7,M
3341,3341,"Bhagya Naik",34,7,4,1,F
3342,3342,"Suresh Joshi",72,16,4,9,M
3343,3343,"Karthik Rao",50,10,4,10,M
3344,3344,"Prakash Joshi",47,4,2,2,M
3345,3345,"Shilpa Gowda",63,14,2,8,F
3346,3346,"Bhagya Desai",18,3,4,7,F
3347,3347,"Shilpa Naik",30,10,1,10,F
3348,3348,"Vijay Kulkarni",37,5,3,1,M
3349,3349,"Swathi Naik",53,4,3,2,F
3350,3350,"Meghana Hiremath",38,17,1,2,F
3351,3351,"Nithin Joshi",48,13,2,1,M
3352,3352,"Basavaraj Kulkarni",66,1,1,4,M
3353,3353,"Rekha Naik",38,16,1,2,F
3354,3354,"Darshan Reddy",47,16,4,4,M
3355,3355,"Vinay Joshi",47,5,1,5,M
3356,3356,"Roopa Hiremath",25,9,2,7,F
3357,3357,"Anil Hiremath",56,6,5,9,M
3358,3358,"Bhagya Naik",32,10,1,3,F
3359,3359,"Karthik Sharma",39,20,3,4,M
3360,3360,"Mahesh Joshi",78,4,2,4,M
3361,3361,"Anusha Shetty",79,2,4,10,F
3362,3362,"Rakesh Gowda",30,8,1,9,M
3363,3363,"Anusha Yadav",31,2,2,8,F
3364,3364,"Shilpa Joshi",46,17,1,4,F
3365,3365,"Rakesh Desai",32,4,5,1,M
3366,3366,"Roopa Bhat",44,9,5,7,F
3367,3367,"Suresh Reddy",42,5,2,1,M
3368,3368,"Ramya Joshi",68,2,4,4,F
3369,3369,"Pooja Patil",44,16,3,6,F
3370,3370,"Santosh Rao",46,5,4,1,M
3371,3371,"Kiran Hiremath",58,5,2,9,M
3372,3372,"Bhagya Sharma",75,10,5,6,F
3373,3373,"Shilpa Bhat",57,4,3,8,F
3374,3374,"Arun Bhat",59,16,5,3,M
3375,3375,"Ramesh Rao",63,10,3,4,M
3376,3376,"Karthik Hiremath",39,18,3,6,M
3377,3377,"Nithin Shetty",24,14,4,1,M
3378,3378,"Darshan Shetty",52,12,4,7,M
3379,3379,"Prakash Reddy",36,14,2,3,M
3380,3380,"Sudeep Yadav",54,20,3,3,M
3381,3381,"Suresh Patil",62,19,4,10,M
3382,3382,"Darshan Bhat",45,8,2,1,M
3383,3383,"Pradeep Shetty",36,6,2,2,M
3384,3384,"Abhishek Yadav",43,15,4,10,M
3385,3385,"Arun Reddy",56,20,5,8,M
3386,3386,"Kiran Hiremath",23,1,3,2,M
3387,3387,"Vijay Rao",55,16,1,1,M
3388,3388,"Abhishek Yadav",40,12,2,9,M
3389,3389,"Mahesh Rao",61,11,3,8,M
3390,3390,"Sahana Joshi",47,4,3,5,F
3391,3391,"Rekha Desai",32,8,2,6,F
3392,3392,"Prakash Kumar",38,3,5,10,M
3393,3393,"Sangeetha Joshi",65,5,3,9,F
3394,3394,"Prakash Shetty",80,13,3,3,M
3395,3395,"Abhishek Rao",49,6,3,5,M
3396,3396,"Geetha Desai",55,15,3,1,F
3397,3397,"Geetha Bhat",31,12,4,5,F
3398,3398,"Abhishek Kumar",51,14,3,6,M
3399,3399,"Shivakumar Kulkarni",27,19,3,7,M
3400,3400,"Prakash Bhat",55,4,5,5,M
3401,3401,"Sudeep Yadav",44,17,5,9,M
3402,3402,"Vijay Kumar",44,3,1,7,M
3403,3403,"Manjunath Sharma",50,19,4,2,M
3404,3404,"Ramesh Hegde",27,2,5,9,M
3405,3405,"Suresh Singh",67,18,2,9,M
3406,3406,"Santosh Reddy",29,1,1,10,T
3407,3407,"Bhagya Kulkarni",65,2,5,4,F
3408,3408,"Suresh Bhat",43,11,5,10,M
3409,3409,"Shruthi Reddy",34,9,1,7,F
3410,3410,"Rashmi Joshi",71,11,3,10,F
3411,3411,"Darshan Yadav",54,4,2,7,M
3412,3412,"Manjunath Hiremath",45,8,2,10,M
3413,3413,"Basavaraj Desai",60,19,3,2,M
3414,3414,"Santosh Desai",75,6,1,4,M
3415,3415,"Abhishek Hiremath",23,4,4,4,M
3416,3416,"Anusha Bhat",39,14,1,2,F
3417,3417,"Shilpa Gowda",39,4,3,2,F
3418,3418,"Kavya Yadav",32,4,2,4,F
3419,3419,"Ramesh Bhat",77,14,1,4,M
3420,3420,"Basavaraj Rao",49,2,5,2,M
3421,3421,"Asha Rao",66,1,5,8,F
3422,3422,"Shivakumar Shetty",57,15,2,2,M
3423,3423,"Divya Sharma",49,3,2,5,F
3424,3424,"Shivakumar Sharma",70,3,5,9,M
3425,3425,"Arun Naik",48,16,5,1,M
3426,3426,"Santosh Reddy",39,17,2,4,M
3427,3427,"Darshan Singh",48,16,1,3,M
3428,3428,"Suma Hegde",51,2,5,5,F
3429,3429,"Prakash Shetty",39,3,1,8,M
3430,3430,"Karthik Naik",55,18,5,3,M
3431,3431,"Abhishek Patil",60,13,4,3,M
3432,3432,"Suma Hiremath",29,15,4,6,F
3433,3433,"Basavaraj Patil",35,12,1,7,M
3434,3434,"Asha Kumar",53,4,4,6,F
3435,3435,"Santosh Bhat",75,11,1,8,M
3436,3436,"Prakash Sharma",36,7,2,1,M
3437,3437,"Basavaraj Desai",36,5,1,5,M
3438,3438,"Manjunath Sharma",41,7,1,1,M
3439,3439,"Vijay Yadav",35,20,2,10,M
3440,3440,"Anil Joshi",21,13,5,5,M
3441,3441,"Bhagya Yadav",45,12,4,7,F
3442,3442,"Prakash Kumar",38,18,3,6,M
3443,3443,"Bhagya Naik",29,7,2,2,F
3444,3444,"Geetha Bhat",51,3,4,3,F
3445,3445,"Sunil Shetty",33,19,4,4,M
3446,3446,"Anil Patil",36,20,3,5,M
3447,3447,"Roopa Sharma",33,3,5,7,F
3448,3448,"Vinay Kumar",68,4,4,4,M
3449,3449,"Manjunath Patil",61,14,1,3,M
3450,3450,"Anil Joshi",47,8,5,9,M
3451,3451,"Santosh Shetty",75,15,3,6,M
3452,3452,"Mahesh Desai",67,8,1,4,M
3453,3453,"Rakesh Sharma",67,20,1,3,M
3454,3454,"Suma Sharma",25,5,3,3,F
3455,3455,"Manjunath Singh",78,1,3,10,M
3456,3456,"Shivakumar Singh",41,10,5,1,M
3457,3457,"Sunil Hiremath",28,3,2,10,M
3458,3458,"Santosh Kumar",21,17,2,1,T
3459,3459,"Santosh Singh",55,10,4,5,M
3460,3460,"Suresh Kulkarni",68,4,4,2,M
3461,3461,"Rekha Kumar",30,17,3,4,F
3462,3462,"Darshan Singh",47,5,2,4,M
3463,3463,"Sangeetha Hiremath",69,17,5,8,F
3464,3464,"Santosh Rao",30,13,4,3,M
3465,3465,"Shruthi Kumar",31,6,3,10,F
3466,3466,"Puneeth Rao",53,17,4,3,M
3467,3467,"Shilpa Kulkarni",55,12,1,3,F
3468,3468,"Ramesh Naik",55,16,1,8,M
3469,3469,"Nithin Gowda",51,19,3,3,M
3470,3470,"Pradeep Rao",67,15,4,2,M
3471,3471,"Meghana Rao",56,19,5,3,F
3472,3472,"Puneeth Hegde",43,7,4,9,M
3473,3473,"Sangeetha Sharma",40,4,1,8,F
3474,3474,"Puneeth Sharma",33,16,1,8,M
3475,3475,"Suma Singh",66,11,4,8,F
3476,3476,"Karthik Hiremath",72,17,2,3,M
3477,3477,"Darshan Singh",44,13,4,4,M
3478,3478,"Pooja Joshi",41,19,1,7,F
3479,3479,"Kiran Kumar",68,9,5,9,M
3480,3480,"Sudeep Gowda",42,1,5,8,M
3481,3481,"Rashmi Kulkarni",30,17,1,1,F
3482,3482,"Sudeep Bhat",69,20,3,5,M
3483,3483,"Prakash Hiremath",60,4,1,6,M
3484,3484,"Kavya Sharma",47,20,3,4,F
3485,3485,"Darshan Singh",32,2,5,4,M
3486,3486,"Roopa Bhat",46,14,1,10,F
3487,3487,"Abhishek Hiremath",62,14,2,2,M
3488,3488,"Vinay Gowda",70,16,2,6,M
3489,3489,"Roopa Singh",43,2,1,9,F
3490,3490,"Asha Yadav",58,15,2,3,F
3491,3491,"Santosh Kumar",26,18,5,10,M
3492,3492,"Nithin Gowda",53,1,1,7,M
3493,3493,"Sunil Hiremath",39,12,4,3,M
3494,3494,"Vinay Gowda",43,9,2,1,M
3495,3495,"Pooja Kulkarni",49,2,1,1,F
3496,3496,"Sudeep Desai",54,16,1,2,M
3497,3497,"Meghana Bhat",50,2,4,2,F
3498,3498,"Kavya Joshi",27,9,5,8,F
3499,3499,"Shilpa Singh",77,12,1,6,F
3500,3500,"Kavya Hegde",46,15,5,5,F
3501,3501,"Karthik Sharma",39,18,1,2,M
3502,3502,"Ramesh Hiremath",76,15,5,8,M
3503,3503,"Vijay Yadav",33,14,4,8,M
3504,3504,"Darshan Patil",25,10,3,10,M
3505,3505,"Santosh Hiremath",49,16,4,4,M
3506,3506,"Meghana Hiremath",22,6,2,4,F
3507,3507,"Rekha Gowda",33,16,2,7,F
3508,3508,"Manjunath Shetty",52,19,5,6,M
3509,3509,"Sangeetha Reddy",31,5,2,8,F
3510,3510,"Suma Singh",75,14,3,9,F
3511,3511,"Anusha Hegde",49,15,2,7,F
3512,3512,"Darshan Desai",75,5,2,3,M
3513,3513,"Rashmi Patil",45,10,4,5,F
3514,3514,"Asha Singh",66,11,1,10,F
3515,3515,"Mahesh Hegde",22,19,1,6,M
3516,3516,"Kavya Gowda",51,4,5,7,F
3517,3517,"Meghana Reddy",53,17,2,6,F
3518,3518,"Anusha Sharma",31,14,3,4,F
3519,3519,"Mahesh Shetty",26,5,1,3,M
3520,3520,"Arun Joshi",50,5,5,3,M
3521,3521,"Pradeep Joshi",51,13,5,4,M
3522,3522,"Ramya Kumar",29,20,1,4,F
3523,3523,"Prakash Desai",25,16,2,2,M
3524,3524,"Suma Rao",27,9,2,1,F
3525,3525,"Suma Gowda",18,12,3,5,F
3526,3526,"Shivakumar Patil",34,2,5,1,M
3527,3527,"Prakash Reddy",32,10,4,4,M
3528,3528,"Sahana Joshi",33,11,4,4,F
3529,3529,"Puneeth Hiremath",43,3,4,2,M
3530,3530,"Shruthi Hiremath",18,19,3,7,F
3531,3531,"Bhagya Kumar",48,17,3,2,F
3532,3532,"Manjunath Naik",66,20,3,7,M
3533,3533,"Shivakumar Shetty",50,12,5,1,M
3534,3534,"Vinay Yadav",18,6,2,6,M
3535,3535,"Pradeep Rao",37,20,5,10,M
3536,3536,"Suresh Patil",56,20,2,1,M
3537,3537,"Ramesh Rao",40,15,4,4,M
3538,3538,"Ramya Bhat",63,1,2,10,F
3539,3539,"Meghana Hiremath",60,2,1,2,F
3540,3540,"Anusha Gowda",77,1,1,8,F
3541,3541,"Puneeth Singh",78,12,3,2,M
3542,3542,"Sangeetha Rao",51,18,4,1,F
3543,3543,"Shivakumar Patil",47,13,4,7,M
3544,3544,"Basavaraj Reddy",25,8,1,2,M
3545,3545,"Basavaraj Rao",41,11,5,8,M
3546,3546,"Vinay Reddy",36,14,3,2,M
3547,3547,"Rakesh Gowda",36,19,1,1,M
3548,3548,"Pradeep Hiremath",31,10,1,6,M
3549,3549,"Ramya Bhat",26,14,3,6,F
3550,3550,"Kiran Sharma",20,2,5,4,M
3551,3551,"Meghana Hegde",39,4,2,5,F
3552,3552,"Manjunath Sharma",46,5,5,10,M
3553,3553,"Shivakumar Shetty",58,19,4,9,M
3554,3554,"Manjunath Naik",66,8,3,8,M
3555,3555,"Ramesh Rao",20,4,1,1,M
3556,3556,"Karthik Naik",78,17,2,6,M
3557,3557,"Bhagya Singh",74,16,4,1,F
3558,3558,"Sudeep Kulkarni",28,6,2,2,M
3559,3559,"Manjunath Reddy",62,9,1,9,M
3560,3560,"Pradeep Joshi",47,3,3,6,M
3561,3561,"Meghana Patil",26,14,1,10,F
3562,3562,"Arun Yadav",34,4,3,5,M
3563,3563,"Shilpa Reddy",25,12,2,1,F
3564,3564,"Sunil Hiremath",64,2,4,8,M
3565,3565,"Anil Bhat",65,11,5,8,M
3566,3566,"Mahesh Patil",27,15,3,1,M
3567,3567,"Santosh Yadav",36,16,5,5,M
3568,3568,"Sunil Desai",50,8,2,8,M
3569,3569,"Rashmi Joshi",49,12,3,3,F
3570,3570,"Suresh Patil",67,17,3,6,M
3571,3571,"Pooja Reddy",58,13,4,2,F
3572,3572,"Manjunath Yadav",29,8,4,1,M
3573,3573,"Ramya Hegde",24,2,1,4,F
3574,3574,"Shilpa Joshi",68,17,2,3,F
3575,3575,"Meghana Reddy",57,12,5,6,F
3576,3576,"Anil Reddy",55,12,3,1,M
3577,3577,"Pooja Naik",20,18,5,4,F
3578,3578,"Ramesh Rao",47,8,5,2,M
3579,3579,"Divya Hiremath",72,6,5,1,F
3580,3580,"Shilpa Rao",26,16,3,7,F
3581,3581,"Rashmi Singh",69,15,1,2,F
3582,3582,"Mahesh Hiremath",46,16,3,3,M
3583,3583,"Roopa Hegde",25,6,2,10,F
3584,3584,"Darshan Patil",45,3,1,4,M
3585,3585,"Santosh Patil",32,8,5,5,M
3586,3586,"Geetha Hiremath",35,6,2,9,F
3587,3587,"Shivakumar Joshi",39,3,4,3,M
3588,3588,"Puneeth Desai",56,12,1,3,M
3589,3589,"Suma Rao",51,9,4,7,F
3590,3590,"Sunil Desai",24,13,3,8,M
3591,3591,"Arun Naik",24,19,4,10,M
3592,3592,"Kiran Naik",40,15,2,3,M
3593,3593,"Meghana Hegde",77,10,4,6,F
3594,3594,"Mahesh Bhat",72,16,3,2,M
3595,3595,"Santosh Yadav",80,3,3,8,M
3596,3596,"Asha Kulkarni",66,4,4,5,F
3597,3597,"Kiran Hiremath",36,12,3,10,M
3598,3598,"Prakash Rao",60,17,2,3,M
3599,3599,"Arun Yadav",47,16,1,4,M
3600,3600,"Vinay Gowda",34,6,4,1,M
3601,3601,"Meghana Patil",45,1,1,4,F
3602,3602,"Rakesh Rao",37,2,3,4,M
3603,3603,"Vinay Bhat",73,6,5,2,M
3604,3604,"Vijay Singh",18,8,4,4,M
3605,3605,"Geetha Kumar",72,9,3,5,F
3606,3606,"Shruthi Naik",37,9,3,1,T
3607,3607,"Kavya Singh",23,15,4,2,F
3608,3608,"Rekha Reddy",60,17,5,8,F
3609,3609,"Prakash Sharma",27,9,5,1,M
3610,3610,"Divya Rao",79,1,2,1,F
3611,3611,"Karthik Joshi",64,17,1,10,M
3612,3612,"Karthik Reddy",60,8,2,2,M
3613,3613,"Pradeep Hiremath",27,19,2,10,M
3614,3614,"Shivakumar Singh",69,3,3,3,M
3615,3615,"Prakash Bhat",41,18,3,3,M
3616,3616,"Ramesh Hegde",48,6,4,1,M
3617,3617,"Vinay Hiremath",49,20,2,8,M
3618,3618,"Karthik Singh",22,11,5,4,M
3619,3619,"Mahesh Sharma",41,18,4,4,M
3620,3620,"Kiran Shetty",35,1,4,1,M
3621,3621,"Meghana Desai",54,11,3,6,F
3622,3622,"Suma Bhat",38,18,2,10,F
3623,3623,"Kiran Shetty",64,4,1,8,M
3624,3624,"Sangeetha Singh",52,2,5,5,F
3625,3625,"Swathi Yadav",30,20,3,6,F
3626,3626,"Arun Kumar",34,2,2,6,M
3627,3627,"Vijay Sharma",72,6,1,8,M
3628,3628,"Suresh Reddy",51,2,2,7,M
3629,3629,"Asha Singh",75,15,3,10,F
3630,3630,"Prakash Rao",68,4,5,2,M
3631,3631,"Vinay Singh",55,11,2,3,M
3632,3632,"Vinay Desai",76,4,5,2,M
3633,3633,"Meghana Rao",51,11,5,10,F
3634,3634,"Geetha Kulkarni",45,8,5,7,F
3635,3635,"Shruthi Singh",54,14,4,7,F
3636,3636,"Darshan Rao",44,11,4,2,M
3637,3637,"Anil Hiremath",76,20,1,7,M
3638,3638,"Basavaraj Hiremath",69,18,3,4,M
3639,3639,"Arun Reddy",34,5,5,1,M
3640,3640,"Shruthi Naik",67,10,3,5,F
3641,3641,"Roopa Rao",55,5,5,6,F
3642,3642,"Vijay Gowda",55,18,5,1,M
3643,3643,"Rashmi Rao",28,12,5,9,F
3644,3644,"Meghana Yadav",40,12,2,10,F
3645,3645,"Nithin Kumar",43,14,2,2,M
3646,3646,"Roopa Hiremath",48,2,1,5,F
3647,3647,"Asha Reddy",31,20,3,4,F
3648,3648,"Kavya Yadav",26,17,5,3,F
3649,3649,"Roopa Patil",26,3,4,10,F
3650,3650,"Kiran Hiremath",69,13,2,8,M
3651,3651,"Prakash Bhat",37,6,5,3,M
3652,3652,"Shilpa Shetty",45,8,5,10,F
3653,3653,"Geetha Shetty",58,6,1,6,F
3654,3654,"Sunil Bhat",60,11,2,8,M
3655,3655,"Anusha Sharma",30,5,5,9,F
3656,3656,"Arun Reddy",37,7,4,6,M
3657,3657,"Sudeep Hiremath",55,16,1,9,M
3658,3658,"Swathi Yadav",24,8,5,7,F
3659,3659,"Geetha Singh",29,17,1,10,F
3660,3660,"Sunil Bhat",39,6,3,5,M
3661,3661,"Mahesh Kulkarni",58,5,1,5,M
3662,3662,"Abhishek Reddy",58,13,3,3,M
3663,3663,"Rakesh Reddy",49,12,2,6,M
3664,3664,"Sunil Reddy",53,3,4,3,M
3665,3665,"Meghana Yadav",58,14,3,4,F
3666,3666,"Rekha Kulkarni",23,20,2,2,F
3667,3667,"Sangeetha Kulkarni",49,8,5,5,F
3668,3668,"Prakash Singh",38,13,4,10,M
3669,3669,"Meghana Sharma",24,16,2,7,F
3670,3670,"Prakash Bhat",43,20,2,5,M
3671,3671,"Nithin Joshi",25,3,2,8,M
3672,3672,"Vinay Hegde",55,3,2,2,M
3673,3673,"Anil Patil",52,11,2,9,M
3674,3674,"Santosh Shetty",34,7,2,1,M
3675,3675,"Nithin Kumar",56,15,4,9,M
3676,3676,"Shruthi Patil",18,12,1,2,F
3677,3677,"Prakash Bhat",51,14,2,10,M
3678,3678,"Pradeep Rao",22,7,1,2,M
3679,3679,"Nithin Desai",68,9,1,6,M
3680,3680,"Shivakumar Hegde",21,10,2,8,M
3681,3681,"Suma Desai",77,17,5,6,F
3682,3682,"Pradeep Reddy",48,17,4,7,M
3683,3683,"Shivakumar Shetty",29,9,4,3,M
3684,3684,"Sudeep Sharma",43,5,3,3,M
3685,3685,"Darshan Joshi",70,8,1,8,M
3686,3686,"Vinay Singh",44,1,2,7,M
3687,3687,"Arun Singh",52,12,3,7,M
3688,3688,"Kavya Hegde",68,18,4,4,F
3689,3689,"Divya Bhat",57,16,5,4,T
3690,3690,"Mahesh Naik",31,9,1,5,M
3691,3691,"Kavya Reddy",38,7,3,6,F
3692,3692,"Swathi Joshi",56,18,4,6,F
3693,3693,"Mahesh Sharma",41,7,1,3,M
3694,3694,"Sudeep Hiremath",20,12,5,5,M
3695,3695,"Divya Singh",46,8,2,9,F
3696,3696,"Swathi Reddy",32,18,4,5,F
3697,3697,"Vijay Kumar",37,5,3,2,M
3698,3698,"Shilpa Reddy",19,19,1,10,F
3699,3699,"Darshan Singh",35,17,3,8,M
3700,3700,"Meghana Gowda",32,11,1,6,F
3701,3701,"Asha Shetty",80,20,4,10,F
3702,3702,"Suma Gowda",33,11,3,9,F
3703,3703,"Shilpa Kulkarni",29,19,4,10,F
3704,3704,"Karthik Rao",64,17,1,6,M
3705,3705,"Bhagya Joshi",31,7,5,9,F
3706,3706,"Geetha Joshi",35,2,2,3,F
3707,3707,"Vinay Bhat",65,12,4,2,M
3708,3708,"Suma Reddy",45,4,5,6,F
3709,3709,"Rakesh Singh",37,1,5,8,M
3710,3710,"Suresh Sharma",46,16,3,8,M
3711,3711,"Shilpa Gowda",68,6,5,10,F
3712,3712,"Basavaraj Bhat",75,17,1,9,M
3713,3713,"Manjunath Patil",48,2,2,8,M
3714,3714,"Darshan Rao",20,10,2,10,M
3715,3715,"Abhishek Joshi",46,1,4,8,M
3716,3716,"Pooja Rao",52,11,4,10,F
3717,3717,"Puneeth Naik",49,3,3,9,M
3718,3718,"Kiran Reddy",68,11,3,8,M
3719,3719,"Roopa Gowda",34,4,2,9,F
3720,3720,"Roopa Shetty",59,11,2,7,F
3721,3721,"Ramesh Rao",56,1,5,2,M
3722,3722,"Manjunath Kulkarni",77,12,4,7,M
3723,3723,"Roopa Patil",48,5,3,5,T
3724,3724,"Karthik Patil",32,4,2,6,M
3725,3725,"Shivakumar Gowda",32,1,2,8,M
3726,3726,"Darshan Joshi",40,8,1,9,M
3727,3727,"Rekha Desai",53,12,1,3,F
3728,3728,"Sunil Joshi",54,1,4,5,M
3729,3729,"Anil Sharma",43,10,4,9,M
3730,3730,"Nithin Naik",64,16,5,10,M
3731,3731,"Sahana Hegde",25,9,2,10,F
3732,3732,"Suresh Yadav",44,12,3,5,M
3733,3733,"Puneeth Naik",35,15,4,10,M
3734,3734,"Geetha Kulkarni",37,19,2,2,F
3735,3735,"Geetha Sharma",60,17,5,1,F
3736,3736,"Shilpa Yadav",74,2,3,10,T
3737,3737,"Prakash Kumar",19,7,2,4,M
3738,3738,"Pradeep Desai",55,20,1,2,M
3739,3739,"Meghana Yadav",22,19,1,7,F
3740,3740,"Suresh Joshi",60,19,4,3,M
3741,3741,"Suresh Bhat",51,11,1,5,M
3742,3742,"Nithin Joshi",80,3,4,8,M
3743,3743,"Sahana Hegde",80,11,2,1,F
3744,3744,"Vijay Singh",39,10,4,3,M
3745,3745,"Roopa Desai",18,11,2,3,F
3746,3746,"Shivakumar Joshi",77,15,2,1,M
3747,3747,"Arun Patil",45,19,4,2,M
3748,3748,"Anil Gowda",40,7,5,5,M
3749,3749,"Shivakumar Kumar",46,7,3,5,M
3750,3750,"Basavaraj Singh",70,13,1,5,M
3751,3751,"Sudeep Singh",30,6,1,7,M
3752,3752,"Abhishek Patil",43,3,4,2,M
3753,3753,"Suresh Joshi",57,7,1,8,M
3754,3754,"Swathi Singh",38,6,5,10,F
3755,3755,"Rakesh Sharma",22,17,3,6,M
3756,3756,"Rashmi Sharma",32,13,4,7,F
3757,3757,"Arun Sharma",32,20,2,7,M
3758,3758,"Ramya Kulkarni",73,19,2,9,F
3759,3759,"Ramesh Bhat",57,8,5,4,T
3760,3760,"Asha Patil",42,15,4,6,T
3761,3761,"Pradeep Shetty",61,9,5,2,M
3762,3762,"Shivakumar Patil",57,18,4,2,M
3763,3763,"Swathi Gowda",39,13,1,2,F
3764,3764,"Rekha Joshi",49,10,2,6,F
3765,3765,"Mahesh Desai",73,18,1,4,M
3766,3766,"Roopa Desai",58,10,2,1,F
3767,3767,"Rakesh Hegde",58,14,4,7,M
3768,3768,"Shivakumar Joshi",52,1,5,8,M
3769,3769,"Sudeep Hegde",35,16,5,1,M
3770,3770,"Darshan Gowda",69,4,5,8,M
3771,3771,"Sahana Sharma",69,2,3,3,F
3772,3772,"Puneeth Shetty",24,6,4,7,M
3773,3773,"Pradeep Reddy",60,18,5,4,M
3774,3774,"Suresh Shetty",56,17,3,2,M
3775,3775,"Anil Kumar",67,19,4,2,M
3776,3776,"Kiran Gowda",39,10,4,8,M
3777,3777,"Vinay Rao",44,9,4,5,M
3778,3778,"Prakash Singh",18,2,5,6,M
3779,3779,"Bhagya Desai",64,2,5,5,F
3780,3780,"Nithin Kulkarni",58,11,5,10,M
3781,3781,"Sudeep Kumar",31,16,2,3,M
3782,3782,"Vijay Singh",34,10,5,4,M
3783,3783,"Basavaraj Joshi",32,15,2,3,M
3784,3784,"Mahesh Naik",35,8,2,7,M
3785,3785,"Shilpa Naik",46,10,5,6,F
3786,3786,"Ramya Reddy",73,20,2,2,F
3787,3787,"Santosh Rao",60,19,2,10,M
3788,3788,"Puneeth Joshi",77,13,2,7,M
3789,3789,"Vinay Singh",69,20,3,5,M
3790,3790,"Rakesh Rao",45,12,2,3,M
3791,3791,"Bhagya Singh",51,4,2,8,F
3792,3792,"Suresh Kulkarni",55,15,5,4,M
3793,3793,"Meghana Gowda",32,3,2,8,F
3794,3794,"Sahana Gowda",32,4,3,6,F
3795,3795,"Santosh Sharma",73,9,2,2,M
3796,3796,"Asha Kulkarni",61,20,2,3,F
3797,3797,"Sunil Reddy",26,10,4,9,M
3798,3798,"Rashmi Gowda",28,7,2,3,F
3799,3799,"Sunil Patil",47,1,4,7,M
3800,3800,"Swathi Bhat",28,13,4,3,F
3801,3801,"Arun Singh",40,5,5,8,M
3802,3802,"Santosh Yadav",47,2,5,3,M
3803,3803,"Sahana Reddy",20,2,4,4,F
3804,3804,"Roopa Singh",40,3,1,4,F
3805,3805,"Darshan Hegde",56,11,5,3,M
3806,3806,"Santosh Hegde",58,3,2,5,M
3807,3807,"Puneeth Kulkarni",49,4,3,9,M
3808,3808,"Abhishek Joshi",24,7,5,8,M
3809,3809,"Santosh Naik",59,7,3,4,M
3810,3810,"Manjunath Gowda",38,3,2,10,M
3811,3811,"Basavaraj Sharma",54,7,5,1,M
3812,3812,"Sahana Desai",32,2,3,1,F
3813,3813,"Santosh Yadav",56,4,3,7,M
3814,3814,"Nithin Rao",63,10,1,2,M
3815,3815,"Rekha Joshi",31,11,5,2,F
3816,3816,"Basavaraj Rao",77,2,4,10,M
3817,3817,"Santosh Gowda",69,9,2,9,M
3818,3818,"Rakesh Rao",43,8,4,2,M
3819,3819,"Meghana Yadav",36,12,1,8,F
3820,3820,"Sudeep Gowda",46,15,3,8,M
3821,3821,"Kavya Hiremath",56,2,4,1,F
3822,3822,"Vinay Kulkarni",44,8,2,4,M
3823,3823,"Swathi Patil",42,18,1,4,F
3824,3824,"Geetha Yadav",60,6,3,6,F
3825,3825,"Prakash Desai",42,14,4,1,M
3826,3826,"Puneeth Sharma",77,6,2,1,M
3827,3827,"Sangeetha Bhat",56,10,3,3,F
3828,3828,"Pradeep Reddy",80,4,3,6,M
3829,3829,"Mahesh Hiremath",25,3,3,10,M
3830,3830,"Anil Rao",43,5,3,8,M
3831,3831,"Darshan Joshi",36,13,5,4,M
3832,3832,"Puneeth Shetty",31,6,5,10,M
3833,3833,"Kiran Reddy",52,5,3,5,M
3834,3834,"Puneeth Yadav",59,9,4,8,M
3835,3835,"Shivakumar Naik",77,8,3,3,M
3836,3836,"Manjunath Rao",60,5,3,9,M
3837,3837,"Nithin Patil",34,3,4,6,M
3838,3838,"Sahana Desai",36,17,5,5,F
3839,3839,"Shruthi Patil",44,12,2,2,F
3840,3840,"Divya Reddy",46,11,4,7,F
3841,3841,"Puneeth Sharma",48,6,3,4,M
3842,3842,"Rekha Desai",59,20,5,7,F
3843,3843,"Rekha Bhat",44,11,5,3,F
3844,3844,"Rakesh Bhat",31,13,1,8,M
3845,3845,"Santosh Rao",31,16,3,3,M
3846,3846,"Asha Hiremath",30,17,2,10,F
3847,3847,"Sangeetha Patil",21,11,3,1,F
3848,3848,"Sudeep Kulkarni",36,10,4,8,M
3849,3849,"Arun Sharma",54,20,4,2,M
3850,3850,"Darshan Patil",76,6,5,10,M
3851,3851,"Shivakumar Rao",47,19,5,9,M
3852,3852,"Abhishek Sharma",53,8,1,2,M
3853,3853,"Vinay Gowda",53,7,4,2,M
3854,3854,"Shruthi Rao",58,9,1,7,F
3855,3855,"Arun Joshi",29,15,3,4,M
3856,3856,"Sudeep Kulkarni",55,2,4,3,M
3857,3857,"Anusha Hegde",37,16,3,9,F
3858,3858,"Puneeth Sharma",49,3,1,9,M
3859,3859,"Sahana Sharma",65,16,4,5,F
3860,3860,"Swathi Desai",79,13,3,2,F
3861,3861,"Roopa Yadav",70,20,4,8,F
3862,3862,"Pooja Hegde",36,7,4,4,F
3863,3863,"Suresh Naik",40,5,5,3,M
3864,3864,"Shruthi Singh",53,4,1,1,F
3865,3865,"Pradeep Yadav",35,18,2,4,M
3866,3866,"Rekha Joshi",30,7,3,2,F
3867,3867,"Divya Reddy",41,16,4,3,F
3868,3868,"Ramesh Patil",32,3,5,2,M
3869,3869,"Shilpa Gowda",51,10,3,9,F
3870,3870,"Santosh Naik",53,8,1,2,M
3871,3871,"Asha Kulkarni",22,8,1,7,F
3872,3872,"Rekha Hiremath",44,6,4,10,F
3873,3873,"Kiran Singh",54,8,1,10,M
3874,3874,"Divya Kumar",66,17,1,6,F
3875,3875,"Prakash Patil",48,9,3,6,M
3876,3876,"Vijay Kulkarni",58,17,4,9,M
3877,3877,"Nithin Rao",41,11,2,9,M
3878,3878,"Shivakumar Reddy",29,20,2,2,M
3879,3879,"Darshan Sharma",72,19,4,1,M
3880,3880,"Divya Desai",48,20,1,6,F
3881,3881,"Shivakumar Naik",71,3,1,8,M
3882,3882,"Prakash Hiremath",75,2,4,6,M
3883,3883,"Sahana Sharma",45,5,4,6,F
3884,3884,"Puneeth Patil",36,10,3,9,M
3885,3885,"Vinay Kulkarni",29,1,4,7,M
3886,3886,"Sahana Patil",65,12,3,3,F
3887,3887,"Santosh Desai",41,20,1,4,M
3888,3888,"Sangeetha Joshi",42,9,5,6,F
3889,3889,"Vijay Kumar",45,16,1,10,M
3890,3890,"Arun Naik",37,15,2,7,M
3891,3891,"Anil Hiremath",72,19,1,9,M
3892,3892,"Ramya Naik",52,17,1,9,F
3893,3893,"Pradeep Hiremath",39,5,2,10,M
3894,3894,"Shivakumar Reddy",66,16,3,5,M
3895,3895,"Pradeep Hegde",71,17,3,4,M
3896,3896,"Vinay Kumar",46,13,3,1,M
3897,3897,"Sunil Desai",69,9,2,2,M
3898,3898,"Abhishek Shetty",61,17,3,3,M
3899,3899,"Pooja Naik",44,5,5,10,F
3900,3900,"Puneeth Singh",50,12,4,4,M
3901,3901,"Darshan Kulkarni",20,13,3,10,M
3902,3902,"Vijay Shetty",36,3,1,1,T
3903,3903,"Sahana Yadav",78,9,2,6,F
3904,3904,"Nithin Joshi",55,15,5,6,M
3905,3905,"Sahana Kulkarni",47,8,4,9,F
3906,3906,"Pooja Sharma",52,17,1,1,F
3907,3907,"Basavaraj Gowda",25,5,5,1,M
3908,3908,"Meghana Patil",51,3,5,1,F
3909,3909,"Prakash Hiremath",34,6,2,5,M
3910,3910,"Prakash Reddy",54,14,3,2,M
3911,3911,"Shivakumar Hiremath",38,13,5,2,M
3912,3912,"Swathi Desai",61,10,3,10,F
3913,3913,"Pooja Kumar",38,5,5,7,F
3914,3914,"Rekha Naik",49,16,1,5,F
3915,3915,"Sunil Hiremath",34,14,1,1,M
3916,3916,"Swathi Sharma",60,14,1,7,F
3917,3917,"Pooja Singh",25,13,1,4,F
3918,3918,"Sangeetha Hiremath",59,15,3,1,F
3919,3919,"Shivakumar Yadav",37,2,5,6,M
3920,3920,"Arun Gowda",21,12,4,2,T
3921,3921,"Rakesh Reddy",62,11,3,9,M
3922,3922,"Kiran Hegde",24,11,1,8,M
3923,3923,"Shivakumar Yadav",24,16,1,10,M
3924,3924,"Vijay Singh",29,7,3,2,M
3925,3925,"Sunil Kulkarni",18,2,3,5,M
3926,3926,"Shruthi Bhat",46,1,2,5,F
3927,3927,"Pradeep Sharma",54,16,2,2,M
3928,3928,"Sunil Hegde",19,5,2,4,M
3929,3929,"Mahesh Singh",46,19,2,3,M
3930,3930,"Mahesh Joshi",41,15,5,6,M
3931,3931,"Rekha Kumar",38,14,2,7,F
3932,3932,"Sangeetha Singh",46,6,2,1,F
3933,3933,"Rekha Patil",45,2,2,3,F
3934,3934,"Rashmi Bhat",22,16,2,7,F
3935,3935,"Vinay Joshi",71,20,5,8,M
3936,3936,"Sunil Joshi",25,13,3,9,M
3937,3937,"Anusha Hiremath",71,9,3,10,F
3938,3938,"Shilpa Rao",47,20,3,2,F
3939,3939,"Darshan Kumar",68,10,3,7,M
3940,3940,"Sahana Reddy",70,17,3,8,F
3941,3941,"Vijay Kulkarni",48,14,2,8,M
3942,3942,"Sunil Shetty",59,2,3,6,M
3943,3943,"Anil Hegde",32,12,5,5,M
3944,3944,"Rekha Bhat",66,3,2,2,F
3945,3945,"Prakash Hiremath",34,1,2,4,M
3946,3946,"Arun Reddy",52,4,3,1,M
3947,3947,"Swathi Rao",68,19,1,1,F
3948,3948,"Santosh Sharma",48,10,3,2,M
3949,3949,"Shruthi Kumar",36,7,5,6,F
3950,3950,"Pradeep Singh",46,9,2,5,M
3951,3951,"Bhagya Rao",31,1,1,8,F
3952,3952,"Karthik Bhat",53,14,5,7,M
3953,3953,"Rakesh Gowda",79,8,4,6,M
3954,3954,"Suma Kulkarni",29,17,1,8,F
3955,3955,"Kavya Joshi",77,11,4,10,F
3956,3956,"Rashmi Patil",22,5,3,2,F
3957,3957,"Sunil Yadav",52,14,4,8,M
3958,3958,"Swathi Gowda",58,18,5,2,F
3959,3959,"Swathi Patil",38,5,3,7,F
3960,3960,"Kavya Hiremath",31,19,4,10,F
3961,3961,"Kiran Hegde",18,3,4,4,M
3962,3962,"Kavya Kulkarni",21,7,1,1,F
3963,3963,"Kavya Shetty",30,6,1,8,F
3964,3964,"Nithin Bhat",57,16,3,4,M
3965,3965,"Nithin Gowda",24,5,1,5,M
3966,3966,"Puneeth Desai",35,8,1,3,M
3967,3967,"Suresh Rao",46,20,2,1,M
3968,3968,"Suma Yadav",59,8,2,1,F
3969,3969,"Suma Kumar",42,11,1,7,F
3970,3970,"Rashmi Hegde",57,9,2,9,F
3971,3971,"Shruthi Gowda",50,11,3,8,F
3972,3972,"Shivakumar Gowda",57,18,2,1,M
3973,3973,"Sunil Rao",31,18,2,7,M
3974,3974,"Bhagya Singh",63,15,5,1,F
3975,3975,"Shivakumar Joshi",55,4,2,7,M
3976,3976,"Shivakumar Joshi",36,1,1,2,M
3977,3977,"Suresh Desai",52,14,4,9,M
3978,3978,"Sunil Sharma",50,13,1,4,M
3979,3979,"Sudeep Joshi",45,10,3,5,M
3980,3980,"Swathi Joshi",27,11,3,1,F
3981,3981,"Swathi Singh",49,19,3,2,F
3982,3982,"Sudeep Hiremath",78,10,5,10,M
3983,3983,"Suresh Desai",63,4,4,3,M
3984,3984,"Rakesh Reddy",37,5,1,3,M
3985,3985,"Rashmi Gowda",42,3,2,9,F
3986,3986,"Abhishek Desai",40,13,3,2,M
3987,3987,"Bhagya Hegde",76,7,5,8,F
3988,3988,"Shivakumar Gowda",39,3,1,9,M
3989,3989,"Prakash Hiremath",49,6,5,8,M
3990,3990,"Santosh Singh",42,13,4,3,M
3991,3991,"Sahana Gowda",35,17,2,6,F
3992,3992,"Asha Shetty",74,2,2,1,F
3993,3993,"Abhishek Patil",73,4,1,2,M
3994,3994,"Anusha Singh",76,20,5,8,F
3995,3995,"Anusha Kulkarni",71,17,5,5,F
3996,3996,"Darshan Bhat",79,18,1,10,M
3997,3997,"Basavaraj Naik",37,5,1,5,M
3998,3998,"Kavya Naik",59,5,3,5,F
3999,3999,"Anil Reddy",60,4,1,3,M
4000,4000,"Prakash Singh",52,16,2,4,M
4001,4001,"Manjunath Hegde",65,4,3,4,M
4002,4002,"Nithin Hiremath",61,11,5,10,M
4003,4003,"Sahana Sharma",35,3,1,2,F
4004,4004,"Ramya Rao",24,19,1,2,F
4005,4005,"Bhagya Hiremath",29,15,4,4,F
4006,4006,"Pradeep Desai",58,16,4,1,M
4007,4007,"Abhishek Singh",28,10,4,6,M
4008,4008,"Rekha Desai",45,15,5,9,F
4009,4009,"Manjunath Rao",54,8,4,3,M
4010,4010,"Shruthi Patil",25,20,1,9,F
4011,4011,"Sudeep Yadav",35,8,3,2,M
4012,4012,"Swathi Kulkarni",32,10,4,9,F
4013,4013,"Suresh Hegde",55,17,5,7,M
4014,4014,"Kiran Gowda",65,7,1,5,M
4015,4015,"Puneeth Gowda",23,14,5,4,M
4016,4016,"Anusha Shetty",80,19,4,2,F
4017,4017,"Nithin Singh",20,5,4,4,M
4018,4018,"Swathi Hiremath",43,12,1,9,F
4019,4019,"Shilpa Kumar",30,20,1,10,F
4020,4020,"Suma Patil",44,16,1,8,F
4021,4021,"Sunil Reddy",61,9,4,7,M
4022,4022,"Shilpa Singh",22,7,3,7,F
4023,4023,"Rekha Kumar",58,10,1,7,F
4024,4024,"Pradeep Hiremath",33,18,2,5,M
4025,4025,"Sudeep Sharma",51,3,4,6,M
4026,4026,"Arun Singh",18,16,2,7,M
4027,4027,"Kavya Joshi",58,17,3,2,F
4028,4028,"Abhishek Sharma",49,14,4,6,M
4029,4029,"Sangeetha Naik",21,17,4,2,F
4030,4030,"Pooja Desai",31,13,5,1,F
4031,4031,"Suresh Desai",19,5,4,4,M
4032,4032,"Shilpa Joshi",44,18,3,10,F
4033,4033,"Vijay Gowda",67,19,3,9,M
4034,4034,"Roopa Desai",72,5,5,5,F
4035,4035,"Basavaraj Shetty",59,16,4,7,M
4036,4036,"Pooja Bhat",50,10,3,4,F
4037,4037,"Roopa Kulkarni",51,9,3,10,F
4038,4038,"Vijay Gowda",40,10,3,3,M
4039,4039,"Nithin Patil",46,16,2,8,M
4040,4040,"Abhishek Bhat",68,16,4,6,M
4041,4041,"Abhishek Desai",41,19,1,3,M
4042,4042,"Meghana Reddy",78,10,2,2,F
4043,4043,"Geetha Reddy",59,20,3,9,F
4044,4044,"Puneeth Yadav",23,13,4,10,M
4045,4045,"Rekha Kulkarni",39,11,2,7,F
4046,4046,"Roopa Naik",53,7,2,10,F
4047,4047,"Sangeetha Yadav",62,16,4,4,F
4048,4048,"Divya Gowda",44,19,1,6,F
4049,4049,"Asha Hiremath",26,17,4,8,F
4050,4050,"Rashmi Kumar",35,16,5,8,F
4051,4051,"Vijay Bhat",57,13,3,9,M
4052,4052,"Sunil Singh",65,2,4,2,M
4053,4053,"Santosh Naik",77,4,3,9,M
4054,4054,"Vijay Reddy",36,4,2,1,M
4055,4055,"Kavya Bhat",59,4,2,10,F
4056,4056,"Puneeth Desai",65,16,3,6,M
4057,4057,"Anil Shetty",23,9,5,4,M
4058,4058,"Karthik Reddy",27,9,4,3,M
4059,4059,"Roopa Bhat",43,12,3,10,F
4060,4060,"Karthik Kumar",44,18,1,5,M
4061,4061,"Sunil Hegde",36,1,3,9,M
4062,4062,"Karthik Hegde",48,3,4,3,M
4063,4063,"Sunil Naik",24,10,4,7,M
4064,4064,"Divya Patil",39,8,4,6,F
4065,4065,"Divya Shetty",42,16,3,5,F
4066,4066,"Sudeep Yadav",55,6,2,9,M
4067,4067,"Anil Patil",38,9,5,2,M
4068,4068,"Geetha Kulkarni",62,17,4,6,F
4069,4069,"Geetha Hegde",36,11,1,7,F
4070,4070,"Kiran Sharma",47,15,3,3,M
4071,4071,"Vinay Singh",41,14,4,9,M
4072,4072,"Kavya Singh",27,10,2,9,F
4073,4073,"Sudeep Joshi",66,13,5,3,M
4074,4074,"Swathi Gowda",55,6,1,6,F
4075,4075,"Darshan Sharma",60,20,1,3,M
4076,4076,"Shruthi Naik",45,13,2,3,F
4077,4077,"Rakesh Kulkarni",67,20,4,9,M
4078,4078,"Ramesh Sharma",43,19,4,6,M
4079,4079,"Rekha Gowda",77,8,2,2,F
4080,4080,"Divya Naik",41,7,3,6,F
4081,4081,"Basavaraj Shetty",49,2,3,9,M
4082,4082,"Sunil Desai",20,7,1,2,M
4083,4083,"Suresh Kumar",44,2,3,10,M
4084,4084,"Nithin Bhat",20,5,3,10,M
4085,4085,"Basavaraj Sharma",55,11,5,2,M
4086,4086,"Suresh Kumar",52,4,3,4,M
4087,4087,"Darshan Rao",44,7,1,6,M
4088,4088,"Santosh Rao",50,3,4,1,M
4089,4089,"Arun Joshi",70,20,5,6,M
4090,4090,"Manjunath Bhat",47,9,4,1,M
4091,4091,"Mahesh Kulkarni",34,3,2,1,M
4092,4092,"Sangeetha Sharma",46,15,2,7,F
4093,4093,"Suresh Naik",43,8,4,4,M
4094,4094,"Vinay Desai",26,3,1,6,M
4095,4095,"Manjunath Singh",42,20,3,3,M
4096,4096,"Swathi Singh",42,17,4,4,F
4097,4097,"Karthik Kulkarni",38,1,2,8,M
4098,4098,"Anusha Bhat",46,6,2,2,F
4099,4099,"Darshan Patil",33,6,4,8,M
4100,4100,"Arun Gowda",65,11,4,3,M
4101,4101,"Vijay Yadav",30,3,2,7,M
4102,4102,"Basavaraj Reddy",50,13,3,8,M
4103,4103,"Darshan Reddy",49,16,3,3,M
4104,4104,"Pooja Yadav",35,9,2,5,F
4105,4105,"Sunil Naik",50,5,1,4,M
4106,4106,"Rashmi Singh",29,17,5,10,F
4107,4107,"Mahesh Shetty",68,1,4,4,M
4108,4108,"Prakash Kumar",44,20,4,10,M
4109,4109,"Ramesh Bhat",60,3,3,1,M
4110,4110,"Shilpa Patil",67,6,4,2,F
4111,4111,"Shilpa Sharma",80,20,5,9,F
4112,4112,"Anusha Reddy",71,9,4,1,F
4113,4113,"Geetha Singh",70,11,2,2,F
4114,4114,"Manjunath Patil",30,18,4,8,M
4115,4115,"Mahesh Bhat",49,11,3,4,M
4116,4116,"Suma Shetty",56,13,1,4,F
4117,4117,"Shilpa Rao",74,12,4,5,F
4118,4118,"Basavaraj Kumar",67,8,2,1,M
4119,4119,"Santosh Kulkarni",24,15,3,9,M
4120,4120,"Sudeep Bhat",27,5,2,3,M
4121,4121,"Kavya Rao",24,17,5,10,F
4122,4122,"Pradeep Sharma",69,8,2,5,M
4123,4123,"Kiran Bhat",43,5,1,7,M
4124,4124,"Pradeep Gowda",65,4,5,1,M
4125,4125,"Nithin Kumar",63,8,5,7,M
4126,4126,"Sudeep Reddy",63,15,5,9,M
4127,4127,"Santosh Kumar",50,14,4,1,M
4128,4128,"Bhagya Desai",35,10,3,10,F
4129,4129,"Vinay Gowda",77,7,1,3,M
4130,4130,"Abhishek Yadav",43,9,1,1,M
4131,4131,"Anil Shetty",47,10,4,5,M
4132,4132,"Anil Gowda",79,1,5,6,M
4133,4133,"Divya Kulkarni",44,9,4,6,F
4134,4134,"Puneeth Gowda",56,5,3,8,T
4135,4135,"Arun Shetty",45,13,2,9,M
4136,4136,"Anil Kulkarni",66,4,3,7,M
4137,4137,"Darshan Hegde",55,17,4,6,M
4138,4138,"Nithin Kumar",59,4,5,2,M
4139,4139,"Puneeth Gowda",61,7,5,8,M
4140,4140,"Suma Naik",72,1,5,1,F
4141,4141,"Prakash Patil",53,19,2,9,M
4142,4142,"Kavya Yadav",52,5,2,10,F
4143,4143,"Shruthi Gowda",50,3,3,5,F
4144,4144,"Karthik Kumar",67,10,5,10,M
4145,4145,"Ramya Kulkarni",41,17,5,3,F
4146,4146,"Puneeth Yadav",38,11,2,8,M
4147,4147,"Basavaraj Hiremath",60,10,3,8,M
4148,4148,"Anil Bhat",61,3,4,2,M
4149,4149,"Manjunath Kumar",63,2,3,5,M
4150,4150,"Darshan Gowda",65,16,1,8,M
4151,4151,"Santosh Naik",69,18,4,10,M
4152,4152,"Abhishek Kulkarni",21,20,5,4,M
4153,4153,"Swathi Naik",24,10,2,10,F
4154,4154,"Suresh Joshi",60,17,4,7,M
4155,4155,"Darshan Yadav",55,16,3,10,M
4156,4156,"Nithin Kulkarni",72,1,3,6,M
4157,4157,"Anil Naik",54,14,2,9,M
4158,4158,"Arun Shetty",33,9,3,1,M
4159,4159,"Prakash Kumar",51,15,1,2,M
4160,4160,"Sahana Yadav",23,9,5,5,F
4161,4161,"Mahesh Rao",48,3,4,5,M
4162,4162,"Kiran Hegde",73,8,3,5,M
4163,4163,"Sangeetha Gowda",50,7,1,2,F
4164,4164,"Kavya Shetty",29,20,1,3,F
4165,4165,"Suma Bhat",58,17,1,2,F
4166,4166,"Nithin Rao",36,17,1,1,M
4167,4167,"Darshan Rao",41,17,2,2,M
4168,4168,"Karthik Yadav",40,16,2,4,M
4169,4169,"Basavaraj Joshi",20,10,3,9,M
4170,4170,"Vijay Bhat",47,2,3,8,M
4171,4171,"Suresh Patil",43,7,3,6,M
4172,4172,"Suresh Gowda",72,14,4,2,M
4173,4173,"Darshan Bhat",68,8,3,7,M
4174,4174,"Vinay Shetty",45,2,2,6,M
4175,4175,"Suma Yadav",39,1,3,6,F
4176,4176,"Karthik Gowda",70,11,3,6,M
4177,4177,"Geetha Naik",66,14,1,1,F
4178,4178,"Sangeetha Yadav",45,16,1,6,F
4179,4179,"Sudeep Desai",19,15,2,6,M
4180,4180,"Bhagya Bhat",30,5,4,9,F
4181,4181,"Mahesh Singh",71,14,1,2,M
4182,4182,"Rekha Gowda",40,10,3,6,F
4183,4183,"Kiran Hiremath",37,15,1,10,M
4184,4184,"Darshan Singh",54,7,2,2,M
4185,4185,"Sangeetha Sharma",41,10,4,8,F
4186,4186,"Anusha Desai",24,18,4,6,F
4187,4187,"Puneeth Sharma",58,12,2,10,M
4188,4188,"Vijay Singh",58,7,3,2,M
4189,4189,"Puneeth Gowda",35,12,5,5,M
4190,4190,"Abhishek Hegde",70,14,2,8,M
4191,4191,"Shilpa Patil",59,16,5,9,F
4192,4192,"Mahesh Patil",23,15,4,4,M
4193,4193,"Bhagya Reddy",71,15,3,1,F
4194,4194,"Shivakumar Joshi",56,3,5,3,M
4195,4195,"Prakash Yadav",53,5,1,4,M
4196,4196,"Pooja Hiremath",31,3,2,2,F
4197,4197,"Sunil Naik",48,20,3,5,M
4198,4198,"Prakash Gowda",38,20,2,9,M
4199,4199,"Pradeep Reddy",49,3,3,9,M
4200,4200,"Prakash Kulkarni",38,17,4,9,M
4201,4201,"Puneeth Hiremath",55,6,5,8,M
4202,4202,"Shilpa Kulkarni",23,4,1,9,F
4203,4203,"Bhagya Joshi",21,18,4,2,F
4204,4204,"Mahesh Joshi",56,7,4,8,M
4205,4205,"Pradeep Joshi",76,15,4,10,M
4206,4206,"Sunil Bhat",30,4,3,2,M
4207,4207,"Suma Rao",77,9,2,10,F
4208,4208,"Vinay Naik",76,20,4,9,M
4209,4209,"Karthik Singh",76,16,1,10,M
4210,4210,"Vinay Joshi",74,11,4,1,M
4211,4211,"Nithin Hiremath",31,19,1,7,M
4212,4212,"Nithin Joshi",53,15,3,3,M
4213,4213,"Pooja Bhat",19,18,1,9,F
4214,4214,"Asha Patil",44,14,3,1,F
4215,4215,"Kavya Shetty",64,14,2,5,F
4216,4216,"Vijay Desai",46,14,3,7,M
4217,4217,"Swathi Joshi",31,9,5,9,F
4218,4218,"Anil Gowda",54,7,4,3,M
4219,4219,"Sudeep Kulkarni",23,18,1,6,M
4220,4220,"Vijay Hegde",31,20,4,9,M
4221,4221,"Mahesh Kumar",59,6,3,8,M
4222,4222,"Anusha Gowda",39,5,1,4,F
4223,4223,"Anil Patil",55,3,2,6,M
4224,4224,"Suresh Shetty",51,10,1,2,M
4225,4225,"Pradeep Shetty",33,17,5,2,M
4226,4226,"Karthik Reddy",52,3,1,5,M
4227,4227,"Shivakumar Sharma",61,12,4,10,M
4228,4228,"Sunil Naik",43,5,2,10,M
4229,4229,"Anil Gowda",46,15,4,2,M
4230,4230,"Suresh Bhat",47,19,3,5,M
4231,4231,"Mahesh Gowda",74,18,3,8,M
4232,4232,"Asha Desai",38,1,1,9,F
4233,4233,"Santosh Kulkarni",43,3,3,9,M
4234,4234,"Darshan Sharma",76,1,5,4,M
4235,4235,"Puneeth Desai",38,14,3,6,M
4236,4236,"Meghana Gowda",74,12,2,6,F
4237,4237,"Suresh Kulkarni",57,17,2,2,M
4238,4238,"Ramesh Sharma",42,9,2,6,M
4239,4239,"Arun Reddy",48,15,4,1,M
4240,4240,"Darshan Kulkarni",45,17,4,5,M
4241,4241,"Abhishek Naik",71,3,2,8,M
4242,4242,"Pradeep Patil",69,9,5,8,M
4243,4243,"Puneeth Reddy",41,6,5,10,M
4244,4244,"Sahana Reddy",53,10,4,2,F
4245,4245,"Mahesh Naik",47,17,1,9,M
4246,4246,"Prakash Joshi",47,1,2,3,M
4247,4247,"Kiran Gowda",30,16,1,1,M
4248,4248,"Prakash Hiremath",38,14,3,8,M
4249,4249,"Shruthi Sharma",21,15,3,4,F
4250,4250,"Prakash Sharma",79,1,4,6,M
4251,4251,"Nithin Hiremath",22,14,4,3,M
4252,4252,"Vijay Yadav",34,15,3,9,M
4253,4253,"Nithin Reddy",61,18,1,2,M
4254,4254,"Vijay Desai",38,19,1,2,M
4255,4255,"Santosh Shetty",45,4,1,1,M
4256,4256,"Rakesh Kumar",20,9,1,5,M
4257,4257,"Anil Naik",28,18,4,5,M
4258,4258,"Meghana Bhat",58,8,4,10,F
4259,4259,"Sahana Kumar",48,3,2,3,F
4260,4260,"Shivakumar Gowda",24,8,1,3,M
4261,4261,"Suresh Desai",53,6,2,2,M
4262,4262,"Kiran Naik",23,12,5,8,M
4263,4263,"Swathi Rao",44,8,5,9,F
4264,4264,"Kiran Kumar",31,18,5,8,M
4265,4265,"Bhagya Gowda",71,6,4,6,F
4266,4266,"Geetha Joshi",22,15,1,2,F
4267,4267,"Santosh Sharma",73,12,1,10,M
4268,4268,"Sunil Desai",40,7,3,4,M
4269,4269,"Kiran Sharma",70,7,1,5,M
4270,4270,"Mahesh Desai",56,20,3,4,M
4271,4271,"Prakash Kumar",39,17,3,1,M
4272,4272,"Divya Bhat",38,5,5,1,F
4273,4273,"Basavaraj Kulkarni",28,1,2,5,M
4274,4274,"Anusha Singh",44,3,5,5,F
4275,4275,"Shivakumar Yadav",77,18,3,8,M
4276,4276,"Basavaraj Rao",42,20,2,2,M
4277,4277,"Geetha Joshi",59,7,3,9,F
4278,4278,"Vijay Kulkarni",30,18,1,10,M
4279,4279,"Arun Singh",40,8,4,3,M
4280,4280,"Ramesh Rao",59,4,5,2,M
4281,4281,"Abhishek Rao",43,2,4,5,M
4282,4282,"Darshan Gowda",25,15,3,9,M
4283,4283,"Sunil Kumar",50,11,1,10,M
4284,4284,"Vinay Gowda",49,20,4,1,M
4285,4285,"Pooja Patil",46,1,4,8,F
4286,4286,"Arun Kumar",26,13,4,8,M
4287,4287,"Abhishek Patil",35,8,2,5,M
4288,4288,"Shivakumar Kumar",56,6,5,6,M
4289,4289,"Vijay Joshi",55,3,3,6,M
4290,4290,"Rashmi Kumar",49,20,1,7,F
4291,4291,"Shivakumar Yadav",47,20,4,2,M
4292,4292,"Sudeep Rao",27,12,5,9,M
4293,4293,"Manjunath Desai",39,16,2,6,M
4294,4294,"Bhagya Gowda",69,19,2,3,F
4295,4295,"Karthik Reddy",46,7,5,10,M
4296,4296,"Puneeth Joshi",38,20,5,1,M
4297,4297,"Sunil Singh",76,20,3,9,M
4298,4298,"Shruthi Hiremath",37,10,3,9,F
4299,4299,"Shivakumar Desai",40,6,3,5,T
4300,4300,"Meghana Patil",32,9,5,3,F
4301,4301,"Manjunath Joshi",54,3,3,1,M
4302,4302,"Sahana Patil",38,8,1,2,F
4303,4303,"Kavya Gowda",69,19,5,8,F
4304,4304,"Nithin Naik",34,17,4,8,M
4305,4305,"Sudeep Hiremath",24,18,2,4,M
4306,4306,"Abhishek Kulkarni",71,18,2,4,M
4307,4307,"Pooja Joshi",19,10,2,1,F
4308,4308,"Ramya Patil",78,8,3,1,F
4309,4309,"Geetha Desai",67,20,2,10,F
4310,4310,"Prakash Naik",46,2,4,2,M
4311,4311,"Suresh Hegde",54,12,2,7,M
4312,4312,"Abhishek Joshi",33,13,4,3,M
4313,4313,"Anusha Rao",63,9,5,2,F
4314,4314,"Anusha Patil",65,20,2,8,F
4315,4315,"Anil Sharma",30,19,1,4,M
4316,4316,"Darshan Hiremath",80,6,3,10,M
4317,4317,"Shruthi Kulkarni",75,5,4,9,F
4318,4318,"Swathi Joshi",39,11,3,1,F
4319,4319,"Prakash Kulkarni",45,4,1,1,M
4320,4320,"Santosh Shetty",37,5,3,8,M
4321,4321,"Kiran Kumar",76,19,5,3,M
4322,4322,"Shivakumar Singh",56,6,3,4,M
4323,4323,"Sudeep Desai",40,16,4,7,M
4324,4324,"Meghana Kumar",41,11,3,3,F
4325,4325,"Sahana Reddy",41,7,2,6,F
4326,4326,"Prakash Desai",65,14,2,10,M
4327,4327,"Ramesh Reddy",42,15,3,9,M
4328,4328,"Swathi Naik",53,4,1,1,F
4329,4329,"Kavya Sharma",27,6,4,1,F
4330,4330,"Abhishek Shetty",63,19,2,5,M
4331,4331,"Suma Bhat",70,3,2,9,F
4332,4332,"Rakesh Kulkarni",37,20,3,7,M
4333,4333,"Vijay Bhat",74,5,2,9,M
4334,4334,"Asha Kulkarni",19,9,4,2,F
4335,4335,"Bhagya Shetty",41,15,5,7,F
4336,4336,"Puneeth Bhat",79,2,1,5,M
4337,4337,"Sangeetha Patil",55,10,4,4,F
4338,4338,"Rashmi Naik",78,14,5,6,F
4339,4339,"Anusha Joshi",67,3,5,9,F
4340,4340,"Suresh Shetty",27,19,4,10,M
4341,4341,"Rakesh Shetty",57,3,1,9,M
4342,4342,"Shivakumar Sharma",50,19,4,6,M
4343,4343,"Swathi Rao",21,20,5,6,F
4344,4344,"Prakash Joshi",62,12,5,2,M
4345,4345,"Manjunath Shetty",56,6,2,2,M
4346,4346,"Meghana Sharma",64,17,2,3,F
4347,4347,"Divya Singh",44,5,1,5,F
4348,4348,"Anil Bhat",24,11,4,8,M
4349,4349,"Puneeth Reddy",19,13,2,2,M
4350,4350,"Sudeep Kumar",58,11,1,7,M
4351,4351,"Meghana Kulkarni",59,18,5,7,F
4352,4352,"Puneeth Kulkarni",60,1,2,5,M
4353,4353,"Roopa Reddy",79,18,2,5,F
4354,4354,"Manjunath Sharma",54,4,4,6,M
4355,4355,"Sudeep Shetty",72,5,3,7,M
4356,4356,"Sudeep Joshi",54,2,3,9,M
4357,4357,"Rakesh Hegde",34,20,1,6,M
4358,4358,"Kiran Patil",25,14,1,10,M
4359,4359,"Manjunath Yadav",59,12,4,6,M
4360,4360,"Darshan Joshi",36,20,4,1,M
4361,4361,"Darshan Hiremath",45,2,5,4,M
4362,4362,"Ramya Hegde",49,2,1,4,F
4363,4363,"Rekha Yadav",38,15,4,2,F
4364,4364,"Pradeep Rao",34,10,1,5,M
4365,4365,"Karthik Singh",53,2,2,1,M
4366,4366,"Anusha Kumar",50,20,2,1,F
4367,4367,"Vinay Kumar",28,9,2,3,M
4368,4368,"Arun Singh",18,12,4,7,M
4369,4369,"Kiran Hegde",31,16,1,5,T
4370,4370,"Vinay Rao",65,1,1,9,M
4371,4371,"Prakash Sharma",40,9,4,4,M
4372,4372,"Ramesh Yadav",48,3,5,10,M
4373,4373,"Sunil Sharma",38,2,2,7,M
4374,4374,"Geetha Desai",42,6,3,5,F
4375,4375,"Pooja Patil",53,7,5,4,F
4376,4376,"Prakash Bhat",35,12,1,7,M
4377,4377,"Basavaraj Reddy",57,9,4,3,M
4378,4378,"Pooja Yadav",39,16,2,9,F
4379,4379,"Sunil Hegde",76,11,5,9,M
4380,4380,"Asha Patil",30,11,1,9,F
4381,4381,"Arun Desai",52,3,1,2,M
4382,4382,"Divya Patil",50,8,5,6,F
4383,4383,"Shruthi Bhat",26,9,4,2,F
4384,4384,"Anil Shetty",40,5,3,6,M
4385,4385,"Shruthi Hegde",41,7,3,10,F
4386,4386,"Basavaraj Desai",68,1,5,8,M
4387,4387,"Abhishek Hiremath",34,3,3,3,M
4388,4388,"Swathi Rao",38,19,5,8,F
4389,4389,"Meghana Naik",58,12,2,7,F
4390,4390,"Rakesh Reddy",25,15,3,2,M
4391,4391,"Santosh Kulkarni",44,6,5,7,M
4392,4392,"Swathi Joshi",39,1,4,2,F
4393,4393,"Bhagya Patil",49,11,2,1,F
4394,4394,"Arun Joshi",55,9,1,8,M
4395,4395,"Arun Kumar",62,12,3,8,M
4396,4396,"Sudeep Shetty",59,1,3,10,T
4397,4397,"Suma Rao",36,20,5,8,F
4398,4398,"Vijay Joshi",46,6,3,2,M
4399,4399,"Pradeep Joshi",57,9,2,9,T
4400,4400,"Sudeep Kulkarni",18,12,3,3,M
4401,4401,"Abhishek Kulkarni",37,7,5,6,M
4402,4402,"Bhagya Bhat",46,2,3,8,F
4403,4403,"Karthik Sharma",50,13,2,10,M
4404,4404,"Meghana Kulkarni",68,14,3,10,F
4405,4405,"Rekha Kulkarni",66,19,5,6,F
4406,4406,"Rakesh Gowda",70,4,1,2,M
4407,4407,"Mahesh Hiremath",37,17,5,5,M
4408,4408,"Pradeep Sharma",71,16,4,8,M
4409,4409,"Sunil Sharma",43,15,2,2,M
4410,4410,"Kavya Kumar",35,16,4,4,F
4411,4411,"Ramesh Bhat",55,20,3,6,M
4412,4412,"Kavya Gowda",39,4,5,2,F
4413,4413,"Geetha Joshi",42,9,1,9,F
4414,4414,"Shivakumar Hegde",60,19,2,1,M
4415,4415,"Basavaraj Bhat",23,19,1,9,M
4416,4416,"Nithin Desai",35,9,5,4,M
4417,4417,"Asha Rao",31,11,5,5,F
4418,4418,"Kiran Naik",55,7,3,7,M
4419,4419,"Meghana Sharma",24,1,4,5,F
4420,4420,"Basavaraj Naik",66,19,5,4,M
4421,4421,"Sangeetha Singh",36,19,3,7,F
4422,4422,"Manjunath Reddy",38,8,2,5,M
4423,4423,"Santosh Singh",74,20,3,9,M
4424,4424,"Vinay Hiremath",80,14,5,7,M
4425,4425,"Divya Naik",54,3,2,8,F
4426,4426,"Rakesh Yadav",53,8,1,8,M
4427,4427,"Sunil Desai",75,5,2,2,M
4428,4428,"Puneeth Naik",39,11,5,2,M
4429,4429,"Kiran Singh",68,2,5,7,M
4430,4430,"Arun Sharma",37,13,5,2,M
4431,4431,"Pooja Bhat",24,1,5,6,F
4432,4432,"Swathi Kulkarni",37,15,5,8,F
4433,4433,"Shivakumar Patil",35,5,3,9,M
4434,4434,"Geetha Desai",38,11,1,6,F
4435,4435,"Kiran Reddy",25,10,3,10,M
4436,4436,"Nithin Rao",22,13,1,8,M
4437,4437,"Vijay Bhat",39,9,1,7,M
4438,4438,"Anil Reddy",65,15,5,6,M
4439,4439,"Mahesh Sharma",32,14,4,8,M
4440,4440,"Arun Joshi",58,3,1,7,M
4441,4441,"Pooja Shetty",20,20,5,8,F
4442,4442,"Meghana Rao",54,20,2,8,F
4443,4443,"Santosh Kulkarni",24,15,1,3,M
4444,4444,"Mahesh Hegde",63,7,3,2,M
4445,4445,"Anusha Yadav",48,4,4,2,F
4446,4446,"Santosh Joshi",77,17,1,1,M
4447,4447,"Meghana Kulkarni",56,2,5,3,F
4448,4448,"Mahesh Naik",39,8,5,5,M
4449,4449,"Shilpa Gowda",30,14,4,4,F
4450,4450,"Anusha Reddy",25,15,2,8,F
4451,4451,"Suresh Gowda",58,4,1,4,M
4452,4452,"Vijay Singh",77,18,5,2,M
4453,4453,"Ramya Kulkarni",37,9,5,7,F
4454,4454,"Rakesh Sharma",25,14,5,10,M
4455,4455,"Sudeep Joshi",46,12,4,6,M
4456,4456,"Vinay Sharma",40,18,2,6,M
4457,4457,"Karthik Shetty",64,9,3,9,M
4458,4458,"Rashmi Gowda",38,9,5,8,F
4459,4459,"Darshan Kulkarni",33,14,1,1,M
4460,4460,"Rakesh Naik",25,16,3,10,M
4461,4461,"Santosh Patil",70,12,4,8,M
4462,4462,"Manjunath Bhat",19,3,2,9,M
4463,4463,"Swathi Kumar",45,16,5,5,F
4464,4464,"Divya Hiremath",23,7,3,3,F
4465,4465,"Mahesh Hiremath",52,13,5,8,M
4466,4466,"Sahana Hiremath",26,1,5,2,F
4467,4467,"Sahana Bhat",24,8,4,7,F
4468,4468,"Shivakumar Kumar",35,7,5,10,M
4469,4469,"Rekha Reddy",57,14,1,7,F
4470,4470,"Anil Kumar",31,3,5,2,M
4471,4471,"Basavaraj Yadav",49,9,3,8,M
4472,4472,"Pradeep Desai",30,6,4,7,M
4473,4473,"Puneeth Kumar",79,20,4,6,M
4474,4474,"Sahana Yadav",78,2,5,9,F
4475,4475,"Arun Joshi",40,11,4,7,M
4476,4476,"Sangeetha Patil",23,8,5,1,F
4477,4477,"Pradeep Sharma",65,16,3,6,M
4478,4478,"Shruthi Kulkarni",57,5,3,5,F
4479,4479,"Suma Kulkarni",60,9,2,8,F
4480,4480,"Suma Yadav",21,15,3,8,F
4481,4481,"Kavya Sharma",46,9,4,4,F
4482,4482,"Rakesh Desai",22,14,1,9,M
4483,4483,"Ramesh Yadav",60,20,4,2,M
4484,4484,"Roopa Hegde",72,3,2,4,F
4485,4485,"Mahesh Hiremath",38,5,5,2,M
4486,4486,"Santosh Reddy",45,14,3,4,M
4487,4487,"Vinay Gowda",64,4,3,1,M
4488,4488,"Ramya Naik",67,10,2,6,F
4489,4489,"Rekha Desai",48,7,1,9,F
4490,4490,"Sangeetha Desai",21,4,2,3,F
4491,4491,"Rashmi Gowda",65,19,4,6,F
4492,4492,"Vijay Reddy",35,16,4,5,M
4493,4493,"Darshan Rao",21,9,2,9,M
4494,4494,"Anusha Bhat",21,6,2,9,F
4495,4495,"Mahesh Patil",35,16,3,4,T
4496,4496,"Pradeep Sharma",53,18,2,1,M
4497,4497,"Vijay Gowda",49,18,5,7,M
4498,4498,"Pradeep Hegde",35,12,4,1,M
4499,4499,"Mahesh Shetty",39,5,3,1,M
4500,4500,"Santosh Kumar",58,12,4,8,M
4501,4501,"Shivakumar Gowda",41,14,1,2,M
4502,4502,"Kavya Shetty",28,19,1,4,F
4503,4503,"Darshan Rao",52,7,4,3,M
4504,4504,"Pradeep Kumar",37,2,1,8,M
4505,4505,"Ramesh Sharma",67,2,2,1,M
4506,4506,"Karthik Hiremath",33,3,2,4,M
4507,4507,"Asha Kumar",74,8,1,8,F
4508,4508,"Nithin Kulkarni",60,13,2,5,T
4509,4509,"Vinay Bhat",55,9,4,2,M
4510,4510,"Sangeetha Patil",19,13,1,7,F
4511,4511,"Prakash Kulkarni",53,5,2,5,M
4512,4512,"Sunil Hiremath",23,12,4,10,M
4513,4513,"Kiran Hiremath",43,15,2,2,M
4514,4514,"Santosh Sharma",34,17,1,5,M
4515,4515,"Ramesh Desai",78,12,1,7,M
4516,4516,"Arun Yadav",29,17,4,2,M
4517,4517,"Puneeth Kumar",69,15,5,1,M
4518,4518,"Abhishek Rao",42,20,3,9,M
4519,4519,"Abhishek Naik",47,8,5,10,M
4520,4520,"Prakash Naik",67,14,4,7,M
4521,4521,"Suresh Patil",37,13,3,6,M
4522,4522,"Anusha Reddy",35,3,2,10,F
4523,4523,"Ramesh Reddy",74,1,2,3,M
4524,4524,"Arun Naik",24,4,5,7,M
4525,4525,"Nithin Hegde",36,17,5,6,M
4526,4526,"Rakesh Hegde",61,15,3,2,M
4527,4527,"Divya Gowda",36,13,2,6,F
4528,4528,"Shivakumar Sharma",59,20,1,6,M
4529,4529,"Darshan Reddy",36,12,5,8,M
4530,4530,"Abhishek Yadav",63,15,3,10,M
4531,4531,"Kiran Shetty",65,16,5,6,M
4532,4532,"Shilpa Rao",80,4,4,4,F
4533,4533,"Santosh Desai",35,20,3,6,M
4534,4534,"Pradeep Reddy",73,12,5,6,M
4535,4535,"Sudeep Bhat",78,2,2,4,M
4536,4536,"Manjunath Sharma",58,2,5,6,M
4537,4537,"Anusha Joshi",23,2,2,10,F
4538,4538,"Vijay Hiremath",19,6,4,4,M
4539,4539,"Suresh Shetty",27,20,2,3,M
4540,4540,"Bhagya Bhat",37,10,3,8,F
4541,4541,"Basavaraj Yadav",38,6,2,3,M
4542,4542,"Puneeth Singh",55,3,5,2,M
4543,4543,"Asha Reddy",42,17,2,3,F
4544,4544,"Suresh Hegde",53,14,3,8,M
4545,4545,"Ramya Patil",22,16,2,7,F
4546,4546,"Basavaraj Naik",30,18,1,6,M
4547,4547,"Meghana Hegde",77,6,3,1,F
4548,4548,"Suma Patil",75,9,4,4,F
4549,4549,"Suma Kulkarni",35,15,5,1,F
4550,4550,"Sahana Joshi",24,5,2,10,F
4551,4551,"Santosh Kumar",45,2,1,3,M
4552,4552,"Ramesh Hiremath",57,20,1,1,M
4553,4553,"Bhagya Singh",54,2,1,7,F
4554,4554,"Rakesh Yadav",29,18,3,7,M
4555,4555,"Sangeetha Rao",37,5,3,6,F
4556,4556,"Prakash Hiremath",70,9,1,10,M
4557,4557,"Rakesh Singh",28,6,5,8,M
4558,4558,"Abhishek Bhat",42,1,5,6,M
4559,4559,"Meghana Joshi",80,5,3,10,F
4560,4560,"Manjunath Sharma",43,20,4,9,M
4561,4561,"Darshan Kulkarni",45,11,5,7,M
4562,4562,"Mahesh Singh",78,18,5,3,M
4563,4563,"Basavaraj Desai",47,5,1,4,M
4564,4564,"Suresh Naik",78,5,3,6,M
4565,4565,"Prakash Gowda",69,18,1,5,M
4566,4566,"Kiran Reddy",72,12,4,4,M
4567,4567,"Nithin Patil",59,18,5,4,M
4568,4568,"Sudeep Joshi",50,7,3,3,M
4569,4569,"Basavaraj Gowda",57,3,4,3,M
4570,4570,"Anusha Joshi",64,16,3,4,F
4571,4571,"Karthik Rao",64,19,3,10,M
4572,4572,"Kavya Kulkarni",40,9,5,3,F
4573,4573,"Suresh Sharma",43,5,2,8,M
4574,4574,"Arun Reddy",40,11,1,2,M
4575,4575,"Karthik Patil",45,2,3,4,M
4576,4576,"Ramesh Hiremath",45,12,3,7,M
4577,4577,"Shivakumar Yadav",34,8,2,6,M
4578,4578,"Bhagya Yadav",42,4,2,2,F
4579,4579,"Vinay Kulkarni",31,14,5,2,M
4580,4580,"Shivakumar Yadav",62,5,1,9,M
4581,4581,"Vinay Hiremath",67,4,2,3,M
4582,4582,"Suma Patil",56,7,3,9,F
4583,4583,"Suma Hegde",73,2,3,4,F
4584,4584,"Geetha Gowda",42,15,5,7,F
4585,4585,"Anusha Bhat",66,16,5,10,F
4586,4586,"Ramya Desai",18,7,5,5,F
4587,4587,"Shivakumar Yadav",33,12,2,7,T
4588,4588,"Basavaraj Joshi",31,15,1,1,M
4589,4589,"Rakesh Sharma",62,14,5,10,M
4590,4590,"Sudeep Naik",38,2,1,4,M
4591,4591,"Santosh Reddy",45,1,1,4,M
4592,4592,"Manjunath Hegde",43,19,1,4,M
4593,4593,"Arun Kulkarni",21,8,1,8,M
4594,4594,"Roopa Hegde",54,4,4,5,F
4595,4595,"Puneeth Gowda",28,20,1,9,M
4596,4596,"Arun Bhat",58,16,2,4,M
4597,4597,"Anil Yadav",31,6,2,5,M
4598,4598,"Santosh Kulkarni",53,5,1,2,M
4599,4599,"Prakash Bhat",46,4,1,9,M
4600,4600,"Vijay Reddy",40,7,2,9,M
4601,4601,"Sunil Singh",30,6,4,10,M
4602,4602,"Kiran Rao",32,5,3,10,M
4603,4603,"Vinay Singh",53,2,4,9,M
4604,4604,"Shruthi Naik",56,3,5,9,F
4605,4605,"Sudeep Singh",68,1,3,1,M
4606,4606,"Asha Kumar",22,20,5,6,F
4607,4607,"Rekha Joshi",46,7,3,10,F
4608,4608,"Divya Kumar",44,9,2,3,F
4609,4609,"Sudeep Naik",52,5,5,10,M
4610,4610,"Geetha Joshi",21,19,3,7,F
4611,4611,"Rakesh Hegde",30,8,1,9,M
4612,4612,"Santosh Shetty",68,10,2,8,M
4613,4613,"Shivakumar Singh",70,2,4,2,M
4614,4614,"Mahesh Singh",41,3,5,3,M
4615,4615,"Kavya Reddy",43,12,1,1,F
4616,4616,"Anil Gowda",30,12,1,9,M
4617,4617,"Suresh Hiremath",35,8,1,2,M
4618,4618,"Darshan Desai",70,11,3,10,M
4619,4619,"Shivakumar Hegde",45,16,1,7,M
4620,4620,"Manjunath Shetty",69,4,4,4,M
4621,4621,"Arun Naik",53,7,5,6,M
4622,4622,"Sangeetha Reddy",40,10,4,1,F
4623,4623,"Shilpa Hiremath",41,12,4,3,F
4624,4624,"Nithin Bhat",30,20,3,3,M
4625,4625,"Karthik Reddy",64,16,3,3,M
4626,4626,"Darshan Bhat",56,5,2,6,T
4627,4627,"Vinay Yadav",32,5,3,7,M
4628,4628,"Kavya Sharma",23,16,5,6,F
4629,4629,"Rakesh Kulkarni",46,4,4,3,M
4630,4630,"Shilpa Joshi",43,8,1,4,F
4631,4631,"Manjunath Yadav",77,20,4,9,M
4632,4632,"Swathi Naik",34,20,4,8,F
4633,4633,"Shruthi Joshi",31,17,1,3,F
4634,4634,"Shilpa Shetty",57,14,2,3,F
4635,4635,"Rashmi Sharma",33,3,1,7,F
4636,4636,"Anusha Kulkarni",34,16,5,7,F
4637,4637,"Suma Joshi",68,10,1,8,T
4638,4638,"Ramesh Reddy",41,18,2,2,M
4639,4639,"Manjunath Bhat",75,18,1,8,M
4640,4640,"Rakesh Desai",51,1,5,3,M
4641,4641,"Sangeetha Desai",42,13,1,3,F
4642,4642,"Divya Patil",56,15,5,6,F
4643,4643,"Manjunath Singh",37,9,4,7,M
4644,4644,"Divya Joshi",34,18,3,7,F
4645,4645,"Sahana Patil",57,4,1,4,F
4646,4646,"Asha Rao",51,15,1,3,F
4647,4647,"Karthik Naik",30,8,4,6,M
4648,4648,"Darshan Patil",28,1,4,2,M
4649,4649,"Arun Yadav",33,18,1,10,M
4650,4650,"Rekha Hegde",44,11,2,1,F
4651,4651,"Prakash Joshi",21,5,1,4,M
4652,4652,"Kiran Reddy",45,14,1,4,M
4653,4653,"Darshan Yadav",49,1,5,8,M
4654,4654,"Anil Rao",59,15,1,8,M
4655,4655,"Santosh Kumar",63,1,1,6,M
4656,4656,"Bhagya Rao",52,20,4,3,F
4657,4657,"Shilpa Kumar",48,2,5,1,F
4658,4658,"Asha Reddy",73,7,4,7,F
4659,4659,"Puneeth Kulkarni",21,14,3,9,M
4660,4660,"Anil Hegde",53,18,1,5,M
4661,4661,"Shruthi Bhat",25,1,4,4,F
4662,4662,"Karthik Kumar",34,3,1,2,M
4663,4663,"Ramya Desai",34,6,1,9,F
4664,4664,"Shivakumar Reddy",52,16,5,3,M
4665,4665,"Swathi Hiremath",43,19,3,6,F
4666,4666,"Geetha Patil",73,16,4,6,F
4667,4667,"Divya Rao",52,9,5,4,F
4668,4668,"Sudeep Bhat",52,16,2,10,T
4669,4669,"Pradeep Shetty",21,9,1,10,M
4670,4670,"Darshan Singh",34,8,5,9,M
4671,4671,"Ramesh Gowda",38,4,3,5,M
4672,4672,"Anusha Reddy",29,3,3,3,F
4673,4673,"Shruthi Rao",24,5,3,9,F
4674,4674,"Ramya Singh",55,16,2,9,F
4675,4675,"Bhagya Singh",37,13,5,3,F
4676,4676,"Ramya Kulkarni",67,6,1,4,F
4677,4677,"Prakash Hiremath",37,15,4,6,M
4678,4678,"Anil Gowda",30,3,2,2,M
4679,4679,"Shilpa Shetty",21,6,2,10,F
4680,4680,"Roopa Sharma",33,12,5,5,F
4681,4681,"Puneeth Hegde",69,5,4,1,M
4682,4682,"Karthik Desai",79,10,2,4,M
4683,4683,"Karthik Naik",21,9,2,5,T
4684,4684,"Sunil Rao",31,15,3,9,M
4685,4685,"Vijay Sharma",48,13,4,6,M
4686,4686,"Rashmi Hegde",44,7,4,8,F
4687,4687,"Santosh Desai",33,1,3,3,M
4688,4688,"Puneeth Patil",23,15,5,9,M
4689,4689,"Sudeep Desai",41,8,2,1,M
4690,4690,"Bhagya Kumar",43,6,1,5,F
4691,4691,"Bhagya Bhat",37,7,5,4,T
4692,4692,"Basavaraj Shetty",33,18,5,7,M
4693,4693,"Sunil Desai",74,2,5,7,M
4694,4694,"Ramya Bhat",57,19,1,1,F
4695,4695,"Rekha Naik",35,19,4,10,F
4696,4696,"Puneeth Patil",40,15,4,8,M
4697,4697,"Shivakumar Rao",22,6,1,8,M
4698,4698,"Suresh Hiremath",30,5,2,1,M
4699,4699,"Abhishek Naik",25,12,4,5,M
4700,4700,"Kiran Gowda",72,16,3,10,M
4701,4701,"Asha Yadav",25,17,4,7,F
4702,4702,"Shilpa Sharma",80,10,3,4,F
4703,4703,"Roopa Sharma",44,6,2,3,F
4704,4704,"Puneeth Rao",40,17,3,1,M
4705,4705,"Rashmi Kumar",53,1,1,10,F
4706,4706,"Shilpa Rao",63,8,1,9,F
4707,4707,"Divya Patil",48,16,4,9,F
4708,4708,"Pradeep Naik",51,20,3,10,M
4709,4709,"Bhagya Reddy",44,3,5,1,F
4710,4710,"Sangeetha Rao",33,13,4,1,F
4711,4711,"Sudeep Rao",52,11,2,5,M
4712,4712,"Rakesh Patil",67,12,5,1,M
4713,4713,"Swathi Sharma",44,14,1,5,F
4714,4714,"Geetha Singh",53,8,2,10,F
4715,4715,"Rakesh Desai",77,3,2,6,M
4716,4716,"Mahesh Shetty",66,17,5,7,M
4717,4717,"Suma Bhat",22,8,4,8,F
4718,4718,"Prakash Hiremath",70,10,4,3,M
4719,4719,"Geetha Gowda",67,3,2,8,F
4720,4720,"Geetha Rao",32,19,5,6,F
4721,4721,"Pooja Bhat",18,15,2,6,F
4722,4722,"Abhishek Sharma",34,2,2,9,M
4723,4723,"Suma Sharma",41,15,3,2,F
4724,4724,"Arun Sharma",50,7,3,4,M
4725,4725,"Vijay Shetty",39,16,4,8,M
4726,4726,"Rakesh Kulkarni",72,15,5,1,M
4727,4727,"Vijay Desai",49,10,5,5,M
4728,4728,"Manjunath Sharma",75,5,1,8,M
4729,4729,"Sunil Joshi",61,13,5,6,M
4730,4730,"Basavaraj Naik",22,16,4,2,M
4731,4731,"Basavaraj Naik",55,14,1,9,M
4732,4732,"Ramya Yadav",31,18,4,6,F
4733,4733,"Rashmi Kumar",32,20,4,2,F
4734,4734,"Shilpa Joshi",42,12,2,5,F
4735,4735,"Santosh Yadav",40,11,2,7,T
4736,4736,"Sunil Kulkarni",30,1,2,2,M
4737,4737,"Shruthi Rao",41,4,5,10,F
4738,4738,"Vinay Bhat",29,4,3,1,M
4739,4739,"Mahesh Rao",31,15,4,10,M
4740,4740,"Pradeep Reddy",26,16,4,7,M
4741,4741,"Rakesh Reddy",52,2,2,3,M
4742,4742,"Geetha Hiremath",36,8,3,6,F
4743,4743,"Pooja Gowda",70,17,2,2,F
4744,4744,"Anusha Desai",54,17,2,6,F
4745,4745,"Sudeep Desai",33,8,1,3,M
4746,4746,"Swathi Desai",31,16,2,9,F
4747,4747,"Suresh Hiremath",19,10,5,7,M
4748,4748,"Rashmi Kumar",51,7,4,5,F
4749,4749,"Bhagya Desai",40,16,1,1,F
4750,4750,"Basavaraj Kumar",31,10,2,6,M
4751,4751,"Suresh Hiremath",43,2,4,8,M
4752,4752,"Suresh Kulkarni",42,8,1,4,M
4753,4753,"Sahana Naik",33,11,1,5,F
4754,4754,"Ramya Singh",58,4,4,9,F
4755,4755,"Abhishek Shetty",60,3,3,3,M
4756,4756,"Mahesh Patil",50,17,1,10,M
4757,4757,"Vijay Reddy",34,11,4,9,M
4758,4758,"Prakash Patil",55,13,4,3,M
4759,4759,"Shivakumar Sharma",29,9,5,3,M
4760,4760,"Shruthi Kumar",70,3,3,2,F
4761,4761,"Pooja Hegde",20,16,5,7,F
4762,4762,"Rakesh Hiremath",37,7,1,4,M
4763,4763,"Anusha Hegde",37,12,4,5,F
4764,4764,"Puneeth Bhat",40,2,5,1,M
4765,4765,"Ramya Reddy",49,6,2,6,F
4766,4766,"Karthik Rao",57,10,3,6,M
4767,4767,"Sangeetha Hegde",36,4,3,6,F
4768,4768,"Suma Desai",58,16,2,1,F
4769,4769,"Shruthi Joshi",44,10,1,5,F
4770,4770,"Asha Shetty",34,12,3,9,F
4771,4771,"Karthik Desai",40,7,5,1,M
4772,4772,"Anil Yadav",78,7,1,10,M
4773,4773,"Asha Reddy",62,11,1,4,F
4774,4774,"Anusha Bhat",58,15,3,2,F
4775,4775,"Shivakumar Kumar",45,15,4,10,M
4776,4776,"Nithin Naik",37,12,2,8,M
4777,4777,"Darshan Hiremath",74,18,5,7,M
4778,4778,"Arun Gowda",42,2,1,10,M
4779,4779,"Divya Patil",61,8,5,7,F
4780,4780,"Asha Yadav",80,18,2,2,F
4781,4781,"Divya Hiremath",33,12,1,10,F
4782,4782,"Bhagya Yadav",27,19,2,3,F
4783,4783,"Mahesh Sharma",76,4,5,5,M
4784,4784,"Basavaraj Patil",31,1,1,7,M
4785,4785,"Divya Joshi",40,13,3,6,F
4786,4786,"Manjunath Kulkarni",73,1,1,7,M
4787,4787,"Divya Hegde",70,9,2,3,F
4788,4788,"Shilpa Desai",54,10,5,5,F
4789,4789,"Sunil Shetty",66,15,1,9,M
4790,4790,"Manjunath Yadav",40,7,4,2,M
4791,4791,"Santosh Shetty",31,18,1,1,M
4792,4792,"Ramya Gowda",52,11,3,8,F
4793,4793,"Vinay Desai",53,20,4,2,M
4794,4794,"Ramya Hegde",38,6,5,10,F
4795,4795,"Puneeth Desai",51,6,2,4,M
4796,4796,"Shilpa Hegde",69,20,1,4,F
4797,4797,"Suresh Shetty",50,1,4,9,M
4798,4798,"Shivakumar Sharma",48,11,4,8,M
4799,4799,"Mahesh Yadav",70,5,3,5,M
4800,4800,"Puneeth Shetty",46,4,5,3,M
4801,4801,"Ramesh Naik",30,8,2,5,M
4802,4802,"Ramesh Yadav",32,2,3,1,M
4803,4803,"Karthik Hiremath",51,15,3,4,M
4804,4804,"Prakash Singh",71,11,2,5,M
4805,4805,"Basavaraj Gowda",39,10,5,7,M
4806,4806,"Darshan Shetty",52,18,1,1,M
4807,4807,"Basavaraj Sharma",80,5,4,1,M
4808,4808,"Rakesh Naik",39,13,1,8,M
4809,4809,"Vijay Naik",52,12,5,8,M
4810,4810,"Suma Bhat",35,20,5,3,F
4811,4811,"Vinay Sharma",60,20,2,7,M
4812,4812,"Divya Hiremath",55,9,3,9,F
4813,4813,"Sudeep Joshi",39,20,4,4,M
4814,4814,"Anil Yadav",61,4,4,8,M
4815,4815,"Bhagya Reddy",30,13,4,6,F
4816,4816,"Sahana Reddy",61,14,1,7,T
4817,4817,"Meghana Reddy",52,3,3,1,F
4818,4818,"Basavaraj Desai",68,19,2,8,M
4819,4819,"Bhagya Gowda",53,9,5,3,F
4820,4820,"Mahesh Joshi",27,17,1,10,M
4821,4821,"Prakash Yadav",46,3,4,6,M
4822,4822,"Pooja Hiremath",46,10,1,6,F
4823,4823,"Manjunath Singh",79,17,5,8,M
4824,4824,"Anil Patil",53,6,2,7,M
4825,4825,"Anil Joshi",43,14,3,6,M
4826,4826,"Rekha Sharma",38,4,4,7,F
4827,4827,"Vinay Yadav",79,11,2,9,M
4828,4828,"Suma Kulkarni",45,2,4,1,F
4829,4829,"Santosh Joshi",41,6,1,8,M
4830,4830,"Vijay Rao",33,20,1,2,M
4831,4831,"Bhagya Hiremath",48,7,5,7,F
4832,4832,"Meghana Desai",26,2,5,8,F
4833,4833,"Swathi Yadav",62,19,4,1,F
4834,4834,"Nithin Desai",20,15,5,3,M
4835,4835,"Manjunath Desai",21,20,4,5,M
4836,4836,"Sunil Rao",49,3,3,6,M
4837,4837,"Sahana Hegde",46,8,4,1,F
4838,4838,"Kiran Naik",74,8,5,8,M
4839,4839,"Mahesh Joshi",28,12,4,9,M
4840,4840,"Nithin Desai",41,19,2,9,M
4841,4841,"Kavya Rao",77,10,5,7,F
4842,4842,"Basavaraj Desai",57,13,5,6,M
4843,4843,"Darshan Desai",35,20,4,2,M
4844,4844,"Darshan Hiremath",55,8,1,7,M
4845,4845,"Sahana Hiremath",33,15,3,10,F
4846,4846,"Sunil Naik",26,16,3,9,M
4847,4847,"Kavya Rao",44,4,5,9,F
4848,4848,"Suresh Bhat",70,10,1,4,M
4849,4849,"Kiran Joshi",72,13,1,5,M
4850,4850,"Arun Reddy",58,13,4,10,M
4851,4851,"Karthik Kumar",35,18,4,9,M
4852,4852,"Suma Patil",52,4,2,7,F
4853,4853,"Shivakumar Kulkarni",37,10,3,9,M
4854,4854,"Suma Rao",64,10,2,4,F
4855,4855,"Asha Rao",45,6,2,10,F
4856,4856,"Sudeep Shetty",55,18,1,4,M
4857,4857,"Basavaraj Shetty",22,7,1,1,M
4858,4858,"Pooja Joshi",38,9,1,5,F
4859,4859,"Manjunath Shetty",46,7,4,3,M
4860,4860,"Swathi Patil",72,6,1,4,F
4861,4861,"Roopa Desai",26,14,2,1,F
4862,4862,"Santosh Gowda",49,4,4,10,M
4863,4863,"Roopa Desai",44,5,2,8,F
4864,4864,"Sudeep Reddy",64,9,5,4,M
4865,4865,"Karthik Kumar",58,2,4,10,M
4866,4866,"Pradeep Joshi",37,20,1,5,M
4867,4867,"Rashmi Kumar",76,16,2,9,F
4868,4868,"Asha Kumar",63,11,4,10,F
4869,4869,"Kiran Gowda",35,19,2,4,M
4870,4870,"Kiran Sharma",34,6,5,1,M
4871,4871,"Vijay Reddy",47,8,4,3,M
4872,4872,"Basavaraj Singh",58,5,5,10,M
4873,4873,"Kavya Desai",49,6,4,9,F
4874,4874,"Kavya Kulkarni",32,4,1,8,F
4875,4875,"Prakash Shetty",66,6,5,10,M
4876,4876,"Sudeep Reddy",58,18,3,10,M
4877,4877,"Kavya Gowda",58,14,1,6,F
4878,4878,"Abhishek Patil",62,18,2,8,M
4879,4879,"Kiran Sharma",60,6,4,3,M
4880,4880,"Sangeetha Kumar",57,10,2,8,F
4881,4881,"Arun Kumar",53,20,3,7,M
4882,4882,"Divya Kumar",75,6,5,3,F
4883,4883,"Darshan Gowda",71,6,4,1,M
4884,4884,"Rekha Desai",56,14,2,4,F
4885,4885,"Shruthi Kumar",39,19,4,4,F
4886,4886,"Vijay Bhat",32,4,2,5,M
4887,4887,"Suresh Kumar",34,9,1,8,M
4888,4888,"Shilpa Gowda",55,2,1,5,F
4889,4889,"Sudeep Desai",72,2,5,4,M
4890,4890,"Sudeep Reddy",48,12,3,3,M
4891,4891,"Vijay Desai",58,15,1,7,M
4892,4892,"Rakesh Kumar",51,20,3,6,M
4893,4893,"Kiran Joshi",32,8,3,8,M
4894,4894,"Kavya Shetty",44,2,4,10,F
4895,4895,"Suresh Hiremath",24,11,4,8,M
4896,4896,"Geetha Naik",48,8,4,2,F
4897,4897,"Karthik Gowda",49,5,3,6,M
4898,4898,"Pradeep Sharma",31,18,2,1,M
4899,4899,"Prakash Shetty",30,8,4,4,M
4900,4900,"Manjunath Kulkarni",66,5,3,5,M
4901,4901,"Prakash Hiremath",60,15,3,10,M
4902,4902,"Geetha Patil",23,17,1,4,F
4903,4903,"Vijay Hegde",35,12,2,1,M
4904,4904,"Shilpa Patil",37,7,2,4,F
4905,4905,"Pooja Singh",56,16,4,1,F
4906,4906,"Mahesh Desai",71,1,1,3,M
4907,4907,"Swathi Desai",63,4,4,7,F
4908,4908,"Nithin Bhat",57,11,4,6,M
4909,4909,"Shruthi Reddy",54,1,2,7,F
4910,4910,"Rashmi Hegde",40,17,5,4,F
4911,4911,"Sangeetha Shetty",55,11,5,6,F
4912,4912,"Puneeth Bhat",51,12,3,4,M
4913,4913,"Sangeetha Shetty",74,8,4,3,F
4914,4914,"Arun Desai",44,8,4,9,M
4915,4915,"Nithin Patil",32,2,5,6,M
4916,4916,"Ramesh Naik",65,17,1,3,M
4917,4917,"Santosh Gowda",37,13,5,4,M
4918,4918,"Anil Rao",26,3,1,2,M
4919,4919,"Darshan Hegde",52,6,1,3,M
4920,4920,"Rakesh Rao",42,13,3,1,M
4921,4921,"Vinay Reddy",39,4,3,7,M
4922,4922,"Darshan Reddy",29,2,3,2,M
4923,4923,"Sangeetha Reddy",55,4,2,7,F
4924,4924,"Pooja Hiremath",32,17,5,2,F
4925,4925,"Rakesh Joshi",46,3,4,1,M
4926,4926,"Shruthi Reddy",32,19,5,3,F
4927,4927,"Darshan Desai",35,15,1,5,M
4928,4928,"Rekha Joshi",62,10,2,6,F
4929,4929,"Rakesh Shetty",29,12,3,2,M
4930,4930,"Ramesh Kumar",39,18,4,2,M
4931,4931,"Ramesh Kulkarni",37,18,4,4,M
4932,4932,"Kiran Singh",23,19,2,8,M
4933,4933,"Karthik Patil",59,20,5,9,M
4934,4934,"Manjunath Reddy",36,1,5,3,M
4935,4935,"Sangeetha Yadav",34,10,2,5,F
4936,4936,"Swathi Reddy",51,5,4,8,F
4937,4937,"Ramesh Yadav",54,17,1,9,M
4938,4938,"Vinay Joshi",51,7,3,9,M
4939,4939,"Bhagya Kumar",50,12,2,6,F
4940,4940,"Suma Desai",51,14,3,6,F
4941,4941,"Santosh Hegde",44,19,4,8,M
4942,4942,"Vijay Bhat",79,8,3,6,M
4943,4943,"Sudeep Gowda",30,1,2,4,M
4944,4944,"Santosh Hegde",79,5,4,8,M
4945,4945,"Anusha Rao",34,15,1,5,F
4946,4946,"Sahana Sharma",43,3,2,3,F
4947,4947,"Suresh Gowda",32,17,3,5,M
4948,4948,"Shruthi Patil",56,2,3,10,F
4949,4949,"Manjunath Gowda",29,1,3,5,M
4950,4950,"Nithin Gowda",50,11,4,9,M
4951,4951,"Manjunath Rao",24,4,4,5,M
4952,4952,"Basavaraj Kumar",64,10,1,7,M
4953,4953,"Ramesh Hiremath",54,19,1,8,M
4954,4954,"Santosh Kumar",27,17,5,7,M
4955,4955,"Vinay Hegde",42,1,5,2,M
4956,4956,"Abhishek Bhat",56,13,3,7,M
4957,4957,"Mahesh Gowda",37,8,2,3,M
4958,4958,"Abhishek Sharma",20,9,2,3,M
4959,4959,"Abhishek Naik",75,3,1,2,M
4960,4960,"Basavaraj Desai",30,4,2,2,M
4961,4961,"Bhagya Patil",77,12,3,3,F
4962,4962,"Manjunath Gowda",37,9,3,5,M
4963,4963,"Asha Naik",42,7,1,9,F
4964,4964,"Shivakumar Patil",52,8,4,8,M
4965,4965,"Sunil Desai",43,19,5,8,M
4966,4966,"Manjunath Kulkarni",57,1,3,2,M
4967,4967,"Shruthi Hiremath",20,1,1,7,F
4968,4968,"Karthik Desai",50,8,2,6,M
4969,4969,"Basavaraj Reddy",56,1,5,10,M
4970,4970,"Rekha Shetty",24,6,1,2,F
4971,4971,"Meghana Patil",19,13,5,6,F
4972,4972,"Swathi Hegde",45,18,1,1,F
4973,4973,"Ramya Hiremath",27,2,3,8,F
4974,4974,"Mahesh Gowda",76,10,4,3,M
4975,4975,"Ramesh Kumar",62,5,3,10,M
4976,4976,"Abhishek Reddy",43,3,3,1,M
4977,4977,"Sahana Patil",42,8,5,6,F
4978,4978,"Abhishek Hegde",35,3,1,8,M
4979,4979,"Suresh Kumar",35,12,1,2,M
4980,4980,"Sahana Reddy",32,17,2,1,F
4981,4981,"Kiran Naik",60,9,2,2,M
4982,4982,"Kavya Bhat",61,16,4,7,F
4983,4983,"Basavaraj Gowda",31,13,1,4,M
4984,4984,"Manjunath Hiremath",33,15,5,6,M
4985,4985,"Basavaraj Kulkarni",25,19,3,8,M
4986,4986,"Roopa Rao",66,10,5,1,F
4987,4987,"Basavaraj Naik",57,6,3,4,M
4988,4988,"Ramya Joshi",37,8,1,1,F
4989,4989,"Swathi Kumar",44,16,3,1,F
4990,4990,"Roopa Naik",58,16,1,4,F
4991,4991,"Pradeep Singh",43,3,3,1,M
4992,4992,"Sunil Kulkarni",56,12,4,1,M
4993,4993,"Sahana Rao",68,2,5,4,F
4994,4994,"Pradeep Hegde",79,11,3,8,M
4995,4995,"Manjunath Patil",51,13,2,10,M
4996,4996,"Ramya Kulkarni",80,2,5,5,F
4997,4997,"Geetha Sharma",51,18,1,7,F
4998,4998,"Prakash Desai",48,13,2,10,M
4999,4999,"Nithin Yadav",45,11,3,5,M
5000,5000,"Ramesh Kulkarni",37,7,1,6,M
