CaseMasterID,CrimeNo,CaseNo,CrimeRegisteredDate,PoliceStationID,latitude,longitude,CaseCategoryID,GravityOffenceID,CaseStatusID,CrimeType,BriefFacts
1,"undefined","undefined","undefined",1179,undefined,undefined,1,2,3,"Assault/Violent","Detailed facts about Assault/Violent"
2,"undefined","undefined","undefined",1037,undefined,undefined,1,2,2,"Murder/Attempt","Detailed facts about Murder/Attempt"
3,"undefined","undefined","undefined",1090,undefined,undefined,1,2,1,"Cybercrime","Detailed facts about Cybercrime"
4,"undefined","undefined","undefined",1015,undefined,undefined,1,2,1,"Theft/Property","Detailed facts about Theft/Property"
5,"undefined","undefined","undefined",1013,undefined,undefined,1,1,1,"Cybercrime","Detailed facts about Cybercrime"
6,"undefined","undefined","undefined",1195,undefined,undefined,1,1,1,"Theft/Property","Detailed facts about Theft/Property"
7,"undefined","undefined","undefined",1214,undefined,undefined,1,1,4,"Cybercrime","Detailed facts about Cybercrime"
8,"undefined","undefined","undefined",1003,undefined,undefined,1,2,1,"Assault/Violent","Detailed facts about Assault/Violent"
9,"undefined","undefined","undefined",1045,undefined,undefined,1,2,1,"Fraud/Cheating","Detailed facts about Fraud/Cheating"
10,"undefined","undefined","undefined",1011,undefined,undefined,1,2,2,"Assault/Violent","Detailed facts about Assault/Violent"
11,"undefined","undefined","undefined",1009,undefined,undefined,1,1,1,"Assault/Violent","Detailed facts about Assault/Violent"
12,"undefined","undefined","undefined",1032,undefined,undefined,1,1,2,"Fraud/Cheating","Detailed facts about Fraud/Cheating"
13,"undefined","undefined","undefined",1197,undefined,undefined,1,2,1,"Cybercrime","Detailed facts about Cybercrime"
14,"undefined","undefined","undefined",1056,undefined,undefined,1,2,1,"Assault/Violent","Detailed facts about Assault/Violent"
15,"undefined","undefined","undefined",1013,undefined,undefined,1,2,1,"Fraud/Cheating","Detailed facts about Fraud/Cheating"
16,"undefined","undefined","undefined",1201,undefined,undefined,1,1,1,"Assault/Violent","Detailed facts about Assault/Violent"
17,"undefined","undefined","undefined",1177,undefined,undefined,1,2,2,"Cybercrime","Detailed facts about Cybercrime"
18,"undefined","undefined","undefined",1015,undefined,undefined,1,1,3,"Kidnapping","Detailed facts about Kidnapping"
19,"undefined","undefined","undefined",1015,undefined,undefined,1,2,1,"Murder/Attempt","Detailed facts about Murder/Attempt"
20,"undefined","undefined","undefined",1168,undefined,undefined,1,1,1,"Cybercrime","Detailed facts about Cybercrime"
21,"undefined","undefined","undefined",1161,undefined,undefined,1,1,3,"Fraud/Cheating","Detailed facts about Fraud/Cheating"
22,"undefined","undefined","undefined",1010,undefined,undefined,1,2,1,"Cybercrime","Detailed facts about Cybercrime"
23,"undefined","undefined","undefined",1038,undefined,undefined,1,2,3,"Fraud/Cheating","Detailed facts about Fraud/Cheating"
24,"undefined","undefined","undefined",1007,undefined,undefined,1,1,4,"Others","Detailed facts about Others"
25,"undefined","undefined","undefined",1030,undefined,undefined,1,2,3,"Theft/Property","Detailed facts about Theft/Property"
26,"undefined","undefined","undefined",1010,undefined,undefined,1,2,2,"Theft/Property","Detailed facts about Theft/Property"
27,"undefined","undefined","undefined",1031,undefined,undefined,1,2,1,"Assault/Violent","Detailed facts about Assault/Violent"
28,"undefined","undefined","undefined",1061,undefined,undefined,1,1,4,"Cybercrime","Detailed facts about Cybercrime"
29,"undefined","undefined","undefined",1045,undefined,undefined,1,1,2,"Theft/Property","Detailed facts about Theft/Property"
30,"undefined","undefined","undefined",1171,undefined,undefined,1,2,3,"Cybercrime","Detailed facts about Cybercrime"
31,"undefined","undefined","undefined",1060,undefined,undefined,1,2,3,"Others","Detailed facts about Others"
32,"undefined","undefined","undefined",1036,undefined,undefined,1,2,2,"Assault/Violent","Detailed facts about Assault/Violent"
33,"undefined","undefined","undefined",1008,undefined,undefined,1,1,1,"Fraud/Cheating","Detailed facts about Fraud/Cheating"
34,"undefined","undefined","undefined",1073,undefined,undefined,1,2,4,"Theft/Property","Detailed facts about Theft/Property"
35,"undefined","undefined","undefined",1044,undefined,undefined,1,2,3,"Theft/Property","Detailed facts about Theft/Property"
36,"undefined","undefined","undefined",1042,undefined,undefined,1,2,1,"Theft/Property","Detailed facts about Theft/Property"
37,"undefined","undefined","undefined",1026,undefined,undefined,1,2,1,"Cybercrime","Detailed facts about Cybercrime"
38,"undefined","undefined","undefined",1006,undefined,undefined,1,2,2,"Assault/Violent","Detailed facts about Assault/Violent"
39,"undefined","undefined","undefined",1152,undefined,undefined,1,1,4,"Robbery/Dacoity","Detailed facts about Robbery/Dacoity"
40,"undefined","undefined","undefined",1001,undefined,undefined,1,2,1,"Cybercrime","Detailed facts about Cybercrime"
41,"undefined","undefined","undefined",1075,undefined,undefined,1,2,2,"Fraud/Cheating","Detailed facts about Fraud/Cheating"
42,"undefined","undefined","undefined",1193,undefined,undefined,1,1,2,"Theft/Property","Detailed facts about Theft/Property"
43,"undefined","undefined","undefined",1011,undefined,undefined,1,2,1,"Robbery/Dacoity","Detailed facts about Robbery/Dacoity"
44,"undefined","undefined","undefined",1052,undefined,undefined,1,2,3,"Murder/Attempt","Detailed facts about Murder/Attempt"
45,"undefined","undefined","undefined",1032,undefined,undefined,1,2,1,"Fraud/Cheating","Detailed facts about Fraud/Cheating"
46,"undefined","undefined","undefined",1015,undefined,undefined,1,2,1,"Theft/Property","Detailed facts about Theft/Property"
47,"undefined","undefined","undefined",1154,undefined,undefined,1,1,4,"Cybercrime","Detailed facts about Cybercrime"
48,"undefined","undefined","undefined",1012,undefined,undefined,1,2,3,"Assault/Violent","Detailed facts about Assault/Violent"
49,"undefined","undefined","undefined",1004,undefined,undefined,1,2,4,"Fraud/Cheating","Detailed facts about Fraud/Cheating"
50,"undefined","undefined","undefined",1039,undefined,undefined,1,2,2,"Theft/Property","Detailed facts about Theft/Property"
51,"undefined","undefined","undefined",1012,undefined,undefined,1,1,1,"Theft/Property","Detailed facts about Theft/Property"
52,"undefined","undefined","undefined",1003,undefined,undefined,1,2,2,"Cybercrime","Detailed facts about Cybercrime"
53,"undefined","undefined","undefined",1100,undefined,undefined,1,1,4,"Assault/Violent","Detailed facts about Assault/Violent"
54,"undefined","undefined","undefined",1025,undefined,undefined,1,2,4,"Assault/Violent","Detailed facts about Assault/Violent"
55,"undefined","undefined","undefined",1004,undefined,undefined,1,2,1,"Assault/Violent","Detailed facts about Assault/Violent"
56,"undefined","undefined","undefined",1179,undefined,undefined,1,2,2,"Theft/Property","Detailed facts about Theft/Property"
57,"undefined","undefined","undefined",1002,undefined,undefined,1,1,1,"Cybercrime","Detailed facts about Cybercrime"
58,"undefined","undefined","undefined",1083,undefined,undefined,1,2,2,"Theft/Property","Detailed facts about Theft/Property"
59,"undefined","undefined","undefined",1036,undefined,undefined,1,2,2,"Murder/Attempt","Detailed facts about Murder/Attempt"
60,"undefined","undefined","undefined",1002,undefined,undefined,1,1,2,"Fraud/Cheating","Detailed facts about Fraud/Cheating"
61,"undefined","undefined","undefined",1005,undefined,undefined,1,1,1,"Cybercrime","Detailed facts about Cybercrime"
62,"undefined","undefined","undefined",1106,undefined,undefined,1,2,1,"Fraud/Cheating","Detailed facts about Fraud/Cheating"
63,"undefined","undefined","undefined",1006,undefined,undefined,1,2,2,"Fraud/Cheating","Detailed facts about Fraud/Cheating"
64,"undefined","undefined","undefined",1107,undefined,undefined,1,2,2,"Theft/Property","Detailed facts about Theft/Property"
65,"undefined","undefined","undefined",1040,undefined,undefined,1,1,1,"Cybercrime","Detailed facts about Cybercrime"
66,"undefined","undefined","undefined",1015,undefined,undefined,1,2,1,"Cybercrime","Detailed facts about Cybercrime"
67,"undefined","undefined","undefined",1146,undefined,undefined,1,2,2,"Others","Detailed facts about Others"
68,"undefined","undefined","undefined",1031,undefined,undefined,1,2,1,"Assault/Violent","Detailed facts about Assault/Violent"
69,"undefined","undefined","undefined",1013,undefined,undefined,1,1,2,"Theft/Property","Detailed facts about Theft/Property"
70,"undefined","undefined","undefined",1227,undefined,undefined,1,2,1,"Theft/Property","Detailed facts about Theft/Property"
71,"undefined","undefined","undefined",1012,undefined,undefined,1,2,3,"Assault/Violent","Detailed facts about Assault/Violent"
72,"undefined","undefined","undefined",1135,undefined,undefined,1,2,3,"Assault/Violent","Detailed facts about Assault/Violent"
73,"undefined","undefined","undefined",1032,undefined,undefined,1,2,1,"Theft/Property","Detailed facts about Theft/Property"
74,"undefined","undefined","undefined",1071,undefined,undefined,1,2,3,"Kidnapping","Detailed facts about Kidnapping"
75,"undefined","undefined","undefined",1165,undefined,undefined,1,2,3,"Cybercrime","Detailed facts about Cybercrime"
76,"undefined","undefined","undefined",1028,undefined,undefined,1,2,2,"Cybercrime","Detailed facts about Cybercrime"
77,"undefined","undefined","undefined",1003,undefined,undefined,1,1,2,"Fraud/Cheating","Detailed facts about Fraud/Cheating"
78,"undefined","undefined","undefined",1005,undefined,undefined,1,2,1,"Narcotics","Detailed facts about Narcotics"
79,"undefined","undefined","undefined",1050,undefined,undefined,1,1,1,"Assault/Violent","Detailed facts about Assault/Violent"
80,"undefined","undefined","undefined",1005,undefined,undefined,1,2,4,"Cybercrime","Detailed facts about Cybercrime"
81,"undefined","undefined","undefined",1103,undefined,undefined,1,2,2,"Fraud/Cheating","Detailed facts about Fraud/Cheating"
82,"undefined","undefined","undefined",1002,undefined,undefined,1,2,1,"Theft/Property","Detailed facts about Theft/Property"
83,"undefined","undefined","undefined",1019,undefined,undefined,1,1,1,"Robbery/Dacoity","Detailed facts about Robbery/Dacoity"
84,"undefined","undefined","undefined",1186,undefined,undefined,1,1,4,"Robbery/Dacoity","Detailed facts about Robbery/Dacoity"
85,"undefined","undefined","undefined",1164,undefined,undefined,1,1,2,"Others","Detailed facts about Others"
86,"undefined","undefined","undefined",1028,undefined,undefined,1,1,3,"Theft/Property","Detailed facts about Theft/Property"
87,"undefined","undefined","undefined",1043,undefined,undefined,1,1,4,"Fraud/Cheating","Detailed facts about Fraud/Cheating"
88,"undefined","undefined","undefined",1008,undefined,undefined,1,2,2,"Cybercrime","Detailed facts about Cybercrime"
89,"undefined","undefined","undefined",1093,undefined,undefined,1,1,1,"Fraud/Cheating","Detailed facts about Fraud/Cheating"
90,"undefined","undefined","undefined",1027,undefined,undefined,1,1,4,"Cybercrime","Detailed facts about Cybercrime"
91,"undefined","undefined","undefined",1209,undefined,undefined,1,1,1,"Theft/Property","Detailed facts about Theft/Property"
92,"undefined","undefined","undefined",1035,undefined,undefined,1,2,1,"Cybercrime","Detailed facts about Cybercrime"
93,"undefined","undefined","undefined",1154,undefined,undefined,1,1,1,"Assault/Violent","Detailed facts about Assault/Violent"
94,"undefined","undefined","undefined",1125,undefined,undefined,1,2,3,"Cybercrime","Detailed facts about Cybercrime"
95,"undefined","undefined","undefined",1025,undefined,undefined,1,2,2,"Assault/Violent","Detailed facts about Assault/Violent"
96,"undefined","undefined","undefined",1210,undefined,undefined,1,2,3,"Murder/Attempt","Detailed facts about Murder/Attempt"
97,"undefined","undefined","undefined",1003,undefined,undefined,1,2,2,"Cybercrime","Detailed facts about Cybercrime"
98,"undefined","undefined","undefined",1045,undefined,undefined,1,1,2,"Kidnapping","Detailed facts about Kidnapping"
99,"undefined","undefined","undefined",1006,undefined,undefined,1,1,4,"Theft/Property","Detailed facts about Theft/Property"
100,"undefined","undefined","undefined",1014,undefined,undefined,1,2,2,"Cybercrime","Detailed facts about Cybercrime"
101,"undefined","undefined","undefined",1002,undefined,undefined,1,1,1,"Theft/Property","Detailed facts about Theft/Property"
102,"undefined","undefined","undefined",1002,undefined,undefined,1,2,2,"Assault/Violent","Detailed facts about Assault/Violent"
103,"undefined","undefined","undefined",1005,undefined,undefined,1,2,1,"Cybercrime","Detailed facts about Cybercrime"
104,"undefined","undefined","undefined",1195,undefined,undefined,1,2,2,"Cybercrime","Detailed facts about Cybercrime"
105,"undefined","undefined","undefined",1003,undefined,undefined,1,2,3,"Cybercrime","Detailed facts about Cybercrime"
106,"undefined","undefined","undefined",1035,undefined,undefined,1,2,2,"Cybercrime","Detailed facts about Cybercrime"
107,"undefined","undefined","undefined",1009,undefined,undefined,1,2,1,"Theft/Property","Detailed facts about Theft/Property"
108,"undefined","undefined","undefined",1010,undefined,undefined,1,1,3,"Cybercrime","Detailed facts about Cybercrime"
109,"undefined","undefined","undefined",1007,undefined,undefined,1,2,3,"Fraud/Cheating","Detailed facts about Fraud/Cheating"
110,"undefined","undefined","undefined",1031,undefined,undefined,1,2,1,"Kidnapping","Detailed facts about Kidnapping"
111,"undefined","undefined","undefined",1006,undefined,undefined,1,1,3,"Murder/Attempt","Detailed facts about Murder/Attempt"
112,"undefined","undefined","undefined",1010,undefined,undefined,1,2,1,"Assault/Violent","Detailed facts about Assault/Violent"
113,"undefined","undefined","undefined",1025,undefined,undefined,1,2,3,"Assault/Violent","Detailed facts about Assault/Violent"
114,"undefined","undefined","undefined",1003,undefined,undefined,1,2,2,"Cybercrime","Detailed facts about Cybercrime"
115,"undefined","undefined","undefined",1049,undefined,undefined,1,1,2,"Cybercrime","Detailed facts about Cybercrime"
116,"undefined","undefined","undefined",1008,undefined,undefined,1,2,2,"Cybercrime","Detailed facts about Cybercrime"
117,"undefined","undefined","undefined",1034,undefined,undefined,1,1,1,"Narcotics","Detailed facts about Narcotics"
118,"undefined","undefined","undefined",1015,undefined,undefined,1,2,4,"Others","Detailed facts about Others"
119,"undefined","undefined","undefined",1033,undefined,undefined,1,2,3,"Theft/Property","Detailed facts about Theft/Property"
120,"undefined","undefined","undefined",1053,undefined,undefined,1,2,1,"Cybercrime","Detailed facts about Cybercrime"
121,"undefined","undefined","undefined",1011,undefined,undefined,1,2,4,"Narcotics","Detailed facts about Narcotics"
122,"undefined","undefined","undefined",1007,undefined,undefined,1,2,2,"Murder/Attempt","Detailed facts about Murder/Attempt"
123,"undefined","undefined","undefined",1058,undefined,undefined,1,2,1,"Theft/Property","Detailed facts about Theft/Property"
124,"undefined","undefined","undefined",1225,undefined,undefined,1,2,1,"Theft/Property","Detailed facts about Theft/Property"
125,"undefined","undefined","undefined",1013,undefined,undefined,1,2,4,"Assault/Violent","Detailed facts about Assault/Violent"
126,"undefined","undefined","undefined",1085,undefined,undefined,1,2,2,"Theft/Property","Detailed facts about Theft/Property"
127,"undefined","undefined","undefined",1038,undefined,undefined,1,1,1,"Theft/Property","Detailed facts about Theft/Property"
128,"undefined","undefined","undefined",1036,undefined,undefined,1,2,2,"Murder/Attempt","Detailed facts about Murder/Attempt"
129,"undefined","undefined","undefined",1014,undefined,undefined,1,2,1,"Kidnapping","Detailed facts about Kidnapping"
130,"undefined","undefined","undefined",1027,undefined,undefined,1,2,1,"Narcotics","Detailed facts about Narcotics"
131,"undefined","undefined","undefined",1015,undefined,undefined,1,1,3,"Murder/Attempt","Detailed facts about Murder/Attempt"
132,"undefined","undefined","undefined",1072,undefined,undefined,1,2,2,"Theft/Property","Detailed facts about Theft/Property"
133,"undefined","undefined","undefined",1028,undefined,undefined,1,1,3,"Theft/Property","Detailed facts about Theft/Property"
134,"undefined","undefined","undefined",1032,undefined,undefined,1,2,1,"Fraud/Cheating","Detailed facts about Fraud/Cheating"
135,"undefined","undefined","undefined",1017,undefined,undefined,1,2,2,"Others","Detailed facts about Others"
136,"undefined","undefined","undefined",1008,undefined,undefined,1,2,3,"Fraud/Cheating","Detailed facts about Fraud/Cheating"
137,"undefined","undefined","undefined",1061,undefined,undefined,1,2,2,"Cybercrime","Detailed facts about Cybercrime"
138,"undefined","undefined","undefined",1054,undefined,undefined,1,2,1,"Fraud/Cheating","Detailed facts about Fraud/Cheating"
139,"undefined","undefined","undefined",1007,undefined,undefined,1,2,1,"Assault/Violent","Detailed facts about Assault/Violent"
140,"undefined","undefined","undefined",1056,undefined,undefined,1,2,1,"Robbery/Dacoity","Detailed facts about Robbery/Dacoity"
141,"undefined","undefined","undefined",1012,undefined,undefined,1,1,2,"Theft/Property","Detailed facts about Theft/Property"
142,"undefined","undefined","undefined",1142,undefined,undefined,1,2,1,"Theft/Property","Detailed facts about Theft/Property"
143,"undefined","undefined","undefined",1031,undefined,undefined,1,2,3,"Robbery/Dacoity","Detailed facts about Robbery/Dacoity"
144,"undefined","undefined","undefined",1011,undefined,undefined,1,2,2,"Theft/Property","Detailed facts about Theft/Property"
145,"undefined","undefined","undefined",1026,undefined,undefined,1,2,4,"Cybercrime","Detailed facts about Cybercrime"
146,"undefined","undefined","undefined",1013,undefined,undefined,1,1,1,"Assault/Violent","Detailed facts about Assault/Violent"
147,"undefined","undefined","undefined",1095,undefined,undefined,1,1,2,"Theft/Property","Detailed facts about Theft/Property"
148,"undefined","undefined","undefined",1077,undefined,undefined,1,2,4,"Cybercrime","Detailed facts about Cybercrime"
149,"undefined","undefined","undefined",1221,undefined,undefined,1,2,3,"Assault/Violent","Detailed facts about Assault/Violent"
150,"undefined","undefined","undefined",1006,undefined,undefined,1,2,1,"Cybercrime","Detailed facts about Cybercrime"
151,"undefined","undefined","undefined",1130,undefined,undefined,1,2,2,"Fraud/Cheating","Detailed facts about Fraud/Cheating"
152,"undefined","undefined","undefined",1010,undefined,undefined,1,2,3,"Cybercrime","Detailed facts about Cybercrime"
153,"undefined","undefined","undefined",1054,undefined,undefined,1,2,1,"Theft/Property","Detailed facts about Theft/Property"
154,"undefined","undefined","undefined",1190,undefined,undefined,1,1,4,"Others","Detailed facts about Others"
155,"undefined","undefined","undefined",1011,undefined,undefined,1,1,2,"Fraud/Cheating","Detailed facts about Fraud/Cheating"
156,"undefined","undefined","undefined",1089,undefined,undefined,1,1,2,"Murder/Attempt","Detailed facts about Murder/Attempt"
157,"undefined","undefined","undefined",1037,undefined,undefined,1,2,1,"Theft/Property","Detailed facts about Theft/Property"
158,"undefined","undefined","undefined",1013,undefined,undefined,1,2,1,"Theft/Property","Detailed facts about Theft/Property"
159,"undefined","undefined","undefined",1014,undefined,undefined,1,2,2,"Robbery/Dacoity","Detailed facts about Robbery/Dacoity"
160,"undefined","undefined","undefined",1008,undefined,undefined,1,2,2,"Theft/Property","Detailed facts about Theft/Property"
161,"undefined","undefined","undefined",1211,undefined,undefined,1,2,2,"Others","Detailed facts about Others"
162,"undefined","undefined","undefined",1168,undefined,undefined,1,1,2,"Cybercrime","Detailed facts about Cybercrime"
163,"undefined","undefined","undefined",1170,undefined,undefined,1,2,3,"Theft/Property","Detailed facts about Theft/Property"
164,"undefined","undefined","undefined",1007,undefined,undefined,1,2,3,"Assault/Violent","Detailed facts about Assault/Violent"
165,"undefined","undefined","undefined",1010,undefined,undefined,1,2,1,"Cybercrime","Detailed facts about Cybercrime"
166,"undefined","undefined","undefined",1050,undefined,undefined,1,1,3,"Cybercrime","Detailed facts about Cybercrime"
167,"undefined","undefined","undefined",1015,undefined,undefined,1,2,2,"Cybercrime","Detailed facts about Cybercrime"
168,"undefined","undefined","undefined",1024,undefined,undefined,1,2,2,"Theft/Property","Detailed facts about Theft/Property"
169,"undefined","undefined","undefined",1008,undefined,undefined,1,2,2,"Others","Detailed facts about Others"
170,"undefined","undefined","undefined",1011,undefined,undefined,1,2,2,"Cybercrime","Detailed facts about Cybercrime"
171,"undefined","undefined","undefined",1019,undefined,undefined,1,2,3,"Assault/Violent","Detailed facts about Assault/Violent"
172,"undefined","undefined","undefined",1032,undefined,undefined,1,2,2,"Others","Detailed facts about Others"
173,"undefined","undefined","undefined",1038,undefined,undefined,1,1,1,"Cybercrime","Detailed facts about Cybercrime"
174,"undefined","undefined","undefined",1012,undefined,undefined,1,1,2,"Theft/Property","Detailed facts about Theft/Property"
175,"undefined","undefined","undefined",1040,undefined,undefined,1,2,1,"Others","Detailed facts about Others"
176,"undefined","undefined","undefined",1028,undefined,undefined,1,2,1,"Cybercrime","Detailed facts about Cybercrime"
177,"undefined","undefined","undefined",1060,undefined,undefined,1,1,4,"Theft/Property","Detailed facts about Theft/Property"
178,"undefined","undefined","undefined",1218,undefined,undefined,1,2,2,"Fraud/Cheating","Detailed facts about Fraud/Cheating"
179,"undefined","undefined","undefined",1177,undefined,undefined,1,1,4,"Cybercrime","Detailed facts about Cybercrime"
180,"undefined","undefined","undefined",1227,undefined,undefined,1,2,1,"Cybercrime","Detailed facts about Cybercrime"
181,"undefined","undefined","undefined",1228,undefined,undefined,1,1,1,"Assault/Violent","Detailed facts about Assault/Violent"
182,"undefined","undefined","undefined",1008,undefined,undefined,1,2,1,"Fraud/Cheating","Detailed facts about Fraud/Cheating"
183,"undefined","undefined","undefined",1156,undefined,undefined,1,1,1,"Assault/Violent","Detailed facts about Assault/Violent"
184,"undefined","undefined","undefined",1005,undefined,undefined,1,2,1,"Cybercrime","Detailed facts about Cybercrime"
185,"undefined","undefined","undefined",1059,undefined,undefined,1,2,1,"Cybercrime","Detailed facts about Cybercrime"
186,"undefined","undefined","undefined",1206,undefined,undefined,1,2,3,"Assault/Violent","Detailed facts about Assault/Violent"
187,"undefined","undefined","undefined",1127,undefined,undefined,1,2,1,"Fraud/Cheating","Detailed facts about Fraud/Cheating"
188,"undefined","undefined","undefined",1034,undefined,undefined,1,2,1,"Narcotics","Detailed facts about Narcotics"
189,"undefined","undefined","undefined",1010,undefined,undefined,1,1,2,"Cybercrime","Detailed facts about Cybercrime"
190,"undefined","undefined","undefined",1131,undefined,undefined,1,2,3,"Theft/Property","Detailed facts about Theft/Property"
191,"undefined","undefined","undefined",1034,undefined,undefined,1,1,2,"Others","Detailed facts about Others"
192,"undefined","undefined","undefined",1088,undefined,undefined,1,2,2,"Others","Detailed facts about Others"
193,"undefined","undefined","undefined",1060,undefined,undefined,1,1,4,"Fraud/Cheating","Detailed facts about Fraud/Cheating"
194,"undefined","undefined","undefined",1145,undefined,undefined,1,1,2,"Assault/Violent","Detailed facts about Assault/Violent"
195,"undefined","undefined","undefined",1004,undefined,undefined,1,1,1,"Cybercrime","Detailed facts about Cybercrime"
196,"undefined","undefined","undefined",1010,undefined,undefined,1,2,1,"Cybercrime","Detailed facts about Cybercrime"
197,"undefined","undefined","undefined",1225,undefined,undefined,1,2,4,"Theft/Property","Detailed facts about Theft/Property"
198,"undefined","undefined","undefined",1030,undefined,undefined,1,2,2,"Theft/Property","Detailed facts about Theft/Property"
199,"undefined","undefined","undefined",1029,undefined,undefined,1,2,3,"Robbery/Dacoity","Detailed facts about Robbery/Dacoity"
200,"undefined","undefined","undefined",1027,undefined,undefined,1,2,2,"Kidnapping","Detailed facts about Kidnapping"
201,"undefined","undefined","undefined",1040,undefined,undefined,1,1,3,"Theft/Property","Detailed facts about Theft/Property"
202,"undefined","undefined","undefined",1005,undefined,undefined,1,2,2,"Fraud/Cheating","Detailed facts about Fraud/Cheating"
203,"undefined","undefined","undefined",1004,undefined,undefined,1,1,4,"Theft/Property","Detailed facts about Theft/Property"
204,"undefined","undefined","undefined",1027,undefined,undefined,1,2,1,"Theft/Property","Detailed facts about Theft/Property"
205,"undefined","undefined","undefined",1009,undefined,undefined,1,2,1,"Assault/Violent","Detailed facts about Assault/Violent"
206,"undefined","undefined","undefined",1001,undefined,undefined,1,2,3,"Kidnapping","Detailed facts about Kidnapping"
207,"undefined","undefined","undefined",1004,undefined,undefined,1,2,2,"Cybercrime","Detailed facts about Cybercrime"
208,"undefined","undefined","undefined",1090,undefined,undefined,1,2,1,"Assault/Violent","Detailed facts about Assault/Violent"
209,"undefined","undefined","undefined",1176,undefined,undefined,1,1,1,"Assault/Violent","Detailed facts about Assault/Violent"
210,"undefined","undefined","undefined",1011,undefined,undefined,1,2,2,"Theft/Property","Detailed facts about Theft/Property"
211,"undefined","undefined","undefined",1031,undefined,undefined,1,1,2,"Cybercrime","Detailed facts about Cybercrime"
212,"undefined","undefined","undefined",1076,undefined,undefined,1,2,1,"Cybercrime","Detailed facts about Cybercrime"
213,"undefined","undefined","undefined",1006,undefined,undefined,1,2,1,"Assault/Violent","Detailed facts about Assault/Violent"
214,"undefined","undefined","undefined",1229,undefined,undefined,1,1,3,"Cybercrime","Detailed facts about Cybercrime"
215,"undefined","undefined","undefined",1057,undefined,undefined,1,1,4,"Others","Detailed facts about Others"
216,"undefined","undefined","undefined",1069,undefined,undefined,1,1,4,"Cybercrime","Detailed facts about Cybercrime"
217,"undefined","undefined","undefined",1004,undefined,undefined,1,2,2,"Cybercrime","Detailed facts about Cybercrime"
218,"undefined","undefined","undefined",1040,undefined,undefined,1,2,1,"Robbery/Dacoity","Detailed facts about Robbery/Dacoity"
219,"undefined","undefined","undefined",1002,undefined,undefined,1,1,1,"Fraud/Cheating","Detailed facts about Fraud/Cheating"
220,"undefined","undefined","undefined",1227,undefined,undefined,1,2,1,"Theft/Property","Detailed facts about Theft/Property"
221,"undefined","undefined","undefined",1002,undefined,undefined,1,2,1,"Theft/Property","Detailed facts about Theft/Property"
222,"undefined","undefined","undefined",1005,undefined,undefined,1,2,2,"Theft/Property","Detailed facts about Theft/Property"
223,"undefined","undefined","undefined",1002,undefined,undefined,1,1,2,"Assault/Violent","Detailed facts about Assault/Violent"
224,"undefined","undefined","undefined",1119,undefined,undefined,1,1,1,"Narcotics","Detailed facts about Narcotics"
225,"undefined","undefined","undefined",1025,undefined,undefined,1,2,3,"Theft/Property","Detailed facts about Theft/Property"
226,"undefined","undefined","undefined",1033,undefined,undefined,1,2,1,"Assault/Violent","Detailed facts about Assault/Violent"
227,"undefined","undefined","undefined",1162,undefined,undefined,1,2,4,"Theft/Property","Detailed facts about Theft/Property"
228,"undefined","undefined","undefined",1006,undefined,undefined,1,2,2,"Others","Detailed facts about Others"
229,"undefined","undefined","undefined",1007,undefined,undefined,1,2,2,"Murder/Attempt","Detailed facts about Murder/Attempt"
230,"undefined","undefined","undefined",1062,undefined,undefined,1,2,2,"Theft/Property","Detailed facts about Theft/Property"
231,"undefined","undefined","undefined",1028,undefined,undefined,1,2,2,"Theft/Property","Detailed facts about Theft/Property"
232,"undefined","undefined","undefined",1009,undefined,undefined,1,2,2,"Assault/Violent","Detailed facts about Assault/Violent"
233,"undefined","undefined","undefined",1013,undefined,undefined,1,2,2,"Fraud/Cheating","Detailed facts about Fraud/Cheating"
234,"undefined","undefined","undefined",1212,undefined,undefined,1,2,1,"Cybercrime","Detailed facts about Cybercrime"
235,"undefined","undefined","undefined",1008,undefined,undefined,1,1,4,"Cybercrime","Detailed facts about Cybercrime"
236,"undefined","undefined","undefined",1005,undefined,undefined,1,2,2,"Assault/Violent","Detailed facts about Assault/Violent"
237,"undefined","undefined","undefined",1005,undefined,undefined,1,2,1,"Murder/Attempt","Detailed facts about Murder/Attempt"
238,"undefined","undefined","undefined",1219,undefined,undefined,1,2,1,"Cybercrime","Detailed facts about Cybercrime"
239,"undefined","undefined","undefined",1058,undefined,undefined,1,1,3,"Cybercrime","Detailed facts about Cybercrime"
240,"undefined","undefined","undefined",1132,undefined,undefined,1,2,2,"Cybercrime","Detailed facts about Cybercrime"
241,"undefined","undefined","undefined",1061,undefined,undefined,1,1,2,"Fraud/Cheating","Detailed facts about Fraud/Cheating"
242,"undefined","undefined","undefined",1130,undefined,undefined,1,2,2,"Fraud/Cheating","Detailed facts about Fraud/Cheating"
243,"undefined","undefined","undefined",1018,undefined,undefined,1,2,1,"Theft/Property","Detailed facts about Theft/Property"
244,"undefined","undefined","undefined",1005,undefined,undefined,1,1,1,"Cybercrime","Detailed facts about Cybercrime"
245,"undefined","undefined","undefined",1041,undefined,undefined,1,2,3,"Fraud/Cheating","Detailed facts about Fraud/Cheating"
246,"undefined","undefined","undefined",1001,undefined,undefined,1,2,1,"Cybercrime","Detailed facts about Cybercrime"
247,"undefined","undefined","undefined",1013,undefined,undefined,1,2,2,"Murder/Attempt","Detailed facts about Murder/Attempt"
248,"undefined","undefined","undefined",1224,undefined,undefined,1,2,4,"Theft/Property","Detailed facts about Theft/Property"
249,"undefined","undefined","undefined",1115,undefined,undefined,1,2,1,"Murder/Attempt","Detailed facts about Murder/Attempt"
250,"undefined","undefined","undefined",1004,undefined,undefined,1,1,4,"Murder/Attempt","Detailed facts about Murder/Attempt"
251,"undefined","undefined","undefined",1010,undefined,undefined,1,1,3,"Others","Detailed facts about Others"
252,"undefined","undefined","undefined",1016,undefined,undefined,1,2,3,"Kidnapping","Detailed facts about Kidnapping"
253,"undefined","undefined","undefined",1112,undefined,undefined,1,2,2,"Assault/Violent","Detailed facts about Assault/Violent"
254,"undefined","undefined","undefined",1165,undefined,undefined,1,2,1,"Assault/Violent","Detailed facts about Assault/Violent"
255,"undefined","undefined","undefined",1013,undefined,undefined,1,1,2,"Robbery/Dacoity","Detailed facts about Robbery/Dacoity"
256,"undefined","undefined","undefined",1007,undefined,undefined,1,1,3,"Assault/Violent","Detailed facts about Assault/Violent"
257,"undefined","undefined","undefined",1121,undefined,undefined,1,2,2,"Cybercrime","Detailed facts about Cybercrime"
258,"undefined","undefined","undefined",1225,undefined,undefined,1,2,1,"Cybercrime","Detailed facts about Cybercrime"
259,"undefined","undefined","undefined",1047,undefined,undefined,1,2,2,"Fraud/Cheating","Detailed facts about Fraud/Cheating"
260,"undefined","undefined","undefined",1024,undefined,undefined,1,1,1,"Murder/Attempt","Detailed facts about Murder/Attempt"
261,"undefined","undefined","undefined",1085,undefined,undefined,1,2,2,"Theft/Property","Detailed facts about Theft/Property"
262,"undefined","undefined","undefined",1053,undefined,undefined,1,1,3,"Assault/Violent","Detailed facts about Assault/Violent"
263,"undefined","undefined","undefined",1187,undefined,undefined,1,2,1,"Kidnapping","Detailed facts about Kidnapping"
264,"undefined","undefined","undefined",1212,undefined,undefined,1,2,2,"Cybercrime","Detailed facts about Cybercrime"
265,"undefined","undefined","undefined",1158,undefined,undefined,1,2,4,"Cybercrime","Detailed facts about Cybercrime"
266,"undefined","undefined","undefined",1025,undefined,undefined,1,2,4,"Assault/Violent","Detailed facts about Assault/Violent"
267,"undefined","undefined","undefined",1014,undefined,undefined,1,2,1,"Theft/Property","Detailed facts about Theft/Property"
268,"undefined","undefined","undefined",1005,undefined,undefined,1,2,2,"Theft/Property","Detailed facts about Theft/Property"
269,"undefined","undefined","undefined",1011,undefined,undefined,1,2,4,"Assault/Violent","Detailed facts about Assault/Violent"
270,"undefined","undefined","undefined",1006,undefined,undefined,1,2,2,"Assault/Violent","Detailed facts about Assault/Violent"
271,"undefined","undefined","undefined",1204,undefined,undefined,1,2,1,"Cybercrime","Detailed facts about Cybercrime"
272,"undefined","undefined","undefined",1003,undefined,undefined,1,1,3,"Cybercrime","Detailed facts about Cybercrime"
273,"undefined","undefined","undefined",1015,undefined,undefined,1,1,3,"Robbery/Dacoity","Detailed facts about Robbery/Dacoity"
274,"undefined","undefined","undefined",1035,undefined,undefined,1,2,1,"Assault/Violent","Detailed facts about Assault/Violent"
275,"undefined","undefined","undefined",1010,undefined,undefined,1,2,4,"Cybercrime","Detailed facts about Cybercrime"
276,"undefined","undefined","undefined",1014,undefined,undefined,1,2,2,"Assault/Violent","Detailed facts about Assault/Violent"
277,"undefined","undefined","undefined",1087,undefined,undefined,1,1,2,"Assault/Violent","Detailed facts about Assault/Violent"
278,"undefined","undefined","undefined",1007,undefined,undefined,1,1,2,"Kidnapping","Detailed facts about Kidnapping"
279,"undefined","undefined","undefined",1005,undefined,undefined,1,2,4,"Robbery/Dacoity","Detailed facts about Robbery/Dacoity"
280,"undefined","undefined","undefined",1119,undefined,undefined,1,1,1,"Robbery/Dacoity","Detailed facts about Robbery/Dacoity"
281,"undefined","undefined","undefined",1145,undefined,undefined,1,2,1,"Cybercrime","Detailed facts about Cybercrime"
282,"undefined","undefined","undefined",1229,undefined,undefined,1,2,3,"Cybercrime","Detailed facts about Cybercrime"
283,"undefined","undefined","undefined",1046,undefined,undefined,1,2,4,"Cybercrime","Detailed facts about Cybercrime"
284,"undefined","undefined","undefined",1014,undefined,undefined,1,2,1,"Theft/Property","Detailed facts about Theft/Property"
285,"undefined","undefined","undefined",1008,undefined,undefined,1,1,1,"Theft/Property","Detailed facts about Theft/Property"
286,"undefined","undefined","undefined",1011,undefined,undefined,1,2,1,"Murder/Attempt","Detailed facts about Murder/Attempt"
287,"undefined","undefined","undefined",1006,undefined,undefined,1,1,2,"Assault/Violent","Detailed facts about Assault/Violent"
288,"undefined","undefined","undefined",1032,undefined,undefined,1,2,1,"Cybercrime","Detailed facts about Cybercrime"
289,"undefined","undefined","undefined",1007,undefined,undefined,1,1,4,"Fraud/Cheating","Detailed facts about Fraud/Cheating"
290,"undefined","undefined","undefined",1011,undefined,undefined,1,1,4,"Murder/Attempt","Detailed facts about Murder/Attempt"
291,"undefined","undefined","undefined",1015,undefined,undefined,1,1,1,"Theft/Property","Detailed facts about Theft/Property"
292,"undefined","undefined","undefined",1005,undefined,undefined,1,2,3,"Narcotics","Detailed facts about Narcotics"
293,"undefined","undefined","undefined",1025,undefined,undefined,1,2,3,"Theft/Property","Detailed facts about Theft/Property"
294,"undefined","undefined","undefined",1124,undefined,undefined,1,2,1,"Assault/Violent","Detailed facts about Assault/Violent"
295,"undefined","undefined","undefined",1010,undefined,undefined,1,2,4,"Cybercrime","Detailed facts about Cybercrime"
296,"undefined","undefined","undefined",1011,undefined,undefined,1,2,2,"Theft/Property","Detailed facts about Theft/Property"
297,"undefined","undefined","undefined",1222,undefined,undefined,1,2,3,"Others","Detailed facts about Others"
298,"undefined","undefined","undefined",1010,undefined,undefined,1,1,4,"Fraud/Cheating","Detailed facts about Fraud/Cheating"
299,"undefined","undefined","undefined",1168,undefined,undefined,1,1,2,"Theft/Property","Detailed facts about Theft/Property"
300,"undefined","undefined","undefined",1010,undefined,undefined,1,2,1,"Murder/Attempt","Detailed facts about Murder/Attempt"
301,"undefined","undefined","undefined",1012,undefined,undefined,1,2,4,"Robbery/Dacoity","Detailed facts about Robbery/Dacoity"
302,"undefined","undefined","undefined",1002,undefined,undefined,1,2,2,"Theft/Property","Detailed facts about Theft/Property"
303,"undefined","undefined","undefined",1012,undefined,undefined,1,1,1,"Fraud/Cheating","Detailed facts about Fraud/Cheating"
304,"undefined","undefined","undefined",1064,undefined,undefined,1,2,4,"Robbery/Dacoity","Detailed facts about Robbery/Dacoity"
305,"undefined","undefined","undefined",1010,undefined,undefined,1,1,3,"Narcotics","Detailed facts about Narcotics"
306,"undefined","undefined","undefined",1006,undefined,undefined,1,2,1,"Fraud/Cheating","Detailed facts about Fraud/Cheating"
307,"undefined","undefined","undefined",1012,undefined,undefined,1,2,4,"Theft/Property","Detailed facts about Theft/Property"
308,"undefined","undefined","undefined",1168,undefined,undefined,1,2,2,"Theft/Property","Detailed facts about Theft/Property"
309,"undefined","undefined","undefined",1002,undefined,undefined,1,2,1,"Theft/Property","Detailed facts about Theft/Property"
310,"undefined","undefined","undefined",1015,undefined,undefined,1,2,2,"Theft/Property","Detailed facts about Theft/Property"
311,"undefined","undefined","undefined",1024,undefined,undefined,1,2,2,"Theft/Property","Detailed facts about Theft/Property"
312,"undefined","undefined","undefined",1002,undefined,undefined,1,2,1,"Theft/Property","Detailed facts about Theft/Property"
313,"undefined","undefined","undefined",1061,undefined,undefined,1,2,1,"Cybercrime","Detailed facts about Cybercrime"
314,"undefined","undefined","undefined",1008,undefined,undefined,1,1,2,"Cybercrime","Detailed facts about Cybercrime"
315,"undefined","undefined","undefined",1014,undefined,undefined,1,2,3,"Assault/Violent","Detailed facts about Assault/Violent"
316,"undefined","undefined","undefined",1019,undefined,undefined,1,2,3,"Cybercrime","Detailed facts about Cybercrime"
317,"undefined","undefined","undefined",1025,undefined,undefined,1,2,4,"Narcotics","Detailed facts about Narcotics"
318,"undefined","undefined","undefined",1013,undefined,undefined,1,2,2,"Cybercrime","Detailed facts about Cybercrime"
319,"undefined","undefined","undefined",1229,undefined,undefined,1,1,1,"Murder/Attempt","Detailed facts about Murder/Attempt"
320,"undefined","undefined","undefined",1006,undefined,undefined,1,2,3,"Assault/Violent","Detailed facts about Assault/Violent"
321,"undefined","undefined","undefined",1003,undefined,undefined,1,1,3,"Assault/Violent","Detailed facts about Assault/Violent"
322,"undefined","undefined","undefined",1125,undefined,undefined,1,2,1,"Kidnapping","Detailed facts about Kidnapping"
323,"undefined","undefined","undefined",1010,undefined,undefined,1,2,1,"Cybercrime","Detailed facts about Cybercrime"
324,"undefined","undefined","undefined",1123,undefined,undefined,1,1,1,"Murder/Attempt","Detailed facts about Murder/Attempt"
325,"undefined","undefined","undefined",1104,undefined,undefined,1,2,2,"Robbery/Dacoity","Detailed facts about Robbery/Dacoity"
326,"undefined","undefined","undefined",1032,undefined,undefined,1,2,1,"Murder/Attempt","Detailed facts about Murder/Attempt"
327,"undefined","undefined","undefined",1157,undefined,undefined,1,2,1,"Cybercrime","Detailed facts about Cybercrime"
328,"undefined","undefined","undefined",1008,undefined,undefined,1,2,1,"Theft/Property","Detailed facts about Theft/Property"
329,"undefined","undefined","undefined",1163,undefined,undefined,1,1,1,"Theft/Property","Detailed facts about Theft/Property"
330,"undefined","undefined","undefined",1014,undefined,undefined,1,1,2,"Robbery/Dacoity","Detailed facts about Robbery/Dacoity"
331,"undefined","undefined","undefined",1024,undefined,undefined,1,2,4,"Narcotics","Detailed facts about Narcotics"
332,"undefined","undefined","undefined",1083,undefined,undefined,1,2,2,"Theft/Property","Detailed facts about Theft/Property"
333,"undefined","undefined","undefined",1045,undefined,undefined,1,2,2,"Assault/Violent","Detailed facts about Assault/Violent"
334,"undefined","undefined","undefined",1002,undefined,undefined,1,2,1,"Cybercrime","Detailed facts about Cybercrime"
335,"undefined","undefined","undefined",1013,undefined,undefined,1,1,2,"Narcotics","Detailed facts about Narcotics"
336,"undefined","undefined","undefined",1015,undefined,undefined,1,1,3,"Theft/Property","Detailed facts about Theft/Property"
337,"undefined","undefined","undefined",1009,undefined,undefined,1,2,2,"Narcotics","Detailed facts about Narcotics"
338,"undefined","undefined","undefined",1008,undefined,undefined,1,2,3,"Robbery/Dacoity","Detailed facts about Robbery/Dacoity"
339,"undefined","undefined","undefined",1055,undefined,undefined,1,2,1,"Cybercrime","Detailed facts about Cybercrime"
340,"undefined","undefined","undefined",1011,undefined,undefined,1,1,2,"Assault/Violent","Detailed facts about Assault/Violent"
341,"undefined","undefined","undefined",1040,undefined,undefined,1,2,3,"Kidnapping","Detailed facts about Kidnapping"
342,"undefined","undefined","undefined",1218,undefined,undefined,1,2,1,"Kidnapping","Detailed facts about Kidnapping"
343,"undefined","undefined","undefined",1008,undefined,undefined,1,1,2,"Cybercrime","Detailed facts about Cybercrime"
344,"undefined","undefined","undefined",1058,undefined,undefined,1,2,1,"Others","Detailed facts about Others"
345,"undefined","undefined","undefined",1014,undefined,undefined,1,2,1,"Cybercrime","Detailed facts about Cybercrime"
346,"undefined","undefined","undefined",1028,undefined,undefined,1,2,2,"Cybercrime","Detailed facts about Cybercrime"
347,"undefined","undefined","undefined",1064,undefined,undefined,1,2,3,"Others","Detailed facts about Others"
348,"undefined","undefined","undefined",1004,undefined,undefined,1,2,1,"Cybercrime","Detailed facts about Cybercrime"
349,"undefined","undefined","undefined",1060,undefined,undefined,1,1,1,"Assault/Violent","Detailed facts about Assault/Violent"
350,"undefined","undefined","undefined",1025,undefined,undefined,1,2,2,"Theft/Property","Detailed facts about Theft/Property"
351,"undefined","undefined","undefined",1056,undefined,undefined,1,1,1,"Theft/Property","Detailed facts about Theft/Property"
352,"undefined","undefined","undefined",1004,undefined,undefined,1,1,2,"Murder/Attempt","Detailed facts about Murder/Attempt"
353,"undefined","undefined","undefined",1188,undefined,undefined,1,2,2,"Theft/Property","Detailed facts about Theft/Property"
354,"undefined","undefined","undefined",1209,undefined,undefined,1,1,1,"Cybercrime","Detailed facts about Cybercrime"
355,"undefined","undefined","undefined",1132,undefined,undefined,1,2,1,"Theft/Property","Detailed facts about Theft/Property"
356,"undefined","undefined","undefined",1158,undefined,undefined,1,1,3,"Theft/Property","Detailed facts about Theft/Property"
357,"undefined","undefined","undefined",1007,undefined,undefined,1,2,2,"Others","Detailed facts about Others"
358,"undefined","undefined","undefined",1126,undefined,undefined,1,2,2,"Fraud/Cheating","Detailed facts about Fraud/Cheating"
359,"undefined","undefined","undefined",1041,undefined,undefined,1,2,4,"Fraud/Cheating","Detailed facts about Fraud/Cheating"
360,"undefined","undefined","undefined",1015,undefined,undefined,1,2,2,"Cybercrime","Detailed facts about Cybercrime"
361,"undefined","undefined","undefined",1102,undefined,undefined,1,2,2,"Assault/Violent","Detailed facts about Assault/Violent"
362,"undefined","undefined","undefined",1058,undefined,undefined,1,2,1,"Murder/Attempt","Detailed facts about Murder/Attempt"
363,"undefined","undefined","undefined",1156,undefined,undefined,1,2,1,"Cybercrime","Detailed facts about Cybercrime"
364,"undefined","undefined","undefined",1132,undefined,undefined,1,2,2,"Theft/Property","Detailed facts about Theft/Property"
365,"undefined","undefined","undefined",1007,undefined,undefined,1,2,1,"Assault/Violent","Detailed facts about Assault/Violent"
366,"undefined","undefined","undefined",1027,undefined,undefined,1,2,2,"Others","Detailed facts about Others"
367,"undefined","undefined","undefined",1029,undefined,undefined,1,1,2,"Cybercrime","Detailed facts about Cybercrime"
368,"undefined","undefined","undefined",1070,undefined,undefined,1,1,1,"Assault/Violent","Detailed facts about Assault/Violent"
369,"undefined","undefined","undefined",1014,undefined,undefined,1,2,2,"Cybercrime","Detailed facts about Cybercrime"
370,"undefined","undefined","undefined",1015,undefined,undefined,1,1,3,"Assault/Violent","Detailed facts about Assault/Violent"
371,"undefined","undefined","undefined",1040,undefined,undefined,1,2,3,"Assault/Violent","Detailed facts about Assault/Violent"
372,"undefined","undefined","undefined",1007,undefined,undefined,1,2,1,"Assault/Violent","Detailed facts about Assault/Violent"
373,"undefined","undefined","undefined",1212,undefined,undefined,1,2,3,"Theft/Property","Detailed facts about Theft/Property"
374,"undefined","undefined","undefined",1082,undefined,undefined,1,2,1,"Cybercrime","Detailed facts about Cybercrime"
375,"undefined","undefined","undefined",1039,undefined,undefined,1,2,2,"Robbery/Dacoity","Detailed facts about Robbery/Dacoity"
376,"undefined","undefined","undefined",1175,undefined,undefined,1,2,1,"Kidnapping","Detailed facts about Kidnapping"
377,"undefined","undefined","undefined",1005,undefined,undefined,1,2,1,"Others","Detailed facts about Others"
378,"undefined","undefined","undefined",1039,undefined,undefined,1,2,3,"Cybercrime","Detailed facts about Cybercrime"
379,"undefined","undefined","undefined",1011,undefined,undefined,1,2,1,"Narcotics","Detailed facts about Narcotics"
380,"undefined","undefined","undefined",1102,undefined,undefined,1,2,2,"Murder/Attempt","Detailed facts about Murder/Attempt"
381,"undefined","undefined","undefined",1047,undefined,undefined,1,1,1,"Theft/Property","Detailed facts about Theft/Property"
382,"undefined","undefined","undefined",1005,undefined,undefined,1,2,2,"Cybercrime","Detailed facts about Cybercrime"
383,"undefined","undefined","undefined",1119,undefined,undefined,1,2,1,"Assault/Violent","Detailed facts about Assault/Violent"
384,"undefined","undefined","undefined",1002,undefined,undefined,1,2,1,"Cybercrime","Detailed facts about Cybercrime"
385,"undefined","undefined","undefined",1013,undefined,undefined,1,1,1,"Assault/Violent","Detailed facts about Assault/Violent"
386,"undefined","undefined","undefined",1011,undefined,undefined,1,2,1,"Others","Detailed facts about Others"
387,"undefined","undefined","undefined",1038,undefined,undefined,1,1,3,"Narcotics","Detailed facts about Narcotics"
388,"undefined","undefined","undefined",1009,undefined,undefined,1,1,1,"Others","Detailed facts about Others"
389,"undefined","undefined","undefined",1055,undefined,undefined,1,2,2,"Murder/Attempt","Detailed facts about Murder/Attempt"
390,"undefined","undefined","undefined",1132,undefined,undefined,1,2,2,"Cybercrime","Detailed facts about Cybercrime"
391,"undefined","undefined","undefined",1005,undefined,undefined,1,1,1,"Theft/Property","Detailed facts about Theft/Property"
392,"undefined","undefined","undefined",1085,undefined,undefined,1,2,1,"Cybercrime","Detailed facts about Cybercrime"
393,"undefined","undefined","undefined",1110,undefined,undefined,1,2,3,"Theft/Property","Detailed facts about Theft/Property"
394,"undefined","undefined","undefined",1155,undefined,undefined,1,2,4,"Theft/Property","Detailed facts about Theft/Property"
395,"undefined","undefined","undefined",1042,undefined,undefined,1,2,3,"Cybercrime","Detailed facts about Cybercrime"
396,"undefined","undefined","undefined",1179,undefined,undefined,1,2,1,"Theft/Property","Detailed facts about Theft/Property"
397,"undefined","undefined","undefined",1011,undefined,undefined,1,2,2,"Kidnapping","Detailed facts about Kidnapping"
398,"undefined","undefined","undefined",1002,undefined,undefined,1,1,1,"Cybercrime","Detailed facts about Cybercrime"
399,"undefined","undefined","undefined",1004,undefined,undefined,1,1,2,"Assault/Violent","Detailed facts about Assault/Violent"
400,"undefined","undefined","undefined",1135,undefined,undefined,1,2,1,"Cybercrime","Detailed facts about Cybercrime"
401,"undefined","undefined","undefined",1095,undefined,undefined,1,2,3,"Theft/Property","Detailed facts about Theft/Property"
402,"undefined","undefined","undefined",1009,undefined,undefined,1,2,2,"Theft/Property","Detailed facts about Theft/Property"
403,"undefined","undefined","undefined",1136,undefined,undefined,1,2,2,"Robbery/Dacoity","Detailed facts about Robbery/Dacoity"
404,"undefined","undefined","undefined",1054,undefined,undefined,1,2,2,"Theft/Property","Detailed facts about Theft/Property"
405,"undefined","undefined","undefined",1009,undefined,undefined,1,2,1,"Fraud/Cheating","Detailed facts about Fraud/Cheating"
406,"undefined","undefined","undefined",1010,undefined,undefined,1,1,2,"Fraud/Cheating","Detailed facts about Fraud/Cheating"
407,"undefined","undefined","undefined",1006,undefined,undefined,1,2,1,"Theft/Property","Detailed facts about Theft/Property"
408,"undefined","undefined","undefined",1053,undefined,undefined,1,1,2,"Fraud/Cheating","Detailed facts about Fraud/Cheating"
409,"undefined","undefined","undefined",1011,undefined,undefined,1,2,3,"Assault/Violent","Detailed facts about Assault/Violent"
410,"undefined","undefined","undefined",1031,undefined,undefined,1,2,1,"Assault/Violent","Detailed facts about Assault/Violent"
411,"undefined","undefined","undefined",1006,undefined,undefined,1,2,1,"Fraud/Cheating","Detailed facts about Fraud/Cheating"
412,"undefined","undefined","undefined",1014,undefined,undefined,1,1,2,"Cybercrime","Detailed facts about Cybercrime"
413,"undefined","undefined","undefined",1005,undefined,undefined,1,2,3,"Assault/Violent","Detailed facts about Assault/Violent"
414,"undefined","undefined","undefined",1138,undefined,undefined,1,1,2,"Theft/Property","Detailed facts about Theft/Property"
415,"undefined","undefined","undefined",1111,undefined,undefined,1,1,1,"Theft/Property","Detailed facts about Theft/Property"
416,"undefined","undefined","undefined",1001,undefined,undefined,1,2,1,"Assault/Violent","Detailed facts about Assault/Violent"
417,"undefined","undefined","undefined",1181,undefined,undefined,1,2,4,"Kidnapping","Detailed facts about Kidnapping"
418,"undefined","undefined","undefined",1034,undefined,undefined,1,1,3,"Assault/Violent","Detailed facts about Assault/Violent"
419,"undefined","undefined","undefined",1124,undefined,undefined,1,1,1,"Assault/Violent","Detailed facts about Assault/Violent"
420,"undefined","undefined","undefined",1027,undefined,undefined,1,2,1,"Theft/Property","Detailed facts about Theft/Property"
421,"undefined","undefined","undefined",1032,undefined,undefined,1,1,2,"Theft/Property","Detailed facts about Theft/Property"
422,"undefined","undefined","undefined",1014,undefined,undefined,1,1,2,"Theft/Property","Detailed facts about Theft/Property"
423,"undefined","undefined","undefined",1036,undefined,undefined,1,2,1,"Assault/Violent","Detailed facts about Assault/Violent"
424,"undefined","undefined","undefined",1014,undefined,undefined,1,1,2,"Robbery/Dacoity","Detailed facts about Robbery/Dacoity"
425,"undefined","undefined","undefined",1009,undefined,undefined,1,1,1,"Cybercrime","Detailed facts about Cybercrime"
426,"undefined","undefined","undefined",1010,undefined,undefined,1,1,4,"Robbery/Dacoity","Detailed facts about Robbery/Dacoity"
427,"undefined","undefined","undefined",1013,undefined,undefined,1,2,1,"Fraud/Cheating","Detailed facts about Fraud/Cheating"
428,"undefined","undefined","undefined",1125,undefined,undefined,1,1,1,"Fraud/Cheating","Detailed facts about Fraud/Cheating"
429,"undefined","undefined","undefined",1230,undefined,undefined,1,2,4,"Theft/Property","Detailed facts about Theft/Property"
430,"undefined","undefined","undefined",1042,undefined,undefined,1,2,2,"Theft/Property","Detailed facts about Theft/Property"
431,"undefined","undefined","undefined",1007,undefined,undefined,1,2,3,"Cybercrime","Detailed facts about Cybercrime"
432,"undefined","undefined","undefined",1136,undefined,undefined,1,2,2,"Fraud/Cheating","Detailed facts about Fraud/Cheating"
433,"undefined","undefined","undefined",1033,undefined,undefined,1,1,3,"Assault/Violent","Detailed facts about Assault/Violent"
434,"undefined","undefined","undefined",1129,undefined,undefined,1,1,2,"Assault/Violent","Detailed facts about Assault/Violent"
435,"undefined","undefined","undefined",1138,undefined,undefined,1,1,4,"Others","Detailed facts about Others"
436,"undefined","undefined","undefined",1065,undefined,undefined,1,1,3,"Robbery/Dacoity","Detailed facts about Robbery/Dacoity"
437,"undefined","undefined","undefined",1150,undefined,undefined,1,2,1,"Robbery/Dacoity","Detailed facts about Robbery/Dacoity"
438,"undefined","undefined","undefined",1153,undefined,undefined,1,2,2,"Theft/Property","Detailed facts about Theft/Property"
439,"undefined","undefined","undefined",1220,undefined,undefined,1,1,1,"Cybercrime","Detailed facts about Cybercrime"
440,"undefined","undefined","undefined",1160,undefined,undefined,1,1,2,"Others","Detailed facts about Others"
441,"undefined","undefined","undefined",1010,undefined,undefined,1,2,1,"Cybercrime","Detailed facts about Cybercrime"
442,"undefined","undefined","undefined",1075,undefined,undefined,1,2,1,"Kidnapping","Detailed facts about Kidnapping"
443,"undefined","undefined","undefined",1005,undefined,undefined,1,2,2,"Assault/Violent","Detailed facts about Assault/Violent"
444,"undefined","undefined","undefined",1007,undefined,undefined,1,2,2,"Cybercrime","Detailed facts about Cybercrime"
445,"undefined","undefined","undefined",1012,undefined,undefined,1,2,2,"Cybercrime","Detailed facts about Cybercrime"
446,"undefined","undefined","undefined",1191,undefined,undefined,1,2,2,"Cybercrime","Detailed facts about Cybercrime"
447,"undefined","undefined","undefined",1013,undefined,undefined,1,1,2,"Theft/Property","Detailed facts about Theft/Property"
448,"undefined","undefined","undefined",1026,undefined,undefined,1,2,1,"Fraud/Cheating","Detailed facts about Fraud/Cheating"
449,"undefined","undefined","undefined",1006,undefined,undefined,1,2,3,"Fraud/Cheating","Detailed facts about Fraud/Cheating"
450,"undefined","undefined","undefined",1010,undefined,undefined,1,2,2,"Others","Detailed facts about Others"
451,"undefined","undefined","undefined",1201,undefined,undefined,1,1,1,"Cybercrime","Detailed facts about Cybercrime"
452,"undefined","undefined","undefined",1107,undefined,undefined,1,1,3,"Theft/Property","Detailed facts about Theft/Property"
453,"undefined","undefined","undefined",1026,undefined,undefined,1,2,3,"Assault/Violent","Detailed facts about Assault/Violent"
454,"undefined","undefined","undefined",1032,undefined,undefined,1,2,2,"Assault/Violent","Detailed facts about Assault/Violent"
455,"undefined","undefined","undefined",1105,undefined,undefined,1,2,2,"Fraud/Cheating","Detailed facts about Fraud/Cheating"
456,"undefined","undefined","undefined",1005,undefined,undefined,1,1,2,"Theft/Property","Detailed facts about Theft/Property"
457,"undefined","undefined","undefined",1069,undefined,undefined,1,1,1,"Theft/Property","Detailed facts about Theft/Property"
458,"undefined","undefined","undefined",1022,undefined,undefined,1,2,1,"Cybercrime","Detailed facts about Cybercrime"
459,"undefined","undefined","undefined",1111,undefined,undefined,1,1,1,"Theft/Property","Detailed facts about Theft/Property"
460,"undefined","undefined","undefined",1008,undefined,undefined,1,1,4,"Theft/Property","Detailed facts about Theft/Property"
461,"undefined","undefined","undefined",1003,undefined,undefined,1,2,1,"Robbery/Dacoity","Detailed facts about Robbery/Dacoity"
462,"undefined","undefined","undefined",1128,undefined,undefined,1,2,1,"Theft/Property","Detailed facts about Theft/Property"
463,"undefined","undefined","undefined",1027,undefined,undefined,1,1,3,"Murder/Attempt","Detailed facts about Murder/Attempt"
464,"undefined","undefined","undefined",1024,undefined,undefined,1,2,2,"Assault/Violent","Detailed facts about Assault/Violent"
465,"undefined","undefined","undefined",1006,undefined,undefined,1,2,1,"Fraud/Cheating","Detailed facts about Fraud/Cheating"
466,"undefined","undefined","undefined",1001,undefined,undefined,1,1,3,"Theft/Property","Detailed facts about Theft/Property"
467,"undefined","undefined","undefined",1001,undefined,undefined,1,1,1,"Robbery/Dacoity","Detailed facts about Robbery/Dacoity"
468,"undefined","undefined","undefined",1010,undefined,undefined,1,2,3,"Others","Detailed facts about Others"
469,"undefined","undefined","undefined",1122,undefined,undefined,1,2,1,"Cybercrime","Detailed facts about Cybercrime"
470,"undefined","undefined","undefined",1015,undefined,undefined,1,1,1,"Assault/Violent","Detailed facts about Assault/Violent"
471,"undefined","undefined","undefined",1012,undefined,undefined,1,2,3,"Theft/Property","Detailed facts about Theft/Property"
472,"undefined","undefined","undefined",1041,undefined,undefined,1,2,1,"Robbery/Dacoity","Detailed facts about Robbery/Dacoity"
473,"undefined","undefined","undefined",1049,undefined,undefined,1,2,1,"Fraud/Cheating","Detailed facts about Fraud/Cheating"
474,"undefined","undefined","undefined",1007,undefined,undefined,1,1,1,"Cybercrime","Detailed facts about Cybercrime"
475,"undefined","undefined","undefined",1001,undefined,undefined,1,1,1,"Fraud/Cheating","Detailed facts about Fraud/Cheating"
476,"undefined","undefined","undefined",1045,undefined,undefined,1,1,3,"Others","Detailed facts about Others"
477,"undefined","undefined","undefined",1009,undefined,undefined,1,2,3,"Murder/Attempt","Detailed facts about Murder/Attempt"
478,"undefined","undefined","undefined",1146,undefined,undefined,1,2,2,"Theft/Property","Detailed facts about Theft/Property"
479,"undefined","undefined","undefined",1200,undefined,undefined,1,2,2,"Theft/Property","Detailed facts about Theft/Property"
480,"undefined","undefined","undefined",1013,undefined,undefined,1,2,4,"Assault/Violent","Detailed facts about Assault/Violent"
481,"undefined","undefined","undefined",1181,undefined,undefined,1,2,1,"Murder/Attempt","Detailed facts about Murder/Attempt"
482,"undefined","undefined","undefined",1040,undefined,undefined,1,1,1,"Narcotics","Detailed facts about Narcotics"
483,"undefined","undefined","undefined",1001,undefined,undefined,1,2,4,"Cybercrime","Detailed facts about Cybercrime"
484,"undefined","undefined","undefined",1142,undefined,undefined,1,2,1,"Assault/Violent","Detailed facts about Assault/Violent"
485,"undefined","undefined","undefined",1010,undefined,undefined,1,2,3,"Cybercrime","Detailed facts about Cybercrime"
486,"undefined","undefined","undefined",1014,undefined,undefined,1,2,1,"Murder/Attempt","Detailed facts about Murder/Attempt"
487,"undefined","undefined","undefined",1120,undefined,undefined,1,2,3,"Theft/Property","Detailed facts about Theft/Property"
488,"undefined","undefined","undefined",1153,undefined,undefined,1,1,1,"Cybercrime","Detailed facts about Cybercrime"
489,"undefined","undefined","undefined",1095,undefined,undefined,1,2,1,"Robbery/Dacoity","Detailed facts about Robbery/Dacoity"
490,"undefined","undefined","undefined",1008,undefined,undefined,1,2,2,"Robbery/Dacoity","Detailed facts about Robbery/Dacoity"
491,"undefined","undefined","undefined",1110,undefined,undefined,1,1,1,"Cybercrime","Detailed facts about Cybercrime"
492,"undefined","undefined","undefined",1116,undefined,undefined,1,2,3,"Cybercrime","Detailed facts about Cybercrime"
493,"undefined","undefined","undefined",1006,undefined,undefined,1,2,3,"Fraud/Cheating","Detailed facts about Fraud/Cheating"
494,"undefined","undefined","undefined",1153,undefined,undefined,1,2,1,"Cybercrime","Detailed facts about Cybercrime"
495,"undefined","undefined","undefined",1009,undefined,undefined,1,2,2,"Cybercrime","Detailed facts about Cybercrime"
496,"undefined","undefined","undefined",1015,undefined,undefined,1,1,2,"Cybercrime","Detailed facts about Cybercrime"
497,"undefined","undefined","undefined",1007,undefined,undefined,1,2,1,"Fraud/Cheating","Detailed facts about Fraud/Cheating"
498,"undefined","undefined","undefined",1217,undefined,undefined,1,2,2,"Assault/Violent","Detailed facts about Assault/Violent"
499,"undefined","undefined","undefined",1078,undefined,undefined,1,2,1,"Narcotics","Detailed facts about Narcotics"
500,"undefined","undefined","undefined",1047,undefined,undefined,1,2,1,"Theft/Property","Detailed facts about Theft/Property"
501,"undefined","undefined","undefined",1038,undefined,undefined,1,2,2,"Cybercrime","Detailed facts about Cybercrime"
502,"undefined","undefined","undefined",1018,undefined,undefined,1,1,1,"Others","Detailed facts about Others"
503,"undefined","undefined","undefined",1037,undefined,undefined,1,2,3,"Theft/Property","Detailed facts about Theft/Property"
504,"undefined","undefined","undefined",1061,undefined,undefined,1,2,1,"Theft/Property","Detailed facts about Theft/Property"
505,"undefined","undefined","undefined",1006,undefined,undefined,1,2,3,"Others","Detailed facts about Others"
506,"undefined","undefined","undefined",1004,undefined,undefined,1,2,2,"Cybercrime","Detailed facts about Cybercrime"
507,"undefined","undefined","undefined",1001,undefined,undefined,1,1,1,"Cybercrime","Detailed facts about Cybercrime"
508,"undefined","undefined","undefined",1026,undefined,undefined,1,2,1,"Cybercrime","Detailed facts about Cybercrime"
509,"undefined","undefined","undefined",1003,undefined,undefined,1,1,2,"Kidnapping","Detailed facts about Kidnapping"
510,"undefined","undefined","undefined",1012,undefined,undefined,1,2,2,"Robbery/Dacoity","Detailed facts about Robbery/Dacoity"
511,"undefined","undefined","undefined",1070,undefined,undefined,1,2,3,"Cybercrime","Detailed facts about Cybercrime"
512,"undefined","undefined","undefined",1042,undefined,undefined,1,2,2,"Cybercrime","Detailed facts about Cybercrime"
513,"undefined","undefined","undefined",1009,undefined,undefined,1,1,2,"Assault/Violent","Detailed facts about Assault/Violent"
514,"undefined","undefined","undefined",1175,undefined,undefined,1,2,1,"Theft/Property","Detailed facts about Theft/Property"
515,"undefined","undefined","undefined",1028,undefined,undefined,1,1,2,"Fraud/Cheating","Detailed facts about Fraud/Cheating"
516,"undefined","undefined","undefined",1009,undefined,undefined,1,2,1,"Robbery/Dacoity","Detailed facts about Robbery/Dacoity"
517,"undefined","undefined","undefined",1006,undefined,undefined,1,2,1,"Kidnapping","Detailed facts about Kidnapping"
518,"undefined","undefined","undefined",1012,undefined,undefined,1,2,1,"Theft/Property","Detailed facts about Theft/Property"
519,"undefined","undefined","undefined",1031,undefined,undefined,1,2,2,"Murder/Attempt","Detailed facts about Murder/Attempt"
520,"undefined","undefined","undefined",1033,undefined,undefined,1,1,1,"Cybercrime","Detailed facts about Cybercrime"
521,"undefined","undefined","undefined",1003,undefined,undefined,1,1,4,"Fraud/Cheating","Detailed facts about Fraud/Cheating"
522,"undefined","undefined","undefined",1005,undefined,undefined,1,2,1,"Robbery/Dacoity","Detailed facts about Robbery/Dacoity"
523,"undefined","undefined","undefined",1006,undefined,undefined,1,2,1,"Murder/Attempt","Detailed facts about Murder/Attempt"
524,"undefined","undefined","undefined",1161,undefined,undefined,1,2,2,"Theft/Property","Detailed facts about Theft/Property"
525,"undefined","undefined","undefined",1227,undefined,undefined,1,2,1,"Theft/Property","Detailed facts about Theft/Property"
526,"undefined","undefined","undefined",1042,undefined,undefined,1,2,1,"Assault/Violent","Detailed facts about Assault/Violent"
527,"undefined","undefined","undefined",1011,undefined,undefined,1,1,1,"Robbery/Dacoity","Detailed facts about Robbery/Dacoity"
528,"undefined","undefined","undefined",1127,undefined,undefined,1,2,1,"Fraud/Cheating","Detailed facts about Fraud/Cheating"
529,"undefined","undefined","undefined",1011,undefined,undefined,1,1,3,"Theft/Property","Detailed facts about Theft/Property"
530,"undefined","undefined","undefined",1186,undefined,undefined,1,2,2,"Robbery/Dacoity","Detailed facts about Robbery/Dacoity"
531,"undefined","undefined","undefined",1013,undefined,undefined,1,2,2,"Narcotics","Detailed facts about Narcotics"
532,"undefined","undefined","undefined",1011,undefined,undefined,1,1,1,"Robbery/Dacoity","Detailed facts about Robbery/Dacoity"
533,"undefined","undefined","undefined",1218,undefined,undefined,1,2,1,"Fraud/Cheating","Detailed facts about Fraud/Cheating"
534,"undefined","undefined","undefined",1007,undefined,undefined,1,1,1,"Assault/Violent","Detailed facts about Assault/Violent"
535,"undefined","undefined","undefined",1013,undefined,undefined,1,2,2,"Robbery/Dacoity","Detailed facts about Robbery/Dacoity"
536,"undefined","undefined","undefined",1015,undefined,undefined,1,2,3,"Robbery/Dacoity","Detailed facts about Robbery/Dacoity"
537,"undefined","undefined","undefined",1201,undefined,undefined,1,2,1,"Cybercrime","Detailed facts about Cybercrime"
538,"undefined","undefined","undefined",1153,undefined,undefined,1,2,2,"Assault/Violent","Detailed facts about Assault/Violent"
539,"undefined","undefined","undefined",1015,undefined,undefined,1,2,1,"Theft/Property","Detailed facts about Theft/Property"
540,"undefined","undefined","undefined",1002,undefined,undefined,1,2,1,"Others","Detailed facts about Others"
541,"undefined","undefined","undefined",1202,undefined,undefined,1,2,1,"Assault/Violent","Detailed facts about Assault/Violent"
542,"undefined","undefined","undefined",1015,undefined,undefined,1,2,3,"Cybercrime","Detailed facts about Cybercrime"
543,"undefined","undefined","undefined",1075,undefined,undefined,1,2,3,"Theft/Property","Detailed facts about Theft/Property"
544,"undefined","undefined","undefined",1026,undefined,undefined,1,2,3,"Murder/Attempt","Detailed facts about Murder/Attempt"
545,"undefined","undefined","undefined",1027,undefined,undefined,1,2,3,"Cybercrime","Detailed facts about Cybercrime"
546,"undefined","undefined","undefined",1024,undefined,undefined,1,2,2,"Assault/Violent","Detailed facts about Assault/Violent"
547,"undefined","undefined","undefined",1002,undefined,undefined,1,2,2,"Murder/Attempt","Detailed facts about Murder/Attempt"
548,"undefined","undefined","undefined",1007,undefined,undefined,1,1,2,"Fraud/Cheating","Detailed facts about Fraud/Cheating"
549,"undefined","undefined","undefined",1030,undefined,undefined,1,1,4,"Robbery/Dacoity","Detailed facts about Robbery/Dacoity"
550,"undefined","undefined","undefined",1041,undefined,undefined,1,1,4,"Assault/Violent","Detailed facts about Assault/Violent"
551,"undefined","undefined","undefined",1002,undefined,undefined,1,2,4,"Theft/Property","Detailed facts about Theft/Property"
552,"undefined","undefined","undefined",1052,undefined,undefined,1,1,2,"Fraud/Cheating","Detailed facts about Fraud/Cheating"
553,"undefined","undefined","undefined",1010,undefined,undefined,1,2,2,"Narcotics","Detailed facts about Narcotics"
554,"undefined","undefined","undefined",1026,undefined,undefined,1,2,3,"Cybercrime","Detailed facts about Cybercrime"
555,"undefined","undefined","undefined",1012,undefined,undefined,1,2,2,"Fraud/Cheating","Detailed facts about Fraud/Cheating"
556,"undefined","undefined","undefined",1007,undefined,undefined,1,1,1,"Murder/Attempt","Detailed facts about Murder/Attempt"
557,"undefined","undefined","undefined",1012,undefined,undefined,1,2,3,"Fraud/Cheating","Detailed facts about Fraud/Cheating"
558,"undefined","undefined","undefined",1050,undefined,undefined,1,1,2,"Assault/Violent","Detailed facts about Assault/Violent"
559,"undefined","undefined","undefined",1008,undefined,undefined,1,2,2,"Fraud/Cheating","Detailed facts about Fraud/Cheating"
560,"undefined","undefined","undefined",1071,undefined,undefined,1,2,4,"Assault/Violent","Detailed facts about Assault/Violent"
561,"undefined","undefined","undefined",1117,undefined,undefined,1,1,2,"Cybercrime","Detailed facts about Cybercrime"
562,"undefined","undefined","undefined",1128,undefined,undefined,1,2,3,"Narcotics","Detailed facts about Narcotics"
563,"undefined","undefined","undefined",1020,undefined,undefined,1,2,1,"Cybercrime","Detailed facts about Cybercrime"
564,"undefined","undefined","undefined",1005,undefined,undefined,1,1,2,"Theft/Property","Detailed facts about Theft/Property"
565,"undefined","undefined","undefined",1005,undefined,undefined,1,2,1,"Robbery/Dacoity","Detailed facts about Robbery/Dacoity"
566,"undefined","undefined","undefined",1013,undefined,undefined,1,1,1,"Assault/Violent","Detailed facts about Assault/Violent"
567,"undefined","undefined","undefined",1190,undefined,undefined,1,2,1,"Robbery/Dacoity","Detailed facts about Robbery/Dacoity"
568,"undefined","undefined","undefined",1049,undefined,undefined,1,2,2,"Fraud/Cheating","Detailed facts about Fraud/Cheating"
569,"undefined","undefined","undefined",1200,undefined,undefined,1,1,3,"Theft/Property","Detailed facts about Theft/Property"
570,"undefined","undefined","undefined",1006,undefined,undefined,1,2,2,"Fraud/Cheating","Detailed facts about Fraud/Cheating"
571,"undefined","undefined","undefined",1056,undefined,undefined,1,2,3,"Theft/Property","Detailed facts about Theft/Property"
572,"undefined","undefined","undefined",1096,undefined,undefined,1,1,1,"Assault/Violent","Detailed facts about Assault/Violent"
573,"undefined","undefined","undefined",1007,undefined,undefined,1,1,1,"Assault/Violent","Detailed facts about Assault/Violent"
574,"undefined","undefined","undefined",1044,undefined,undefined,1,1,2,"Others","Detailed facts about Others"
575,"undefined","undefined","undefined",1181,undefined,undefined,1,1,2,"Narcotics","Detailed facts about Narcotics"
576,"undefined","undefined","undefined",1230,undefined,undefined,1,1,3,"Fraud/Cheating","Detailed facts about Fraud/Cheating"
577,"undefined","undefined","undefined",1006,undefined,undefined,1,2,2,"Theft/Property","Detailed facts about Theft/Property"
578,"undefined","undefined","undefined",1008,undefined,undefined,1,1,1,"Cybercrime","Detailed facts about Cybercrime"
579,"undefined","undefined","undefined",1038,undefined,undefined,1,1,3,"Cybercrime","Detailed facts about Cybercrime"
580,"undefined","undefined","undefined",1181,undefined,undefined,1,2,3,"Assault/Violent","Detailed facts about Assault/Violent"
581,"undefined","undefined","undefined",1125,undefined,undefined,1,2,1,"Cybercrime","Detailed facts about Cybercrime"
582,"undefined","undefined","undefined",1229,undefined,undefined,1,2,2,"Theft/Property","Detailed facts about Theft/Property"
583,"undefined","undefined","undefined",1001,undefined,undefined,1,2,1,"Fraud/Cheating","Detailed facts about Fraud/Cheating"
584,"undefined","undefined","undefined",1055,undefined,undefined,1,2,2,"Cybercrime","Detailed facts about Cybercrime"
585,"undefined","undefined","undefined",1031,undefined,undefined,1,2,2,"Cybercrime","Detailed facts about Cybercrime"
586,"undefined","undefined","undefined",1032,undefined,undefined,1,2,1,"Robbery/Dacoity","Detailed facts about Robbery/Dacoity"
587,"undefined","undefined","undefined",1181,undefined,undefined,1,2,2,"Cybercrime","Detailed facts about Cybercrime"
588,"undefined","undefined","undefined",1010,undefined,undefined,1,1,3,"Murder/Attempt","Detailed facts about Murder/Attempt"
589,"undefined","undefined","undefined",1030,undefined,undefined,1,2,2,"Cybercrime","Detailed facts about Cybercrime"
590,"undefined","undefined","undefined",1002,undefined,undefined,1,2,1,"Cybercrime","Detailed facts about Cybercrime"
591,"undefined","undefined","undefined",1125,undefined,undefined,1,1,1,"Robbery/Dacoity","Detailed facts about Robbery/Dacoity"
592,"undefined","undefined","undefined",1056,undefined,undefined,1,2,2,"Fraud/Cheating","Detailed facts about Fraud/Cheating"
593,"undefined","undefined","undefined",1018,undefined,undefined,1,2,1,"Assault/Violent","Detailed facts about Assault/Violent"
594,"undefined","undefined","undefined",1019,undefined,undefined,1,1,3,"Cybercrime","Detailed facts about Cybercrime"
595,"undefined","undefined","undefined",1056,undefined,undefined,1,1,4,"Cybercrime","Detailed facts about Cybercrime"
596,"undefined","undefined","undefined",1006,undefined,undefined,1,2,4,"Cybercrime","Detailed facts about Cybercrime"
597,"undefined","undefined","undefined",1013,undefined,undefined,1,2,1,"Assault/Violent","Detailed facts about Assault/Violent"
598,"undefined","undefined","undefined",1011,undefined,undefined,1,1,3,"Cybercrime","Detailed facts about Cybercrime"
599,"undefined","undefined","undefined",1010,undefined,undefined,1,1,3,"Cybercrime","Detailed facts about Cybercrime"
600,"undefined","undefined","undefined",1056,undefined,undefined,1,2,2,"Theft/Property","Detailed facts about Theft/Property"
601,"undefined","undefined","undefined",1006,undefined,undefined,1,2,1,"Narcotics","Detailed facts about Narcotics"
602,"undefined","undefined","undefined",1023,undefined,undefined,1,1,1,"Assault/Violent","Detailed facts about Assault/Violent"
603,"undefined","undefined","undefined",1046,undefined,undefined,1,2,1,"Narcotics","Detailed facts about Narcotics"
604,"undefined","undefined","undefined",1041,undefined,undefined,1,2,4,"Assault/Violent","Detailed facts about Assault/Violent"
605,"undefined","undefined","undefined",1005,undefined,undefined,1,2,2,"Fraud/Cheating","Detailed facts about Fraud/Cheating"
606,"undefined","undefined","undefined",1051,undefined,undefined,1,2,2,"Robbery/Dacoity","Detailed facts about Robbery/Dacoity"
607,"undefined","undefined","undefined",1159,undefined,undefined,1,2,2,"Narcotics","Detailed facts about Narcotics"
608,"undefined","undefined","undefined",1037,undefined,undefined,1,2,3,"Fraud/Cheating","Detailed facts about Fraud/Cheating"
609,"undefined","undefined","undefined",1006,undefined,undefined,1,2,1,"Fraud/Cheating","Detailed facts about Fraud/Cheating"
610,"undefined","undefined","undefined",1009,undefined,undefined,1,1,3,"Fraud/Cheating","Detailed facts about Fraud/Cheating"
611,"undefined","undefined","undefined",1006,undefined,undefined,1,2,2,"Assault/Violent","Detailed facts about Assault/Violent"
612,"undefined","undefined","undefined",1141,undefined,undefined,1,2,2,"Fraud/Cheating","Detailed facts about Fraud/Cheating"
613,"undefined","undefined","undefined",1217,undefined,undefined,1,2,1,"Narcotics","Detailed facts about Narcotics"
614,"undefined","undefined","undefined",1002,undefined,undefined,1,1,4,"Assault/Violent","Detailed facts about Assault/Violent"
615,"undefined","undefined","undefined",1036,undefined,undefined,1,1,3,"Theft/Property","Detailed facts about Theft/Property"
616,"undefined","undefined","undefined",1150,undefined,undefined,1,2,2,"Assault/Violent","Detailed facts about Assault/Violent"
617,"undefined","undefined","undefined",1041,undefined,undefined,1,1,1,"Assault/Violent","Detailed facts about Assault/Violent"
618,"undefined","undefined","undefined",1014,undefined,undefined,1,1,1,"Cybercrime","Detailed facts about Cybercrime"
619,"undefined","undefined","undefined",1083,undefined,undefined,1,2,1,"Cybercrime","Detailed facts about Cybercrime"
620,"undefined","undefined","undefined",1083,undefined,undefined,1,2,1,"Others","Detailed facts about Others"
621,"undefined","undefined","undefined",1015,undefined,undefined,1,2,2,"Robbery/Dacoity","Detailed facts about Robbery/Dacoity"
622,"undefined","undefined","undefined",1028,undefined,undefined,1,2,4,"Narcotics","Detailed facts about Narcotics"
623,"undefined","undefined","undefined",1025,undefined,undefined,1,2,1,"Narcotics","Detailed facts about Narcotics"
624,"undefined","undefined","undefined",1006,undefined,undefined,1,1,1,"Fraud/Cheating","Detailed facts about Fraud/Cheating"
625,"undefined","undefined","undefined",1041,undefined,undefined,1,2,1,"Others","Detailed facts about Others"
626,"undefined","undefined","undefined",1058,undefined,undefined,1,2,4,"Fraud/Cheating","Detailed facts about Fraud/Cheating"
627,"undefined","undefined","undefined",1165,undefined,undefined,1,2,4,"Robbery/Dacoity","Detailed facts about Robbery/Dacoity"
628,"undefined","undefined","undefined",1030,undefined,undefined,1,2,2,"Murder/Attempt","Detailed facts about Murder/Attempt"
629,"undefined","undefined","undefined",1015,undefined,undefined,1,2,4,"Cybercrime","Detailed facts about Cybercrime"
630,"undefined","undefined","undefined",1014,undefined,undefined,1,2,2,"Theft/Property","Detailed facts about Theft/Property"
631,"undefined","undefined","undefined",1024,undefined,undefined,1,1,1,"Cybercrime","Detailed facts about Cybercrime"
632,"undefined","undefined","undefined",1182,undefined,undefined,1,2,1,"Cybercrime","Detailed facts about Cybercrime"
633,"undefined","undefined","undefined",1063,undefined,undefined,1,1,1,"Assault/Violent","Detailed facts about Assault/Violent"
634,"undefined","undefined","undefined",1166,undefined,undefined,1,1,2,"Cybercrime","Detailed facts about Cybercrime"
635,"undefined","undefined","undefined",1004,undefined,undefined,1,2,3,"Robbery/Dacoity","Detailed facts about Robbery/Dacoity"
636,"undefined","undefined","undefined",1128,undefined,undefined,1,2,1,"Cybercrime","Detailed facts about Cybercrime"
637,"undefined","undefined","undefined",1183,undefined,undefined,1,2,3,"Theft/Property","Detailed facts about Theft/Property"
638,"undefined","undefined","undefined",1083,undefined,undefined,1,2,1,"Theft/Property","Detailed facts about Theft/Property"
639,"undefined","undefined","undefined",1014,undefined,undefined,1,2,3,"Narcotics","Detailed facts about Narcotics"
640,"undefined","undefined","undefined",1003,undefined,undefined,1,2,3,"Fraud/Cheating","Detailed facts about Fraud/Cheating"
641,"undefined","undefined","undefined",1013,undefined,undefined,1,2,1,"Robbery/Dacoity","Detailed facts about Robbery/Dacoity"
642,"undefined","undefined","undefined",1005,undefined,undefined,1,2,1,"Cybercrime","Detailed facts about Cybercrime"
643,"undefined","undefined","undefined",1002,undefined,undefined,1,1,2,"Murder/Attempt","Detailed facts about Murder/Attempt"
644,"undefined","undefined","undefined",1086,undefined,undefined,1,1,1,"Assault/Violent","Detailed facts about Assault/Violent"
645,"undefined","undefined","undefined",1015,undefined,undefined,1,2,1,"Cybercrime","Detailed facts about Cybercrime"
646,"undefined","undefined","undefined",1053,undefined,undefined,1,2,3,"Murder/Attempt","Detailed facts about Murder/Attempt"
647,"undefined","undefined","undefined",1008,undefined,undefined,1,2,1,"Assault/Violent","Detailed facts about Assault/Violent"
648,"undefined","undefined","undefined",1030,undefined,undefined,1,1,2,"Assault/Violent","Detailed facts about Assault/Violent"
649,"undefined","undefined","undefined",1222,undefined,undefined,1,2,1,"Kidnapping","Detailed facts about Kidnapping"
650,"undefined","undefined","undefined",1053,undefined,undefined,1,2,4,"Theft/Property","Detailed facts about Theft/Property"
651,"undefined","undefined","undefined",1093,undefined,undefined,1,1,3,"Theft/Property","Detailed facts about Theft/Property"
652,"undefined","undefined","undefined",1087,undefined,undefined,1,2,2,"Assault/Violent","Detailed facts about Assault/Violent"
653,"undefined","undefined","undefined",1206,undefined,undefined,1,1,4,"Theft/Property","Detailed facts about Theft/Property"
654,"undefined","undefined","undefined",1012,undefined,undefined,1,2,1,"Murder/Attempt","Detailed facts about Murder/Attempt"
655,"undefined","undefined","undefined",1010,undefined,undefined,1,2,1,"Robbery/Dacoity","Detailed facts about Robbery/Dacoity"
656,"undefined","undefined","undefined",1032,undefined,undefined,1,2,4,"Assault/Violent","Detailed facts about Assault/Violent"
657,"undefined","undefined","undefined",1165,undefined,undefined,1,1,2,"Assault/Violent","Detailed facts about Assault/Violent"
658,"undefined","undefined","undefined",1119,undefined,undefined,1,1,2,"Assault/Violent","Detailed facts about Assault/Violent"
659,"undefined","undefined","undefined",1060,undefined,undefined,1,1,2,"Assault/Violent","Detailed facts about Assault/Violent"
660,"undefined","undefined","undefined",1011,undefined,undefined,1,1,1,"Robbery/Dacoity","Detailed facts about Robbery/Dacoity"
661,"undefined","undefined","undefined",1136,undefined,undefined,1,2,2,"Robbery/Dacoity","Detailed facts about Robbery/Dacoity"
662,"undefined","undefined","undefined",1004,undefined,undefined,1,2,1,"Cybercrime","Detailed facts about Cybercrime"
663,"undefined","undefined","undefined",1008,undefined,undefined,1,2,4,"Assault/Violent","Detailed facts about Assault/Violent"
664,"undefined","undefined","undefined",1007,undefined,undefined,1,2,2,"Assault/Violent","Detailed facts about Assault/Violent"
665,"undefined","undefined","undefined",1109,undefined,undefined,1,2,1,"Fraud/Cheating","Detailed facts about Fraud/Cheating"
666,"undefined","undefined","undefined",1154,undefined,undefined,1,2,1,"Theft/Property","Detailed facts about Theft/Property"
667,"undefined","undefined","undefined",1146,undefined,undefined,1,2,2,"Theft/Property","Detailed facts about Theft/Property"
668,"undefined","undefined","undefined",1013,undefined,undefined,1,2,2,"Theft/Property","Detailed facts about Theft/Property"
669,"undefined","undefined","undefined",1034,undefined,undefined,1,2,2,"Kidnapping","Detailed facts about Kidnapping"
670,"undefined","undefined","undefined",1200,undefined,undefined,1,2,1,"Others","Detailed facts about Others"
671,"undefined","undefined","undefined",1103,undefined,undefined,1,2,3,"Theft/Property","Detailed facts about Theft/Property"
672,"undefined","undefined","undefined",1056,undefined,undefined,1,2,2,"Theft/Property","Detailed facts about Theft/Property"
673,"undefined","undefined","undefined",1227,undefined,undefined,1,1,3,"Cybercrime","Detailed facts about Cybercrime"
674,"undefined","undefined","undefined",1213,undefined,undefined,1,2,1,"Cybercrime","Detailed facts about Cybercrime"
675,"undefined","undefined","undefined",1053,undefined,undefined,1,2,4,"Others","Detailed facts about Others"
676,"undefined","undefined","undefined",1033,undefined,undefined,1,2,3,"Theft/Property","Detailed facts about Theft/Property"
677,"undefined","undefined","undefined",1098,undefined,undefined,1,1,2,"Others","Detailed facts about Others"
678,"undefined","undefined","undefined",1159,undefined,undefined,1,2,1,"Assault/Violent","Detailed facts about Assault/Violent"
679,"undefined","undefined","undefined",1013,undefined,undefined,1,2,1,"Theft/Property","Detailed facts about Theft/Property"
680,"undefined","undefined","undefined",1098,undefined,undefined,1,2,3,"Fraud/Cheating","Detailed facts about Fraud/Cheating"
681,"undefined","undefined","undefined",1182,undefined,undefined,1,2,4,"Assault/Violent","Detailed facts about Assault/Violent"
682,"undefined","undefined","undefined",1185,undefined,undefined,1,1,2,"Others","Detailed facts about Others"
683,"undefined","undefined","undefined",1013,undefined,undefined,1,2,3,"Robbery/Dacoity","Detailed facts about Robbery/Dacoity"
684,"undefined","undefined","undefined",1191,undefined,undefined,1,2,1,"Kidnapping","Detailed facts about Kidnapping"
685,"undefined","undefined","undefined",1049,undefined,undefined,1,1,2,"Fraud/Cheating","Detailed facts about Fraud/Cheating"
686,"undefined","undefined","undefined",1057,undefined,undefined,1,2,3,"Cybercrime","Detailed facts about Cybercrime"
687,"undefined","undefined","undefined",1067,undefined,undefined,1,2,1,"Assault/Violent","Detailed facts about Assault/Violent"
688,"undefined","undefined","undefined",1018,undefined,undefined,1,2,4,"Kidnapping","Detailed facts about Kidnapping"
689,"undefined","undefined","undefined",1055,undefined,undefined,1,2,2,"Others","Detailed facts about Others"
690,"undefined","undefined","undefined",1002,undefined,undefined,1,2,2,"Cybercrime","Detailed facts about Cybercrime"
691,"undefined","undefined","undefined",1012,undefined,undefined,1,2,4,"Cybercrime","Detailed facts about Cybercrime"
692,"undefined","undefined","undefined",1011,undefined,undefined,1,1,2,"Theft/Property","Detailed facts about Theft/Property"
693,"undefined","undefined","undefined",1010,undefined,undefined,1,2,1,"Cybercrime","Detailed facts about Cybercrime"
694,"undefined","undefined","undefined",1001,undefined,undefined,1,2,3,"Theft/Property","Detailed facts about Theft/Property"
695,"undefined","undefined","undefined",1084,undefined,undefined,1,2,2,"Cybercrime","Detailed facts about Cybercrime"
696,"undefined","undefined","undefined",1048,undefined,undefined,1,2,2,"Assault/Violent","Detailed facts about Assault/Violent"
697,"undefined","undefined","undefined",1002,undefined,undefined,1,2,1,"Cybercrime","Detailed facts about Cybercrime"
698,"undefined","undefined","undefined",1169,undefined,undefined,1,2,4,"Assault/Violent","Detailed facts about Assault/Violent"
699,"undefined","undefined","undefined",1041,undefined,undefined,1,2,1,"Cybercrime","Detailed facts about Cybercrime"
700,"undefined","undefined","undefined",1174,undefined,undefined,1,2,1,"Theft/Property","Detailed facts about Theft/Property"
701,"undefined","undefined","undefined",1004,undefined,undefined,1,2,2,"Cybercrime","Detailed facts about Cybercrime"
702,"undefined","undefined","undefined",1214,undefined,undefined,1,1,2,"Cybercrime","Detailed facts about Cybercrime"
703,"undefined","undefined","undefined",1068,undefined,undefined,1,1,3,"Assault/Violent","Detailed facts about Assault/Violent"
704,"undefined","undefined","undefined",1059,undefined,undefined,1,2,1,"Assault/Violent","Detailed facts about Assault/Violent"
705,"undefined","undefined","undefined",1097,undefined,undefined,1,1,4,"Cybercrime","Detailed facts about Cybercrime"
706,"undefined","undefined","undefined",1007,undefined,undefined,1,1,3,"Cybercrime","Detailed facts about Cybercrime"
707,"undefined","undefined","undefined",1053,undefined,undefined,1,2,1,"Assault/Violent","Detailed facts about Assault/Violent"
708,"undefined","undefined","undefined",1057,undefined,undefined,1,2,3,"Cybercrime","Detailed facts about Cybercrime"
709,"undefined","undefined","undefined",1050,undefined,undefined,1,2,2,"Cybercrime","Detailed facts about Cybercrime"
710,"undefined","undefined","undefined",1053,undefined,undefined,1,2,2,"Assault/Violent","Detailed facts about Assault/Violent"
711,"undefined","undefined","undefined",1004,undefined,undefined,1,1,2,"Theft/Property","Detailed facts about Theft/Property"
712,"undefined","undefined","undefined",1011,undefined,undefined,1,1,3,"Murder/Attempt","Detailed facts about Murder/Attempt"
713,"undefined","undefined","undefined",1026,undefined,undefined,1,2,2,"Cybercrime","Detailed facts about Cybercrime"
714,"undefined","undefined","undefined",1015,undefined,undefined,1,2,1,"Cybercrime","Detailed facts about Cybercrime"
715,"undefined","undefined","undefined",1001,undefined,undefined,1,2,2,"Fraud/Cheating","Detailed facts about Fraud/Cheating"
716,"undefined","undefined","undefined",1049,undefined,undefined,1,2,2,"Murder/Attempt","Detailed facts about Murder/Attempt"
717,"undefined","undefined","undefined",1001,undefined,undefined,1,2,2,"Assault/Violent","Detailed facts about Assault/Violent"
718,"undefined","undefined","undefined",1013,undefined,undefined,1,2,1,"Cybercrime","Detailed facts about Cybercrime"
719,"undefined","undefined","undefined",1027,undefined,undefined,1,2,3,"Theft/Property","Detailed facts about Theft/Property"
720,"undefined","undefined","undefined",1223,undefined,undefined,1,2,2,"Assault/Violent","Detailed facts about Assault/Violent"
721,"undefined","undefined","undefined",1051,undefined,undefined,1,2,3,"Fraud/Cheating","Detailed facts about Fraud/Cheating"
722,"undefined","undefined","undefined",1010,undefined,undefined,1,2,1,"Theft/Property","Detailed facts about Theft/Property"
723,"undefined","undefined","undefined",1015,undefined,undefined,1,2,4,"Narcotics","Detailed facts about Narcotics"
724,"undefined","undefined","undefined",1143,undefined,undefined,1,1,3,"Robbery/Dacoity","Detailed facts about Robbery/Dacoity"
725,"undefined","undefined","undefined",1054,undefined,undefined,1,1,2,"Cybercrime","Detailed facts about Cybercrime"
726,"undefined","undefined","undefined",1226,undefined,undefined,1,2,1,"Theft/Property","Detailed facts about Theft/Property"
727,"undefined","undefined","undefined",1004,undefined,undefined,1,2,3,"Assault/Violent","Detailed facts about Assault/Violent"
728,"undefined","undefined","undefined",1036,undefined,undefined,1,2,3,"Fraud/Cheating","Detailed facts about Fraud/Cheating"
729,"undefined","undefined","undefined",1002,undefined,undefined,1,2,4,"Murder/Attempt","Detailed facts about Murder/Attempt"
730,"undefined","undefined","undefined",1005,undefined,undefined,1,2,3,"Robbery/Dacoity","Detailed facts about Robbery/Dacoity"
731,"undefined","undefined","undefined",1004,undefined,undefined,1,2,1,"Others","Detailed facts about Others"
732,"undefined","undefined","undefined",1005,undefined,undefined,1,2,2,"Fraud/Cheating","Detailed facts about Fraud/Cheating"
733,"undefined","undefined","undefined",1013,undefined,undefined,1,2,4,"Theft/Property","Detailed facts about Theft/Property"
734,"undefined","undefined","undefined",1024,undefined,undefined,1,1,1,"Others","Detailed facts about Others"
735,"undefined","undefined","undefined",1112,undefined,undefined,1,2,4,"Narcotics","Detailed facts about Narcotics"
736,"undefined","undefined","undefined",1020,undefined,undefined,1,1,2,"Narcotics","Detailed facts about Narcotics"
737,"undefined","undefined","undefined",1060,undefined,undefined,1,2,1,"Fraud/Cheating","Detailed facts about Fraud/Cheating"
738,"undefined","undefined","undefined",1012,undefined,undefined,1,2,1,"Assault/Violent","Detailed facts about Assault/Violent"
739,"undefined","undefined","undefined",1052,undefined,undefined,1,2,4,"Narcotics","Detailed facts about Narcotics"
740,"undefined","undefined","undefined",1001,undefined,undefined,1,1,1,"Theft/Property","Detailed facts about Theft/Property"
741,"undefined","undefined","undefined",1095,undefined,undefined,1,2,2,"Others","Detailed facts about Others"
742,"undefined","undefined","undefined",1043,undefined,undefined,1,2,3,"Theft/Property","Detailed facts about Theft/Property"
743,"undefined","undefined","undefined",1009,undefined,undefined,1,1,2,"Cybercrime","Detailed facts about Cybercrime"
744,"undefined","undefined","undefined",1004,undefined,undefined,1,1,2,"Cybercrime","Detailed facts about Cybercrime"
745,"undefined","undefined","undefined",1031,undefined,undefined,1,2,2,"Robbery/Dacoity","Detailed facts about Robbery/Dacoity"
746,"undefined","undefined","undefined",1214,undefined,undefined,1,2,4,"Cybercrime","Detailed facts about Cybercrime"
747,"undefined","undefined","undefined",1050,undefined,undefined,1,2,1,"Cybercrime","Detailed facts about Cybercrime"
748,"undefined","undefined","undefined",1003,undefined,undefined,1,1,1,"Robbery/Dacoity","Detailed facts about Robbery/Dacoity"
749,"undefined","undefined","undefined",1092,undefined,undefined,1,2,2,"Assault/Violent","Detailed facts about Assault/Violent"
750,"undefined","undefined","undefined",1007,undefined,undefined,1,2,3,"Murder/Attempt","Detailed facts about Murder/Attempt"
751,"undefined","undefined","undefined",1054,undefined,undefined,1,2,4,"Cybercrime","Detailed facts about Cybercrime"
752,"undefined","undefined","undefined",1176,undefined,undefined,1,2,2,"Fraud/Cheating","Detailed facts about Fraud/Cheating"
753,"undefined","undefined","undefined",1009,undefined,undefined,1,2,2,"Cybercrime","Detailed facts about Cybercrime"
754,"undefined","undefined","undefined",1011,undefined,undefined,1,2,2,"Cybercrime","Detailed facts about Cybercrime"
755,"undefined","undefined","undefined",1130,undefined,undefined,1,1,1,"Theft/Property","Detailed facts about Theft/Property"
756,"undefined","undefined","undefined",1040,undefined,undefined,1,1,1,"Cybercrime","Detailed facts about Cybercrime"
757,"undefined","undefined","undefined",1003,undefined,undefined,1,1,1,"Fraud/Cheating","Detailed facts about Fraud/Cheating"
758,"undefined","undefined","undefined",1173,undefined,undefined,1,2,1,"Others","Detailed facts about Others"
759,"undefined","undefined","undefined",1032,undefined,undefined,1,1,1,"Others","Detailed facts about Others"
760,"undefined","undefined","undefined",1052,undefined,undefined,1,2,1,"Assault/Violent","Detailed facts about Assault/Violent"
761,"undefined","undefined","undefined",1041,undefined,undefined,1,2,1,"Murder/Attempt","Detailed facts about Murder/Attempt"
762,"undefined","undefined","undefined",1007,undefined,undefined,1,1,4,"Assault/Violent","Detailed facts about Assault/Violent"
763,"undefined","undefined","undefined",1015,undefined,undefined,1,2,2,"Theft/Property","Detailed facts about Theft/Property"
764,"undefined","undefined","undefined",1024,undefined,undefined,1,1,1,"Robbery/Dacoity","Detailed facts about Robbery/Dacoity"
765,"undefined","undefined","undefined",1038,undefined,undefined,1,2,1,"Cybercrime","Detailed facts about Cybercrime"
766,"undefined","undefined","undefined",1057,undefined,undefined,1,2,1,"Cybercrime","Detailed facts about Cybercrime"
767,"undefined","undefined","undefined",1003,undefined,undefined,1,1,3,"Assault/Violent","Detailed facts about Assault/Violent"
768,"undefined","undefined","undefined",1060,undefined,undefined,1,2,2,"Narcotics","Detailed facts about Narcotics"
769,"undefined","undefined","undefined",1014,undefined,undefined,1,2,3,"Cybercrime","Detailed facts about Cybercrime"
770,"undefined","undefined","undefined",1014,undefined,undefined,1,1,2,"Murder/Attempt","Detailed facts about Murder/Attempt"
771,"undefined","undefined","undefined",1073,undefined,undefined,1,2,2,"Cybercrime","Detailed facts about Cybercrime"
772,"undefined","undefined","undefined",1043,undefined,undefined,1,2,3,"Cybercrime","Detailed facts about Cybercrime"
773,"undefined","undefined","undefined",1014,undefined,undefined,1,2,2,"Others","Detailed facts about Others"
774,"undefined","undefined","undefined",1201,undefined,undefined,1,1,2,"Kidnapping","Detailed facts about Kidnapping"
775,"undefined","undefined","undefined",1032,undefined,undefined,1,2,1,"Narcotics","Detailed facts about Narcotics"
776,"undefined","undefined","undefined",1015,undefined,undefined,1,2,4,"Murder/Attempt","Detailed facts about Murder/Attempt"
777,"undefined","undefined","undefined",1006,undefined,undefined,1,2,1,"Cybercrime","Detailed facts about Cybercrime"
778,"undefined","undefined","undefined",1002,undefined,undefined,1,1,2,"Cybercrime","Detailed facts about Cybercrime"
779,"undefined","undefined","undefined",1025,undefined,undefined,1,2,3,"Assault/Violent","Detailed facts about Assault/Violent"
780,"undefined","undefined","undefined",1003,undefined,undefined,1,1,1,"Narcotics","Detailed facts about Narcotics"
781,"undefined","undefined","undefined",1014,undefined,undefined,1,2,1,"Theft/Property","Detailed facts about Theft/Property"
782,"undefined","undefined","undefined",1013,undefined,undefined,1,2,2,"Kidnapping","Detailed facts about Kidnapping"
783,"undefined","undefined","undefined",1004,undefined,undefined,1,1,2,"Cybercrime","Detailed facts about Cybercrime"
784,"undefined","undefined","undefined",1008,undefined,undefined,1,2,2,"Cybercrime","Detailed facts about Cybercrime"
785,"undefined","undefined","undefined",1010,undefined,undefined,1,2,1,"Robbery/Dacoity","Detailed facts about Robbery/Dacoity"
786,"undefined","undefined","undefined",1046,undefined,undefined,1,1,1,"Cybercrime","Detailed facts about Cybercrime"
787,"undefined","undefined","undefined",1008,undefined,undefined,1,2,1,"Assault/Violent","Detailed facts about Assault/Violent"
788,"undefined","undefined","undefined",1024,undefined,undefined,1,1,3,"Cybercrime","Detailed facts about Cybercrime"
789,"undefined","undefined","undefined",1205,undefined,undefined,1,1,1,"Cybercrime","Detailed facts about Cybercrime"
790,"undefined","undefined","undefined",1004,undefined,undefined,1,1,3,"Narcotics","Detailed facts about Narcotics"
791,"undefined","undefined","undefined",1087,undefined,undefined,1,2,1,"Cybercrime","Detailed facts about Cybercrime"
792,"undefined","undefined","undefined",1053,undefined,undefined,1,2,4,"Others","Detailed facts about Others"
793,"undefined","undefined","undefined",1222,undefined,undefined,1,2,2,"Cybercrime","Detailed facts about Cybercrime"
794,"undefined","undefined","undefined",1052,undefined,undefined,1,2,1,"Kidnapping","Detailed facts about Kidnapping"
795,"undefined","undefined","undefined",1009,undefined,undefined,1,2,1,"Narcotics","Detailed facts about Narcotics"
796,"undefined","undefined","undefined",1015,undefined,undefined,1,2,3,"Theft/Property","Detailed facts about Theft/Property"
797,"undefined","undefined","undefined",1028,undefined,undefined,1,2,2,"Theft/Property","Detailed facts about Theft/Property"
798,"undefined","undefined","undefined",1004,undefined,undefined,1,2,1,"Theft/Property","Detailed facts about Theft/Property"
799,"undefined","undefined","undefined",1008,undefined,undefined,1,2,2,"Theft/Property","Detailed facts about Theft/Property"
800,"undefined","undefined","undefined",1008,undefined,undefined,1,2,1,"Theft/Property","Detailed facts about Theft/Property"
801,"undefined","undefined","undefined",1146,undefined,undefined,1,2,2,"Narcotics","Detailed facts about Narcotics"
802,"undefined","undefined","undefined",1012,undefined,undefined,1,2,3,"Cybercrime","Detailed facts about Cybercrime"
803,"undefined","undefined","undefined",1007,undefined,undefined,1,2,3,"Robbery/Dacoity","Detailed facts about Robbery/Dacoity"
804,"undefined","undefined","undefined",1012,undefined,undefined,1,2,2,"Assault/Violent","Detailed facts about Assault/Violent"
805,"undefined","undefined","undefined",1123,undefined,undefined,1,2,1,"Theft/Property","Detailed facts about Theft/Property"
806,"undefined","undefined","undefined",1046,undefined,undefined,1,2,2,"Others","Detailed facts about Others"
807,"undefined","undefined","undefined",1068,undefined,undefined,1,1,4,"Theft/Property","Detailed facts about Theft/Property"
808,"undefined","undefined","undefined",1011,undefined,undefined,1,2,1,"Kidnapping","Detailed facts about Kidnapping"
809,"undefined","undefined","undefined",1010,undefined,undefined,1,2,2,"Fraud/Cheating","Detailed facts about Fraud/Cheating"
810,"undefined","undefined","undefined",1002,undefined,undefined,1,2,1,"Theft/Property","Detailed facts about Theft/Property"
811,"undefined","undefined","undefined",1015,undefined,undefined,1,2,4,"Theft/Property","Detailed facts about Theft/Property"
812,"undefined","undefined","undefined",1014,undefined,undefined,1,2,2,"Theft/Property","Detailed facts about Theft/Property"
813,"undefined","undefined","undefined",1031,undefined,undefined,1,2,4,"Cybercrime","Detailed facts about Cybercrime"
814,"undefined","undefined","undefined",1168,undefined,undefined,1,2,3,"Assault/Violent","Detailed facts about Assault/Violent"
815,"undefined","undefined","undefined",1010,undefined,undefined,1,2,1,"Theft/Property","Detailed facts about Theft/Property"
816,"undefined","undefined","undefined",1040,undefined,undefined,1,1,3,"Cybercrime","Detailed facts about Cybercrime"
817,"undefined","undefined","undefined",1180,undefined,undefined,1,1,3,"Others","Detailed facts about Others"
818,"undefined","undefined","undefined",1008,undefined,undefined,1,2,2,"Theft/Property","Detailed facts about Theft/Property"
819,"undefined","undefined","undefined",1007,undefined,undefined,1,2,2,"Theft/Property","Detailed facts about Theft/Property"
820,"undefined","undefined","undefined",1025,undefined,undefined,1,2,1,"Fraud/Cheating","Detailed facts about Fraud/Cheating"
821,"undefined","undefined","undefined",1002,undefined,undefined,1,1,1,"Theft/Property","Detailed facts about Theft/Property"
822,"undefined","undefined","undefined",1026,undefined,undefined,1,2,2,"Fraud/Cheating","Detailed facts about Fraud/Cheating"
823,"undefined","undefined","undefined",1078,undefined,undefined,1,2,4,"Fraud/Cheating","Detailed facts about Fraud/Cheating"
824,"undefined","undefined","undefined",1004,undefined,undefined,1,1,3,"Cybercrime","Detailed facts about Cybercrime"
825,"undefined","undefined","undefined",1131,undefined,undefined,1,2,2,"Robbery/Dacoity","Detailed facts about Robbery/Dacoity"
826,"undefined","undefined","undefined",1050,undefined,undefined,1,2,1,"Cybercrime","Detailed facts about Cybercrime"
827,"undefined","undefined","undefined",1025,undefined,undefined,1,2,2,"Fraud/Cheating","Detailed facts about Fraud/Cheating"
828,"undefined","undefined","undefined",1229,undefined,undefined,1,1,1,"Robbery/Dacoity","Detailed facts about Robbery/Dacoity"
829,"undefined","undefined","undefined",1058,undefined,undefined,1,2,1,"Theft/Property","Detailed facts about Theft/Property"
830,"undefined","undefined","undefined",1015,undefined,undefined,1,2,1,"Theft/Property","Detailed facts about Theft/Property"
831,"undefined","undefined","undefined",1045,undefined,undefined,1,1,1,"Cybercrime","Detailed facts about Cybercrime"
832,"undefined","undefined","undefined",1001,undefined,undefined,1,1,1,"Narcotics","Detailed facts about Narcotics"
833,"undefined","undefined","undefined",1121,undefined,undefined,1,1,3,"Robbery/Dacoity","Detailed facts about Robbery/Dacoity"
834,"undefined","undefined","undefined",1004,undefined,undefined,1,2,1,"Cybercrime","Detailed facts about Cybercrime"
835,"undefined","undefined","undefined",1159,undefined,undefined,1,2,1,"Cybercrime","Detailed facts about Cybercrime"
836,"undefined","undefined","undefined",1030,undefined,undefined,1,2,4,"Theft/Property","Detailed facts about Theft/Property"
837,"undefined","undefined","undefined",1014,undefined,undefined,1,2,3,"Cybercrime","Detailed facts about Cybercrime"
838,"undefined","undefined","undefined",1135,undefined,undefined,1,2,2,"Robbery/Dacoity","Detailed facts about Robbery/Dacoity"
839,"undefined","undefined","undefined",1036,undefined,undefined,1,1,1,"Theft/Property","Detailed facts about Theft/Property"
840,"undefined","undefined","undefined",1026,undefined,undefined,1,2,1,"Cybercrime","Detailed facts about Cybercrime"
841,"undefined","undefined","undefined",1033,undefined,undefined,1,1,3,"Theft/Property","Detailed facts about Theft/Property"
842,"undefined","undefined","undefined",1209,undefined,undefined,1,2,4,"Assault/Violent","Detailed facts about Assault/Violent"
843,"undefined","undefined","undefined",1093,undefined,undefined,1,1,2,"Cybercrime","Detailed facts about Cybercrime"
844,"undefined","undefined","undefined",1066,undefined,undefined,1,2,4,"Fraud/Cheating","Detailed facts about Fraud/Cheating"
845,"undefined","undefined","undefined",1010,undefined,undefined,1,1,1,"Assault/Violent","Detailed facts about Assault/Violent"
846,"undefined","undefined","undefined",1215,undefined,undefined,1,2,1,"Assault/Violent","Detailed facts about Assault/Violent"
847,"undefined","undefined","undefined",1039,undefined,undefined,1,2,3,"Theft/Property","Detailed facts about Theft/Property"
848,"undefined","undefined","undefined",1002,undefined,undefined,1,2,3,"Assault/Violent","Detailed facts about Assault/Violent"
849,"undefined","undefined","undefined",1003,undefined,undefined,1,1,1,"Others","Detailed facts about Others"
850,"undefined","undefined","undefined",1109,undefined,undefined,1,1,1,"Theft/Property","Detailed facts about Theft/Property"
851,"undefined","undefined","undefined",1006,undefined,undefined,1,1,3,"Assault/Violent","Detailed facts about Assault/Violent"
852,"undefined","undefined","undefined",1010,undefined,undefined,1,2,2,"Cybercrime","Detailed facts about Cybercrime"
853,"undefined","undefined","undefined",1007,undefined,undefined,1,2,1,"Theft/Property","Detailed facts about Theft/Property"
854,"undefined","undefined","undefined",1049,undefined,undefined,1,2,4,"Murder/Attempt","Detailed facts about Murder/Attempt"
855,"undefined","undefined","undefined",1002,undefined,undefined,1,2,3,"Theft/Property","Detailed facts about Theft/Property"
856,"undefined","undefined","undefined",1027,undefined,undefined,1,2,1,"Others","Detailed facts about Others"
857,"undefined","undefined","undefined",1128,undefined,undefined,1,2,4,"Cybercrime","Detailed facts about Cybercrime"
858,"undefined","undefined","undefined",1217,undefined,undefined,1,2,3,"Theft/Property","Detailed facts about Theft/Property"
859,"undefined","undefined","undefined",1008,undefined,undefined,1,2,4,"Theft/Property","Detailed facts about Theft/Property"
860,"undefined","undefined","undefined",1032,undefined,undefined,1,2,1,"Cybercrime","Detailed facts about Cybercrime"
861,"undefined","undefined","undefined",1191,undefined,undefined,1,2,1,"Robbery/Dacoity","Detailed facts about Robbery/Dacoity"
862,"undefined","undefined","undefined",1009,undefined,undefined,1,2,1,"Cybercrime","Detailed facts about Cybercrime"
863,"undefined","undefined","undefined",1083,undefined,undefined,1,1,1,"Fraud/Cheating","Detailed facts about Fraud/Cheating"
864,"undefined","undefined","undefined",1002,undefined,undefined,1,2,3,"Robbery/Dacoity","Detailed facts about Robbery/Dacoity"
865,"undefined","undefined","undefined",1207,undefined,undefined,1,2,1,"Theft/Property","Detailed facts about Theft/Property"
866,"undefined","undefined","undefined",1054,undefined,undefined,1,2,1,"Fraud/Cheating","Detailed facts about Fraud/Cheating"
867,"undefined","undefined","undefined",1202,undefined,undefined,1,2,3,"Assault/Violent","Detailed facts about Assault/Violent"
868,"undefined","undefined","undefined",1048,undefined,undefined,1,2,3,"Others","Detailed facts about Others"
869,"undefined","undefined","undefined",1030,undefined,undefined,1,2,3,"Others","Detailed facts about Others"
870,"undefined","undefined","undefined",1070,undefined,undefined,1,2,1,"Kidnapping","Detailed facts about Kidnapping"
871,"undefined","undefined","undefined",1007,undefined,undefined,1,2,1,"Theft/Property","Detailed facts about Theft/Property"
872,"undefined","undefined","undefined",1073,undefined,undefined,1,1,4,"Theft/Property","Detailed facts about Theft/Property"
873,"undefined","undefined","undefined",1011,undefined,undefined,1,1,3,"Assault/Violent","Detailed facts about Assault/Violent"
874,"undefined","undefined","undefined",1011,undefined,undefined,1,1,4,"Theft/Property","Detailed facts about Theft/Property"
875,"undefined","undefined","undefined",1026,undefined,undefined,1,2,1,"Cybercrime","Detailed facts about Cybercrime"
876,"undefined","undefined","undefined",1086,undefined,undefined,1,2,2,"Cybercrime","Detailed facts about Cybercrime"
877,"undefined","undefined","undefined",1131,undefined,undefined,1,2,1,"Robbery/Dacoity","Detailed facts about Robbery/Dacoity"
878,"undefined","undefined","undefined",1002,undefined,undefined,1,2,2,"Assault/Violent","Detailed facts about Assault/Violent"
879,"undefined","undefined","undefined",1012,undefined,undefined,1,2,2,"Robbery/Dacoity","Detailed facts about Robbery/Dacoity"
880,"undefined","undefined","undefined",1002,undefined,undefined,1,2,2,"Cybercrime","Detailed facts about Cybercrime"
881,"undefined","undefined","undefined",1045,undefined,undefined,1,1,2,"Others","Detailed facts about Others"
882,"undefined","undefined","undefined",1126,undefined,undefined,1,1,4,"Cybercrime","Detailed facts about Cybercrime"
883,"undefined","undefined","undefined",1029,undefined,undefined,1,2,2,"Cybercrime","Detailed facts about Cybercrime"
884,"undefined","undefined","undefined",1033,undefined,undefined,1,2,2,"Fraud/Cheating","Detailed facts about Fraud/Cheating"
885,"undefined","undefined","undefined",1052,undefined,undefined,1,2,2,"Cybercrime","Detailed facts about Cybercrime"
886,"undefined","undefined","undefined",1012,undefined,undefined,1,2,2,"Cybercrime","Detailed facts about Cybercrime"
887,"undefined","undefined","undefined",1197,undefined,undefined,1,2,2,"Cybercrime","Detailed facts about Cybercrime"
888,"undefined","undefined","undefined",1136,undefined,undefined,1,2,1,"Theft/Property","Detailed facts about Theft/Property"
889,"undefined","undefined","undefined",1009,undefined,undefined,1,2,1,"Fraud/Cheating","Detailed facts about Fraud/Cheating"
890,"undefined","undefined","undefined",1160,undefined,undefined,1,2,3,"Cybercrime","Detailed facts about Cybercrime"
891,"undefined","undefined","undefined",1051,undefined,undefined,1,2,3,"Assault/Violent","Detailed facts about Assault/Violent"
892,"undefined","undefined","undefined",1013,undefined,undefined,1,2,1,"Cybercrime","Detailed facts about Cybercrime"
893,"undefined","undefined","undefined",1064,undefined,undefined,1,2,1,"Cybercrime","Detailed facts about Cybercrime"
894,"undefined","undefined","undefined",1051,undefined,undefined,1,2,4,"Theft/Property","Detailed facts about Theft/Property"
895,"undefined","undefined","undefined",1166,undefined,undefined,1,1,1,"Fraud/Cheating","Detailed facts about Fraud/Cheating"
896,"undefined","undefined","undefined",1085,undefined,undefined,1,2,1,"Assault/Violent","Detailed facts about Assault/Violent"
897,"undefined","undefined","undefined",1201,undefined,undefined,1,2,2,"Others","Detailed facts about Others"
898,"undefined","undefined","undefined",1001,undefined,undefined,1,2,4,"Narcotics","Detailed facts about Narcotics"
899,"undefined","undefined","undefined",1060,undefined,undefined,1,1,1,"Fraud/Cheating","Detailed facts about Fraud/Cheating"
900,"undefined","undefined","undefined",1150,undefined,undefined,1,2,3,"Theft/Property","Detailed facts about Theft/Property"
901,"undefined","undefined","undefined",1153,undefined,undefined,1,2,4,"Theft/Property","Detailed facts about Theft/Property"
902,"undefined","undefined","undefined",1194,undefined,undefined,1,2,1,"Murder/Attempt","Detailed facts about Murder/Attempt"
903,"undefined","undefined","undefined",1049,undefined,undefined,1,1,2,"Theft/Property","Detailed facts about Theft/Property"
904,"undefined","undefined","undefined",1009,undefined,undefined,1,2,1,"Narcotics","Detailed facts about Narcotics"
905,"undefined","undefined","undefined",1005,undefined,undefined,1,2,2,"Theft/Property","Detailed facts about Theft/Property"
906,"undefined","undefined","undefined",1012,undefined,undefined,1,2,4,"Cybercrime","Detailed facts about Cybercrime"
907,"undefined","undefined","undefined",1004,undefined,undefined,1,2,2,"Others","Detailed facts about Others"
908,"undefined","undefined","undefined",1013,undefined,undefined,1,1,1,"Assault/Violent","Detailed facts about Assault/Violent"
909,"undefined","undefined","undefined",1003,undefined,undefined,1,2,4,"Assault/Violent","Detailed facts about Assault/Violent"
910,"undefined","undefined","undefined",1095,undefined,undefined,1,2,1,"Theft/Property","Detailed facts about Theft/Property"
911,"undefined","undefined","undefined",1002,undefined,undefined,1,2,3,"Others","Detailed facts about Others"
912,"undefined","undefined","undefined",1072,undefined,undefined,1,1,1,"Others","Detailed facts about Others"
913,"undefined","undefined","undefined",1225,undefined,undefined,1,2,4,"Cybercrime","Detailed facts about Cybercrime"
914,"undefined","undefined","undefined",1007,undefined,undefined,1,2,2,"Cybercrime","Detailed facts about Cybercrime"
915,"undefined","undefined","undefined",1001,undefined,undefined,1,2,1,"Cybercrime","Detailed facts about Cybercrime"
916,"undefined","undefined","undefined",1008,undefined,undefined,1,2,1,"Theft/Property","Detailed facts about Theft/Property"
917,"undefined","undefined","undefined",1094,undefined,undefined,1,2,1,"Fraud/Cheating","Detailed facts about Fraud/Cheating"
918,"undefined","undefined","undefined",1092,undefined,undefined,1,2,4,"Assault/Violent","Detailed facts about Assault/Violent"
919,"undefined","undefined","undefined",1009,undefined,undefined,1,1,1,"Theft/Property","Detailed facts about Theft/Property"
920,"undefined","undefined","undefined",1038,undefined,undefined,1,2,1,"Others","Detailed facts about Others"
921,"undefined","undefined","undefined",1016,undefined,undefined,1,2,3,"Assault/Violent","Detailed facts about Assault/Violent"
922,"undefined","undefined","undefined",1076,undefined,undefined,1,2,3,"Fraud/Cheating","Detailed facts about Fraud/Cheating"
923,"undefined","undefined","undefined",1005,undefined,undefined,1,2,2,"Cybercrime","Detailed facts about Cybercrime"
924,"undefined","undefined","undefined",1082,undefined,undefined,1,1,2,"Theft/Property","Detailed facts about Theft/Property"
925,"undefined","undefined","undefined",1011,undefined,undefined,1,1,4,"Others","Detailed facts about Others"
926,"undefined","undefined","undefined",1225,undefined,undefined,1,2,2,"Cybercrime","Detailed facts about Cybercrime"
927,"undefined","undefined","undefined",1088,undefined,undefined,1,2,1,"Theft/Property","Detailed facts about Theft/Property"
928,"undefined","undefined","undefined",1001,undefined,undefined,1,2,4,"Fraud/Cheating","Detailed facts about Fraud/Cheating"
929,"undefined","undefined","undefined",1011,undefined,undefined,1,2,1,"Cybercrime","Detailed facts about Cybercrime"
930,"undefined","undefined","undefined",1012,undefined,undefined,1,2,1,"Theft/Property","Detailed facts about Theft/Property"
931,"undefined","undefined","undefined",1036,undefined,undefined,1,1,1,"Cybercrime","Detailed facts about Cybercrime"
932,"undefined","undefined","undefined",1015,undefined,undefined,1,2,3,"Cybercrime","Detailed facts about Cybercrime"
933,"undefined","undefined","undefined",1052,undefined,undefined,1,2,4,"Cybercrime","Detailed facts about Cybercrime"
934,"undefined","undefined","undefined",1012,undefined,undefined,1,2,3,"Kidnapping","Detailed facts about Kidnapping"
935,"undefined","undefined","undefined",1008,undefined,undefined,1,1,1,"Cybercrime","Detailed facts about Cybercrime"
936,"undefined","undefined","undefined",1030,undefined,undefined,1,1,4,"Cybercrime","Detailed facts about Cybercrime"
937,"undefined","undefined","undefined",1063,undefined,undefined,1,2,1,"Cybercrime","Detailed facts about Cybercrime"
938,"undefined","undefined","undefined",1189,undefined,undefined,1,2,3,"Fraud/Cheating","Detailed facts about Fraud/Cheating"
939,"undefined","undefined","undefined",1066,undefined,undefined,1,1,4,"Kidnapping","Detailed facts about Kidnapping"
940,"undefined","undefined","undefined",1126,undefined,undefined,1,2,4,"Robbery/Dacoity","Detailed facts about Robbery/Dacoity"
941,"undefined","undefined","undefined",1132,undefined,undefined,1,1,1,"Theft/Property","Detailed facts about Theft/Property"
942,"undefined","undefined","undefined",1007,undefined,undefined,1,2,4,"Fraud/Cheating","Detailed facts about Fraud/Cheating"
943,"undefined","undefined","undefined",1009,undefined,undefined,1,1,3,"Assault/Violent","Detailed facts about Assault/Violent"
944,"undefined","undefined","undefined",1037,undefined,undefined,1,2,4,"Cybercrime","Detailed facts about Cybercrime"
945,"undefined","undefined","undefined",1006,undefined,undefined,1,1,3,"Murder/Attempt","Detailed facts about Murder/Attempt"
946,"undefined","undefined","undefined",1213,undefined,undefined,1,1,3,"Cybercrime","Detailed facts about Cybercrime"
947,"undefined","undefined","undefined",1076,undefined,undefined,1,1,1,"Cybercrime","Detailed facts about Cybercrime"
948,"undefined","undefined","undefined",1004,undefined,undefined,1,2,1,"Cybercrime","Detailed facts about Cybercrime"
949,"undefined","undefined","undefined",1021,undefined,undefined,1,2,1,"Robbery/Dacoity","Detailed facts about Robbery/Dacoity"
950,"undefined","undefined","undefined",1101,undefined,undefined,1,2,4,"Theft/Property","Detailed facts about Theft/Property"
951,"undefined","undefined","undefined",1027,undefined,undefined,1,2,3,"Others","Detailed facts about Others"
952,"undefined","undefined","undefined",1001,undefined,undefined,1,2,2,"Theft/Property","Detailed facts about Theft/Property"
953,"undefined","undefined","undefined",1007,undefined,undefined,1,2,3,"Cybercrime","Detailed facts about Cybercrime"
954,"undefined","undefined","undefined",1005,undefined,undefined,1,2,2,"Assault/Violent","Detailed facts about Assault/Violent"
955,"undefined","undefined","undefined",1052,undefined,undefined,1,1,1,"Theft/Property","Detailed facts about Theft/Property"
956,"undefined","undefined","undefined",1196,undefined,undefined,1,2,1,"Robbery/Dacoity","Detailed facts about Robbery/Dacoity"
957,"undefined","undefined","undefined",1011,undefined,undefined,1,1,2,"Theft/Property","Detailed facts about Theft/Property"
958,"undefined","undefined","undefined",1010,undefined,undefined,1,2,1,"Theft/Property","Detailed facts about Theft/Property"
959,"undefined","undefined","undefined",1011,undefined,undefined,1,2,2,"Robbery/Dacoity","Detailed facts about Robbery/Dacoity"
960,"undefined","undefined","undefined",1191,undefined,undefined,1,2,3,"Robbery/Dacoity","Detailed facts about Robbery/Dacoity"
961,"undefined","undefined","undefined",1117,undefined,undefined,1,1,1,"Cybercrime","Detailed facts about Cybercrime"
962,"undefined","undefined","undefined",1109,undefined,undefined,1,2,1,"Kidnapping","Detailed facts about Kidnapping"
963,"undefined","undefined","undefined",1002,undefined,undefined,1,2,4,"Assault/Violent","Detailed facts about Assault/Violent"
964,"undefined","undefined","undefined",1223,undefined,undefined,1,1,2,"Others","Detailed facts about Others"
965,"undefined","undefined","undefined",1046,undefined,undefined,1,2,2,"Theft/Property","Detailed facts about Theft/Property"
966,"undefined","undefined","undefined",1170,undefined,undefined,1,2,1,"Fraud/Cheating","Detailed facts about Fraud/Cheating"
967,"undefined","undefined","undefined",1007,undefined,undefined,1,2,1,"Assault/Violent","Detailed facts about Assault/Violent"
968,"undefined","undefined","undefined",1032,undefined,undefined,1,1,1,"Theft/Property","Detailed facts about Theft/Property"
969,"undefined","undefined","undefined",1010,undefined,undefined,1,2,2,"Cybercrime","Detailed facts about Cybercrime"
970,"undefined","undefined","undefined",1001,undefined,undefined,1,1,3,"Cybercrime","Detailed facts about Cybercrime"
971,"undefined","undefined","undefined",1020,undefined,undefined,1,2,2,"Cybercrime","Detailed facts about Cybercrime"
972,"undefined","undefined","undefined",1056,undefined,undefined,1,2,1,"Murder/Attempt","Detailed facts about Murder/Attempt"
973,"undefined","undefined","undefined",1007,undefined,undefined,1,2,2,"Assault/Violent","Detailed facts about Assault/Violent"
974,"undefined","undefined","undefined",1001,undefined,undefined,1,2,1,"Robbery/Dacoity","Detailed facts about Robbery/Dacoity"
975,"undefined","undefined","undefined",1221,undefined,undefined,1,2,2,"Cybercrime","Detailed facts about Cybercrime"
976,"undefined","undefined","undefined",1008,undefined,undefined,1,2,2,"Fraud/Cheating","Detailed facts about Fraud/Cheating"
977,"undefined","undefined","undefined",1036,undefined,undefined,1,2,1,"Cybercrime","Detailed facts about Cybercrime"
978,"undefined","undefined","undefined",1175,undefined,undefined,1,2,2,"Fraud/Cheating","Detailed facts about Fraud/Cheating"
979,"undefined","undefined","undefined",1212,undefined,undefined,1,2,1,"Narcotics","Detailed facts about Narcotics"
980,"undefined","undefined","undefined",1151,undefined,undefined,1,1,1,"Fraud/Cheating","Detailed facts about Fraud/Cheating"
981,"undefined","undefined","undefined",1189,undefined,undefined,1,2,3,"Robbery/Dacoity","Detailed facts about Robbery/Dacoity"
982,"undefined","undefined","undefined",1058,undefined,undefined,1,2,3,"Cybercrime","Detailed facts about Cybercrime"
983,"undefined","undefined","undefined",1030,undefined,undefined,1,2,1,"Others","Detailed facts about Others"
984,"undefined","undefined","undefined",1180,undefined,undefined,1,2,3,"Cybercrime","Detailed facts about Cybercrime"
985,"undefined","undefined","undefined",1003,undefined,undefined,1,2,3,"Others","Detailed facts about Others"
986,"undefined","undefined","undefined",1130,undefined,undefined,1,1,3,"Cybercrime","Detailed facts about Cybercrime"
987,"undefined","undefined","undefined",1002,undefined,undefined,1,2,4,"Robbery/Dacoity","Detailed facts about Robbery/Dacoity"
988,"undefined","undefined","undefined",1002,undefined,undefined,1,2,4,"Theft/Property","Detailed facts about Theft/Property"
989,"undefined","undefined","undefined",1034,undefined,undefined,1,2,1,"Others","Detailed facts about Others"
990,"undefined","undefined","undefined",1014,undefined,undefined,1,1,1,"Robbery/Dacoity","Detailed facts about Robbery/Dacoity"
991,"undefined","undefined","undefined",1001,undefined,undefined,1,1,1,"Kidnapping","Detailed facts about Kidnapping"
992,"undefined","undefined","undefined",1002,undefined,undefined,1,2,2,"Murder/Attempt","Detailed facts about Murder/Attempt"
993,"undefined","undefined","undefined",1025,undefined,undefined,1,1,1,"Fraud/Cheating","Detailed facts about Fraud/Cheating"
994,"undefined","undefined","undefined",1182,undefined,undefined,1,2,2,"Fraud/Cheating","Detailed facts about Fraud/Cheating"
995,"undefined","undefined","undefined",1036,undefined,undefined,1,1,2,"Robbery/Dacoity","Detailed facts about Robbery/Dacoity"
996,"undefined","undefined","undefined",1014,undefined,undefined,1,2,1,"Cybercrime","Detailed facts about Cybercrime"
997,"undefined","undefined","undefined",1025,undefined,undefined,1,2,1,"Fraud/Cheating","Detailed facts about Fraud/Cheating"
998,"undefined","undefined","undefined",1003,undefined,undefined,1,2,1,"Fraud/Cheating","Detailed facts about Fraud/Cheating"
999,"undefined","undefined","undefined",1124,undefined,undefined,1,1,1,"Narcotics","Detailed facts about Narcotics"
1000,"undefined","undefined","undefined",1006,undefined,undefined,1,1,2,"Narcotics","Detailed facts about Narcotics"
1001,"undefined","undefined","undefined",1049,undefined,undefined,1,1,2,"Cybercrime","Detailed facts about Cybercrime"
1002,"undefined","undefined","undefined",1013,undefined,undefined,1,2,1,"Cybercrime","Detailed facts about Cybercrime"
1003,"undefined","undefined","undefined",1005,undefined,undefined,1,2,3,"Assault/Violent","Detailed facts about Assault/Violent"
1004,"undefined","undefined","undefined",1015,undefined,undefined,1,2,2,"Fraud/Cheating","Detailed facts about Fraud/Cheating"
1005,"undefined","undefined","undefined",1227,undefined,undefined,1,1,2,"Cybercrime","Detailed facts about Cybercrime"
1006,"undefined","undefined","undefined",1153,undefined,undefined,1,2,1,"Theft/Property","Detailed facts about Theft/Property"
1007,"undefined","undefined","undefined",1030,undefined,undefined,1,2,1,"Theft/Property","Detailed facts about Theft/Property"
1008,"undefined","undefined","undefined",1008,undefined,undefined,1,2,1,"Murder/Attempt","Detailed facts about Murder/Attempt"
1009,"undefined","undefined","undefined",1001,undefined,undefined,1,2,3,"Cybercrime","Detailed facts about Cybercrime"
1010,"undefined","undefined","undefined",1136,undefined,undefined,1,1,4,"Others","Detailed facts about Others"
1011,"undefined","undefined","undefined",1006,undefined,undefined,1,2,1,"Theft/Property","Detailed facts about Theft/Property"
1012,"undefined","undefined","undefined",1050,undefined,undefined,1,2,1,"Fraud/Cheating","Detailed facts about Fraud/Cheating"
1013,"undefined","undefined","undefined",1093,undefined,undefined,1,1,2,"Theft/Property","Detailed facts about Theft/Property"
1014,"undefined","undefined","undefined",1158,undefined,undefined,1,1,1,"Cybercrime","Detailed facts about Cybercrime"
1015,"undefined","undefined","undefined",1010,undefined,undefined,1,2,3,"Assault/Violent","Detailed facts about Assault/Violent"
1016,"undefined","undefined","undefined",1003,undefined,undefined,1,1,1,"Narcotics","Detailed facts about Narcotics"
1017,"undefined","undefined","undefined",1005,undefined,undefined,1,1,2,"Fraud/Cheating","Detailed facts about Fraud/Cheating"
1018,"undefined","undefined","undefined",1008,undefined,undefined,1,2,1,"Assault/Violent","Detailed facts about Assault/Violent"
1019,"undefined","undefined","undefined",1032,undefined,undefined,1,1,1,"Cybercrime","Detailed facts about Cybercrime"
1020,"undefined","undefined","undefined",1005,undefined,undefined,1,2,1,"Fraud/Cheating","Detailed facts about Fraud/Cheating"
1021,"undefined","undefined","undefined",1001,undefined,undefined,1,2,2,"Theft/Property","Detailed facts about Theft/Property"
1022,"undefined","undefined","undefined",1004,undefined,undefined,1,2,1,"Assault/Violent","Detailed facts about Assault/Violent"
1023,"undefined","undefined","undefined",1003,undefined,undefined,1,1,1,"Narcotics","Detailed facts about Narcotics"
1024,"undefined","undefined","undefined",1003,undefined,undefined,1,1,4,"Narcotics","Detailed facts about Narcotics"
1025,"undefined","undefined","undefined",1166,undefined,undefined,1,1,1,"Assault/Violent","Detailed facts about Assault/Violent"
1026,"undefined","undefined","undefined",1136,undefined,undefined,1,1,1,"Murder/Attempt","Detailed facts about Murder/Attempt"
1027,"undefined","undefined","undefined",1095,undefined,undefined,1,2,1,"Robbery/Dacoity","Detailed facts about Robbery/Dacoity"
1028,"undefined","undefined","undefined",1012,undefined,undefined,1,2,1,"Narcotics","Detailed facts about Narcotics"
1029,"undefined","undefined","undefined",1024,undefined,undefined,1,2,1,"Others","Detailed facts about Others"
1030,"undefined","undefined","undefined",1095,undefined,undefined,1,1,2,"Cybercrime","Detailed facts about Cybercrime"
1031,"undefined","undefined","undefined",1041,undefined,undefined,1,2,1,"Cybercrime","Detailed facts about Cybercrime"
1032,"undefined","undefined","undefined",1029,undefined,undefined,1,1,1,"Theft/Property","Detailed facts about Theft/Property"
1033,"undefined","undefined","undefined",1190,undefined,undefined,1,1,3,"Fraud/Cheating","Detailed facts about Fraud/Cheating"
1034,"undefined","undefined","undefined",1001,undefined,undefined,1,2,1,"Theft/Property","Detailed facts about Theft/Property"
1035,"undefined","undefined","undefined",1015,undefined,undefined,1,2,3,"Robbery/Dacoity","Detailed facts about Robbery/Dacoity"
1036,"undefined","undefined","undefined",1012,undefined,undefined,1,2,3,"Theft/Property","Detailed facts about Theft/Property"
1037,"undefined","undefined","undefined",1058,undefined,undefined,1,2,2,"Others","Detailed facts about Others"
1038,"undefined","undefined","undefined",1057,undefined,undefined,1,1,2,"Cybercrime","Detailed facts about Cybercrime"
1039,"undefined","undefined","undefined",1060,undefined,undefined,1,2,2,"Theft/Property","Detailed facts about Theft/Property"
1040,"undefined","undefined","undefined",1067,undefined,undefined,1,2,1,"Theft/Property","Detailed facts about Theft/Property"
1041,"undefined","undefined","undefined",1015,undefined,undefined,1,2,3,"Robbery/Dacoity","Detailed facts about Robbery/Dacoity"
1042,"undefined","undefined","undefined",1014,undefined,undefined,1,1,1,"Cybercrime","Detailed facts about Cybercrime"
1043,"undefined","undefined","undefined",1143,undefined,undefined,1,2,1,"Theft/Property","Detailed facts about Theft/Property"
1044,"undefined","undefined","undefined",1044,undefined,undefined,1,2,2,"Assault/Violent","Detailed facts about Assault/Violent"
1045,"undefined","undefined","undefined",1011,undefined,undefined,1,1,1,"Fraud/Cheating","Detailed facts about Fraud/Cheating"
1046,"undefined","undefined","undefined",1169,undefined,undefined,1,2,1,"Cybercrime","Detailed facts about Cybercrime"
1047,"undefined","undefined","undefined",1026,undefined,undefined,1,2,2,"Murder/Attempt","Detailed facts about Murder/Attempt"
1048,"undefined","undefined","undefined",1054,undefined,undefined,1,2,2,"Murder/Attempt","Detailed facts about Murder/Attempt"
1049,"undefined","undefined","undefined",1011,undefined,undefined,1,2,1,"Others","Detailed facts about Others"
1050,"undefined","undefined","undefined",1022,undefined,undefined,1,2,2,"Cybercrime","Detailed facts about Cybercrime"
1051,"undefined","undefined","undefined",1029,undefined,undefined,1,2,3,"Assault/Violent","Detailed facts about Assault/Violent"
1052,"undefined","undefined","undefined",1029,undefined,undefined,1,2,2,"Theft/Property","Detailed facts about Theft/Property"
1053,"undefined","undefined","undefined",1154,undefined,undefined,1,2,2,"Robbery/Dacoity","Detailed facts about Robbery/Dacoity"
1054,"undefined","undefined","undefined",1214,undefined,undefined,1,1,1,"Assault/Violent","Detailed facts about Assault/Violent"
1055,"undefined","undefined","undefined",1205,undefined,undefined,1,1,2,"Fraud/Cheating","Detailed facts about Fraud/Cheating"
1056,"undefined","undefined","undefined",1031,undefined,undefined,1,1,3,"Robbery/Dacoity","Detailed facts about Robbery/Dacoity"
1057,"undefined","undefined","undefined",1015,undefined,undefined,1,1,3,"Robbery/Dacoity","Detailed facts about Robbery/Dacoity"
1058,"undefined","undefined","undefined",1013,undefined,undefined,1,2,1,"Fraud/Cheating","Detailed facts about Fraud/Cheating"
1059,"undefined","undefined","undefined",1060,undefined,undefined,1,2,3,"Cybercrime","Detailed facts about Cybercrime"
1060,"undefined","undefined","undefined",1010,undefined,undefined,1,1,3,"Fraud/Cheating","Detailed facts about Fraud/Cheating"
1061,"undefined","undefined","undefined",1035,undefined,undefined,1,2,2,"Cybercrime","Detailed facts about Cybercrime"
1062,"undefined","undefined","undefined",1015,undefined,undefined,1,2,2,"Kidnapping","Detailed facts about Kidnapping"
1063,"undefined","undefined","undefined",1009,undefined,undefined,1,2,4,"Cybercrime","Detailed facts about Cybercrime"
1064,"undefined","undefined","undefined",1012,undefined,undefined,1,2,2,"Cybercrime","Detailed facts about Cybercrime"
1065,"undefined","undefined","undefined",1001,undefined,undefined,1,2,1,"Fraud/Cheating","Detailed facts about Fraud/Cheating"
1066,"undefined","undefined","undefined",1019,undefined,undefined,1,2,2,"Narcotics","Detailed facts about Narcotics"
1067,"undefined","undefined","undefined",1166,undefined,undefined,1,2,4,"Cybercrime","Detailed facts about Cybercrime"
1068,"undefined","undefined","undefined",1174,undefined,undefined,1,2,2,"Theft/Property","Detailed facts about Theft/Property"
1069,"undefined","undefined","undefined",1115,undefined,undefined,1,2,1,"Others","Detailed facts about Others"
1070,"undefined","undefined","undefined",1062,undefined,undefined,1,2,2,"Assault/Violent","Detailed facts about Assault/Violent"
1071,"undefined","undefined","undefined",1002,undefined,undefined,1,2,1,"Theft/Property","Detailed facts about Theft/Property"
1072,"undefined","undefined","undefined",1099,undefined,undefined,1,2,1,"Kidnapping","Detailed facts about Kidnapping"
1073,"undefined","undefined","undefined",1010,undefined,undefined,1,2,1,"Others","Detailed facts about Others"
1074,"undefined","undefined","undefined",1197,undefined,undefined,1,2,4,"Fraud/Cheating","Detailed facts about Fraud/Cheating"
1075,"undefined","undefined","undefined",1116,undefined,undefined,1,1,4,"Assault/Violent","Detailed facts about Assault/Violent"
1076,"undefined","undefined","undefined",1082,undefined,undefined,1,2,2,"Theft/Property","Detailed facts about Theft/Property"
1077,"undefined","undefined","undefined",1012,undefined,undefined,1,1,3,"Cybercrime","Detailed facts about Cybercrime"
1078,"undefined","undefined","undefined",1010,undefined,undefined,1,1,1,"Theft/Property","Detailed facts about Theft/Property"
1079,"undefined","undefined","undefined",1027,undefined,undefined,1,2,1,"Theft/Property","Detailed facts about Theft/Property"
1080,"undefined","undefined","undefined",1010,undefined,undefined,1,2,3,"Narcotics","Detailed facts about Narcotics"
1081,"undefined","undefined","undefined",1030,undefined,undefined,1,1,4,"Murder/Attempt","Detailed facts about Murder/Attempt"
1082,"undefined","undefined","undefined",1040,undefined,undefined,1,2,4,"Fraud/Cheating","Detailed facts about Fraud/Cheating"
1083,"undefined","undefined","undefined",1001,undefined,undefined,1,2,1,"Robbery/Dacoity","Detailed facts about Robbery/Dacoity"
1084,"undefined","undefined","undefined",1010,undefined,undefined,1,1,1,"Theft/Property","Detailed facts about Theft/Property"
1085,"undefined","undefined","undefined",1056,undefined,undefined,1,2,3,"Theft/Property","Detailed facts about Theft/Property"
1086,"undefined","undefined","undefined",1001,undefined,undefined,1,1,1,"Others","Detailed facts about Others"
1087,"undefined","undefined","undefined",1109,undefined,undefined,1,2,1,"Kidnapping","Detailed facts about Kidnapping"
1088,"undefined","undefined","undefined",1001,undefined,undefined,1,1,3,"Fraud/Cheating","Detailed facts about Fraud/Cheating"
1089,"undefined","undefined","undefined",1005,undefined,undefined,1,1,1,"Fraud/Cheating","Detailed facts about Fraud/Cheating"
1090,"undefined","undefined","undefined",1025,undefined,undefined,1,1,2,"Cybercrime","Detailed facts about Cybercrime"
1091,"undefined","undefined","undefined",1001,undefined,undefined,1,2,4,"Fraud/Cheating","Detailed facts about Fraud/Cheating"
1092,"undefined","undefined","undefined",1046,undefined,undefined,1,2,3,"Cybercrime","Detailed facts about Cybercrime"
1093,"undefined","undefined","undefined",1098,undefined,undefined,1,1,3,"Fraud/Cheating","Detailed facts about Fraud/Cheating"
1094,"undefined","undefined","undefined",1053,undefined,undefined,1,1,3,"Assault/Violent","Detailed facts about Assault/Violent"
1095,"undefined","undefined","undefined",1130,undefined,undefined,1,1,1,"Fraud/Cheating","Detailed facts about Fraud/Cheating"
1096,"undefined","undefined","undefined",1013,undefined,undefined,1,2,1,"Cybercrime","Detailed facts about Cybercrime"
1097,"undefined","undefined","undefined",1035,undefined,undefined,1,2,4,"Fraud/Cheating","Detailed facts about Fraud/Cheating"
1098,"undefined","undefined","undefined",1190,undefined,undefined,1,2,1,"Fraud/Cheating","Detailed facts about Fraud/Cheating"
1099,"undefined","undefined","undefined",1018,undefined,undefined,1,2,1,"Assault/Violent","Detailed facts about Assault/Violent"
1100,"undefined","undefined","undefined",1023,undefined,undefined,1,1,3,"Cybercrime","Detailed facts about Cybercrime"
1101,"undefined","undefined","undefined",1186,undefined,undefined,1,2,2,"Cybercrime","Detailed facts about Cybercrime"
1102,"undefined","undefined","undefined",1044,undefined,undefined,1,2,3,"Robbery/Dacoity","Detailed facts about Robbery/Dacoity"
1103,"undefined","undefined","undefined",1008,undefined,undefined,1,2,1,"Robbery/Dacoity","Detailed facts about Robbery/Dacoity"
1104,"undefined","undefined","undefined",1010,undefined,undefined,1,2,4,"Fraud/Cheating","Detailed facts about Fraud/Cheating"
1105,"undefined","undefined","undefined",1005,undefined,undefined,1,2,1,"Theft/Property","Detailed facts about Theft/Property"
1106,"undefined","undefined","undefined",1013,undefined,undefined,1,2,2,"Others","Detailed facts about Others"
1107,"undefined","undefined","undefined",1015,undefined,undefined,1,1,4,"Cybercrime","Detailed facts about Cybercrime"
1108,"undefined","undefined","undefined",1010,undefined,undefined,1,2,1,"Narcotics","Detailed facts about Narcotics"
1109,"undefined","undefined","undefined",1044,undefined,undefined,1,2,1,"Assault/Violent","Detailed facts about Assault/Violent"
1110,"undefined","undefined","undefined",1199,undefined,undefined,1,2,3,"Assault/Violent","Detailed facts about Assault/Violent"
1111,"undefined","undefined","undefined",1030,undefined,undefined,1,2,3,"Theft/Property","Detailed facts about Theft/Property"
1112,"undefined","undefined","undefined",1102,undefined,undefined,1,2,1,"Theft/Property","Detailed facts about Theft/Property"
1113,"undefined","undefined","undefined",1062,undefined,undefined,1,2,4,"Cybercrime","Detailed facts about Cybercrime"
1114,"undefined","undefined","undefined",1047,undefined,undefined,1,2,2,"Assault/Violent","Detailed facts about Assault/Violent"
1115,"undefined","undefined","undefined",1008,undefined,undefined,1,1,2,"Cybercrime","Detailed facts about Cybercrime"
1116,"undefined","undefined","undefined",1003,undefined,undefined,1,2,2,"Theft/Property","Detailed facts about Theft/Property"
1117,"undefined","undefined","undefined",1205,undefined,undefined,1,2,1,"Kidnapping","Detailed facts about Kidnapping"
1118,"undefined","undefined","undefined",1015,undefined,undefined,1,2,1,"Theft/Property","Detailed facts about Theft/Property"
1119,"undefined","undefined","undefined",1012,undefined,undefined,1,2,2,"Fraud/Cheating","Detailed facts about Fraud/Cheating"
1120,"undefined","undefined","undefined",1005,undefined,undefined,1,2,2,"Cybercrime","Detailed facts about Cybercrime"
1121,"undefined","undefined","undefined",1015,undefined,undefined,1,2,1,"Theft/Property","Detailed facts about Theft/Property"
1122,"undefined","undefined","undefined",1169,undefined,undefined,1,1,2,"Robbery/Dacoity","Detailed facts about Robbery/Dacoity"
1123,"undefined","undefined","undefined",1203,undefined,undefined,1,2,1,"Cybercrime","Detailed facts about Cybercrime"
1124,"undefined","undefined","undefined",1003,undefined,undefined,1,2,1,"Theft/Property","Detailed facts about Theft/Property"
1125,"undefined","undefined","undefined",1092,undefined,undefined,1,2,1,"Murder/Attempt","Detailed facts about Murder/Attempt"
1126,"undefined","undefined","undefined",1001,undefined,undefined,1,2,1,"Fraud/Cheating","Detailed facts about Fraud/Cheating"
1127,"undefined","undefined","undefined",1094,undefined,undefined,1,2,1,"Cybercrime","Detailed facts about Cybercrime"
1128,"undefined","undefined","undefined",1050,undefined,undefined,1,2,1,"Murder/Attempt","Detailed facts about Murder/Attempt"
1129,"undefined","undefined","undefined",1025,undefined,undefined,1,1,2,"Others","Detailed facts about Others"
1130,"undefined","undefined","undefined",1005,undefined,undefined,1,2,3,"Assault/Violent","Detailed facts about Assault/Violent"
1131,"undefined","undefined","undefined",1081,undefined,undefined,1,2,1,"Theft/Property","Detailed facts about Theft/Property"
1132,"undefined","undefined","undefined",1132,undefined,undefined,1,1,2,"Assault/Violent","Detailed facts about Assault/Violent"
1133,"undefined","undefined","undefined",1148,undefined,undefined,1,1,1,"Robbery/Dacoity","Detailed facts about Robbery/Dacoity"
1134,"undefined","undefined","undefined",1040,undefined,undefined,1,2,2,"Theft/Property","Detailed facts about Theft/Property"
1135,"undefined","undefined","undefined",1012,undefined,undefined,1,1,2,"Assault/Violent","Detailed facts about Assault/Violent"
1136,"undefined","undefined","undefined",1013,undefined,undefined,1,2,2,"Cybercrime","Detailed facts about Cybercrime"
1137,"undefined","undefined","undefined",1051,undefined,undefined,1,2,1,"Robbery/Dacoity","Detailed facts about Robbery/Dacoity"
1138,"undefined","undefined","undefined",1188,undefined,undefined,1,1,2,"Assault/Violent","Detailed facts about Assault/Violent"
1139,"undefined","undefined","undefined",1010,undefined,undefined,1,2,3,"Assault/Violent","Detailed facts about Assault/Violent"
1140,"undefined","undefined","undefined",1154,undefined,undefined,1,1,1,"Assault/Violent","Detailed facts about Assault/Violent"
1141,"undefined","undefined","undefined",1220,undefined,undefined,1,2,1,"Cybercrime","Detailed facts about Cybercrime"
1142,"undefined","undefined","undefined",1055,undefined,undefined,1,2,1,"Fraud/Cheating","Detailed facts about Fraud/Cheating"
1143,"undefined","undefined","undefined",1050,undefined,undefined,1,1,1,"Assault/Violent","Detailed facts about Assault/Violent"
1144,"undefined","undefined","undefined",1010,undefined,undefined,1,2,1,"Cybercrime","Detailed facts about Cybercrime"
1145,"undefined","undefined","undefined",1130,undefined,undefined,1,2,1,"Cybercrime","Detailed facts about Cybercrime"
1146,"undefined","undefined","undefined",1024,undefined,undefined,1,2,2,"Cybercrime","Detailed facts about Cybercrime"
1147,"undefined","undefined","undefined",1009,undefined,undefined,1,2,1,"Theft/Property","Detailed facts about Theft/Property"
1148,"undefined","undefined","undefined",1047,undefined,undefined,1,2,2,"Others","Detailed facts about Others"
1149,"undefined","undefined","undefined",1121,undefined,undefined,1,2,2,"Narcotics","Detailed facts about Narcotics"
1150,"undefined","undefined","undefined",1086,undefined,undefined,1,2,4,"Kidnapping","Detailed facts about Kidnapping"
1151,"undefined","undefined","undefined",1006,undefined,undefined,1,2,2,"Cybercrime","Detailed facts about Cybercrime"
1152,"undefined","undefined","undefined",1005,undefined,undefined,1,2,1,"Theft/Property","Detailed facts about Theft/Property"
1153,"undefined","undefined","undefined",1088,undefined,undefined,1,1,1,"Assault/Violent","Detailed facts about Assault/Violent"
1154,"undefined","undefined","undefined",1172,undefined,undefined,1,1,2,"Kidnapping","Detailed facts about Kidnapping"
1155,"undefined","undefined","undefined",1002,undefined,undefined,1,2,3,"Theft/Property","Detailed facts about Theft/Property"
1156,"undefined","undefined","undefined",1012,undefined,undefined,1,2,2,"Narcotics","Detailed facts about Narcotics"
1157,"undefined","undefined","undefined",1052,undefined,undefined,1,1,2,"Cybercrime","Detailed facts about Cybercrime"
1158,"undefined","undefined","undefined",1012,undefined,undefined,1,2,2,"Theft/Property","Detailed facts about Theft/Property"
1159,"undefined","undefined","undefined",1025,undefined,undefined,1,1,1,"Cybercrime","Detailed facts about Cybercrime"
1160,"undefined","undefined","undefined",1059,undefined,undefined,1,2,3,"Kidnapping","Detailed facts about Kidnapping"
1161,"undefined","undefined","undefined",1101,undefined,undefined,1,2,1,"Cybercrime","Detailed facts about Cybercrime"
1162,"undefined","undefined","undefined",1005,undefined,undefined,1,2,2,"Fraud/Cheating","Detailed facts about Fraud/Cheating"
1163,"undefined","undefined","undefined",1143,undefined,undefined,1,2,3,"Cybercrime","Detailed facts about Cybercrime"
1164,"undefined","undefined","undefined",1127,undefined,undefined,1,2,1,"Fraud/Cheating","Detailed facts about Fraud/Cheating"
1165,"undefined","undefined","undefined",1005,undefined,undefined,1,2,1,"Narcotics","Detailed facts about Narcotics"
1166,"undefined","undefined","undefined",1010,undefined,undefined,1,2,1,"Theft/Property","Detailed facts about Theft/Property"
1167,"undefined","undefined","undefined",1053,undefined,undefined,1,2,2,"Narcotics","Detailed facts about Narcotics"
1168,"undefined","undefined","undefined",1050,undefined,undefined,1,2,2,"Assault/Violent","Detailed facts about Assault/Violent"
1169,"undefined","undefined","undefined",1015,undefined,undefined,1,2,2,"Robbery/Dacoity","Detailed facts about Robbery/Dacoity"
1170,"undefined","undefined","undefined",1009,undefined,undefined,1,2,3,"Narcotics","Detailed facts about Narcotics"
1171,"undefined","undefined","undefined",1006,undefined,undefined,1,2,1,"Others","Detailed facts about Others"
1172,"undefined","undefined","undefined",1003,undefined,undefined,1,2,3,"Narcotics","Detailed facts about Narcotics"
1173,"undefined","undefined","undefined",1009,undefined,undefined,1,1,2,"Cybercrime","Detailed facts about Cybercrime"
1174,"undefined","undefined","undefined",1008,undefined,undefined,1,1,3,"Robbery/Dacoity","Detailed facts about Robbery/Dacoity"
1175,"undefined","undefined","undefined",1182,undefined,undefined,1,2,1,"Assault/Violent","Detailed facts about Assault/Violent"
1176,"undefined","undefined","undefined",1172,undefined,undefined,1,1,1,"Theft/Property","Detailed facts about Theft/Property"
1177,"undefined","undefined","undefined",1024,undefined,undefined,1,1,1,"Theft/Property","Detailed facts about Theft/Property"
1178,"undefined","undefined","undefined",1138,undefined,undefined,1,2,2,"Others","Detailed facts about Others"
1179,"undefined","undefined","undefined",1011,undefined,undefined,1,2,1,"Fraud/Cheating","Detailed facts about Fraud/Cheating"
1180,"undefined","undefined","undefined",1031,undefined,undefined,1,2,3,"Theft/Property","Detailed facts about Theft/Property"
1181,"undefined","undefined","undefined",1029,undefined,undefined,1,2,2,"Fraud/Cheating","Detailed facts about Fraud/Cheating"
1182,"undefined","undefined","undefined",1011,undefined,undefined,1,2,2,"Cybercrime","Detailed facts about Cybercrime"
1183,"undefined","undefined","undefined",1024,undefined,undefined,1,2,2,"Kidnapping","Detailed facts about Kidnapping"
1184,"undefined","undefined","undefined",1052,undefined,undefined,1,2,2,"Theft/Property","Detailed facts about Theft/Property"
1185,"undefined","undefined","undefined",1001,undefined,undefined,1,2,2,"Robbery/Dacoity","Detailed facts about Robbery/Dacoity"
1186,"undefined","undefined","undefined",1028,undefined,undefined,1,2,3,"Others","Detailed facts about Others"
1187,"undefined","undefined","undefined",1031,undefined,undefined,1,1,2,"Cybercrime","Detailed facts about Cybercrime"
1188,"undefined","undefined","undefined",1087,undefined,undefined,1,2,1,"Theft/Property","Detailed facts about Theft/Property"
1189,"undefined","undefined","undefined",1183,undefined,undefined,1,2,2,"Assault/Violent","Detailed facts about Assault/Violent"
1190,"undefined","undefined","undefined",1010,undefined,undefined,1,1,1,"Cybercrime","Detailed facts about Cybercrime"
1191,"undefined","undefined","undefined",1005,undefined,undefined,1,2,3,"Cybercrime","Detailed facts about Cybercrime"
1192,"undefined","undefined","undefined",1053,undefined,undefined,1,2,2,"Cybercrime","Detailed facts about Cybercrime"
1193,"undefined","undefined","undefined",1050,undefined,undefined,1,1,3,"Narcotics","Detailed facts about Narcotics"
1194,"undefined","undefined","undefined",1032,undefined,undefined,1,1,2,"Fraud/Cheating","Detailed facts about Fraud/Cheating"
1195,"undefined","undefined","undefined",1217,undefined,undefined,1,2,2,"Robbery/Dacoity","Detailed facts about Robbery/Dacoity"
1196,"undefined","undefined","undefined",1010,undefined,undefined,1,2,2,"Fraud/Cheating","Detailed facts about Fraud/Cheating"
1197,"undefined","undefined","undefined",1027,undefined,undefined,1,2,1,"Narcotics","Detailed facts about Narcotics"
1198,"undefined","undefined","undefined",1005,undefined,undefined,1,2,1,"Kidnapping","Detailed facts about Kidnapping"
1199,"undefined","undefined","undefined",1015,undefined,undefined,1,2,2,"Theft/Property","Detailed facts about Theft/Property"
1200,"undefined","undefined","undefined",1032,undefined,undefined,1,2,1,"Cybercrime","Detailed facts about Cybercrime"
1201,"undefined","undefined","undefined",1009,undefined,undefined,1,2,2,"Robbery/Dacoity","Detailed facts about Robbery/Dacoity"
1202,"undefined","undefined","undefined",1019,undefined,undefined,1,2,2,"Fraud/Cheating","Detailed facts about Fraud/Cheating"
1203,"undefined","undefined","undefined",1010,undefined,undefined,1,2,2,"Cybercrime","Detailed facts about Cybercrime"
1204,"undefined","undefined","undefined",1037,undefined,undefined,1,2,1,"Assault/Violent","Detailed facts about Assault/Violent"
1205,"undefined","undefined","undefined",1002,undefined,undefined,1,1,2,"Cybercrime","Detailed facts about Cybercrime"
1206,"undefined","undefined","undefined",1061,undefined,undefined,1,1,3,"Kidnapping","Detailed facts about Kidnapping"
1207,"undefined","undefined","undefined",1068,undefined,undefined,1,1,3,"Others","Detailed facts about Others"
1208,"undefined","undefined","undefined",1013,undefined,undefined,1,2,3,"Fraud/Cheating","Detailed facts about Fraud/Cheating"
1209,"undefined","undefined","undefined",1109,undefined,undefined,1,1,3,"Fraud/Cheating","Detailed facts about Fraud/Cheating"
1210,"undefined","undefined","undefined",1111,undefined,undefined,1,1,2,"Robbery/Dacoity","Detailed facts about Robbery/Dacoity"
1211,"undefined","undefined","undefined",1006,undefined,undefined,1,2,2,"Assault/Violent","Detailed facts about Assault/Violent"
1212,"undefined","undefined","undefined",1008,undefined,undefined,1,1,1,"Assault/Violent","Detailed facts about Assault/Violent"
1213,"undefined","undefined","undefined",1006,undefined,undefined,1,2,1,"Theft/Property","Detailed facts about Theft/Property"
1214,"undefined","undefined","undefined",1101,undefined,undefined,1,2,1,"Fraud/Cheating","Detailed facts about Fraud/Cheating"
1215,"undefined","undefined","undefined",1006,undefined,undefined,1,1,1,"Robbery/Dacoity","Detailed facts about Robbery/Dacoity"
1216,"undefined","undefined","undefined",1014,undefined,undefined,1,2,2,"Theft/Property","Detailed facts about Theft/Property"
1217,"undefined","undefined","undefined",1030,undefined,undefined,1,1,3,"Fraud/Cheating","Detailed facts about Fraud/Cheating"
1218,"undefined","undefined","undefined",1122,undefined,undefined,1,2,3,"Assault/Violent","Detailed facts about Assault/Violent"
1219,"undefined","undefined","undefined",1122,undefined,undefined,1,1,2,"Theft/Property","Detailed facts about Theft/Property"
1220,"undefined","undefined","undefined",1042,undefined,undefined,1,1,3,"Others","Detailed facts about Others"
1221,"undefined","undefined","undefined",1065,undefined,undefined,1,2,3,"Fraud/Cheating","Detailed facts about Fraud/Cheating"
1222,"undefined","undefined","undefined",1184,undefined,undefined,1,2,2,"Theft/Property","Detailed facts about Theft/Property"
1223,"undefined","undefined","undefined",1116,undefined,undefined,1,1,2,"Cybercrime","Detailed facts about Cybercrime"
1224,"undefined","undefined","undefined",1043,undefined,undefined,1,1,3,"Kidnapping","Detailed facts about Kidnapping"
1225,"undefined","undefined","undefined",1051,undefined,undefined,1,2,2,"Theft/Property","Detailed facts about Theft/Property"
1226,"undefined","undefined","undefined",1205,undefined,undefined,1,2,2,"Kidnapping","Detailed facts about Kidnapping"
1227,"undefined","undefined","undefined",1218,undefined,undefined,1,2,4,"Cybercrime","Detailed facts about Cybercrime"
1228,"undefined","undefined","undefined",1032,undefined,undefined,1,2,2,"Cybercrime","Detailed facts about Cybercrime"
1229,"undefined","undefined","undefined",1065,undefined,undefined,1,2,2,"Fraud/Cheating","Detailed facts about Fraud/Cheating"
1230,"undefined","undefined","undefined",1009,undefined,undefined,1,1,4,"Fraud/Cheating","Detailed facts about Fraud/Cheating"
1231,"undefined","undefined","undefined",1150,undefined,undefined,1,2,1,"Theft/Property","Detailed facts about Theft/Property"
1232,"undefined","undefined","undefined",1022,undefined,undefined,1,2,1,"Others","Detailed facts about Others"
1233,"undefined","undefined","undefined",1073,undefined,undefined,1,2,3,"Theft/Property","Detailed facts about Theft/Property"
1234,"undefined","undefined","undefined",1130,undefined,undefined,1,2,3,"Theft/Property","Detailed facts about Theft/Property"
1235,"undefined","undefined","undefined",1024,undefined,undefined,1,2,1,"Fraud/Cheating","Detailed facts about Fraud/Cheating"
1236,"undefined","undefined","undefined",1056,undefined,undefined,1,1,4,"Theft/Property","Detailed facts about Theft/Property"
1237,"undefined","undefined","undefined",1098,undefined,undefined,1,2,1,"Kidnapping","Detailed facts about Kidnapping"
1238,"undefined","undefined","undefined",1038,undefined,undefined,1,1,3,"Assault/Violent","Detailed facts about Assault/Violent"
1239,"undefined","undefined","undefined",1080,undefined,undefined,1,1,1,"Narcotics","Detailed facts about Narcotics"
1240,"undefined","undefined","undefined",1012,undefined,undefined,1,2,3,"Theft/Property","Detailed facts about Theft/Property"
1241,"undefined","undefined","undefined",1130,undefined,undefined,1,2,3,"Narcotics","Detailed facts about Narcotics"
1242,"undefined","undefined","undefined",1009,undefined,undefined,1,2,3,"Theft/Property","Detailed facts about Theft/Property"
1243,"undefined","undefined","undefined",1042,undefined,undefined,1,1,2,"Assault/Violent","Detailed facts about Assault/Violent"
1244,"undefined","undefined","undefined",1135,undefined,undefined,1,2,2,"Narcotics","Detailed facts about Narcotics"
1245,"undefined","undefined","undefined",1076,undefined,undefined,1,1,2,"Theft/Property","Detailed facts about Theft/Property"
1246,"undefined","undefined","undefined",1004,undefined,undefined,1,2,4,"Fraud/Cheating","Detailed facts about Fraud/Cheating"
1247,"undefined","undefined","undefined",1176,undefined,undefined,1,2,1,"Cybercrime","Detailed facts about Cybercrime"
1248,"undefined","undefined","undefined",1006,undefined,undefined,1,1,4,"Theft/Property","Detailed facts about Theft/Property"
1249,"undefined","undefined","undefined",1015,undefined,undefined,1,2,2,"Theft/Property","Detailed facts about Theft/Property"
1250,"undefined","undefined","undefined",1102,undefined,undefined,1,1,1,"Cybercrime","Detailed facts about Cybercrime"
1251,"undefined","undefined","undefined",1188,undefined,undefined,1,2,2,"Cybercrime","Detailed facts about Cybercrime"
1252,"undefined","undefined","undefined",1002,undefined,undefined,1,2,2,"Theft/Property","Detailed facts about Theft/Property"
1253,"undefined","undefined","undefined",1210,undefined,undefined,1,2,4,"Theft/Property","Detailed facts about Theft/Property"
1254,"undefined","undefined","undefined",1011,undefined,undefined,1,2,1,"Kidnapping","Detailed facts about Kidnapping"
1255,"undefined","undefined","undefined",1154,undefined,undefined,1,2,3,"Cybercrime","Detailed facts about Cybercrime"
1256,"undefined","undefined","undefined",1057,undefined,undefined,1,1,3,"Murder/Attempt","Detailed facts about Murder/Attempt"
1257,"undefined","undefined","undefined",1057,undefined,undefined,1,2,3,"Robbery/Dacoity","Detailed facts about Robbery/Dacoity"
1258,"undefined","undefined","undefined",1044,undefined,undefined,1,2,2,"Theft/Property","Detailed facts about Theft/Property"
1259,"undefined","undefined","undefined",1112,undefined,undefined,1,1,4,"Cybercrime","Detailed facts about Cybercrime"
1260,"undefined","undefined","undefined",1030,undefined,undefined,1,2,4,"Theft/Property","Detailed facts about Theft/Property"
1261,"undefined","undefined","undefined",1011,undefined,undefined,1,2,2,"Theft/Property","Detailed facts about Theft/Property"
1262,"undefined","undefined","undefined",1009,undefined,undefined,1,2,1,"Murder/Attempt","Detailed facts about Murder/Attempt"
1263,"undefined","undefined","undefined",1047,undefined,undefined,1,2,2,"Theft/Property","Detailed facts about Theft/Property"
1264,"undefined","undefined","undefined",1166,undefined,undefined,1,2,3,"Theft/Property","Detailed facts about Theft/Property"
1265,"undefined","undefined","undefined",1055,undefined,undefined,1,2,1,"Cybercrime","Detailed facts about Cybercrime"
1266,"undefined","undefined","undefined",1061,undefined,undefined,1,1,1,"Assault/Violent","Detailed facts about Assault/Violent"
1267,"undefined","undefined","undefined",1109,undefined,undefined,1,2,2,"Others","Detailed facts about Others"
1268,"undefined","undefined","undefined",1014,undefined,undefined,1,1,2,"Robbery/Dacoity","Detailed facts about Robbery/Dacoity"
1269,"undefined","undefined","undefined",1008,undefined,undefined,1,2,1,"Cybercrime","Detailed facts about Cybercrime"
1270,"undefined","undefined","undefined",1163,undefined,undefined,1,2,3,"Theft/Property","Detailed facts about Theft/Property"
1271,"undefined","undefined","undefined",1012,undefined,undefined,1,1,2,"Assault/Violent","Detailed facts about Assault/Violent"
1272,"undefined","undefined","undefined",1042,undefined,undefined,1,1,4,"Theft/Property","Detailed facts about Theft/Property"
1273,"undefined","undefined","undefined",1082,undefined,undefined,1,1,4,"Kidnapping","Detailed facts about Kidnapping"
1274,"undefined","undefined","undefined",1213,undefined,undefined,1,2,4,"Theft/Property","Detailed facts about Theft/Property"
1275,"undefined","undefined","undefined",1045,undefined,undefined,1,2,4,"Robbery/Dacoity","Detailed facts about Robbery/Dacoity"
1276,"undefined","undefined","undefined",1222,undefined,undefined,1,1,4,"Fraud/Cheating","Detailed facts about Fraud/Cheating"
1277,"undefined","undefined","undefined",1007,undefined,undefined,1,1,1,"Robbery/Dacoity","Detailed facts about Robbery/Dacoity"
1278,"undefined","undefined","undefined",1011,undefined,undefined,1,1,2,"Assault/Violent","Detailed facts about Assault/Violent"
1279,"undefined","undefined","undefined",1142,undefined,undefined,1,1,2,"Cybercrime","Detailed facts about Cybercrime"
1280,"undefined","undefined","undefined",1026,undefined,undefined,1,2,2,"Robbery/Dacoity","Detailed facts about Robbery/Dacoity"
1281,"undefined","undefined","undefined",1014,undefined,undefined,1,2,1,"Murder/Attempt","Detailed facts about Murder/Attempt"
1282,"undefined","undefined","undefined",1087,undefined,undefined,1,1,1,"Fraud/Cheating","Detailed facts about Fraud/Cheating"
1283,"undefined","undefined","undefined",1127,undefined,undefined,1,2,3,"Assault/Violent","Detailed facts about Assault/Violent"
1284,"undefined","undefined","undefined",1043,undefined,undefined,1,2,4,"Fraud/Cheating","Detailed facts about Fraud/Cheating"
1285,"undefined","undefined","undefined",1035,undefined,undefined,1,2,1,"Theft/Property","Detailed facts about Theft/Property"
1286,"undefined","undefined","undefined",1059,undefined,undefined,1,2,2,"Assault/Violent","Detailed facts about Assault/Violent"
1287,"undefined","undefined","undefined",1010,undefined,undefined,1,2,1,"Cybercrime","Detailed facts about Cybercrime"
1288,"undefined","undefined","undefined",1134,undefined,undefined,1,2,4,"Others","Detailed facts about Others"
1289,"undefined","undefined","undefined",1013,undefined,undefined,1,1,2,"Cybercrime","Detailed facts about Cybercrime"
1290,"undefined","undefined","undefined",1006,undefined,undefined,1,1,3,"Robbery/Dacoity","Detailed facts about Robbery/Dacoity"
1291,"undefined","undefined","undefined",1057,undefined,undefined,1,2,3,"Fraud/Cheating","Detailed facts about Fraud/Cheating"
1292,"undefined","undefined","undefined",1172,undefined,undefined,1,2,1,"Theft/Property","Detailed facts about Theft/Property"
1293,"undefined","undefined","undefined",1036,undefined,undefined,1,2,2,"Fraud/Cheating","Detailed facts about Fraud/Cheating"
1294,"undefined","undefined","undefined",1012,undefined,undefined,1,2,3,"Assault/Violent","Detailed facts about Assault/Violent"
1295,"undefined","undefined","undefined",1173,undefined,undefined,1,1,1,"Others","Detailed facts about Others"
1296,"undefined","undefined","undefined",1224,undefined,undefined,1,1,1,"Cybercrime","Detailed facts about Cybercrime"
1297,"undefined","undefined","undefined",1214,undefined,undefined,1,2,3,"Murder/Attempt","Detailed facts about Murder/Attempt"
1298,"undefined","undefined","undefined",1050,undefined,undefined,1,2,4,"Fraud/Cheating","Detailed facts about Fraud/Cheating"
1299,"undefined","undefined","undefined",1006,undefined,undefined,1,1,2,"Others","Detailed facts about Others"
1300,"undefined","undefined","undefined",1015,undefined,undefined,1,2,3,"Fraud/Cheating","Detailed facts about Fraud/Cheating"
1301,"undefined","undefined","undefined",1060,undefined,undefined,1,2,4,"Assault/Violent","Detailed facts about Assault/Violent"
1302,"undefined","undefined","undefined",1009,undefined,undefined,1,1,2,"Assault/Violent","Detailed facts about Assault/Violent"
1303,"undefined","undefined","undefined",1012,undefined,undefined,1,2,3,"Assault/Violent","Detailed facts about Assault/Violent"
1304,"undefined","undefined","undefined",1199,undefined,undefined,1,2,3,"Fraud/Cheating","Detailed facts about Fraud/Cheating"
1305,"undefined","undefined","undefined",1197,undefined,undefined,1,1,3,"Others","Detailed facts about Others"
1306,"undefined","undefined","undefined",1045,undefined,undefined,1,2,3,"Assault/Violent","Detailed facts about Assault/Violent"
1307,"undefined","undefined","undefined",1003,undefined,undefined,1,2,3,"Fraud/Cheating","Detailed facts about Fraud/Cheating"
1308,"undefined","undefined","undefined",1068,undefined,undefined,1,1,2,"Fraud/Cheating","Detailed facts about Fraud/Cheating"
1309,"undefined","undefined","undefined",1002,undefined,undefined,1,2,3,"Theft/Property","Detailed facts about Theft/Property"
1310,"undefined","undefined","undefined",1024,undefined,undefined,1,2,2,"Others","Detailed facts about Others"
1311,"undefined","undefined","undefined",1007,undefined,undefined,1,2,1,"Cybercrime","Detailed facts about Cybercrime"
1312,"undefined","undefined","undefined",1006,undefined,undefined,1,2,3,"Kidnapping","Detailed facts about Kidnapping"
1313,"undefined","undefined","undefined",1166,undefined,undefined,1,2,3,"Cybercrime","Detailed facts about Cybercrime"
1314,"undefined","undefined","undefined",1005,undefined,undefined,1,1,1,"Theft/Property","Detailed facts about Theft/Property"
1315,"undefined","undefined","undefined",1049,undefined,undefined,1,1,1,"Narcotics","Detailed facts about Narcotics"
1316,"undefined","undefined","undefined",1014,undefined,undefined,1,2,2,"Cybercrime","Detailed facts about Cybercrime"
1317,"undefined","undefined","undefined",1100,undefined,undefined,1,2,2,"Cybercrime","Detailed facts about Cybercrime"
1318,"undefined","undefined","undefined",1003,undefined,undefined,1,2,2,"Robbery/Dacoity","Detailed facts about Robbery/Dacoity"
1319,"undefined","undefined","undefined",1029,undefined,undefined,1,1,2,"Assault/Violent","Detailed facts about Assault/Violent"
1320,"undefined","undefined","undefined",1014,undefined,undefined,1,1,1,"Cybercrime","Detailed facts about Cybercrime"
1321,"undefined","undefined","undefined",1001,undefined,undefined,1,2,2,"Others","Detailed facts about Others"
1322,"undefined","undefined","undefined",1032,undefined,undefined,1,1,2,"Murder/Attempt","Detailed facts about Murder/Attempt"
1323,"undefined","undefined","undefined",1004,undefined,undefined,1,2,1,"Cybercrime","Detailed facts about Cybercrime"
1324,"undefined","undefined","undefined",1066,undefined,undefined,1,2,3,"Narcotics","Detailed facts about Narcotics"
1325,"undefined","undefined","undefined",1014,undefined,undefined,1,2,2,"Cybercrime","Detailed facts about Cybercrime"
1326,"undefined","undefined","undefined",1164,undefined,undefined,1,2,3,"Cybercrime","Detailed facts about Cybercrime"
1327,"undefined","undefined","undefined",1013,undefined,undefined,1,2,2,"Theft/Property","Detailed facts about Theft/Property"
1328,"undefined","undefined","undefined",1011,undefined,undefined,1,2,3,"Cybercrime","Detailed facts about Cybercrime"
1329,"undefined","undefined","undefined",1074,undefined,undefined,1,2,3,"Theft/Property","Detailed facts about Theft/Property"
1330,"undefined","undefined","undefined",1207,undefined,undefined,1,2,1,"Cybercrime","Detailed facts about Cybercrime"
1331,"undefined","undefined","undefined",1071,undefined,undefined,1,1,4,"Theft/Property","Detailed facts about Theft/Property"
1332,"undefined","undefined","undefined",1108,undefined,undefined,1,2,1,"Robbery/Dacoity","Detailed facts about Robbery/Dacoity"
1333,"undefined","undefined","undefined",1008,undefined,undefined,1,1,1,"Narcotics","Detailed facts about Narcotics"
1334,"undefined","undefined","undefined",1011,undefined,undefined,1,1,4,"Cybercrime","Detailed facts about Cybercrime"
1335,"undefined","undefined","undefined",1011,undefined,undefined,1,2,1,"Theft/Property","Detailed facts about Theft/Property"
1336,"undefined","undefined","undefined",1182,undefined,undefined,1,1,2,"Theft/Property","Detailed facts about Theft/Property"
1337,"undefined","undefined","undefined",1035,undefined,undefined,1,2,2,"Fraud/Cheating","Detailed facts about Fraud/Cheating"
1338,"undefined","undefined","undefined",1106,undefined,undefined,1,2,1,"Theft/Property","Detailed facts about Theft/Property"
1339,"undefined","undefined","undefined",1011,undefined,undefined,1,2,2,"Others","Detailed facts about Others"
1340,"undefined","undefined","undefined",1001,undefined,undefined,1,2,4,"Theft/Property","Detailed facts about Theft/Property"
1341,"undefined","undefined","undefined",1022,undefined,undefined,1,2,3,"Robbery/Dacoity","Detailed facts about Robbery/Dacoity"
1342,"undefined","undefined","undefined",1004,undefined,undefined,1,2,2,"Assault/Violent","Detailed facts about Assault/Violent"
1343,"undefined","undefined","undefined",1162,undefined,undefined,1,2,4,"Fraud/Cheating","Detailed facts about Fraud/Cheating"
1344,"undefined","undefined","undefined",1209,undefined,undefined,1,2,1,"Cybercrime","Detailed facts about Cybercrime"
1345,"undefined","undefined","undefined",1027,undefined,undefined,1,2,2,"Assault/Violent","Detailed facts about Assault/Violent"
1346,"undefined","undefined","undefined",1037,undefined,undefined,1,2,2,"Theft/Property","Detailed facts about Theft/Property"
1347,"undefined","undefined","undefined",1111,undefined,undefined,1,2,1,"Fraud/Cheating","Detailed facts about Fraud/Cheating"
1348,"undefined","undefined","undefined",1015,undefined,undefined,1,2,4,"Cybercrime","Detailed facts about Cybercrime"
1349,"undefined","undefined","undefined",1029,undefined,undefined,1,1,1,"Theft/Property","Detailed facts about Theft/Property"
1350,"undefined","undefined","undefined",1180,undefined,undefined,1,2,1,"Assault/Violent","Detailed facts about Assault/Violent"
1351,"undefined","undefined","undefined",1003,undefined,undefined,1,2,2,"Cybercrime","Detailed facts about Cybercrime"
1352,"undefined","undefined","undefined",1226,undefined,undefined,1,2,2,"Assault/Violent","Detailed facts about Assault/Violent"
1353,"undefined","undefined","undefined",1171,undefined,undefined,1,2,3,"Cybercrime","Detailed facts about Cybercrime"
1354,"undefined","undefined","undefined",1057,undefined,undefined,1,1,3,"Fraud/Cheating","Detailed facts about Fraud/Cheating"
1355,"undefined","undefined","undefined",1018,undefined,undefined,1,2,2,"Kidnapping","Detailed facts about Kidnapping"
1356,"undefined","undefined","undefined",1177,undefined,undefined,1,2,3,"Fraud/Cheating","Detailed facts about Fraud/Cheating"
1357,"undefined","undefined","undefined",1025,undefined,undefined,1,2,1,"Assault/Violent","Detailed facts about Assault/Violent"
1358,"undefined","undefined","undefined",1015,undefined,undefined,1,2,4,"Theft/Property","Detailed facts about Theft/Property"
1359,"undefined","undefined","undefined",1029,undefined,undefined,1,1,4,"Others","Detailed facts about Others"
1360,"undefined","undefined","undefined",1183,undefined,undefined,1,2,1,"Kidnapping","Detailed facts about Kidnapping"
1361,"undefined","undefined","undefined",1002,undefined,undefined,1,2,3,"Assault/Violent","Detailed facts about Assault/Violent"
1362,"undefined","undefined","undefined",1015,undefined,undefined,1,1,3,"Cybercrime","Detailed facts about Cybercrime"
1363,"undefined","undefined","undefined",1012,undefined,undefined,1,2,1,"Cybercrime","Detailed facts about Cybercrime"
1364,"undefined","undefined","undefined",1047,undefined,undefined,1,2,3,"Murder/Attempt","Detailed facts about Murder/Attempt"
1365,"undefined","undefined","undefined",1044,undefined,undefined,1,2,4,"Cybercrime","Detailed facts about Cybercrime"
1366,"undefined","undefined","undefined",1071,undefined,undefined,1,2,2,"Cybercrime","Detailed facts about Cybercrime"
1367,"undefined","undefined","undefined",1007,undefined,undefined,1,2,1,"Murder/Attempt","Detailed facts about Murder/Attempt"
1368,"undefined","undefined","undefined",1100,undefined,undefined,1,2,3,"Cybercrime","Detailed facts about Cybercrime"
1369,"undefined","undefined","undefined",1025,undefined,undefined,1,2,1,"Assault/Violent","Detailed facts about Assault/Violent"
1370,"undefined","undefined","undefined",1014,undefined,undefined,1,2,1,"Assault/Violent","Detailed facts about Assault/Violent"
1371,"undefined","undefined","undefined",1225,undefined,undefined,1,2,4,"Theft/Property","Detailed facts about Theft/Property"
1372,"undefined","undefined","undefined",1014,undefined,undefined,1,2,1,"Theft/Property","Detailed facts about Theft/Property"
1373,"undefined","undefined","undefined",1160,undefined,undefined,1,2,1,"Theft/Property","Detailed facts about Theft/Property"
1374,"undefined","undefined","undefined",1007,undefined,undefined,1,2,1,"Cybercrime","Detailed facts about Cybercrime"
1375,"undefined","undefined","undefined",1010,undefined,undefined,1,2,1,"Theft/Property","Detailed facts about Theft/Property"
1376,"undefined","undefined","undefined",1208,undefined,undefined,1,2,1,"Fraud/Cheating","Detailed facts about Fraud/Cheating"
1377,"undefined","undefined","undefined",1003,undefined,undefined,1,2,1,"Fraud/Cheating","Detailed facts about Fraud/Cheating"
1378,"undefined","undefined","undefined",1012,undefined,undefined,1,1,1,"Theft/Property","Detailed facts about Theft/Property"
1379,"undefined","undefined","undefined",1014,undefined,undefined,1,2,1,"Fraud/Cheating","Detailed facts about Fraud/Cheating"
1380,"undefined","undefined","undefined",1006,undefined,undefined,1,2,2,"Others","Detailed facts about Others"
1381,"undefined","undefined","undefined",1024,undefined,undefined,1,1,2,"Assault/Violent","Detailed facts about Assault/Violent"
1382,"undefined","undefined","undefined",1048,undefined,undefined,1,2,3,"Theft/Property","Detailed facts about Theft/Property"
1383,"undefined","undefined","undefined",1027,undefined,undefined,1,2,2,"Theft/Property","Detailed facts about Theft/Property"
1384,"undefined","undefined","undefined",1015,undefined,undefined,1,2,2,"Cybercrime","Detailed facts about Cybercrime"
1385,"undefined","undefined","undefined",1027,undefined,undefined,1,1,1,"Theft/Property","Detailed facts about Theft/Property"
1386,"undefined","undefined","undefined",1058,undefined,undefined,1,2,2,"Theft/Property","Detailed facts about Theft/Property"
1387,"undefined","undefined","undefined",1107,undefined,undefined,1,2,1,"Assault/Violent","Detailed facts about Assault/Violent"
1388,"undefined","undefined","undefined",1001,undefined,undefined,1,2,2,"Assault/Violent","Detailed facts about Assault/Violent"
1389,"undefined","undefined","undefined",1058,undefined,undefined,1,2,1,"Theft/Property","Detailed facts about Theft/Property"
1390,"undefined","undefined","undefined",1026,undefined,undefined,1,1,3,"Cybercrime","Detailed facts about Cybercrime"
1391,"undefined","undefined","undefined",1212,undefined,undefined,1,2,3,"Theft/Property","Detailed facts about Theft/Property"
1392,"undefined","undefined","undefined",1071,undefined,undefined,1,1,2,"Theft/Property","Detailed facts about Theft/Property"
1393,"undefined","undefined","undefined",1011,undefined,undefined,1,2,1,"Theft/Property","Detailed facts about Theft/Property"
1394,"undefined","undefined","undefined",1105,undefined,undefined,1,2,1,"Assault/Violent","Detailed facts about Assault/Violent"
1395,"undefined","undefined","undefined",1001,undefined,undefined,1,2,1,"Cybercrime","Detailed facts about Cybercrime"
1396,"undefined","undefined","undefined",1009,undefined,undefined,1,2,3,"Narcotics","Detailed facts about Narcotics"
1397,"undefined","undefined","undefined",1103,undefined,undefined,1,2,2,"Cybercrime","Detailed facts about Cybercrime"
1398,"undefined","undefined","undefined",1115,undefined,undefined,1,2,3,"Cybercrime","Detailed facts about Cybercrime"
1399,"undefined","undefined","undefined",1143,undefined,undefined,1,2,3,"Narcotics","Detailed facts about Narcotics"
1400,"undefined","undefined","undefined",1009,undefined,undefined,1,2,1,"Theft/Property","Detailed facts about Theft/Property"
1401,"undefined","undefined","undefined",1007,undefined,undefined,1,2,1,"Narcotics","Detailed facts about Narcotics"
1402,"undefined","undefined","undefined",1044,undefined,undefined,1,2,3,"Fraud/Cheating","Detailed facts about Fraud/Cheating"
1403,"undefined","undefined","undefined",1203,undefined,undefined,1,1,2,"Theft/Property","Detailed facts about Theft/Property"
1404,"undefined","undefined","undefined",1013,undefined,undefined,1,2,4,"Narcotics","Detailed facts about Narcotics"
1405,"undefined","undefined","undefined",1011,undefined,undefined,1,2,3,"Narcotics","Detailed facts about Narcotics"
1406,"undefined","undefined","undefined",1074,undefined,undefined,1,2,1,"Cybercrime","Detailed facts about Cybercrime"
1407,"undefined","undefined","undefined",1031,undefined,undefined,1,2,3,"Cybercrime","Detailed facts about Cybercrime"
1408,"undefined","undefined","undefined",1086,undefined,undefined,1,2,3,"Cybercrime","Detailed facts about Cybercrime"
1409,"undefined","undefined","undefined",1151,undefined,undefined,1,1,1,"Others","Detailed facts about Others"
1410,"undefined","undefined","undefined",1051,undefined,undefined,1,2,1,"Assault/Violent","Detailed facts about Assault/Violent"
1411,"undefined","undefined","undefined",1058,undefined,undefined,1,1,2,"Assault/Violent","Detailed facts about Assault/Violent"
1412,"undefined","undefined","undefined",1176,undefined,undefined,1,2,2,"Theft/Property","Detailed facts about Theft/Property"
1413,"undefined","undefined","undefined",1032,undefined,undefined,1,2,2,"Narcotics","Detailed facts about Narcotics"
1414,"undefined","undefined","undefined",1139,undefined,undefined,1,1,2,"Cybercrime","Detailed facts about Cybercrime"
1415,"undefined","undefined","undefined",1002,undefined,undefined,1,2,1,"Cybercrime","Detailed facts about Cybercrime"
1416,"undefined","undefined","undefined",1150,undefined,undefined,1,2,2,"Others","Detailed facts about Others"
1417,"undefined","undefined","undefined",1100,undefined,undefined,1,2,4,"Fraud/Cheating","Detailed facts about Fraud/Cheating"
1418,"undefined","undefined","undefined",1129,undefined,undefined,1,2,2,"Narcotics","Detailed facts about Narcotics"
1419,"undefined","undefined","undefined",1014,undefined,undefined,1,1,1,"Cybercrime","Detailed facts about Cybercrime"
1420,"undefined","undefined","undefined",1206,undefined,undefined,1,1,2,"Fraud/Cheating","Detailed facts about Fraud/Cheating"
1421,"undefined","undefined","undefined",1051,undefined,undefined,1,2,3,"Fraud/Cheating","Detailed facts about Fraud/Cheating"
1422,"undefined","undefined","undefined",1100,undefined,undefined,1,2,1,"Fraud/Cheating","Detailed facts about Fraud/Cheating"
1423,"undefined","undefined","undefined",1210,undefined,undefined,1,2,2,"Theft/Property","Detailed facts about Theft/Property"
1424,"undefined","undefined","undefined",1102,undefined,undefined,1,2,2,"Cybercrime","Detailed facts about Cybercrime"
1425,"undefined","undefined","undefined",1009,undefined,undefined,1,2,3,"Cybercrime","Detailed facts about Cybercrime"
1426,"undefined","undefined","undefined",1002,undefined,undefined,1,1,1,"Assault/Violent","Detailed facts about Assault/Violent"
1427,"undefined","undefined","undefined",1003,undefined,undefined,1,1,1,"Cybercrime","Detailed facts about Cybercrime"
1428,"undefined","undefined","undefined",1004,undefined,undefined,1,2,4,"Kidnapping","Detailed facts about Kidnapping"
1429,"undefined","undefined","undefined",1003,undefined,undefined,1,1,2,"Cybercrime","Detailed facts about Cybercrime"
1430,"undefined","undefined","undefined",1071,undefined,undefined,1,1,1,"Assault/Violent","Detailed facts about Assault/Violent"
1431,"undefined","undefined","undefined",1198,undefined,undefined,1,1,1,"Theft/Property","Detailed facts about Theft/Property"
1432,"undefined","undefined","undefined",1004,undefined,undefined,1,2,1,"Fraud/Cheating","Detailed facts about Fraud/Cheating"
1433,"undefined","undefined","undefined",1016,undefined,undefined,1,1,2,"Cybercrime","Detailed facts about Cybercrime"
1434,"undefined","undefined","undefined",1044,undefined,undefined,1,1,2,"Narcotics","Detailed facts about Narcotics"
1435,"undefined","undefined","undefined",1027,undefined,undefined,1,1,2,"Cybercrime","Detailed facts about Cybercrime"
1436,"undefined","undefined","undefined",1159,undefined,undefined,1,2,3,"Assault/Violent","Detailed facts about Assault/Violent"
1437,"undefined","undefined","undefined",1004,undefined,undefined,1,1,2,"Theft/Property","Detailed facts about Theft/Property"
1438,"undefined","undefined","undefined",1192,undefined,undefined,1,2,3,"Fraud/Cheating","Detailed facts about Fraud/Cheating"
1439,"undefined","undefined","undefined",1054,undefined,undefined,1,1,1,"Assault/Violent","Detailed facts about Assault/Violent"
1440,"undefined","undefined","undefined",1015,undefined,undefined,1,2,4,"Robbery/Dacoity","Detailed facts about Robbery/Dacoity"
1441,"undefined","undefined","undefined",1014,undefined,undefined,1,2,3,"Fraud/Cheating","Detailed facts about Fraud/Cheating"
1442,"undefined","undefined","undefined",1046,undefined,undefined,1,2,4,"Theft/Property","Detailed facts about Theft/Property"
1443,"undefined","undefined","undefined",1169,undefined,undefined,1,2,2,"Cybercrime","Detailed facts about Cybercrime"
1444,"undefined","undefined","undefined",1020,undefined,undefined,1,2,1,"Fraud/Cheating","Detailed facts about Fraud/Cheating"
1445,"undefined","undefined","undefined",1067,undefined,undefined,1,1,3,"Assault/Violent","Detailed facts about Assault/Violent"
1446,"undefined","undefined","undefined",1004,undefined,undefined,1,2,1,"Assault/Violent","Detailed facts about Assault/Violent"
1447,"undefined","undefined","undefined",1012,undefined,undefined,1,1,1,"Others","Detailed facts about Others"
1448,"undefined","undefined","undefined",1009,undefined,undefined,1,2,2,"Cybercrime","Detailed facts about Cybercrime"
1449,"undefined","undefined","undefined",1010,undefined,undefined,1,2,1,"Cybercrime","Detailed facts about Cybercrime"
1450,"undefined","undefined","undefined",1002,undefined,undefined,1,1,2,"Robbery/Dacoity","Detailed facts about Robbery/Dacoity"
1451,"undefined","undefined","undefined",1002,undefined,undefined,1,1,2,"Cybercrime","Detailed facts about Cybercrime"
1452,"undefined","undefined","undefined",1010,undefined,undefined,1,1,2,"Robbery/Dacoity","Detailed facts about Robbery/Dacoity"
1453,"undefined","undefined","undefined",1108,undefined,undefined,1,1,2,"Cybercrime","Detailed facts about Cybercrime"
1454,"undefined","undefined","undefined",1014,undefined,undefined,1,1,2,"Cybercrime","Detailed facts about Cybercrime"
1455,"undefined","undefined","undefined",1033,undefined,undefined,1,2,3,"Theft/Property","Detailed facts about Theft/Property"
1456,"undefined","undefined","undefined",1010,undefined,undefined,1,2,1,"Cybercrime","Detailed facts about Cybercrime"
1457,"undefined","undefined","undefined",1030,undefined,undefined,1,2,1,"Fraud/Cheating","Detailed facts about Fraud/Cheating"
1458,"undefined","undefined","undefined",1004,undefined,undefined,1,2,2,"Theft/Property","Detailed facts about Theft/Property"
1459,"undefined","undefined","undefined",1015,undefined,undefined,1,2,1,"Cybercrime","Detailed facts about Cybercrime"
1460,"undefined","undefined","undefined",1031,undefined,undefined,1,1,1,"Cybercrime","Detailed facts about Cybercrime"
1461,"undefined","undefined","undefined",1047,undefined,undefined,1,2,1,"Others","Detailed facts about Others"
1462,"undefined","undefined","undefined",1070,undefined,undefined,1,2,1,"Cybercrime","Detailed facts about Cybercrime"
1463,"undefined","undefined","undefined",1009,undefined,undefined,1,2,4,"Cybercrime","Detailed facts about Cybercrime"
1464,"undefined","undefined","undefined",1009,undefined,undefined,1,2,1,"Others","Detailed facts about Others"
1465,"undefined","undefined","undefined",1014,undefined,undefined,1,1,2,"Assault/Violent","Detailed facts about Assault/Violent"
1466,"undefined","undefined","undefined",1013,undefined,undefined,1,2,1,"Theft/Property","Detailed facts about Theft/Property"
1467,"undefined","undefined","undefined",1001,undefined,undefined,1,2,2,"Theft/Property","Detailed facts about Theft/Property"
1468,"undefined","undefined","undefined",1083,undefined,undefined,1,2,3,"Cybercrime","Detailed facts about Cybercrime"
1469,"undefined","undefined","undefined",1058,undefined,undefined,1,2,1,"Assault/Violent","Detailed facts about Assault/Violent"
1470,"undefined","undefined","undefined",1050,undefined,undefined,1,2,1,"Assault/Violent","Detailed facts about Assault/Violent"
1471,"undefined","undefined","undefined",1049,undefined,undefined,1,2,1,"Cybercrime","Detailed facts about Cybercrime"
1472,"undefined","undefined","undefined",1120,undefined,undefined,1,2,1,"Theft/Property","Detailed facts about Theft/Property"
1473,"undefined","undefined","undefined",1004,undefined,undefined,1,2,2,"Theft/Property","Detailed facts about Theft/Property"
1474,"undefined","undefined","undefined",1003,undefined,undefined,1,2,1,"Theft/Property","Detailed facts about Theft/Property"
1475,"undefined","undefined","undefined",1014,undefined,undefined,1,1,1,"Assault/Violent","Detailed facts about Assault/Violent"
1476,"undefined","undefined","undefined",1009,undefined,undefined,1,2,2,"Cybercrime","Detailed facts about Cybercrime"
1477,"undefined","undefined","undefined",1008,undefined,undefined,1,1,2,"Theft/Property","Detailed facts about Theft/Property"
1478,"undefined","undefined","undefined",1008,undefined,undefined,1,2,1,"Theft/Property","Detailed facts about Theft/Property"
1479,"undefined","undefined","undefined",1213,undefined,undefined,1,2,1,"Fraud/Cheating","Detailed facts about Fraud/Cheating"
1480,"undefined","undefined","undefined",1048,undefined,undefined,1,1,3,"Cybercrime","Detailed facts about Cybercrime"
1481,"undefined","undefined","undefined",1168,undefined,undefined,1,1,1,"Assault/Violent","Detailed facts about Assault/Violent"
1482,"undefined","undefined","undefined",1091,undefined,undefined,1,2,1,"Cybercrime","Detailed facts about Cybercrime"
1483,"undefined","undefined","undefined",1087,undefined,undefined,1,2,1,"Theft/Property","Detailed facts about Theft/Property"
1484,"undefined","undefined","undefined",1011,undefined,undefined,1,1,2,"Fraud/Cheating","Detailed facts about Fraud/Cheating"
1485,"undefined","undefined","undefined",1009,undefined,undefined,1,2,3,"Assault/Violent","Detailed facts about Assault/Violent"
1486,"undefined","undefined","undefined",1003,undefined,undefined,1,1,2,"Cybercrime","Detailed facts about Cybercrime"
1487,"undefined","undefined","undefined",1012,undefined,undefined,1,2,2,"Theft/Property","Detailed facts about Theft/Property"
1488,"undefined","undefined","undefined",1114,undefined,undefined,1,2,1,"Theft/Property","Detailed facts about Theft/Property"
1489,"undefined","undefined","undefined",1015,undefined,undefined,1,1,2,"Narcotics","Detailed facts about Narcotics"
1490,"undefined","undefined","undefined",1003,undefined,undefined,1,2,1,"Assault/Violent","Detailed facts about Assault/Violent"
1491,"undefined","undefined","undefined",1025,undefined,undefined,1,2,1,"Others","Detailed facts about Others"
1492,"undefined","undefined","undefined",1067,undefined,undefined,1,1,1,"Cybercrime","Detailed facts about Cybercrime"
1493,"undefined","undefined","undefined",1015,undefined,undefined,1,1,1,"Robbery/Dacoity","Detailed facts about Robbery/Dacoity"
1494,"undefined","undefined","undefined",1146,undefined,undefined,1,1,2,"Cybercrime","Detailed facts about Cybercrime"
1495,"undefined","undefined","undefined",1062,undefined,undefined,1,2,2,"Kidnapping","Detailed facts about Kidnapping"
1496,"undefined","undefined","undefined",1012,undefined,undefined,1,2,1,"Theft/Property","Detailed facts about Theft/Property"
1497,"undefined","undefined","undefined",1003,undefined,undefined,1,1,3,"Cybercrime","Detailed facts about Cybercrime"
1498,"undefined","undefined","undefined",1065,undefined,undefined,1,2,1,"Theft/Property","Detailed facts about Theft/Property"
1499,"undefined","undefined","undefined",1081,undefined,undefined,1,2,1,"Theft/Property","Detailed facts about Theft/Property"
1500,"undefined","undefined","undefined",1008,undefined,undefined,1,2,3,"Fraud/Cheating","Detailed facts about Fraud/Cheating"
1501,"undefined","undefined","undefined",1061,undefined,undefined,1,1,3,"Cybercrime","Detailed facts about Cybercrime"
1502,"undefined","undefined","undefined",1010,undefined,undefined,1,2,2,"Others","Detailed facts about Others"
1503,"undefined","undefined","undefined",1084,undefined,undefined,1,1,1,"Theft/Property","Detailed facts about Theft/Property"
1504,"undefined","undefined","undefined",1060,undefined,undefined,1,2,2,"Assault/Violent","Detailed facts about Assault/Violent"
1505,"undefined","undefined","undefined",1209,undefined,undefined,1,2,1,"Assault/Violent","Detailed facts about Assault/Violent"
1506,"undefined","undefined","undefined",1007,undefined,undefined,1,2,1,"Assault/Violent","Detailed facts about Assault/Violent"
1507,"undefined","undefined","undefined",1010,undefined,undefined,1,2,1,"Theft/Property","Detailed facts about Theft/Property"
1508,"undefined","undefined","undefined",1004,undefined,undefined,1,2,2,"Cybercrime","Detailed facts about Cybercrime"
1509,"undefined","undefined","undefined",1180,undefined,undefined,1,2,2,"Assault/Violent","Detailed facts about Assault/Violent"
1510,"undefined","undefined","undefined",1010,undefined,undefined,1,2,1,"Assault/Violent","Detailed facts about Assault/Violent"
1511,"undefined","undefined","undefined",1086,undefined,undefined,1,2,1,"Fraud/Cheating","Detailed facts about Fraud/Cheating"
1512,"undefined","undefined","undefined",1012,undefined,undefined,1,1,1,"Cybercrime","Detailed facts about Cybercrime"
1513,"undefined","undefined","undefined",1191,undefined,undefined,1,2,1,"Fraud/Cheating","Detailed facts about Fraud/Cheating"
1514,"undefined","undefined","undefined",1013,undefined,undefined,1,2,3,"Others","Detailed facts about Others"
1515,"undefined","undefined","undefined",1025,undefined,undefined,1,1,3,"Fraud/Cheating","Detailed facts about Fraud/Cheating"
1516,"undefined","undefined","undefined",1038,undefined,undefined,1,1,1,"Narcotics","Detailed facts about Narcotics"
1517,"undefined","undefined","undefined",1014,undefined,undefined,1,1,2,"Cybercrime","Detailed facts about Cybercrime"
1518,"undefined","undefined","undefined",1133,undefined,undefined,1,1,2,"Cybercrime","Detailed facts about Cybercrime"
1519,"undefined","undefined","undefined",1186,undefined,undefined,1,1,2,"Robbery/Dacoity","Detailed facts about Robbery/Dacoity"
1520,"undefined","undefined","undefined",1006,undefined,undefined,1,2,4,"Others","Detailed facts about Others"
1521,"undefined","undefined","undefined",1159,undefined,undefined,1,1,2,"Murder/Attempt","Detailed facts about Murder/Attempt"
1522,"undefined","undefined","undefined",1229,undefined,undefined,1,2,1,"Cybercrime","Detailed facts about Cybercrime"
1523,"undefined","undefined","undefined",1153,undefined,undefined,1,1,3,"Fraud/Cheating","Detailed facts about Fraud/Cheating"
1524,"undefined","undefined","undefined",1221,undefined,undefined,1,1,1,"Assault/Violent","Detailed facts about Assault/Violent"
1525,"undefined","undefined","undefined",1003,undefined,undefined,1,2,1,"Fraud/Cheating","Detailed facts about Fraud/Cheating"
1526,"undefined","undefined","undefined",1010,undefined,undefined,1,2,3,"Assault/Violent","Detailed facts about Assault/Violent"
1527,"undefined","undefined","undefined",1183,undefined,undefined,1,2,1,"Others","Detailed facts about Others"
1528,"undefined","undefined","undefined",1015,undefined,undefined,1,1,1,"Theft/Property","Detailed facts about Theft/Property"
1529,"undefined","undefined","undefined",1207,undefined,undefined,1,1,4,"Cybercrime","Detailed facts about Cybercrime"
1530,"undefined","undefined","undefined",1172,undefined,undefined,1,2,1,"Theft/Property","Detailed facts about Theft/Property"
1531,"undefined","undefined","undefined",1012,undefined,undefined,1,1,3,"Cybercrime","Detailed facts about Cybercrime"
1532,"undefined","undefined","undefined",1115,undefined,undefined,1,1,2,"Assault/Violent","Detailed facts about Assault/Violent"
1533,"undefined","undefined","undefined",1007,undefined,undefined,1,2,1,"Narcotics","Detailed facts about Narcotics"
1534,"undefined","undefined","undefined",1044,undefined,undefined,1,2,2,"Theft/Property","Detailed facts about Theft/Property"
1535,"undefined","undefined","undefined",1211,undefined,undefined,1,2,1,"Fraud/Cheating","Detailed facts about Fraud/Cheating"
1536,"undefined","undefined","undefined",1002,undefined,undefined,1,2,2,"Cybercrime","Detailed facts about Cybercrime"
1537,"undefined","undefined","undefined",1011,undefined,undefined,1,2,2,"Kidnapping","Detailed facts about Kidnapping"
1538,"undefined","undefined","undefined",1011,undefined,undefined,1,2,1,"Cybercrime","Detailed facts about Cybercrime"
1539,"undefined","undefined","undefined",1001,undefined,undefined,1,2,1,"Assault/Violent","Detailed facts about Assault/Violent"
1540,"undefined","undefined","undefined",1020,undefined,undefined,1,2,2,"Theft/Property","Detailed facts about Theft/Property"
1541,"undefined","undefined","undefined",1011,undefined,undefined,1,2,2,"Theft/Property","Detailed facts about Theft/Property"
1542,"undefined","undefined","undefined",1013,undefined,undefined,1,2,2,"Fraud/Cheating","Detailed facts about Fraud/Cheating"
1543,"undefined","undefined","undefined",1066,undefined,undefined,1,2,1,"Robbery/Dacoity","Detailed facts about Robbery/Dacoity"
1544,"undefined","undefined","undefined",1013,undefined,undefined,1,2,2,"Robbery/Dacoity","Detailed facts about Robbery/Dacoity"
1545,"undefined","undefined","undefined",1008,undefined,undefined,1,2,2,"Cybercrime","Detailed facts about Cybercrime"
1546,"undefined","undefined","undefined",1012,undefined,undefined,1,1,2,"Robbery/Dacoity","Detailed facts about Robbery/Dacoity"
1547,"undefined","undefined","undefined",1150,undefined,undefined,1,2,2,"Theft/Property","Detailed facts about Theft/Property"
1548,"undefined","undefined","undefined",1006,undefined,undefined,1,2,1,"Cybercrime","Detailed facts about Cybercrime"
1549,"undefined","undefined","undefined",1017,undefined,undefined,1,1,1,"Fraud/Cheating","Detailed facts about Fraud/Cheating"
1550,"undefined","undefined","undefined",1015,undefined,undefined,1,2,2,"Cybercrime","Detailed facts about Cybercrime"
1551,"undefined","undefined","undefined",1005,undefined,undefined,1,1,1,"Robbery/Dacoity","Detailed facts about Robbery/Dacoity"
1552,"undefined","undefined","undefined",1112,undefined,undefined,1,2,1,"Narcotics","Detailed facts about Narcotics"
1553,"undefined","undefined","undefined",1048,undefined,undefined,1,1,3,"Theft/Property","Detailed facts about Theft/Property"
1554,"undefined","undefined","undefined",1216,undefined,undefined,1,1,1,"Cybercrime","Detailed facts about Cybercrime"
1555,"undefined","undefined","undefined",1031,undefined,undefined,1,2,1,"Theft/Property","Detailed facts about Theft/Property"
1556,"undefined","undefined","undefined",1064,undefined,undefined,1,1,1,"Murder/Attempt","Detailed facts about Murder/Attempt"
1557,"undefined","undefined","undefined",1151,undefined,undefined,1,2,1,"Cybercrime","Detailed facts about Cybercrime"
1558,"undefined","undefined","undefined",1083,undefined,undefined,1,2,4,"Narcotics","Detailed facts about Narcotics"
1559,"undefined","undefined","undefined",1172,undefined,undefined,1,2,1,"Fraud/Cheating","Detailed facts about Fraud/Cheating"
1560,"undefined","undefined","undefined",1004,undefined,undefined,1,1,2,"Cybercrime","Detailed facts about Cybercrime"
1561,"undefined","undefined","undefined",1178,undefined,undefined,1,2,3,"Others","Detailed facts about Others"
1562,"undefined","undefined","undefined",1009,undefined,undefined,1,2,2,"Assault/Violent","Detailed facts about Assault/Violent"
1563,"undefined","undefined","undefined",1166,undefined,undefined,1,2,1,"Assault/Violent","Detailed facts about Assault/Violent"
1564,"undefined","undefined","undefined",1007,undefined,undefined,1,2,2,"Kidnapping","Detailed facts about Kidnapping"
1565,"undefined","undefined","undefined",1045,undefined,undefined,1,1,1,"Robbery/Dacoity","Detailed facts about Robbery/Dacoity"
1566,"undefined","undefined","undefined",1153,undefined,undefined,1,2,3,"Robbery/Dacoity","Detailed facts about Robbery/Dacoity"
1567,"undefined","undefined","undefined",1003,undefined,undefined,1,2,1,"Cybercrime","Detailed facts about Cybercrime"
1568,"undefined","undefined","undefined",1125,undefined,undefined,1,2,1,"Fraud/Cheating","Detailed facts about Fraud/Cheating"
1569,"undefined","undefined","undefined",1003,undefined,undefined,1,1,2,"Assault/Violent","Detailed facts about Assault/Violent"
1570,"undefined","undefined","undefined",1108,undefined,undefined,1,2,1,"Murder/Attempt","Detailed facts about Murder/Attempt"
1571,"undefined","undefined","undefined",1024,undefined,undefined,1,2,1,"Assault/Violent","Detailed facts about Assault/Violent"
1572,"undefined","undefined","undefined",1009,undefined,undefined,1,1,1,"Assault/Violent","Detailed facts about Assault/Violent"
1573,"undefined","undefined","undefined",1006,undefined,undefined,1,2,2,"Fraud/Cheating","Detailed facts about Fraud/Cheating"
1574,"undefined","undefined","undefined",1008,undefined,undefined,1,2,3,"Theft/Property","Detailed facts about Theft/Property"
1575,"undefined","undefined","undefined",1010,undefined,undefined,1,2,3,"Cybercrime","Detailed facts about Cybercrime"
1576,"undefined","undefined","undefined",1009,undefined,undefined,1,2,2,"Robbery/Dacoity","Detailed facts about Robbery/Dacoity"
1577,"undefined","undefined","undefined",1027,undefined,undefined,1,1,1,"Cybercrime","Detailed facts about Cybercrime"
1578,"undefined","undefined","undefined",1074,undefined,undefined,1,1,1,"Assault/Violent","Detailed facts about Assault/Violent"
1579,"undefined","undefined","undefined",1170,undefined,undefined,1,2,1,"Theft/Property","Detailed facts about Theft/Property"
1580,"undefined","undefined","undefined",1024,undefined,undefined,1,2,3,"Theft/Property","Detailed facts about Theft/Property"
1581,"undefined","undefined","undefined",1007,undefined,undefined,1,2,3,"Robbery/Dacoity","Detailed facts about Robbery/Dacoity"
1582,"undefined","undefined","undefined",1059,undefined,undefined,1,2,2,"Theft/Property","Detailed facts about Theft/Property"
1583,"undefined","undefined","undefined",1184,undefined,undefined,1,1,3,"Theft/Property","Detailed facts about Theft/Property"
1584,"undefined","undefined","undefined",1010,undefined,undefined,1,2,1,"Fraud/Cheating","Detailed facts about Fraud/Cheating"
1585,"undefined","undefined","undefined",1184,undefined,undefined,1,1,1,"Cybercrime","Detailed facts about Cybercrime"
1586,"undefined","undefined","undefined",1002,undefined,undefined,1,1,2,"Assault/Violent","Detailed facts about Assault/Violent"
1587,"undefined","undefined","undefined",1055,undefined,undefined,1,1,1,"Cybercrime","Detailed facts about Cybercrime"
1588,"undefined","undefined","undefined",1013,undefined,undefined,1,2,3,"Assault/Violent","Detailed facts about Assault/Violent"
1589,"undefined","undefined","undefined",1119,undefined,undefined,1,2,2,"Narcotics","Detailed facts about Narcotics"
1590,"undefined","undefined","undefined",1007,undefined,undefined,1,2,1,"Assault/Violent","Detailed facts about Assault/Violent"
1591,"undefined","undefined","undefined",1059,undefined,undefined,1,2,4,"Robbery/Dacoity","Detailed facts about Robbery/Dacoity"
1592,"undefined","undefined","undefined",1170,undefined,undefined,1,2,1,"Theft/Property","Detailed facts about Theft/Property"
1593,"undefined","undefined","undefined",1009,undefined,undefined,1,2,1,"Theft/Property","Detailed facts about Theft/Property"
1594,"undefined","undefined","undefined",1007,undefined,undefined,1,2,1,"Cybercrime","Detailed facts about Cybercrime"
1595,"undefined","undefined","undefined",1017,undefined,undefined,1,2,2,"Others","Detailed facts about Others"
1596,"undefined","undefined","undefined",1104,undefined,undefined,1,2,3,"Robbery/Dacoity","Detailed facts about Robbery/Dacoity"
1597,"undefined","undefined","undefined",1012,undefined,undefined,1,1,4,"Cybercrime","Detailed facts about Cybercrime"
1598,"undefined","undefined","undefined",1027,undefined,undefined,1,2,2,"Theft/Property","Detailed facts about Theft/Property"
1599,"undefined","undefined","undefined",1012,undefined,undefined,1,2,2,"Cybercrime","Detailed facts about Cybercrime"
1600,"undefined","undefined","undefined",1010,undefined,undefined,1,2,2,"Assault/Violent","Detailed facts about Assault/Violent"
1601,"undefined","undefined","undefined",1220,undefined,undefined,1,1,2,"Robbery/Dacoity","Detailed facts about Robbery/Dacoity"
1602,"undefined","undefined","undefined",1027,undefined,undefined,1,2,2,"Theft/Property","Detailed facts about Theft/Property"
1603,"undefined","undefined","undefined",1011,undefined,undefined,1,2,2,"Fraud/Cheating","Detailed facts about Fraud/Cheating"
1604,"undefined","undefined","undefined",1006,undefined,undefined,1,2,3,"Assault/Violent","Detailed facts about Assault/Violent"
1605,"undefined","undefined","undefined",1028,undefined,undefined,1,2,2,"Murder/Attempt","Detailed facts about Murder/Attempt"
1606,"undefined","undefined","undefined",1050,undefined,undefined,1,2,3,"Murder/Attempt","Detailed facts about Murder/Attempt"
1607,"undefined","undefined","undefined",1153,undefined,undefined,1,2,1,"Theft/Property","Detailed facts about Theft/Property"
1608,"undefined","undefined","undefined",1038,undefined,undefined,1,2,4,"Robbery/Dacoity","Detailed facts about Robbery/Dacoity"
1609,"undefined","undefined","undefined",1171,undefined,undefined,1,2,2,"Murder/Attempt","Detailed facts about Murder/Attempt"
1610,"undefined","undefined","undefined",1034,undefined,undefined,1,1,3,"Fraud/Cheating","Detailed facts about Fraud/Cheating"
1611,"undefined","undefined","undefined",1210,undefined,undefined,1,2,1,"Cybercrime","Detailed facts about Cybercrime"
1612,"undefined","undefined","undefined",1057,undefined,undefined,1,2,4,"Narcotics","Detailed facts about Narcotics"
1613,"undefined","undefined","undefined",1140,undefined,undefined,1,2,1,"Narcotics","Detailed facts about Narcotics"
1614,"undefined","undefined","undefined",1127,undefined,undefined,1,1,3,"Assault/Violent","Detailed facts about Assault/Violent"
1615,"undefined","undefined","undefined",1007,undefined,undefined,1,2,1,"Theft/Property","Detailed facts about Theft/Property"
1616,"undefined","undefined","undefined",1139,undefined,undefined,1,1,3,"Murder/Attempt","Detailed facts about Murder/Attempt"
1617,"undefined","undefined","undefined",1117,undefined,undefined,1,2,3,"Cybercrime","Detailed facts about Cybercrime"
1618,"undefined","undefined","undefined",1013,undefined,undefined,1,1,3,"Cybercrime","Detailed facts about Cybercrime"
1619,"undefined","undefined","undefined",1111,undefined,undefined,1,1,1,"Cybercrime","Detailed facts about Cybercrime"
1620,"undefined","undefined","undefined",1043,undefined,undefined,1,2,3,"Cybercrime","Detailed facts about Cybercrime"
1621,"undefined","undefined","undefined",1033,undefined,undefined,1,1,1,"Fraud/Cheating","Detailed facts about Fraud/Cheating"
1622,"undefined","undefined","undefined",1031,undefined,undefined,1,2,3,"Theft/Property","Detailed facts about Theft/Property"
1623,"undefined","undefined","undefined",1061,undefined,undefined,1,2,2,"Theft/Property","Detailed facts about Theft/Property"
1624,"undefined","undefined","undefined",1001,undefined,undefined,1,1,4,"Assault/Violent","Detailed facts about Assault/Violent"
1625,"undefined","undefined","undefined",1056,undefined,undefined,1,1,4,"Others","Detailed facts about Others"
1626,"undefined","undefined","undefined",1015,undefined,undefined,1,2,3,"Cybercrime","Detailed facts about Cybercrime"
1627,"undefined","undefined","undefined",1002,undefined,undefined,1,2,4,"Fraud/Cheating","Detailed facts about Fraud/Cheating"
1628,"undefined","undefined","undefined",1008,undefined,undefined,1,2,3,"Assault/Violent","Detailed facts about Assault/Violent"
1629,"undefined","undefined","undefined",1038,undefined,undefined,1,1,3,"Assault/Violent","Detailed facts about Assault/Violent"
1630,"undefined","undefined","undefined",1001,undefined,undefined,1,1,1,"Theft/Property","Detailed facts about Theft/Property"
1631,"undefined","undefined","undefined",1025,undefined,undefined,1,1,1,"Narcotics","Detailed facts about Narcotics"
1632,"undefined","undefined","undefined",1002,undefined,undefined,1,1,4,"Narcotics","Detailed facts about Narcotics"
1633,"undefined","undefined","undefined",1021,undefined,undefined,1,2,1,"Robbery/Dacoity","Detailed facts about Robbery/Dacoity"
1634,"undefined","undefined","undefined",1139,undefined,undefined,1,1,1,"Murder/Attempt","Detailed facts about Murder/Attempt"
1635,"undefined","undefined","undefined",1099,undefined,undefined,1,2,4,"Robbery/Dacoity","Detailed facts about Robbery/Dacoity"
1636,"undefined","undefined","undefined",1024,undefined,undefined,1,2,3,"Kidnapping","Detailed facts about Kidnapping"
1637,"undefined","undefined","undefined",1013,undefined,undefined,1,2,1,"Theft/Property","Detailed facts about Theft/Property"
1638,"undefined","undefined","undefined",1007,undefined,undefined,1,1,1,"Cybercrime","Detailed facts about Cybercrime"
1639,"undefined","undefined","undefined",1054,undefined,undefined,1,2,4,"Others","Detailed facts about Others"
1640,"undefined","undefined","undefined",1042,undefined,undefined,1,1,3,"Cybercrime","Detailed facts about Cybercrime"
1641,"undefined","undefined","undefined",1006,undefined,undefined,1,2,3,"Others","Detailed facts about Others"
1642,"undefined","undefined","undefined",1080,undefined,undefined,1,2,2,"Others","Detailed facts about Others"
1643,"undefined","undefined","undefined",1035,undefined,undefined,1,2,1,"Theft/Property","Detailed facts about Theft/Property"
1644,"undefined","undefined","undefined",1053,undefined,undefined,1,1,3,"Narcotics","Detailed facts about Narcotics"
1645,"undefined","undefined","undefined",1052,undefined,undefined,1,2,2,"Theft/Property","Detailed facts about Theft/Property"
1646,"undefined","undefined","undefined",1003,undefined,undefined,1,1,2,"Narcotics","Detailed facts about Narcotics"
1647,"undefined","undefined","undefined",1012,undefined,undefined,1,2,2,"Robbery/Dacoity","Detailed facts about Robbery/Dacoity"
1648,"undefined","undefined","undefined",1123,undefined,undefined,1,2,3,"Fraud/Cheating","Detailed facts about Fraud/Cheating"
1649,"undefined","undefined","undefined",1008,undefined,undefined,1,2,1,"Cybercrime","Detailed facts about Cybercrime"
1650,"undefined","undefined","undefined",1015,undefined,undefined,1,2,1,"Theft/Property","Detailed facts about Theft/Property"
1651,"undefined","undefined","undefined",1003,undefined,undefined,1,1,4,"Robbery/Dacoity","Detailed facts about Robbery/Dacoity"
1652,"undefined","undefined","undefined",1043,undefined,undefined,1,1,3,"Theft/Property","Detailed facts about Theft/Property"
1653,"undefined","undefined","undefined",1088,undefined,undefined,1,2,1,"Narcotics","Detailed facts about Narcotics"
1654,"undefined","undefined","undefined",1075,undefined,undefined,1,2,2,"Fraud/Cheating","Detailed facts about Fraud/Cheating"
1655,"undefined","undefined","undefined",1006,undefined,undefined,1,2,1,"Others","Detailed facts about Others"
1656,"undefined","undefined","undefined",1051,undefined,undefined,1,1,2,"Murder/Attempt","Detailed facts about Murder/Attempt"
1657,"undefined","undefined","undefined",1033,undefined,undefined,1,1,3,"Narcotics","Detailed facts about Narcotics"
1658,"undefined","undefined","undefined",1004,undefined,undefined,1,1,1,"Robbery/Dacoity","Detailed facts about Robbery/Dacoity"
1659,"undefined","undefined","undefined",1014,undefined,undefined,1,2,3,"Cybercrime","Detailed facts about Cybercrime"
1660,"undefined","undefined","undefined",1203,undefined,undefined,1,2,4,"Robbery/Dacoity","Detailed facts about Robbery/Dacoity"
1661,"undefined","undefined","undefined",1014,undefined,undefined,1,2,2,"Theft/Property","Detailed facts about Theft/Property"
1662,"undefined","undefined","undefined",1196,undefined,undefined,1,2,1,"Assault/Violent","Detailed facts about Assault/Violent"
1663,"undefined","undefined","undefined",1014,undefined,undefined,1,1,1,"Assault/Violent","Detailed facts about Assault/Violent"
1664,"undefined","undefined","undefined",1135,undefined,undefined,1,2,1,"Cybercrime","Detailed facts about Cybercrime"
1665,"undefined","undefined","undefined",1160,undefined,undefined,1,2,1,"Fraud/Cheating","Detailed facts about Fraud/Cheating"
1666,"undefined","undefined","undefined",1049,undefined,undefined,1,2,2,"Robbery/Dacoity","Detailed facts about Robbery/Dacoity"
1667,"undefined","undefined","undefined",1002,undefined,undefined,1,1,1,"Others","Detailed facts about Others"
1668,"undefined","undefined","undefined",1011,undefined,undefined,1,2,4,"Assault/Violent","Detailed facts about Assault/Violent"
1669,"undefined","undefined","undefined",1006,undefined,undefined,1,2,2,"Cybercrime","Detailed facts about Cybercrime"
1670,"undefined","undefined","undefined",1002,undefined,undefined,1,2,3,"Theft/Property","Detailed facts about Theft/Property"
1671,"undefined","undefined","undefined",1014,undefined,undefined,1,1,1,"Theft/Property","Detailed facts about Theft/Property"
1672,"undefined","undefined","undefined",1009,undefined,undefined,1,2,1,"Narcotics","Detailed facts about Narcotics"
1673,"undefined","undefined","undefined",1035,undefined,undefined,1,1,1,"Cybercrime","Detailed facts about Cybercrime"
1674,"undefined","undefined","undefined",1007,undefined,undefined,1,2,2,"Narcotics","Detailed facts about Narcotics"
1675,"undefined","undefined","undefined",1003,undefined,undefined,1,2,2,"Theft/Property","Detailed facts about Theft/Property"
1676,"undefined","undefined","undefined",1012,undefined,undefined,1,2,1,"Assault/Violent","Detailed facts about Assault/Violent"
1677,"undefined","undefined","undefined",1002,undefined,undefined,1,2,1,"Murder/Attempt","Detailed facts about Murder/Attempt"
1678,"undefined","undefined","undefined",1001,undefined,undefined,1,1,2,"Kidnapping","Detailed facts about Kidnapping"
1679,"undefined","undefined","undefined",1008,undefined,undefined,1,1,2,"Narcotics","Detailed facts about Narcotics"
1680,"undefined","undefined","undefined",1043,undefined,undefined,1,2,2,"Robbery/Dacoity","Detailed facts about Robbery/Dacoity"
1681,"undefined","undefined","undefined",1048,undefined,undefined,1,2,4,"Assault/Violent","Detailed facts about Assault/Violent"
1682,"undefined","undefined","undefined",1125,undefined,undefined,1,2,3,"Theft/Property","Detailed facts about Theft/Property"
1683,"undefined","undefined","undefined",1166,undefined,undefined,1,1,1,"Murder/Attempt","Detailed facts about Murder/Attempt"
1684,"undefined","undefined","undefined",1135,undefined,undefined,1,2,2,"Cybercrime","Detailed facts about Cybercrime"
1685,"undefined","undefined","undefined",1006,undefined,undefined,1,1,2,"Fraud/Cheating","Detailed facts about Fraud/Cheating"
1686,"undefined","undefined","undefined",1173,undefined,undefined,1,1,3,"Assault/Violent","Detailed facts about Assault/Violent"
1687,"undefined","undefined","undefined",1100,undefined,undefined,1,2,1,"Robbery/Dacoity","Detailed facts about Robbery/Dacoity"
1688,"undefined","undefined","undefined",1167,undefined,undefined,1,2,3,"Assault/Violent","Detailed facts about Assault/Violent"
1689,"undefined","undefined","undefined",1027,undefined,undefined,1,1,3,"Fraud/Cheating","Detailed facts about Fraud/Cheating"
1690,"undefined","undefined","undefined",1099,undefined,undefined,1,2,1,"Cybercrime","Detailed facts about Cybercrime"
1691,"undefined","undefined","undefined",1029,undefined,undefined,1,1,3,"Others","Detailed facts about Others"
1692,"undefined","undefined","undefined",1054,undefined,undefined,1,1,3,"Robbery/Dacoity","Detailed facts about Robbery/Dacoity"
1693,"undefined","undefined","undefined",1024,undefined,undefined,1,2,1,"Narcotics","Detailed facts about Narcotics"
1694,"undefined","undefined","undefined",1211,undefined,undefined,1,2,3,"Cybercrime","Detailed facts about Cybercrime"
1695,"undefined","undefined","undefined",1031,undefined,undefined,1,1,1,"Cybercrime","Detailed facts about Cybercrime"
1696,"undefined","undefined","undefined",1012,undefined,undefined,1,2,1,"Theft/Property","Detailed facts about Theft/Property"
1697,"undefined","undefined","undefined",1194,undefined,undefined,1,1,2,"Cybercrime","Detailed facts about Cybercrime"
1698,"undefined","undefined","undefined",1056,undefined,undefined,1,2,2,"Cybercrime","Detailed facts about Cybercrime"
1699,"undefined","undefined","undefined",1183,undefined,undefined,1,2,2,"Fraud/Cheating","Detailed facts about Fraud/Cheating"
1700,"undefined","undefined","undefined",1075,undefined,undefined,1,2,3,"Robbery/Dacoity","Detailed facts about Robbery/Dacoity"
1701,"undefined","undefined","undefined",1011,undefined,undefined,1,1,1,"Assault/Violent","Detailed facts about Assault/Violent"
1702,"undefined","undefined","undefined",1210,undefined,undefined,1,2,3,"Theft/Property","Detailed facts about Theft/Property"
1703,"undefined","undefined","undefined",1014,undefined,undefined,1,2,4,"Theft/Property","Detailed facts about Theft/Property"
1704,"undefined","undefined","undefined",1021,undefined,undefined,1,2,2,"Assault/Violent","Detailed facts about Assault/Violent"
1705,"undefined","undefined","undefined",1085,undefined,undefined,1,1,2,"Theft/Property","Detailed facts about Theft/Property"
1706,"undefined","undefined","undefined",1179,undefined,undefined,1,1,3,"Theft/Property","Detailed facts about Theft/Property"
1707,"undefined","undefined","undefined",1159,undefined,undefined,1,2,3,"Cybercrime","Detailed facts about Cybercrime"
1708,"undefined","undefined","undefined",1030,undefined,undefined,1,2,2,"Fraud/Cheating","Detailed facts about Fraud/Cheating"
1709,"undefined","undefined","undefined",1004,undefined,undefined,1,2,1,"Assault/Violent","Detailed facts about Assault/Violent"
1710,"undefined","undefined","undefined",1035,undefined,undefined,1,1,2,"Cybercrime","Detailed facts about Cybercrime"
1711,"undefined","undefined","undefined",1002,undefined,undefined,1,2,1,"Cybercrime","Detailed facts about Cybercrime"
1712,"undefined","undefined","undefined",1045,undefined,undefined,1,1,1,"Fraud/Cheating","Detailed facts about Fraud/Cheating"
1713,"undefined","undefined","undefined",1080,undefined,undefined,1,2,2,"Others","Detailed facts about Others"
1714,"undefined","undefined","undefined",1007,undefined,undefined,1,2,2,"Cybercrime","Detailed facts about Cybercrime"
1715,"undefined","undefined","undefined",1030,undefined,undefined,1,2,3,"Assault/Violent","Detailed facts about Assault/Violent"
1716,"undefined","undefined","undefined",1118,undefined,undefined,1,1,1,"Cybercrime","Detailed facts about Cybercrime"
1717,"undefined","undefined","undefined",1004,undefined,undefined,1,2,1,"Fraud/Cheating","Detailed facts about Fraud/Cheating"
1718,"undefined","undefined","undefined",1215,undefined,undefined,1,2,1,"Robbery/Dacoity","Detailed facts about Robbery/Dacoity"
1719,"undefined","undefined","undefined",1001,undefined,undefined,1,2,3,"Assault/Violent","Detailed facts about Assault/Violent"
1720,"undefined","undefined","undefined",1158,undefined,undefined,1,2,1,"Assault/Violent","Detailed facts about Assault/Violent"
1721,"undefined","undefined","undefined",1010,undefined,undefined,1,2,2,"Cybercrime","Detailed facts about Cybercrime"
1722,"undefined","undefined","undefined",1229,undefined,undefined,1,2,3,"Theft/Property","Detailed facts about Theft/Property"
1723,"undefined","undefined","undefined",1015,undefined,undefined,1,2,2,"Others","Detailed facts about Others"
1724,"undefined","undefined","undefined",1014,undefined,undefined,1,2,2,"Robbery/Dacoity","Detailed facts about Robbery/Dacoity"
1725,"undefined","undefined","undefined",1010,undefined,undefined,1,2,1,"Others","Detailed facts about Others"
1726,"undefined","undefined","undefined",1026,undefined,undefined,1,1,2,"Cybercrime","Detailed facts about Cybercrime"
1727,"undefined","undefined","undefined",1145,undefined,undefined,1,2,2,"Cybercrime","Detailed facts about Cybercrime"
1728,"undefined","undefined","undefined",1228,undefined,undefined,1,2,2,"Narcotics","Detailed facts about Narcotics"
1729,"undefined","undefined","undefined",1048,undefined,undefined,1,1,3,"Cybercrime","Detailed facts about Cybercrime"
1730,"undefined","undefined","undefined",1029,undefined,undefined,1,2,2,"Assault/Violent","Detailed facts about Assault/Violent"
1731,"undefined","undefined","undefined",1003,undefined,undefined,1,2,1,"Murder/Attempt","Detailed facts about Murder/Attempt"
1732,"undefined","undefined","undefined",1148,undefined,undefined,1,2,4,"Assault/Violent","Detailed facts about Assault/Violent"
1733,"undefined","undefined","undefined",1031,undefined,undefined,1,1,3,"Robbery/Dacoity","Detailed facts about Robbery/Dacoity"
1734,"undefined","undefined","undefined",1011,undefined,undefined,1,1,4,"Fraud/Cheating","Detailed facts about Fraud/Cheating"
1735,"undefined","undefined","undefined",1010,undefined,undefined,1,1,3,"Cybercrime","Detailed facts about Cybercrime"
1736,"undefined","undefined","undefined",1065,undefined,undefined,1,2,3,"Robbery/Dacoity","Detailed facts about Robbery/Dacoity"
1737,"undefined","undefined","undefined",1058,undefined,undefined,1,1,2,"Theft/Property","Detailed facts about Theft/Property"
1738,"undefined","undefined","undefined",1004,undefined,undefined,1,1,2,"Others","Detailed facts about Others"
1739,"undefined","undefined","undefined",1006,undefined,undefined,1,2,2,"Theft/Property","Detailed facts about Theft/Property"
1740,"undefined","undefined","undefined",1036,undefined,undefined,1,2,2,"Assault/Violent","Detailed facts about Assault/Violent"
1741,"undefined","undefined","undefined",1033,undefined,undefined,1,2,2,"Narcotics","Detailed facts about Narcotics"
1742,"undefined","undefined","undefined",1045,undefined,undefined,1,2,3,"Cybercrime","Detailed facts about Cybercrime"
1743,"undefined","undefined","undefined",1087,undefined,undefined,1,1,3,"Others","Detailed facts about Others"
1744,"undefined","undefined","undefined",1173,undefined,undefined,1,1,1,"Others","Detailed facts about Others"
1745,"undefined","undefined","undefined",1138,undefined,undefined,1,2,2,"Theft/Property","Detailed facts about Theft/Property"
1746,"undefined","undefined","undefined",1055,undefined,undefined,1,2,2,"Theft/Property","Detailed facts about Theft/Property"
1747,"undefined","undefined","undefined",1188,undefined,undefined,1,2,2,"Robbery/Dacoity","Detailed facts about Robbery/Dacoity"
1748,"undefined","undefined","undefined",1034,undefined,undefined,1,1,2,"Assault/Violent","Detailed facts about Assault/Violent"
1749,"undefined","undefined","undefined",1230,undefined,undefined,1,2,2,"Murder/Attempt","Detailed facts about Murder/Attempt"
1750,"undefined","undefined","undefined",1037,undefined,undefined,1,2,2,"Theft/Property","Detailed facts about Theft/Property"
1751,"undefined","undefined","undefined",1161,undefined,undefined,1,1,1,"Assault/Violent","Detailed facts about Assault/Violent"
1752,"undefined","undefined","undefined",1046,undefined,undefined,1,2,3,"Murder/Attempt","Detailed facts about Murder/Attempt"
1753,"undefined","undefined","undefined",1002,undefined,undefined,1,2,3,"Assault/Violent","Detailed facts about Assault/Violent"
1754,"undefined","undefined","undefined",1040,undefined,undefined,1,2,1,"Theft/Property","Detailed facts about Theft/Property"
1755,"undefined","undefined","undefined",1001,undefined,undefined,1,2,1,"Assault/Violent","Detailed facts about Assault/Violent"
1756,"undefined","undefined","undefined",1043,undefined,undefined,1,2,3,"Cybercrime","Detailed facts about Cybercrime"
1757,"undefined","undefined","undefined",1050,undefined,undefined,1,2,1,"Theft/Property","Detailed facts about Theft/Property"
1758,"undefined","undefined","undefined",1029,undefined,undefined,1,2,1,"Robbery/Dacoity","Detailed facts about Robbery/Dacoity"
1759,"undefined","undefined","undefined",1004,undefined,undefined,1,2,1,"Robbery/Dacoity","Detailed facts about Robbery/Dacoity"
1760,"undefined","undefined","undefined",1129,undefined,undefined,1,1,1,"Kidnapping","Detailed facts about Kidnapping"
1761,"undefined","undefined","undefined",1010,undefined,undefined,1,1,1,"Cybercrime","Detailed facts about Cybercrime"
1762,"undefined","undefined","undefined",1013,undefined,undefined,1,2,1,"Theft/Property","Detailed facts about Theft/Property"
1763,"undefined","undefined","undefined",1002,undefined,undefined,1,2,1,"Theft/Property","Detailed facts about Theft/Property"
1764,"undefined","undefined","undefined",1131,undefined,undefined,1,1,2,"Others","Detailed facts about Others"
1765,"undefined","undefined","undefined",1223,undefined,undefined,1,2,4,"Others","Detailed facts about Others"
1766,"undefined","undefined","undefined",1024,undefined,undefined,1,2,1,"Theft/Property","Detailed facts about Theft/Property"
1767,"undefined","undefined","undefined",1086,undefined,undefined,1,2,2,"Cybercrime","Detailed facts about Cybercrime"
1768,"undefined","undefined","undefined",1013,undefined,undefined,1,1,1,"Cybercrime","Detailed facts about Cybercrime"
1769,"undefined","undefined","undefined",1055,undefined,undefined,1,1,2,"Theft/Property","Detailed facts about Theft/Property"
1770,"undefined","undefined","undefined",1028,undefined,undefined,1,2,1,"Theft/Property","Detailed facts about Theft/Property"
1771,"undefined","undefined","undefined",1197,undefined,undefined,1,2,2,"Theft/Property","Detailed facts about Theft/Property"
1772,"undefined","undefined","undefined",1132,undefined,undefined,1,2,1,"Theft/Property","Detailed facts about Theft/Property"
1773,"undefined","undefined","undefined",1004,undefined,undefined,1,2,1,"Assault/Violent","Detailed facts about Assault/Violent"
1774,"undefined","undefined","undefined",1035,undefined,undefined,1,1,1,"Others","Detailed facts about Others"
1775,"undefined","undefined","undefined",1225,undefined,undefined,1,2,1,"Fraud/Cheating","Detailed facts about Fraud/Cheating"
1776,"undefined","undefined","undefined",1001,undefined,undefined,1,1,4,"Assault/Violent","Detailed facts about Assault/Violent"
1777,"undefined","undefined","undefined",1150,undefined,undefined,1,2,3,"Theft/Property","Detailed facts about Theft/Property"
1778,"undefined","undefined","undefined",1009,undefined,undefined,1,2,1,"Fraud/Cheating","Detailed facts about Fraud/Cheating"
1779,"undefined","undefined","undefined",1067,undefined,undefined,1,2,3,"Fraud/Cheating","Detailed facts about Fraud/Cheating"
1780,"undefined","undefined","undefined",1098,undefined,undefined,1,2,3,"Assault/Violent","Detailed facts about Assault/Violent"
1781,"undefined","undefined","undefined",1048,undefined,undefined,1,2,2,"Assault/Violent","Detailed facts about Assault/Violent"
1782,"undefined","undefined","undefined",1004,undefined,undefined,1,2,3,"Murder/Attempt","Detailed facts about Murder/Attempt"
1783,"undefined","undefined","undefined",1003,undefined,undefined,1,1,2,"Murder/Attempt","Detailed facts about Murder/Attempt"
1784,"undefined","undefined","undefined",1002,undefined,undefined,1,2,4,"Assault/Violent","Detailed facts about Assault/Violent"
1785,"undefined","undefined","undefined",1032,undefined,undefined,1,2,1,"Fraud/Cheating","Detailed facts about Fraud/Cheating"
1786,"undefined","undefined","undefined",1015,undefined,undefined,1,1,3,"Cybercrime","Detailed facts about Cybercrime"
1787,"undefined","undefined","undefined",1051,undefined,undefined,1,1,3,"Cybercrime","Detailed facts about Cybercrime"
1788,"undefined","undefined","undefined",1179,undefined,undefined,1,2,1,"Fraud/Cheating","Detailed facts about Fraud/Cheating"
1789,"undefined","undefined","undefined",1125,undefined,undefined,1,1,1,"Cybercrime","Detailed facts about Cybercrime"
1790,"undefined","undefined","undefined",1092,undefined,undefined,1,2,4,"Murder/Attempt","Detailed facts about Murder/Attempt"
1791,"undefined","undefined","undefined",1051,undefined,undefined,1,2,2,"Theft/Property","Detailed facts about Theft/Property"
1792,"undefined","undefined","undefined",1001,undefined,undefined,1,2,4,"Narcotics","Detailed facts about Narcotics"
1793,"undefined","undefined","undefined",1216,undefined,undefined,1,2,3,"Assault/Violent","Detailed facts about Assault/Violent"
1794,"undefined","undefined","undefined",1032,undefined,undefined,1,1,1,"Theft/Property","Detailed facts about Theft/Property"
1795,"undefined","undefined","undefined",1043,undefined,undefined,1,1,2,"Fraud/Cheating","Detailed facts about Fraud/Cheating"
1796,"undefined","undefined","undefined",1043,undefined,undefined,1,2,1,"Assault/Violent","Detailed facts about Assault/Violent"
1797,"undefined","undefined","undefined",1010,undefined,undefined,1,2,1,"Cybercrime","Detailed facts about Cybercrime"
1798,"undefined","undefined","undefined",1197,undefined,undefined,1,2,2,"Narcotics","Detailed facts about Narcotics"
1799,"undefined","undefined","undefined",1168,undefined,undefined,1,2,1,"Theft/Property","Detailed facts about Theft/Property"
1800,"undefined","undefined","undefined",1002,undefined,undefined,1,2,1,"Theft/Property","Detailed facts about Theft/Property"
1801,"undefined","undefined","undefined",1010,undefined,undefined,1,2,1,"Robbery/Dacoity","Detailed facts about Robbery/Dacoity"
1802,"undefined","undefined","undefined",1050,undefined,undefined,1,2,1,"Theft/Property","Detailed facts about Theft/Property"
1803,"undefined","undefined","undefined",1012,undefined,undefined,1,2,2,"Robbery/Dacoity","Detailed facts about Robbery/Dacoity"
1804,"undefined","undefined","undefined",1014,undefined,undefined,1,1,3,"Theft/Property","Detailed facts about Theft/Property"
1805,"undefined","undefined","undefined",1024,undefined,undefined,1,2,1,"Cybercrime","Detailed facts about Cybercrime"
1806,"undefined","undefined","undefined",1003,undefined,undefined,1,2,4,"Murder/Attempt","Detailed facts about Murder/Attempt"
1807,"undefined","undefined","undefined",1048,undefined,undefined,1,2,3,"Cybercrime","Detailed facts about Cybercrime"
1808,"undefined","undefined","undefined",1003,undefined,undefined,1,2,2,"Cybercrime","Detailed facts about Cybercrime"
1809,"undefined","undefined","undefined",1099,undefined,undefined,1,2,2,"Cybercrime","Detailed facts about Cybercrime"
1810,"undefined","undefined","undefined",1007,undefined,undefined,1,2,2,"Robbery/Dacoity","Detailed facts about Robbery/Dacoity"
1811,"undefined","undefined","undefined",1139,undefined,undefined,1,2,1,"Cybercrime","Detailed facts about Cybercrime"
1812,"undefined","undefined","undefined",1071,undefined,undefined,1,1,2,"Assault/Violent","Detailed facts about Assault/Violent"
1813,"undefined","undefined","undefined",1130,undefined,undefined,1,1,4,"Theft/Property","Detailed facts about Theft/Property"
1814,"undefined","undefined","undefined",1110,undefined,undefined,1,2,3,"Others","Detailed facts about Others"
1815,"undefined","undefined","undefined",1132,undefined,undefined,1,1,3,"Narcotics","Detailed facts about Narcotics"
1816,"undefined","undefined","undefined",1058,undefined,undefined,1,2,2,"Theft/Property","Detailed facts about Theft/Property"
1817,"undefined","undefined","undefined",1027,undefined,undefined,1,1,2,"Kidnapping","Detailed facts about Kidnapping"
1818,"undefined","undefined","undefined",1007,undefined,undefined,1,2,4,"Cybercrime","Detailed facts about Cybercrime"
1819,"undefined","undefined","undefined",1004,undefined,undefined,1,2,1,"Narcotics","Detailed facts about Narcotics"
1820,"undefined","undefined","undefined",1014,undefined,undefined,1,2,1,"Narcotics","Detailed facts about Narcotics"
1821,"undefined","undefined","undefined",1004,undefined,undefined,1,2,1,"Cybercrime","Detailed facts about Cybercrime"
1822,"undefined","undefined","undefined",1056,undefined,undefined,1,2,2,"Fraud/Cheating","Detailed facts about Fraud/Cheating"
1823,"undefined","undefined","undefined",1030,undefined,undefined,1,2,2,"Fraud/Cheating","Detailed facts about Fraud/Cheating"
1824,"undefined","undefined","undefined",1012,undefined,undefined,1,2,4,"Cybercrime","Detailed facts about Cybercrime"
1825,"undefined","undefined","undefined",1071,undefined,undefined,1,2,3,"Others","Detailed facts about Others"
1826,"undefined","undefined","undefined",1179,undefined,undefined,1,2,3,"Cybercrime","Detailed facts about Cybercrime"
1827,"undefined","undefined","undefined",1191,undefined,undefined,1,2,2,"Theft/Property","Detailed facts about Theft/Property"
1828,"undefined","undefined","undefined",1112,undefined,undefined,1,2,2,"Murder/Attempt","Detailed facts about Murder/Attempt"
1829,"undefined","undefined","undefined",1001,undefined,undefined,1,2,4,"Fraud/Cheating","Detailed facts about Fraud/Cheating"
1830,"undefined","undefined","undefined",1114,undefined,undefined,1,1,1,"Fraud/Cheating","Detailed facts about Fraud/Cheating"
1831,"undefined","undefined","undefined",1010,undefined,undefined,1,2,3,"Cybercrime","Detailed facts about Cybercrime"
1832,"undefined","undefined","undefined",1046,undefined,undefined,1,2,1,"Theft/Property","Detailed facts about Theft/Property"
1833,"undefined","undefined","undefined",1001,undefined,undefined,1,2,2,"Theft/Property","Detailed facts about Theft/Property"
1834,"undefined","undefined","undefined",1187,undefined,undefined,1,1,2,"Cybercrime","Detailed facts about Cybercrime"
1835,"undefined","undefined","undefined",1011,undefined,undefined,1,2,4,"Fraud/Cheating","Detailed facts about Fraud/Cheating"
1836,"undefined","undefined","undefined",1004,undefined,undefined,1,1,1,"Cybercrime","Detailed facts about Cybercrime"
1837,"undefined","undefined","undefined",1001,undefined,undefined,1,2,1,"Assault/Violent","Detailed facts about Assault/Violent"
1838,"undefined","undefined","undefined",1028,undefined,undefined,1,2,1,"Assault/Violent","Detailed facts about Assault/Violent"
1839,"undefined","undefined","undefined",1006,undefined,undefined,1,2,1,"Cybercrime","Detailed facts about Cybercrime"
1840,"undefined","undefined","undefined",1013,undefined,undefined,1,2,1,"Assault/Violent","Detailed facts about Assault/Violent"
1841,"undefined","undefined","undefined",1008,undefined,undefined,1,2,4,"Robbery/Dacoity","Detailed facts about Robbery/Dacoity"
1842,"undefined","undefined","undefined",1015,undefined,undefined,1,2,1,"Assault/Violent","Detailed facts about Assault/Violent"
1843,"undefined","undefined","undefined",1050,undefined,undefined,1,2,3,"Cybercrime","Detailed facts about Cybercrime"
1844,"undefined","undefined","undefined",1172,undefined,undefined,1,2,1,"Theft/Property","Detailed facts about Theft/Property"
1845,"undefined","undefined","undefined",1177,undefined,undefined,1,1,1,"Murder/Attempt","Detailed facts about Murder/Attempt"
1846,"undefined","undefined","undefined",1072,undefined,undefined,1,2,3,"Fraud/Cheating","Detailed facts about Fraud/Cheating"
1847,"undefined","undefined","undefined",1031,undefined,undefined,1,2,2,"Fraud/Cheating","Detailed facts about Fraud/Cheating"
1848,"undefined","undefined","undefined",1009,undefined,undefined,1,2,1,"Robbery/Dacoity","Detailed facts about Robbery/Dacoity"
1849,"undefined","undefined","undefined",1068,undefined,undefined,1,2,2,"Assault/Violent","Detailed facts about Assault/Violent"
1850,"undefined","undefined","undefined",1112,undefined,undefined,1,2,1,"Cybercrime","Detailed facts about Cybercrime"
1851,"undefined","undefined","undefined",1165,undefined,undefined,1,1,1,"Others","Detailed facts about Others"
1852,"undefined","undefined","undefined",1005,undefined,undefined,1,1,2,"Cybercrime","Detailed facts about Cybercrime"
1853,"undefined","undefined","undefined",1004,undefined,undefined,1,2,2,"Narcotics","Detailed facts about Narcotics"
1854,"undefined","undefined","undefined",1083,undefined,undefined,1,1,1,"Fraud/Cheating","Detailed facts about Fraud/Cheating"
1855,"undefined","undefined","undefined",1201,undefined,undefined,1,1,3,"Cybercrime","Detailed facts about Cybercrime"
1856,"undefined","undefined","undefined",1012,undefined,undefined,1,1,1,"Cybercrime","Detailed facts about Cybercrime"
1857,"undefined","undefined","undefined",1062,undefined,undefined,1,2,4,"Fraud/Cheating","Detailed facts about Fraud/Cheating"
1858,"undefined","undefined","undefined",1009,undefined,undefined,1,2,3,"Theft/Property","Detailed facts about Theft/Property"
1859,"undefined","undefined","undefined",1217,undefined,undefined,1,2,1,"Theft/Property","Detailed facts about Theft/Property"
1860,"undefined","undefined","undefined",1123,undefined,undefined,1,2,1,"Murder/Attempt","Detailed facts about Murder/Attempt"
1861,"undefined","undefined","undefined",1037,undefined,undefined,1,2,3,"Theft/Property","Detailed facts about Theft/Property"
1862,"undefined","undefined","undefined",1151,undefined,undefined,1,1,2,"Others","Detailed facts about Others"
1863,"undefined","undefined","undefined",1128,undefined,undefined,1,2,1,"Cybercrime","Detailed facts about Cybercrime"
1864,"undefined","undefined","undefined",1013,undefined,undefined,1,2,2,"Fraud/Cheating","Detailed facts about Fraud/Cheating"
1865,"undefined","undefined","undefined",1003,undefined,undefined,1,2,1,"Cybercrime","Detailed facts about Cybercrime"
1866,"undefined","undefined","undefined",1140,undefined,undefined,1,2,3,"Fraud/Cheating","Detailed facts about Fraud/Cheating"
1867,"undefined","undefined","undefined",1012,undefined,undefined,1,2,2,"Others","Detailed facts about Others"
1868,"undefined","undefined","undefined",1056,undefined,undefined,1,2,1,"Fraud/Cheating","Detailed facts about Fraud/Cheating"
1869,"undefined","undefined","undefined",1005,undefined,undefined,1,1,4,"Theft/Property","Detailed facts about Theft/Property"
1870,"undefined","undefined","undefined",1203,undefined,undefined,1,2,1,"Cybercrime","Detailed facts about Cybercrime"
1871,"undefined","undefined","undefined",1030,undefined,undefined,1,2,3,"Fraud/Cheating","Detailed facts about Fraud/Cheating"
1872,"undefined","undefined","undefined",1013,undefined,undefined,1,2,3,"Others","Detailed facts about Others"
1873,"undefined","undefined","undefined",1015,undefined,undefined,1,1,1,"Theft/Property","Detailed facts about Theft/Property"
1874,"undefined","undefined","undefined",1009,undefined,undefined,1,2,1,"Assault/Violent","Detailed facts about Assault/Violent"
1875,"undefined","undefined","undefined",1013,undefined,undefined,1,2,3,"Assault/Violent","Detailed facts about Assault/Violent"
1876,"undefined","undefined","undefined",1014,undefined,undefined,1,1,1,"Cybercrime","Detailed facts about Cybercrime"
1877,"undefined","undefined","undefined",1191,undefined,undefined,1,1,3,"Others","Detailed facts about Others"
1878,"undefined","undefined","undefined",1202,undefined,undefined,1,2,2,"Theft/Property","Detailed facts about Theft/Property"
1879,"undefined","undefined","undefined",1059,undefined,undefined,1,2,3,"Cybercrime","Detailed facts about Cybercrime"
1880,"undefined","undefined","undefined",1184,undefined,undefined,1,1,1,"Cybercrime","Detailed facts about Cybercrime"
1881,"undefined","undefined","undefined",1212,undefined,undefined,1,2,3,"Theft/Property","Detailed facts about Theft/Property"
1882,"undefined","undefined","undefined",1025,undefined,undefined,1,2,3,"Cybercrime","Detailed facts about Cybercrime"
1883,"undefined","undefined","undefined",1166,undefined,undefined,1,1,2,"Narcotics","Detailed facts about Narcotics"
1884,"undefined","undefined","undefined",1015,undefined,undefined,1,1,2,"Fraud/Cheating","Detailed facts about Fraud/Cheating"
1885,"undefined","undefined","undefined",1034,undefined,undefined,1,1,3,"Theft/Property","Detailed facts about Theft/Property"
1886,"undefined","undefined","undefined",1003,undefined,undefined,1,2,2,"Theft/Property","Detailed facts about Theft/Property"
1887,"undefined","undefined","undefined",1010,undefined,undefined,1,2,2,"Robbery/Dacoity","Detailed facts about Robbery/Dacoity"
1888,"undefined","undefined","undefined",1001,undefined,undefined,1,1,3,"Cybercrime","Detailed facts about Cybercrime"
1889,"undefined","undefined","undefined",1046,undefined,undefined,1,2,4,"Robbery/Dacoity","Detailed facts about Robbery/Dacoity"
1890,"undefined","undefined","undefined",1015,undefined,undefined,1,2,2,"Narcotics","Detailed facts about Narcotics"
1891,"undefined","undefined","undefined",1009,undefined,undefined,1,1,1,"Cybercrime","Detailed facts about Cybercrime"
1892,"undefined","undefined","undefined",1007,undefined,undefined,1,2,2,"Cybercrime","Detailed facts about Cybercrime"
1893,"undefined","undefined","undefined",1008,undefined,undefined,1,1,1,"Robbery/Dacoity","Detailed facts about Robbery/Dacoity"
1894,"undefined","undefined","undefined",1007,undefined,undefined,1,2,2,"Theft/Property","Detailed facts about Theft/Property"
1895,"undefined","undefined","undefined",1054,undefined,undefined,1,2,3,"Others","Detailed facts about Others"
1896,"undefined","undefined","undefined",1038,undefined,undefined,1,1,4,"Assault/Violent","Detailed facts about Assault/Violent"
1897,"undefined","undefined","undefined",1012,undefined,undefined,1,2,1,"Cybercrime","Detailed facts about Cybercrime"
1898,"undefined","undefined","undefined",1009,undefined,undefined,1,2,1,"Cybercrime","Detailed facts about Cybercrime"
1899,"undefined","undefined","undefined",1142,undefined,undefined,1,2,3,"Cybercrime","Detailed facts about Cybercrime"
1900,"undefined","undefined","undefined",1011,undefined,undefined,1,1,1,"Assault/Violent","Detailed facts about Assault/Violent"
1901,"undefined","undefined","undefined",1029,undefined,undefined,1,1,2,"Kidnapping","Detailed facts about Kidnapping"
1902,"undefined","undefined","undefined",1007,undefined,undefined,1,2,3,"Theft/Property","Detailed facts about Theft/Property"
1903,"undefined","undefined","undefined",1058,undefined,undefined,1,2,3,"Theft/Property","Detailed facts about Theft/Property"
1904,"undefined","undefined","undefined",1201,undefined,undefined,1,2,2,"Theft/Property","Detailed facts about Theft/Property"
1905,"undefined","undefined","undefined",1005,undefined,undefined,1,2,2,"Assault/Violent","Detailed facts about Assault/Violent"
1906,"undefined","undefined","undefined",1031,undefined,undefined,1,1,1,"Murder/Attempt","Detailed facts about Murder/Attempt"
1907,"undefined","undefined","undefined",1216,undefined,undefined,1,1,1,"Fraud/Cheating","Detailed facts about Fraud/Cheating"
1908,"undefined","undefined","undefined",1004,undefined,undefined,1,2,2,"Narcotics","Detailed facts about Narcotics"
1909,"undefined","undefined","undefined",1027,undefined,undefined,1,1,2,"Cybercrime","Detailed facts about Cybercrime"
1910,"undefined","undefined","undefined",1013,undefined,undefined,1,2,2,"Assault/Violent","Detailed facts about Assault/Violent"
1911,"undefined","undefined","undefined",1019,undefined,undefined,1,2,1,"Others","Detailed facts about Others"
1912,"undefined","undefined","undefined",1013,undefined,undefined,1,2,1,"Theft/Property","Detailed facts about Theft/Property"
1913,"undefined","undefined","undefined",1003,undefined,undefined,1,2,4,"Cybercrime","Detailed facts about Cybercrime"
1914,"undefined","undefined","undefined",1041,undefined,undefined,1,2,1,"Assault/Violent","Detailed facts about Assault/Violent"
1915,"undefined","undefined","undefined",1011,undefined,undefined,1,2,4,"Assault/Violent","Detailed facts about Assault/Violent"
1916,"undefined","undefined","undefined",1019,undefined,undefined,1,1,2,"Narcotics","Detailed facts about Narcotics"
1917,"undefined","undefined","undefined",1012,undefined,undefined,1,1,2,"Theft/Property","Detailed facts about Theft/Property"
1918,"undefined","undefined","undefined",1015,undefined,undefined,1,1,1,"Fraud/Cheating","Detailed facts about Fraud/Cheating"
1919,"undefined","undefined","undefined",1024,undefined,undefined,1,1,1,"Theft/Property","Detailed facts about Theft/Property"
1920,"undefined","undefined","undefined",1230,undefined,undefined,1,2,1,"Fraud/Cheating","Detailed facts about Fraud/Cheating"
1921,"undefined","undefined","undefined",1186,undefined,undefined,1,1,3,"Cybercrime","Detailed facts about Cybercrime"
1922,"undefined","undefined","undefined",1123,undefined,undefined,1,2,4,"Theft/Property","Detailed facts about Theft/Property"
1923,"undefined","undefined","undefined",1010,undefined,undefined,1,2,2,"Theft/Property","Detailed facts about Theft/Property"
1924,"undefined","undefined","undefined",1036,undefined,undefined,1,2,3,"Cybercrime","Detailed facts about Cybercrime"
1925,"undefined","undefined","undefined",1060,undefined,undefined,1,1,3,"Kidnapping","Detailed facts about Kidnapping"
1926,"undefined","undefined","undefined",1036,undefined,undefined,1,2,3,"Fraud/Cheating","Detailed facts about Fraud/Cheating"
1927,"undefined","undefined","undefined",1005,undefined,undefined,1,1,1,"Theft/Property","Detailed facts about Theft/Property"
1928,"undefined","undefined","undefined",1010,undefined,undefined,1,1,1,"Murder/Attempt","Detailed facts about Murder/Attempt"
1929,"undefined","undefined","undefined",1015,undefined,undefined,1,2,2,"Cybercrime","Detailed facts about Cybercrime"
1930,"undefined","undefined","undefined",1047,undefined,undefined,1,2,2,"Assault/Violent","Detailed facts about Assault/Violent"
1931,"undefined","undefined","undefined",1130,undefined,undefined,1,2,1,"Theft/Property","Detailed facts about Theft/Property"
1932,"undefined","undefined","undefined",1015,undefined,undefined,1,1,2,"Assault/Violent","Detailed facts about Assault/Violent"
1933,"undefined","undefined","undefined",1194,undefined,undefined,1,1,1,"Cybercrime","Detailed facts about Cybercrime"
1934,"undefined","undefined","undefined",1011,undefined,undefined,1,2,3,"Fraud/Cheating","Detailed facts about Fraud/Cheating"
1935,"undefined","undefined","undefined",1013,undefined,undefined,1,2,1,"Fraud/Cheating","Detailed facts about Fraud/Cheating"
1936,"undefined","undefined","undefined",1126,undefined,undefined,1,2,3,"Theft/Property","Detailed facts about Theft/Property"
1937,"undefined","undefined","undefined",1004,undefined,undefined,1,2,2,"Robbery/Dacoity","Detailed facts about Robbery/Dacoity"
1938,"undefined","undefined","undefined",1007,undefined,undefined,1,1,4,"Cybercrime","Detailed facts about Cybercrime"
1939,"undefined","undefined","undefined",1047,undefined,undefined,1,2,1,"Cybercrime","Detailed facts about Cybercrime"
1940,"undefined","undefined","undefined",1005,undefined,undefined,1,2,2,"Assault/Violent","Detailed facts about Assault/Violent"
1941,"undefined","undefined","undefined",1189,undefined,undefined,1,2,1,"Kidnapping","Detailed facts about Kidnapping"
1942,"undefined","undefined","undefined",1177,undefined,undefined,1,2,3,"Theft/Property","Detailed facts about Theft/Property"
1943,"undefined","undefined","undefined",1038,undefined,undefined,1,1,2,"Cybercrime","Detailed facts about Cybercrime"
1944,"undefined","undefined","undefined",1033,undefined,undefined,1,2,2,"Cybercrime","Detailed facts about Cybercrime"
1945,"undefined","undefined","undefined",1168,undefined,undefined,1,2,2,"Fraud/Cheating","Detailed facts about Fraud/Cheating"
1946,"undefined","undefined","undefined",1067,undefined,undefined,1,2,1,"Theft/Property","Detailed facts about Theft/Property"
1947,"undefined","undefined","undefined",1009,undefined,undefined,1,2,3,"Assault/Violent","Detailed facts about Assault/Violent"
1948,"undefined","undefined","undefined",1003,undefined,undefined,1,2,3,"Assault/Violent","Detailed facts about Assault/Violent"
1949,"undefined","undefined","undefined",1005,undefined,undefined,1,1,2,"Robbery/Dacoity","Detailed facts about Robbery/Dacoity"
1950,"undefined","undefined","undefined",1202,undefined,undefined,1,2,1,"Cybercrime","Detailed facts about Cybercrime"
1951,"undefined","undefined","undefined",1012,undefined,undefined,1,2,1,"Theft/Property","Detailed facts about Theft/Property"
1952,"undefined","undefined","undefined",1156,undefined,undefined,1,1,4,"Fraud/Cheating","Detailed facts about Fraud/Cheating"
1953,"undefined","undefined","undefined",1049,undefined,undefined,1,1,1,"Assault/Violent","Detailed facts about Assault/Violent"
1954,"undefined","undefined","undefined",1180,undefined,undefined,1,1,1,"Cybercrime","Detailed facts about Cybercrime"
1955,"undefined","undefined","undefined",1006,undefined,undefined,1,1,3,"Assault/Violent","Detailed facts about Assault/Violent"
1956,"undefined","undefined","undefined",1073,undefined,undefined,1,1,2,"Others","Detailed facts about Others"
1957,"undefined","undefined","undefined",1032,undefined,undefined,1,2,2,"Narcotics","Detailed facts about Narcotics"
1958,"undefined","undefined","undefined",1009,undefined,undefined,1,2,1,"Cybercrime","Detailed facts about Cybercrime"
1959,"undefined","undefined","undefined",1055,undefined,undefined,1,1,4,"Others","Detailed facts about Others"
1960,"undefined","undefined","undefined",1026,undefined,undefined,1,2,1,"Narcotics","Detailed facts about Narcotics"
1961,"undefined","undefined","undefined",1133,undefined,undefined,1,1,1,"Fraud/Cheating","Detailed facts about Fraud/Cheating"
1962,"undefined","undefined","undefined",1162,undefined,undefined,1,2,3,"Cybercrime","Detailed facts about Cybercrime"
1963,"undefined","undefined","undefined",1007,undefined,undefined,1,1,1,"Murder/Attempt","Detailed facts about Murder/Attempt"
1964,"undefined","undefined","undefined",1005,undefined,undefined,1,2,3,"Cybercrime","Detailed facts about Cybercrime"
1965,"undefined","undefined","undefined",1005,undefined,undefined,1,2,1,"Assault/Violent","Detailed facts about Assault/Violent"
1966,"undefined","undefined","undefined",1153,undefined,undefined,1,2,3,"Robbery/Dacoity","Detailed facts about Robbery/Dacoity"
1967,"undefined","undefined","undefined",1040,undefined,undefined,1,2,1,"Theft/Property","Detailed facts about Theft/Property"
1968,"undefined","undefined","undefined",1009,undefined,undefined,1,2,1,"Cybercrime","Detailed facts about Cybercrime"
1969,"undefined","undefined","undefined",1192,undefined,undefined,1,2,1,"Fraud/Cheating","Detailed facts about Fraud/Cheating"
1970,"undefined","undefined","undefined",1014,undefined,undefined,1,1,1,"Robbery/Dacoity","Detailed facts about Robbery/Dacoity"
1971,"undefined","undefined","undefined",1010,undefined,undefined,1,1,2,"Fraud/Cheating","Detailed facts about Fraud/Cheating"
1972,"undefined","undefined","undefined",1003,undefined,undefined,1,2,4,"Assault/Violent","Detailed facts about Assault/Violent"
1973,"undefined","undefined","undefined",1035,undefined,undefined,1,2,2,"Assault/Violent","Detailed facts about Assault/Violent"
1974,"undefined","undefined","undefined",1045,undefined,undefined,1,1,2,"Assault/Violent","Detailed facts about Assault/Violent"
1975,"undefined","undefined","undefined",1012,undefined,undefined,1,2,1,"Fraud/Cheating","Detailed facts about Fraud/Cheating"
1976,"undefined","undefined","undefined",1014,undefined,undefined,1,2,2,"Cybercrime","Detailed facts about Cybercrime"
1977,"undefined","undefined","undefined",1006,undefined,undefined,1,2,2,"Fraud/Cheating","Detailed facts about Fraud/Cheating"
1978,"undefined","undefined","undefined",1007,undefined,undefined,1,2,1,"Fraud/Cheating","Detailed facts about Fraud/Cheating"
1979,"undefined","undefined","undefined",1037,undefined,undefined,1,2,2,"Fraud/Cheating","Detailed facts about Fraud/Cheating"
1980,"undefined","undefined","undefined",1104,undefined,undefined,1,1,2,"Narcotics","Detailed facts about Narcotics"
1981,"undefined","undefined","undefined",1009,undefined,undefined,1,2,3,"Others","Detailed facts about Others"
1982,"undefined","undefined","undefined",1004,undefined,undefined,1,2,1,"Cybercrime","Detailed facts about Cybercrime"
1983,"undefined","undefined","undefined",1024,undefined,undefined,1,2,2,"Others","Detailed facts about Others"
1984,"undefined","undefined","undefined",1010,undefined,undefined,1,1,1,"Cybercrime","Detailed facts about Cybercrime"
1985,"undefined","undefined","undefined",1050,undefined,undefined,1,2,3,"Assault/Violent","Detailed facts about Assault/Violent"
1986,"undefined","undefined","undefined",1060,undefined,undefined,1,2,1,"Theft/Property","Detailed facts about Theft/Property"
1987,"undefined","undefined","undefined",1006,undefined,undefined,1,2,1,"Assault/Violent","Detailed facts about Assault/Violent"
1988,"undefined","undefined","undefined",1028,undefined,undefined,1,2,2,"Assault/Violent","Detailed facts about Assault/Violent"
1989,"undefined","undefined","undefined",1052,undefined,undefined,1,2,2,"Robbery/Dacoity","Detailed facts about Robbery/Dacoity"
1990,"undefined","undefined","undefined",1010,undefined,undefined,1,2,2,"Theft/Property","Detailed facts about Theft/Property"
1991,"undefined","undefined","undefined",1043,undefined,undefined,1,1,1,"Theft/Property","Detailed facts about Theft/Property"
1992,"undefined","undefined","undefined",1204,undefined,undefined,1,2,4,"Murder/Attempt","Detailed facts about Murder/Attempt"
1993,"undefined","undefined","undefined",1007,undefined,undefined,1,2,1,"Assault/Violent","Detailed facts about Assault/Violent"
1994,"undefined","undefined","undefined",1001,undefined,undefined,1,1,3,"Fraud/Cheating","Detailed facts about Fraud/Cheating"
1995,"undefined","undefined","undefined",1218,undefined,undefined,1,1,2,"Cybercrime","Detailed facts about Cybercrime"
1996,"undefined","undefined","undefined",1014,undefined,undefined,1,2,1,"Theft/Property","Detailed facts about Theft/Property"
1997,"undefined","undefined","undefined",1052,undefined,undefined,1,2,2,"Assault/Violent","Detailed facts about Assault/Violent"
1998,"undefined","undefined","undefined",1146,undefined,undefined,1,2,4,"Theft/Property","Detailed facts about Theft/Property"
1999,"undefined","undefined","undefined",1004,undefined,undefined,1,2,3,"Fraud/Cheating","Detailed facts about Fraud/Cheating"
2000,"undefined","undefined","undefined",1004,undefined,undefined,1,2,3,"Narcotics","Detailed facts about Narcotics"
2001,"undefined","undefined","undefined",1220,undefined,undefined,1,1,1,"Theft/Property","Detailed facts about Theft/Property"
2002,"undefined","undefined","undefined",1030,undefined,undefined,1,1,4,"Cybercrime","Detailed facts about Cybercrime"
2003,"undefined","undefined","undefined",1005,undefined,undefined,1,2,4,"Fraud/Cheating","Detailed facts about Fraud/Cheating"
2004,"undefined","undefined","undefined",1015,undefined,undefined,1,2,2,"Cybercrime","Detailed facts about Cybercrime"
2005,"undefined","undefined","undefined",1031,undefined,undefined,1,1,1,"Theft/Property","Detailed facts about Theft/Property"
2006,"undefined","undefined","undefined",1015,undefined,undefined,1,2,1,"Theft/Property","Detailed facts about Theft/Property"
2007,"undefined","undefined","undefined",1123,undefined,undefined,1,2,2,"Fraud/Cheating","Detailed facts about Fraud/Cheating"
2008,"undefined","undefined","undefined",1003,undefined,undefined,1,2,1,"Theft/Property","Detailed facts about Theft/Property"
2009,"undefined","undefined","undefined",1095,undefined,undefined,1,2,4,"Fraud/Cheating","Detailed facts about Fraud/Cheating"
2010,"undefined","undefined","undefined",1059,undefined,undefined,1,2,2,"Cybercrime","Detailed facts about Cybercrime"
2011,"undefined","undefined","undefined",1036,undefined,undefined,1,2,1,"Assault/Violent","Detailed facts about Assault/Violent"
2012,"undefined","undefined","undefined",1009,undefined,undefined,1,2,2,"Assault/Violent","Detailed facts about Assault/Violent"
2013,"undefined","undefined","undefined",1057,undefined,undefined,1,1,1,"Assault/Violent","Detailed facts about Assault/Violent"
2014,"undefined","undefined","undefined",1013,undefined,undefined,1,1,3,"Theft/Property","Detailed facts about Theft/Property"
2015,"undefined","undefined","undefined",1029,undefined,undefined,1,2,2,"Theft/Property","Detailed facts about Theft/Property"
2016,"undefined","undefined","undefined",1004,undefined,undefined,1,2,3,"Assault/Violent","Detailed facts about Assault/Violent"
2017,"undefined","undefined","undefined",1004,undefined,undefined,1,2,2,"Murder/Attempt","Detailed facts about Murder/Attempt"
2018,"undefined","undefined","undefined",1026,undefined,undefined,1,2,1,"Cybercrime","Detailed facts about Cybercrime"
2019,"undefined","undefined","undefined",1067,undefined,undefined,1,2,2,"Cybercrime","Detailed facts about Cybercrime"
2020,"undefined","undefined","undefined",1130,undefined,undefined,1,2,2,"Cybercrime","Detailed facts about Cybercrime"
2021,"undefined","undefined","undefined",1095,undefined,undefined,1,2,1,"Others","Detailed facts about Others"
2022,"undefined","undefined","undefined",1133,undefined,undefined,1,2,2,"Theft/Property","Detailed facts about Theft/Property"
2023,"undefined","undefined","undefined",1034,undefined,undefined,1,2,3,"Cybercrime","Detailed facts about Cybercrime"
2024,"undefined","undefined","undefined",1067,undefined,undefined,1,1,2,"Cybercrime","Detailed facts about Cybercrime"
2025,"undefined","undefined","undefined",1012,undefined,undefined,1,2,3,"Robbery/Dacoity","Detailed facts about Robbery/Dacoity"
2026,"undefined","undefined","undefined",1051,undefined,undefined,1,2,3,"Assault/Violent","Detailed facts about Assault/Violent"
2027,"undefined","undefined","undefined",1009,undefined,undefined,1,1,2,"Others","Detailed facts about Others"
2028,"undefined","undefined","undefined",1045,undefined,undefined,1,2,2,"Theft/Property","Detailed facts about Theft/Property"
2029,"undefined","undefined","undefined",1195,undefined,undefined,1,1,1,"Assault/Violent","Detailed facts about Assault/Violent"
2030,"undefined","undefined","undefined",1192,undefined,undefined,1,1,1,"Robbery/Dacoity","Detailed facts about Robbery/Dacoity"
2031,"undefined","undefined","undefined",1001,undefined,undefined,1,2,2,"Assault/Violent","Detailed facts about Assault/Violent"
2032,"undefined","undefined","undefined",1051,undefined,undefined,1,2,3,"Cybercrime","Detailed facts about Cybercrime"
2033,"undefined","undefined","undefined",1147,undefined,undefined,1,2,2,"Theft/Property","Detailed facts about Theft/Property"
2034,"undefined","undefined","undefined",1014,undefined,undefined,1,2,1,"Cybercrime","Detailed facts about Cybercrime"
2035,"undefined","undefined","undefined",1150,undefined,undefined,1,2,1,"Cybercrime","Detailed facts about Cybercrime"
2036,"undefined","undefined","undefined",1207,undefined,undefined,1,2,1,"Kidnapping","Detailed facts about Kidnapping"
2037,"undefined","undefined","undefined",1085,undefined,undefined,1,1,1,"Cybercrime","Detailed facts about Cybercrime"
2038,"undefined","undefined","undefined",1167,undefined,undefined,1,2,2,"Fraud/Cheating","Detailed facts about Fraud/Cheating"
2039,"undefined","undefined","undefined",1013,undefined,undefined,1,2,1,"Cybercrime","Detailed facts about Cybercrime"
2040,"undefined","undefined","undefined",1010,undefined,undefined,1,2,4,"Fraud/Cheating","Detailed facts about Fraud/Cheating"
2041,"undefined","undefined","undefined",1011,undefined,undefined,1,2,1,"Assault/Violent","Detailed facts about Assault/Violent"
2042,"undefined","undefined","undefined",1026,undefined,undefined,1,2,2,"Theft/Property","Detailed facts about Theft/Property"
2043,"undefined","undefined","undefined",1060,undefined,undefined,1,2,4,"Assault/Violent","Detailed facts about Assault/Violent"
2044,"undefined","undefined","undefined",1058,undefined,undefined,1,1,1,"Theft/Property","Detailed facts about Theft/Property"
2045,"undefined","undefined","undefined",1076,undefined,undefined,1,2,1,"Cybercrime","Detailed facts about Cybercrime"
2046,"undefined","undefined","undefined",1038,undefined,undefined,1,1,2,"Murder/Attempt","Detailed facts about Murder/Attempt"
2047,"undefined","undefined","undefined",1008,undefined,undefined,1,2,1,"Cybercrime","Detailed facts about Cybercrime"
2048,"undefined","undefined","undefined",1056,undefined,undefined,1,2,3,"Cybercrime","Detailed facts about Cybercrime"
2049,"undefined","undefined","undefined",1022,undefined,undefined,1,1,1,"Fraud/Cheating","Detailed facts about Fraud/Cheating"
2050,"undefined","undefined","undefined",1028,undefined,undefined,1,1,3,"Assault/Violent","Detailed facts about Assault/Violent"
2051,"undefined","undefined","undefined",1144,undefined,undefined,1,2,3,"Assault/Violent","Detailed facts about Assault/Violent"
2052,"undefined","undefined","undefined",1007,undefined,undefined,1,2,3,"Others","Detailed facts about Others"
2053,"undefined","undefined","undefined",1120,undefined,undefined,1,2,2,"Cybercrime","Detailed facts about Cybercrime"
2054,"undefined","undefined","undefined",1029,undefined,undefined,1,2,1,"Cybercrime","Detailed facts about Cybercrime"
2055,"undefined","undefined","undefined",1082,undefined,undefined,1,2,2,"Fraud/Cheating","Detailed facts about Fraud/Cheating"
2056,"undefined","undefined","undefined",1009,undefined,undefined,1,1,2,"Theft/Property","Detailed facts about Theft/Property"
2057,"undefined","undefined","undefined",1014,undefined,undefined,1,1,1,"Narcotics","Detailed facts about Narcotics"
2058,"undefined","undefined","undefined",1012,undefined,undefined,1,1,4,"Fraud/Cheating","Detailed facts about Fraud/Cheating"
2059,"undefined","undefined","undefined",1009,undefined,undefined,1,1,1,"Cybercrime","Detailed facts about Cybercrime"
2060,"undefined","undefined","undefined",1203,undefined,undefined,1,2,1,"Assault/Violent","Detailed facts about Assault/Violent"
2061,"undefined","undefined","undefined",1002,undefined,undefined,1,2,2,"Murder/Attempt","Detailed facts about Murder/Attempt"
2062,"undefined","undefined","undefined",1054,undefined,undefined,1,1,1,"Cybercrime","Detailed facts about Cybercrime"
2063,"undefined","undefined","undefined",1001,undefined,undefined,1,2,3,"Assault/Violent","Detailed facts about Assault/Violent"
2064,"undefined","undefined","undefined",1006,undefined,undefined,1,1,4,"Theft/Property","Detailed facts about Theft/Property"
2065,"undefined","undefined","undefined",1044,undefined,undefined,1,1,1,"Assault/Violent","Detailed facts about Assault/Violent"
2066,"undefined","undefined","undefined",1126,undefined,undefined,1,2,2,"Robbery/Dacoity","Detailed facts about Robbery/Dacoity"
2067,"undefined","undefined","undefined",1002,undefined,undefined,1,2,1,"Cybercrime","Detailed facts about Cybercrime"
2068,"undefined","undefined","undefined",1013,undefined,undefined,1,1,2,"Theft/Property","Detailed facts about Theft/Property"
2069,"undefined","undefined","undefined",1042,undefined,undefined,1,1,4,"Assault/Violent","Detailed facts about Assault/Violent"
2070,"undefined","undefined","undefined",1144,undefined,undefined,1,1,1,"Theft/Property","Detailed facts about Theft/Property"
2071,"undefined","undefined","undefined",1003,undefined,undefined,1,2,3,"Narcotics","Detailed facts about Narcotics"
2072,"undefined","undefined","undefined",1048,undefined,undefined,1,1,1,"Robbery/Dacoity","Detailed facts about Robbery/Dacoity"
2073,"undefined","undefined","undefined",1057,undefined,undefined,1,2,2,"Cybercrime","Detailed facts about Cybercrime"
2074,"undefined","undefined","undefined",1215,undefined,undefined,1,1,1,"Theft/Property","Detailed facts about Theft/Property"
2075,"undefined","undefined","undefined",1010,undefined,undefined,1,2,2,"Theft/Property","Detailed facts about Theft/Property"
2076,"undefined","undefined","undefined",1013,undefined,undefined,1,2,3,"Robbery/Dacoity","Detailed facts about Robbery/Dacoity"
2077,"undefined","undefined","undefined",1181,undefined,undefined,1,2,1,"Cybercrime","Detailed facts about Cybercrime"
2078,"undefined","undefined","undefined",1106,undefined,undefined,1,1,3,"Others","Detailed facts about Others"
2079,"undefined","undefined","undefined",1007,undefined,undefined,1,2,4,"Cybercrime","Detailed facts about Cybercrime"
2080,"undefined","undefined","undefined",1012,undefined,undefined,1,1,2,"Murder/Attempt","Detailed facts about Murder/Attempt"
2081,"undefined","undefined","undefined",1024,undefined,undefined,1,1,3,"Cybercrime","Detailed facts about Cybercrime"
2082,"undefined","undefined","undefined",1002,undefined,undefined,1,2,1,"Cybercrime","Detailed facts about Cybercrime"
2083,"undefined","undefined","undefined",1004,undefined,undefined,1,2,2,"Cybercrime","Detailed facts about Cybercrime"
2084,"undefined","undefined","undefined",1002,undefined,undefined,1,2,1,"Cybercrime","Detailed facts about Cybercrime"
2085,"undefined","undefined","undefined",1209,undefined,undefined,1,2,1,"Theft/Property","Detailed facts about Theft/Property"
2086,"undefined","undefined","undefined",1033,undefined,undefined,1,1,1,"Others","Detailed facts about Others"
2087,"undefined","undefined","undefined",1128,undefined,undefined,1,2,2,"Assault/Violent","Detailed facts about Assault/Violent"
2088,"undefined","undefined","undefined",1227,undefined,undefined,1,1,1,"Cybercrime","Detailed facts about Cybercrime"
2089,"undefined","undefined","undefined",1025,undefined,undefined,1,2,2,"Others","Detailed facts about Others"
2090,"undefined","undefined","undefined",1039,undefined,undefined,1,2,1,"Theft/Property","Detailed facts about Theft/Property"
2091,"undefined","undefined","undefined",1014,undefined,undefined,1,2,1,"Cybercrime","Detailed facts about Cybercrime"
2092,"undefined","undefined","undefined",1043,undefined,undefined,1,1,1,"Theft/Property","Detailed facts about Theft/Property"
2093,"undefined","undefined","undefined",1003,undefined,undefined,1,2,2,"Narcotics","Detailed facts about Narcotics"
2094,"undefined","undefined","undefined",1003,undefined,undefined,1,2,1,"Assault/Violent","Detailed facts about Assault/Violent"
2095,"undefined","undefined","undefined",1042,undefined,undefined,1,2,1,"Assault/Violent","Detailed facts about Assault/Violent"
2096,"undefined","undefined","undefined",1213,undefined,undefined,1,1,1,"Cybercrime","Detailed facts about Cybercrime"
2097,"undefined","undefined","undefined",1115,undefined,undefined,1,2,3,"Fraud/Cheating","Detailed facts about Fraud/Cheating"
2098,"undefined","undefined","undefined",1221,undefined,undefined,1,1,1,"Cybercrime","Detailed facts about Cybercrime"
2099,"undefined","undefined","undefined",1001,undefined,undefined,1,2,4,"Cybercrime","Detailed facts about Cybercrime"
2100,"undefined","undefined","undefined",1015,undefined,undefined,1,1,1,"Assault/Violent","Detailed facts about Assault/Violent"
2101,"undefined","undefined","undefined",1181,undefined,undefined,1,2,4,"Cybercrime","Detailed facts about Cybercrime"
2102,"undefined","undefined","undefined",1103,undefined,undefined,1,1,2,"Robbery/Dacoity","Detailed facts about Robbery/Dacoity"
2103,"undefined","undefined","undefined",1230,undefined,undefined,1,2,3,"Theft/Property","Detailed facts about Theft/Property"
2104,"undefined","undefined","undefined",1127,undefined,undefined,1,2,2,"Assault/Violent","Detailed facts about Assault/Violent"
2105,"undefined","undefined","undefined",1003,undefined,undefined,1,2,4,"Others","Detailed facts about Others"
2106,"undefined","undefined","undefined",1001,undefined,undefined,1,2,2,"Theft/Property","Detailed facts about Theft/Property"
2107,"undefined","undefined","undefined",1003,undefined,undefined,1,2,3,"Others","Detailed facts about Others"
2108,"undefined","undefined","undefined",1028,undefined,undefined,1,2,1,"Assault/Violent","Detailed facts about Assault/Violent"
2109,"undefined","undefined","undefined",1015,undefined,undefined,1,2,1,"Murder/Attempt","Detailed facts about Murder/Attempt"
2110,"undefined","undefined","undefined",1005,undefined,undefined,1,2,4,"Theft/Property","Detailed facts about Theft/Property"
2111,"undefined","undefined","undefined",1006,undefined,undefined,1,1,3,"Murder/Attempt","Detailed facts about Murder/Attempt"
2112,"undefined","undefined","undefined",1007,undefined,undefined,1,2,2,"Murder/Attempt","Detailed facts about Murder/Attempt"
2113,"undefined","undefined","undefined",1118,undefined,undefined,1,2,1,"Cybercrime","Detailed facts about Cybercrime"
2114,"undefined","undefined","undefined",1048,undefined,undefined,1,2,2,"Kidnapping","Detailed facts about Kidnapping"
2115,"undefined","undefined","undefined",1016,undefined,undefined,1,1,1,"Theft/Property","Detailed facts about Theft/Property"
2116,"undefined","undefined","undefined",1014,undefined,undefined,1,1,1,"Theft/Property","Detailed facts about Theft/Property"
2117,"undefined","undefined","undefined",1078,undefined,undefined,1,1,3,"Fraud/Cheating","Detailed facts about Fraud/Cheating"
2118,"undefined","undefined","undefined",1060,undefined,undefined,1,2,2,"Cybercrime","Detailed facts about Cybercrime"
2119,"undefined","undefined","undefined",1044,undefined,undefined,1,1,1,"Cybercrime","Detailed facts about Cybercrime"
2120,"undefined","undefined","undefined",1063,undefined,undefined,1,2,3,"Robbery/Dacoity","Detailed facts about Robbery/Dacoity"
2121,"undefined","undefined","undefined",1006,undefined,undefined,1,2,2,"Robbery/Dacoity","Detailed facts about Robbery/Dacoity"
2122,"undefined","undefined","undefined",1029,undefined,undefined,1,2,3,"Fraud/Cheating","Detailed facts about Fraud/Cheating"
2123,"undefined","undefined","undefined",1015,undefined,undefined,1,1,1,"Assault/Violent","Detailed facts about Assault/Violent"
2124,"undefined","undefined","undefined",1024,undefined,undefined,1,1,2,"Assault/Violent","Detailed facts about Assault/Violent"
2125,"undefined","undefined","undefined",1218,undefined,undefined,1,2,2,"Narcotics","Detailed facts about Narcotics"
2126,"undefined","undefined","undefined",1118,undefined,undefined,1,2,1,"Assault/Violent","Detailed facts about Assault/Violent"
2127,"undefined","undefined","undefined",1178,undefined,undefined,1,2,3,"Assault/Violent","Detailed facts about Assault/Violent"
2128,"undefined","undefined","undefined",1024,undefined,undefined,1,1,1,"Fraud/Cheating","Detailed facts about Fraud/Cheating"
2129,"undefined","undefined","undefined",1014,undefined,undefined,1,2,1,"Theft/Property","Detailed facts about Theft/Property"
2130,"undefined","undefined","undefined",1030,undefined,undefined,1,1,3,"Cybercrime","Detailed facts about Cybercrime"
2131,"undefined","undefined","undefined",1185,undefined,undefined,1,1,1,"Cybercrime","Detailed facts about Cybercrime"
2132,"undefined","undefined","undefined",1024,undefined,undefined,1,2,1,"Theft/Property","Detailed facts about Theft/Property"
2133,"undefined","undefined","undefined",1158,undefined,undefined,1,2,1,"Fraud/Cheating","Detailed facts about Fraud/Cheating"
2134,"undefined","undefined","undefined",1015,undefined,undefined,1,2,1,"Robbery/Dacoity","Detailed facts about Robbery/Dacoity"
2135,"undefined","undefined","undefined",1006,undefined,undefined,1,2,1,"Theft/Property","Detailed facts about Theft/Property"
2136,"undefined","undefined","undefined",1079,undefined,undefined,1,2,3,"Fraud/Cheating","Detailed facts about Fraud/Cheating"
2137,"undefined","undefined","undefined",1167,undefined,undefined,1,2,2,"Theft/Property","Detailed facts about Theft/Property"
2138,"undefined","undefined","undefined",1205,undefined,undefined,1,2,4,"Cybercrime","Detailed facts about Cybercrime"
2139,"undefined","undefined","undefined",1179,undefined,undefined,1,1,3,"Cybercrime","Detailed facts about Cybercrime"
2140,"undefined","undefined","undefined",1061,undefined,undefined,1,2,1,"Cybercrime","Detailed facts about Cybercrime"
2141,"undefined","undefined","undefined",1013,undefined,undefined,1,2,2,"Theft/Property","Detailed facts about Theft/Property"
2142,"undefined","undefined","undefined",1013,undefined,undefined,1,2,3,"Robbery/Dacoity","Detailed facts about Robbery/Dacoity"
2143,"undefined","undefined","undefined",1008,undefined,undefined,1,1,1,"Theft/Property","Detailed facts about Theft/Property"
2144,"undefined","undefined","undefined",1014,undefined,undefined,1,2,3,"Fraud/Cheating","Detailed facts about Fraud/Cheating"
2145,"undefined","undefined","undefined",1009,undefined,undefined,1,2,1,"Others","Detailed facts about Others"
2146,"undefined","undefined","undefined",1020,undefined,undefined,1,2,1,"Cybercrime","Detailed facts about Cybercrime"
2147,"undefined","undefined","undefined",1012,undefined,undefined,1,2,1,"Others","Detailed facts about Others"
2148,"undefined","undefined","undefined",1042,undefined,undefined,1,2,4,"Fraud/Cheating","Detailed facts about Fraud/Cheating"
2149,"undefined","undefined","undefined",1228,undefined,undefined,1,2,3,"Cybercrime","Detailed facts about Cybercrime"
2150,"undefined","undefined","undefined",1117,undefined,undefined,1,2,2,"Assault/Violent","Detailed facts about Assault/Violent"
2151,"undefined","undefined","undefined",1001,undefined,undefined,1,2,2,"Cybercrime","Detailed facts about Cybercrime"
2152,"undefined","undefined","undefined",1080,undefined,undefined,1,2,1,"Cybercrime","Detailed facts about Cybercrime"
2153,"undefined","undefined","undefined",1004,undefined,undefined,1,2,1,"Robbery/Dacoity","Detailed facts about Robbery/Dacoity"
2154,"undefined","undefined","undefined",1059,undefined,undefined,1,2,1,"Cybercrime","Detailed facts about Cybercrime"
2155,"undefined","undefined","undefined",1030,undefined,undefined,1,2,2,"Cybercrime","Detailed facts about Cybercrime"
2156,"undefined","undefined","undefined",1034,undefined,undefined,1,2,1,"Cybercrime","Detailed facts about Cybercrime"
2157,"undefined","undefined","undefined",1003,undefined,undefined,1,2,3,"Others","Detailed facts about Others"
2158,"undefined","undefined","undefined",1007,undefined,undefined,1,1,2,"Assault/Violent","Detailed facts about Assault/Violent"
2159,"undefined","undefined","undefined",1171,undefined,undefined,1,2,1,"Theft/Property","Detailed facts about Theft/Property"
2160,"undefined","undefined","undefined",1010,undefined,undefined,1,1,1,"Cybercrime","Detailed facts about Cybercrime"
2161,"undefined","undefined","undefined",1133,undefined,undefined,1,2,4,"Theft/Property","Detailed facts about Theft/Property"
2162,"undefined","undefined","undefined",1007,undefined,undefined,1,2,1,"Theft/Property","Detailed facts about Theft/Property"
2163,"undefined","undefined","undefined",1073,undefined,undefined,1,2,1,"Cybercrime","Detailed facts about Cybercrime"
2164,"undefined","undefined","undefined",1056,undefined,undefined,1,2,2,"Murder/Attempt","Detailed facts about Murder/Attempt"
2165,"undefined","undefined","undefined",1141,undefined,undefined,1,1,3,"Assault/Violent","Detailed facts about Assault/Violent"
2166,"undefined","undefined","undefined",1044,undefined,undefined,1,2,4,"Robbery/Dacoity","Detailed facts about Robbery/Dacoity"
2167,"undefined","undefined","undefined",1099,undefined,undefined,1,2,2,"Cybercrime","Detailed facts about Cybercrime"
2168,"undefined","undefined","undefined",1013,undefined,undefined,1,2,1,"Narcotics","Detailed facts about Narcotics"
2169,"undefined","undefined","undefined",1034,undefined,undefined,1,2,1,"Cybercrime","Detailed facts about Cybercrime"
2170,"undefined","undefined","undefined",1003,undefined,undefined,1,2,1,"Narcotics","Detailed facts about Narcotics"
2171,"undefined","undefined","undefined",1006,undefined,undefined,1,2,2,"Cybercrime","Detailed facts about Cybercrime"
2172,"undefined","undefined","undefined",1102,undefined,undefined,1,2,1,"Kidnapping","Detailed facts about Kidnapping"
2173,"undefined","undefined","undefined",1132,undefined,undefined,1,1,4,"Assault/Violent","Detailed facts about Assault/Violent"
2174,"undefined","undefined","undefined",1005,undefined,undefined,1,2,2,"Cybercrime","Detailed facts about Cybercrime"
2175,"undefined","undefined","undefined",1044,undefined,undefined,1,1,1,"Cybercrime","Detailed facts about Cybercrime"
2176,"undefined","undefined","undefined",1003,undefined,undefined,1,2,2,"Fraud/Cheating","Detailed facts about Fraud/Cheating"
2177,"undefined","undefined","undefined",1008,undefined,undefined,1,2,3,"Fraud/Cheating","Detailed facts about Fraud/Cheating"
2178,"undefined","undefined","undefined",1006,undefined,undefined,1,2,1,"Fraud/Cheating","Detailed facts about Fraud/Cheating"
2179,"undefined","undefined","undefined",1010,undefined,undefined,1,2,4,"Cybercrime","Detailed facts about Cybercrime"
2180,"undefined","undefined","undefined",1003,undefined,undefined,1,2,1,"Cybercrime","Detailed facts about Cybercrime"
2181,"undefined","undefined","undefined",1004,undefined,undefined,1,2,4,"Cybercrime","Detailed facts about Cybercrime"
2182,"undefined","undefined","undefined",1026,undefined,undefined,1,2,1,"Assault/Violent","Detailed facts about Assault/Violent"
2183,"undefined","undefined","undefined",1009,undefined,undefined,1,2,1,"Fraud/Cheating","Detailed facts about Fraud/Cheating"
2184,"undefined","undefined","undefined",1015,undefined,undefined,1,2,2,"Theft/Property","Detailed facts about Theft/Property"
2185,"undefined","undefined","undefined",1211,undefined,undefined,1,2,4,"Assault/Violent","Detailed facts about Assault/Violent"
2186,"undefined","undefined","undefined",1008,undefined,undefined,1,2,3,"Fraud/Cheating","Detailed facts about Fraud/Cheating"
2187,"undefined","undefined","undefined",1096,undefined,undefined,1,2,3,"Murder/Attempt","Detailed facts about Murder/Attempt"
2188,"undefined","undefined","undefined",1013,undefined,undefined,1,2,4,"Cybercrime","Detailed facts about Cybercrime"
2189,"undefined","undefined","undefined",1164,undefined,undefined,1,1,1,"Robbery/Dacoity","Detailed facts about Robbery/Dacoity"
2190,"undefined","undefined","undefined",1013,undefined,undefined,1,2,3,"Assault/Violent","Detailed facts about Assault/Violent"
2191,"undefined","undefined","undefined",1227,undefined,undefined,1,2,1,"Assault/Violent","Detailed facts about Assault/Violent"
2192,"undefined","undefined","undefined",1202,undefined,undefined,1,1,3,"Cybercrime","Detailed facts about Cybercrime"
2193,"undefined","undefined","undefined",1018,undefined,undefined,1,2,4,"Cybercrime","Detailed facts about Cybercrime"
2194,"undefined","undefined","undefined",1004,undefined,undefined,1,2,1,"Cybercrime","Detailed facts about Cybercrime"
2195,"undefined","undefined","undefined",1006,undefined,undefined,1,1,4,"Assault/Violent","Detailed facts about Assault/Violent"
2196,"undefined","undefined","undefined",1014,undefined,undefined,1,2,1,"Fraud/Cheating","Detailed facts about Fraud/Cheating"
2197,"undefined","undefined","undefined",1007,undefined,undefined,1,2,1,"Narcotics","Detailed facts about Narcotics"
2198,"undefined","undefined","undefined",1012,undefined,undefined,1,1,1,"Fraud/Cheating","Detailed facts about Fraud/Cheating"
2199,"undefined","undefined","undefined",1014,undefined,undefined,1,2,3,"Fraud/Cheating","Detailed facts about Fraud/Cheating"
2200,"undefined","undefined","undefined",1011,undefined,undefined,1,2,1,"Theft/Property","Detailed facts about Theft/Property"
2201,"undefined","undefined","undefined",1014,undefined,undefined,1,2,2,"Cybercrime","Detailed facts about Cybercrime"
2202,"undefined","undefined","undefined",1016,undefined,undefined,1,2,1,"Kidnapping","Detailed facts about Kidnapping"
2203,"undefined","undefined","undefined",1007,undefined,undefined,1,1,1,"Assault/Violent","Detailed facts about Assault/Violent"
2204,"undefined","undefined","undefined",1157,undefined,undefined,1,2,1,"Cybercrime","Detailed facts about Cybercrime"
2205,"undefined","undefined","undefined",1013,undefined,undefined,1,2,1,"Cybercrime","Detailed facts about Cybercrime"
2206,"undefined","undefined","undefined",1034,undefined,undefined,1,2,1,"Theft/Property","Detailed facts about Theft/Property"
2207,"undefined","undefined","undefined",1034,undefined,undefined,1,1,1,"Fraud/Cheating","Detailed facts about Fraud/Cheating"
2208,"undefined","undefined","undefined",1207,undefined,undefined,1,1,3,"Cybercrime","Detailed facts about Cybercrime"
2209,"undefined","undefined","undefined",1013,undefined,undefined,1,1,2,"Murder/Attempt","Detailed facts about Murder/Attempt"
2210,"undefined","undefined","undefined",1008,undefined,undefined,1,2,1,"Robbery/Dacoity","Detailed facts about Robbery/Dacoity"
2211,"undefined","undefined","undefined",1030,undefined,undefined,1,2,3,"Cybercrime","Detailed facts about Cybercrime"
2212,"undefined","undefined","undefined",1015,undefined,undefined,1,2,1,"Robbery/Dacoity","Detailed facts about Robbery/Dacoity"
2213,"undefined","undefined","undefined",1012,undefined,undefined,1,2,1,"Assault/Violent","Detailed facts about Assault/Violent"
2214,"undefined","undefined","undefined",1026,undefined,undefined,1,2,2,"Murder/Attempt","Detailed facts about Murder/Attempt"
2215,"undefined","undefined","undefined",1151,undefined,undefined,1,2,1,"Theft/Property","Detailed facts about Theft/Property"
2216,"undefined","undefined","undefined",1081,undefined,undefined,1,2,2,"Narcotics","Detailed facts about Narcotics"
2217,"undefined","undefined","undefined",1007,undefined,undefined,1,2,3,"Fraud/Cheating","Detailed facts about Fraud/Cheating"
2218,"undefined","undefined","undefined",1033,undefined,undefined,1,2,2,"Robbery/Dacoity","Detailed facts about Robbery/Dacoity"
2219,"undefined","undefined","undefined",1013,undefined,undefined,1,2,1,"Fraud/Cheating","Detailed facts about Fraud/Cheating"
2220,"undefined","undefined","undefined",1064,undefined,undefined,1,2,1,"Fraud/Cheating","Detailed facts about Fraud/Cheating"
2221,"undefined","undefined","undefined",1226,undefined,undefined,1,1,2,"Murder/Attempt","Detailed facts about Murder/Attempt"
2222,"undefined","undefined","undefined",1014,undefined,undefined,1,2,1,"Theft/Property","Detailed facts about Theft/Property"
2223,"undefined","undefined","undefined",1003,undefined,undefined,1,2,3,"Robbery/Dacoity","Detailed facts about Robbery/Dacoity"
2224,"undefined","undefined","undefined",1033,undefined,undefined,1,1,1,"Cybercrime","Detailed facts about Cybercrime"
2225,"undefined","undefined","undefined",1012,undefined,undefined,1,1,3,"Others","Detailed facts about Others"
2226,"undefined","undefined","undefined",1187,undefined,undefined,1,1,1,"Murder/Attempt","Detailed facts about Murder/Attempt"
2227,"undefined","undefined","undefined",1089,undefined,undefined,1,1,1,"Fraud/Cheating","Detailed facts about Fraud/Cheating"
2228,"undefined","undefined","undefined",1062,undefined,undefined,1,2,2,"Theft/Property","Detailed facts about Theft/Property"
2229,"undefined","undefined","undefined",1006,undefined,undefined,1,2,1,"Theft/Property","Detailed facts about Theft/Property"
2230,"undefined","undefined","undefined",1042,undefined,undefined,1,2,3,"Fraud/Cheating","Detailed facts about Fraud/Cheating"
2231,"undefined","undefined","undefined",1012,undefined,undefined,1,2,2,"Cybercrime","Detailed facts about Cybercrime"
2232,"undefined","undefined","undefined",1057,undefined,undefined,1,2,3,"Assault/Violent","Detailed facts about Assault/Violent"
2233,"undefined","undefined","undefined",1169,undefined,undefined,1,2,1,"Narcotics","Detailed facts about Narcotics"
2234,"undefined","undefined","undefined",1033,undefined,undefined,1,2,2,"Theft/Property","Detailed facts about Theft/Property"
2235,"undefined","undefined","undefined",1025,undefined,undefined,1,2,1,"Theft/Property","Detailed facts about Theft/Property"
2236,"undefined","undefined","undefined",1009,undefined,undefined,1,2,2,"Robbery/Dacoity","Detailed facts about Robbery/Dacoity"
2237,"undefined","undefined","undefined",1214,undefined,undefined,1,1,4,"Fraud/Cheating","Detailed facts about Fraud/Cheating"
2238,"undefined","undefined","undefined",1068,undefined,undefined,1,2,1,"Cybercrime","Detailed facts about Cybercrime"
2239,"undefined","undefined","undefined",1001,undefined,undefined,1,1,1,"Others","Detailed facts about Others"
2240,"undefined","undefined","undefined",1129,undefined,undefined,1,2,1,"Fraud/Cheating","Detailed facts about Fraud/Cheating"
2241,"undefined","undefined","undefined",1012,undefined,undefined,1,2,1,"Murder/Attempt","Detailed facts about Murder/Attempt"
2242,"undefined","undefined","undefined",1045,undefined,undefined,1,2,2,"Others","Detailed facts about Others"
2243,"undefined","undefined","undefined",1014,undefined,undefined,1,1,1,"Cybercrime","Detailed facts about Cybercrime"
2244,"undefined","undefined","undefined",1149,undefined,undefined,1,1,2,"Theft/Property","Detailed facts about Theft/Property"
2245,"undefined","undefined","undefined",1029,undefined,undefined,1,2,2,"Fraud/Cheating","Detailed facts about Fraud/Cheating"
2246,"undefined","undefined","undefined",1006,undefined,undefined,1,2,2,"Assault/Violent","Detailed facts about Assault/Violent"
2247,"undefined","undefined","undefined",1225,undefined,undefined,1,2,2,"Theft/Property","Detailed facts about Theft/Property"
2248,"undefined","undefined","undefined",1010,undefined,undefined,1,2,1,"Assault/Violent","Detailed facts about Assault/Violent"
2249,"undefined","undefined","undefined",1005,undefined,undefined,1,1,1,"Fraud/Cheating","Detailed facts about Fraud/Cheating"
2250,"undefined","undefined","undefined",1008,undefined,undefined,1,2,4,"Assault/Violent","Detailed facts about Assault/Violent"
2251,"undefined","undefined","undefined",1201,undefined,undefined,1,1,1,"Assault/Violent","Detailed facts about Assault/Violent"
2252,"undefined","undefined","undefined",1041,undefined,undefined,1,2,3,"Assault/Violent","Detailed facts about Assault/Violent"
2253,"undefined","undefined","undefined",1002,undefined,undefined,1,2,3,"Theft/Property","Detailed facts about Theft/Property"
2254,"undefined","undefined","undefined",1004,undefined,undefined,1,1,1,"Robbery/Dacoity","Detailed facts about Robbery/Dacoity"
2255,"undefined","undefined","undefined",1002,undefined,undefined,1,1,2,"Theft/Property","Detailed facts about Theft/Property"
2256,"undefined","undefined","undefined",1100,undefined,undefined,1,2,2,"Robbery/Dacoity","Detailed facts about Robbery/Dacoity"
2257,"undefined","undefined","undefined",1002,undefined,undefined,1,1,2,"Cybercrime","Detailed facts about Cybercrime"
2258,"undefined","undefined","undefined",1039,undefined,undefined,1,2,1,"Theft/Property","Detailed facts about Theft/Property"
2259,"undefined","undefined","undefined",1215,undefined,undefined,1,2,2,"Cybercrime","Detailed facts about Cybercrime"
2260,"undefined","undefined","undefined",1045,undefined,undefined,1,2,3,"Assault/Violent","Detailed facts about Assault/Violent"
2261,"undefined","undefined","undefined",1034,undefined,undefined,1,1,4,"Theft/Property","Detailed facts about Theft/Property"
2262,"undefined","undefined","undefined",1030,undefined,undefined,1,2,3,"Cybercrime","Detailed facts about Cybercrime"
2263,"undefined","undefined","undefined",1212,undefined,undefined,1,1,1,"Theft/Property","Detailed facts about Theft/Property"
2264,"undefined","undefined","undefined",1004,undefined,undefined,1,2,1,"Fraud/Cheating","Detailed facts about Fraud/Cheating"
2265,"undefined","undefined","undefined",1008,undefined,undefined,1,1,1,"Cybercrime","Detailed facts about Cybercrime"
2266,"undefined","undefined","undefined",1045,undefined,undefined,1,2,3,"Assault/Violent","Detailed facts about Assault/Violent"
2267,"undefined","undefined","undefined",1155,undefined,undefined,1,2,1,"Murder/Attempt","Detailed facts about Murder/Attempt"
2268,"undefined","undefined","undefined",1105,undefined,undefined,1,1,3,"Robbery/Dacoity","Detailed facts about Robbery/Dacoity"
2269,"undefined","undefined","undefined",1017,undefined,undefined,1,2,4,"Robbery/Dacoity","Detailed facts about Robbery/Dacoity"
2270,"undefined","undefined","undefined",1012,undefined,undefined,1,1,1,"Others","Detailed facts about Others"
2271,"undefined","undefined","undefined",1210,undefined,undefined,1,2,3,"Assault/Violent","Detailed facts about Assault/Violent"
2272,"undefined","undefined","undefined",1134,undefined,undefined,1,1,1,"Theft/Property","Detailed facts about Theft/Property"
2273,"undefined","undefined","undefined",1059,undefined,undefined,1,2,3,"Cybercrime","Detailed facts about Cybercrime"
2274,"undefined","undefined","undefined",1005,undefined,undefined,1,1,1,"Others","Detailed facts about Others"
2275,"undefined","undefined","undefined",1037,undefined,undefined,1,2,4,"Theft/Property","Detailed facts about Theft/Property"
2276,"undefined","undefined","undefined",1040,undefined,undefined,1,1,1,"Fraud/Cheating","Detailed facts about Fraud/Cheating"
2277,"undefined","undefined","undefined",1012,undefined,undefined,1,2,1,"Cybercrime","Detailed facts about Cybercrime"
2278,"undefined","undefined","undefined",1019,undefined,undefined,1,1,4,"Others","Detailed facts about Others"
2279,"undefined","undefined","undefined",1180,undefined,undefined,1,1,2,"Cybercrime","Detailed facts about Cybercrime"
2280,"undefined","undefined","undefined",1012,undefined,undefined,1,1,1,"Assault/Violent","Detailed facts about Assault/Violent"
2281,"undefined","undefined","undefined",1011,undefined,undefined,1,2,2,"Murder/Attempt","Detailed facts about Murder/Attempt"
2282,"undefined","undefined","undefined",1013,undefined,undefined,1,2,2,"Cybercrime","Detailed facts about Cybercrime"
2283,"undefined","undefined","undefined",1225,undefined,undefined,1,2,1,"Theft/Property","Detailed facts about Theft/Property"
2284,"undefined","undefined","undefined",1008,undefined,undefined,1,2,1,"Kidnapping","Detailed facts about Kidnapping"
2285,"undefined","undefined","undefined",1025,undefined,undefined,1,2,2,"Theft/Property","Detailed facts about Theft/Property"
2286,"undefined","undefined","undefined",1124,undefined,undefined,1,1,1,"Cybercrime","Detailed facts about Cybercrime"
2287,"undefined","undefined","undefined",1012,undefined,undefined,1,2,1,"Cybercrime","Detailed facts about Cybercrime"
2288,"undefined","undefined","undefined",1007,undefined,undefined,1,1,3,"Theft/Property","Detailed facts about Theft/Property"
2289,"undefined","undefined","undefined",1003,undefined,undefined,1,2,2,"Narcotics","Detailed facts about Narcotics"
2290,"undefined","undefined","undefined",1004,undefined,undefined,1,1,1,"Cybercrime","Detailed facts about Cybercrime"
2291,"undefined","undefined","undefined",1049,undefined,undefined,1,2,1,"Fraud/Cheating","Detailed facts about Fraud/Cheating"
2292,"undefined","undefined","undefined",1157,undefined,undefined,1,1,3,"Others","Detailed facts about Others"
2293,"undefined","undefined","undefined",1031,undefined,undefined,1,1,1,"Fraud/Cheating","Detailed facts about Fraud/Cheating"
2294,"undefined","undefined","undefined",1103,undefined,undefined,1,2,3,"Narcotics","Detailed facts about Narcotics"
2295,"undefined","undefined","undefined",1049,undefined,undefined,1,2,4,"Assault/Violent","Detailed facts about Assault/Violent"
2296,"undefined","undefined","undefined",1003,undefined,undefined,1,1,3,"Cybercrime","Detailed facts about Cybercrime"
2297,"undefined","undefined","undefined",1007,undefined,undefined,1,2,3,"Theft/Property","Detailed facts about Theft/Property"
2298,"undefined","undefined","undefined",1180,undefined,undefined,1,2,2,"Cybercrime","Detailed facts about Cybercrime"
2299,"undefined","undefined","undefined",1004,undefined,undefined,1,2,1,"Theft/Property","Detailed facts about Theft/Property"
2300,"undefined","undefined","undefined",1005,undefined,undefined,1,2,4,"Cybercrime","Detailed facts about Cybercrime"
2301,"undefined","undefined","undefined",1094,undefined,undefined,1,1,4,"Cybercrime","Detailed facts about Cybercrime"
2302,"undefined","undefined","undefined",1011,undefined,undefined,1,2,2,"Fraud/Cheating","Detailed facts about Fraud/Cheating"
2303,"undefined","undefined","undefined",1006,undefined,undefined,1,2,2,"Narcotics","Detailed facts about Narcotics"
2304,"undefined","undefined","undefined",1040,undefined,undefined,1,2,4,"Others","Detailed facts about Others"
2305,"undefined","undefined","undefined",1077,undefined,undefined,1,2,1,"Assault/Violent","Detailed facts about Assault/Violent"
2306,"undefined","undefined","undefined",1050,undefined,undefined,1,2,3,"Cybercrime","Detailed facts about Cybercrime"
2307,"undefined","undefined","undefined",1010,undefined,undefined,1,1,1,"Theft/Property","Detailed facts about Theft/Property"
2308,"undefined","undefined","undefined",1013,undefined,undefined,1,1,4,"Theft/Property","Detailed facts about Theft/Property"
2309,"undefined","undefined","undefined",1012,undefined,undefined,1,1,2,"Kidnapping","Detailed facts about Kidnapping"
2310,"undefined","undefined","undefined",1001,undefined,undefined,1,1,1,"Theft/Property","Detailed facts about Theft/Property"
2311,"undefined","undefined","undefined",1011,undefined,undefined,1,2,3,"Fraud/Cheating","Detailed facts about Fraud/Cheating"
2312,"undefined","undefined","undefined",1161,undefined,undefined,1,2,2,"Fraud/Cheating","Detailed facts about Fraud/Cheating"
2313,"undefined","undefined","undefined",1045,undefined,undefined,1,2,1,"Assault/Violent","Detailed facts about Assault/Violent"
2314,"undefined","undefined","undefined",1011,undefined,undefined,1,2,1,"Cybercrime","Detailed facts about Cybercrime"
2315,"undefined","undefined","undefined",1199,undefined,undefined,1,2,4,"Fraud/Cheating","Detailed facts about Fraud/Cheating"
2316,"undefined","undefined","undefined",1027,undefined,undefined,1,1,2,"Theft/Property","Detailed facts about Theft/Property"
2317,"undefined","undefined","undefined",1011,undefined,undefined,1,1,2,"Cybercrime","Detailed facts about Cybercrime"
2318,"undefined","undefined","undefined",1011,undefined,undefined,1,2,1,"Assault/Violent","Detailed facts about Assault/Violent"
2319,"undefined","undefined","undefined",1195,undefined,undefined,1,1,2,"Murder/Attempt","Detailed facts about Murder/Attempt"
2320,"undefined","undefined","undefined",1222,undefined,undefined,1,2,2,"Others","Detailed facts about Others"
2321,"undefined","undefined","undefined",1045,undefined,undefined,1,2,2,"Narcotics","Detailed facts about Narcotics"
2322,"undefined","undefined","undefined",1010,undefined,undefined,1,2,1,"Theft/Property","Detailed facts about Theft/Property"
2323,"undefined","undefined","undefined",1014,undefined,undefined,1,2,2,"Assault/Violent","Detailed facts about Assault/Violent"
2324,"undefined","undefined","undefined",1003,undefined,undefined,1,2,4,"Theft/Property","Detailed facts about Theft/Property"
2325,"undefined","undefined","undefined",1035,undefined,undefined,1,1,1,"Theft/Property","Detailed facts about Theft/Property"
2326,"undefined","undefined","undefined",1068,undefined,undefined,1,2,1,"Cybercrime","Detailed facts about Cybercrime"
2327,"undefined","undefined","undefined",1143,undefined,undefined,1,2,3,"Theft/Property","Detailed facts about Theft/Property"
2328,"undefined","undefined","undefined",1036,undefined,undefined,1,2,4,"Assault/Violent","Detailed facts about Assault/Violent"
2329,"undefined","undefined","undefined",1007,undefined,undefined,1,2,2,"Cybercrime","Detailed facts about Cybercrime"
2330,"undefined","undefined","undefined",1220,undefined,undefined,1,2,1,"Cybercrime","Detailed facts about Cybercrime"
2331,"undefined","undefined","undefined",1169,undefined,undefined,1,1,3,"Others","Detailed facts about Others"
2332,"undefined","undefined","undefined",1009,undefined,undefined,1,1,2,"Assault/Violent","Detailed facts about Assault/Violent"
2333,"undefined","undefined","undefined",1006,undefined,undefined,1,2,1,"Fraud/Cheating","Detailed facts about Fraud/Cheating"
2334,"undefined","undefined","undefined",1013,undefined,undefined,1,2,1,"Narcotics","Detailed facts about Narcotics"
2335,"undefined","undefined","undefined",1009,undefined,undefined,1,1,1,"Theft/Property","Detailed facts about Theft/Property"
2336,"undefined","undefined","undefined",1007,undefined,undefined,1,1,3,"Theft/Property","Detailed facts about Theft/Property"
2337,"undefined","undefined","undefined",1051,undefined,undefined,1,1,3,"Cybercrime","Detailed facts about Cybercrime"
2338,"undefined","undefined","undefined",1152,undefined,undefined,1,1,2,"Robbery/Dacoity","Detailed facts about Robbery/Dacoity"
2339,"undefined","undefined","undefined",1134,undefined,undefined,1,2,3,"Narcotics","Detailed facts about Narcotics"
2340,"undefined","undefined","undefined",1042,undefined,undefined,1,2,2,"Cybercrime","Detailed facts about Cybercrime"
2341,"undefined","undefined","undefined",1141,undefined,undefined,1,1,1,"Kidnapping","Detailed facts about Kidnapping"
2342,"undefined","undefined","undefined",1228,undefined,undefined,1,1,1,"Cybercrime","Detailed facts about Cybercrime"
2343,"undefined","undefined","undefined",1105,undefined,undefined,1,2,4,"Theft/Property","Detailed facts about Theft/Property"
2344,"undefined","undefined","undefined",1034,undefined,undefined,1,2,1,"Assault/Violent","Detailed facts about Assault/Violent"
2345,"undefined","undefined","undefined",1080,undefined,undefined,1,2,3,"Cybercrime","Detailed facts about Cybercrime"
2346,"undefined","undefined","undefined",1005,undefined,undefined,1,2,2,"Assault/Violent","Detailed facts about Assault/Violent"
2347,"undefined","undefined","undefined",1028,undefined,undefined,1,2,2,"Theft/Property","Detailed facts about Theft/Property"
2348,"undefined","undefined","undefined",1028,undefined,undefined,1,1,2,"Robbery/Dacoity","Detailed facts about Robbery/Dacoity"
2349,"undefined","undefined","undefined",1125,undefined,undefined,1,1,3,"Fraud/Cheating","Detailed facts about Fraud/Cheating"
2350,"undefined","undefined","undefined",1015,undefined,undefined,1,2,3,"Cybercrime","Detailed facts about Cybercrime"
2351,"undefined","undefined","undefined",1009,undefined,undefined,1,1,4,"Cybercrime","Detailed facts about Cybercrime"
2352,"undefined","undefined","undefined",1183,undefined,undefined,1,1,1,"Cybercrime","Detailed facts about Cybercrime"
2353,"undefined","undefined","undefined",1006,undefined,undefined,1,2,1,"Theft/Property","Detailed facts about Theft/Property"
2354,"undefined","undefined","undefined",1026,undefined,undefined,1,2,1,"Theft/Property","Detailed facts about Theft/Property"
2355,"undefined","undefined","undefined",1061,undefined,undefined,1,2,1,"Cybercrime","Detailed facts about Cybercrime"
2356,"undefined","undefined","undefined",1173,undefined,undefined,1,2,1,"Others","Detailed facts about Others"
2357,"undefined","undefined","undefined",1009,undefined,undefined,1,1,2,"Others","Detailed facts about Others"
2358,"undefined","undefined","undefined",1009,undefined,undefined,1,2,2,"Theft/Property","Detailed facts about Theft/Property"
2359,"undefined","undefined","undefined",1050,undefined,undefined,1,2,2,"Theft/Property","Detailed facts about Theft/Property"
2360,"undefined","undefined","undefined",1159,undefined,undefined,1,1,2,"Theft/Property","Detailed facts about Theft/Property"
2361,"undefined","undefined","undefined",1052,undefined,undefined,1,2,2,"Robbery/Dacoity","Detailed facts about Robbery/Dacoity"
2362,"undefined","undefined","undefined",1040,undefined,undefined,1,2,4,"Assault/Violent","Detailed facts about Assault/Violent"
2363,"undefined","undefined","undefined",1013,undefined,undefined,1,2,2,"Kidnapping","Detailed facts about Kidnapping"
2364,"undefined","undefined","undefined",1009,undefined,undefined,1,1,3,"Cybercrime","Detailed facts about Cybercrime"
2365,"undefined","undefined","undefined",1008,undefined,undefined,1,2,4,"Assault/Violent","Detailed facts about Assault/Violent"
2366,"undefined","undefined","undefined",1006,undefined,undefined,1,2,3,"Cybercrime","Detailed facts about Cybercrime"
2367,"undefined","undefined","undefined",1006,undefined,undefined,1,1,1,"Fraud/Cheating","Detailed facts about Fraud/Cheating"
2368,"undefined","undefined","undefined",1008,undefined,undefined,1,2,1,"Assault/Violent","Detailed facts about Assault/Violent"
2369,"undefined","undefined","undefined",1212,undefined,undefined,1,2,4,"Theft/Property","Detailed facts about Theft/Property"
2370,"undefined","undefined","undefined",1221,undefined,undefined,1,2,2,"Cybercrime","Detailed facts about Cybercrime"
2371,"undefined","undefined","undefined",1106,undefined,undefined,1,2,3,"Fraud/Cheating","Detailed facts about Fraud/Cheating"
2372,"undefined","undefined","undefined",1049,undefined,undefined,1,1,4,"Assault/Violent","Detailed facts about Assault/Violent"
2373,"undefined","undefined","undefined",1230,undefined,undefined,1,2,4,"Robbery/Dacoity","Detailed facts about Robbery/Dacoity"
2374,"undefined","undefined","undefined",1051,undefined,undefined,1,2,2,"Robbery/Dacoity","Detailed facts about Robbery/Dacoity"
2375,"undefined","undefined","undefined",1187,undefined,undefined,1,2,3,"Fraud/Cheating","Detailed facts about Fraud/Cheating"
2376,"undefined","undefined","undefined",1014,undefined,undefined,1,2,1,"Theft/Property","Detailed facts about Theft/Property"
2377,"undefined","undefined","undefined",1002,undefined,undefined,1,2,2,"Kidnapping","Detailed facts about Kidnapping"
2378,"undefined","undefined","undefined",1050,undefined,undefined,1,2,3,"Others","Detailed facts about Others"
2379,"undefined","undefined","undefined",1012,undefined,undefined,1,2,2,"Theft/Property","Detailed facts about Theft/Property"
2380,"undefined","undefined","undefined",1096,undefined,undefined,1,1,2,"Theft/Property","Detailed facts about Theft/Property"
2381,"undefined","undefined","undefined",1010,undefined,undefined,1,2,1,"Cybercrime","Detailed facts about Cybercrime"
2382,"undefined","undefined","undefined",1176,undefined,undefined,1,1,4,"Murder/Attempt","Detailed facts about Murder/Attempt"
2383,"undefined","undefined","undefined",1046,undefined,undefined,1,2,3,"Theft/Property","Detailed facts about Theft/Property"
2384,"undefined","undefined","undefined",1029,undefined,undefined,1,1,3,"Assault/Violent","Detailed facts about Assault/Violent"
2385,"undefined","undefined","undefined",1023,undefined,undefined,1,2,4,"Cybercrime","Detailed facts about Cybercrime"
2386,"undefined","undefined","undefined",1013,undefined,undefined,1,2,1,"Cybercrime","Detailed facts about Cybercrime"
2387,"undefined","undefined","undefined",1178,undefined,undefined,1,2,1,"Others","Detailed facts about Others"
2388,"undefined","undefined","undefined",1031,undefined,undefined,1,1,2,"Theft/Property","Detailed facts about Theft/Property"
2389,"undefined","undefined","undefined",1013,undefined,undefined,1,2,1,"Cybercrime","Detailed facts about Cybercrime"
2390,"undefined","undefined","undefined",1009,undefined,undefined,1,2,4,"Cybercrime","Detailed facts about Cybercrime"
2391,"undefined","undefined","undefined",1010,undefined,undefined,1,2,3,"Theft/Property","Detailed facts about Theft/Property"
2392,"undefined","undefined","undefined",1134,undefined,undefined,1,1,3,"Cybercrime","Detailed facts about Cybercrime"
2393,"undefined","undefined","undefined",1015,undefined,undefined,1,2,1,"Robbery/Dacoity","Detailed facts about Robbery/Dacoity"
2394,"undefined","undefined","undefined",1184,undefined,undefined,1,1,3,"Cybercrime","Detailed facts about Cybercrime"
2395,"undefined","undefined","undefined",1075,undefined,undefined,1,2,2,"Theft/Property","Detailed facts about Theft/Property"
2396,"undefined","undefined","undefined",1041,undefined,undefined,1,1,2,"Cybercrime","Detailed facts about Cybercrime"
2397,"undefined","undefined","undefined",1058,undefined,undefined,1,1,1,"Assault/Violent","Detailed facts about Assault/Violent"
2398,"undefined","undefined","undefined",1077,undefined,undefined,1,1,2,"Cybercrime","Detailed facts about Cybercrime"
2399,"undefined","undefined","undefined",1017,undefined,undefined,1,2,2,"Assault/Violent","Detailed facts about Assault/Violent"
2400,"undefined","undefined","undefined",1030,undefined,undefined,1,1,2,"Cybercrime","Detailed facts about Cybercrime"
2401,"undefined","undefined","undefined",1047,undefined,undefined,1,2,1,"Narcotics","Detailed facts about Narcotics"
2402,"undefined","undefined","undefined",1003,undefined,undefined,1,2,2,"Cybercrime","Detailed facts about Cybercrime"
2403,"undefined","undefined","undefined",1184,undefined,undefined,1,2,1,"Theft/Property","Detailed facts about Theft/Property"
2404,"undefined","undefined","undefined",1005,undefined,undefined,1,2,3,"Robbery/Dacoity","Detailed facts about Robbery/Dacoity"
2405,"undefined","undefined","undefined",1012,undefined,undefined,1,1,4,"Cybercrime","Detailed facts about Cybercrime"
2406,"undefined","undefined","undefined",1011,undefined,undefined,1,2,3,"Cybercrime","Detailed facts about Cybercrime"
2407,"undefined","undefined","undefined",1004,undefined,undefined,1,2,1,"Assault/Violent","Detailed facts about Assault/Violent"
2408,"undefined","undefined","undefined",1025,undefined,undefined,1,2,1,"Cybercrime","Detailed facts about Cybercrime"
2409,"undefined","undefined","undefined",1007,undefined,undefined,1,1,2,"Robbery/Dacoity","Detailed facts about Robbery/Dacoity"
2410,"undefined","undefined","undefined",1027,undefined,undefined,1,2,2,"Cybercrime","Detailed facts about Cybercrime"
2411,"undefined","undefined","undefined",1027,undefined,undefined,1,2,1,"Fraud/Cheating","Detailed facts about Fraud/Cheating"
2412,"undefined","undefined","undefined",1146,undefined,undefined,1,2,1,"Fraud/Cheating","Detailed facts about Fraud/Cheating"
2413,"undefined","undefined","undefined",1030,undefined,undefined,1,2,1,"Theft/Property","Detailed facts about Theft/Property"
2414,"undefined","undefined","undefined",1013,undefined,undefined,1,2,4,"Cybercrime","Detailed facts about Cybercrime"
2415,"undefined","undefined","undefined",1192,undefined,undefined,1,2,4,"Fraud/Cheating","Detailed facts about Fraud/Cheating"
2416,"undefined","undefined","undefined",1011,undefined,undefined,1,2,3,"Assault/Violent","Detailed facts about Assault/Violent"
2417,"undefined","undefined","undefined",1227,undefined,undefined,1,2,4,"Theft/Property","Detailed facts about Theft/Property"
2418,"undefined","undefined","undefined",1208,undefined,undefined,1,2,1,"Others","Detailed facts about Others"
2419,"undefined","undefined","undefined",1102,undefined,undefined,1,2,1,"Cybercrime","Detailed facts about Cybercrime"
2420,"undefined","undefined","undefined",1045,undefined,undefined,1,2,2,"Cybercrime","Detailed facts about Cybercrime"
2421,"undefined","undefined","undefined",1071,undefined,undefined,1,1,3,"Cybercrime","Detailed facts about Cybercrime"
2422,"undefined","undefined","undefined",1002,undefined,undefined,1,2,2,"Assault/Violent","Detailed facts about Assault/Violent"
2423,"undefined","undefined","undefined",1012,undefined,undefined,1,2,1,"Assault/Violent","Detailed facts about Assault/Violent"
2424,"undefined","undefined","undefined",1113,undefined,undefined,1,2,2,"Theft/Property","Detailed facts about Theft/Property"
2425,"undefined","undefined","undefined",1012,undefined,undefined,1,2,3,"Theft/Property","Detailed facts about Theft/Property"
2426,"undefined","undefined","undefined",1048,undefined,undefined,1,1,2,"Cybercrime","Detailed facts about Cybercrime"
2427,"undefined","undefined","undefined",1188,undefined,undefined,1,1,2,"Assault/Violent","Detailed facts about Assault/Violent"
2428,"undefined","undefined","undefined",1037,undefined,undefined,1,2,2,"Cybercrime","Detailed facts about Cybercrime"
2429,"undefined","undefined","undefined",1013,undefined,undefined,1,1,1,"Assault/Violent","Detailed facts about Assault/Violent"
2430,"undefined","undefined","undefined",1005,undefined,undefined,1,1,2,"Assault/Violent","Detailed facts about Assault/Violent"
2431,"undefined","undefined","undefined",1035,undefined,undefined,1,2,2,"Cybercrime","Detailed facts about Cybercrime"
2432,"undefined","undefined","undefined",1005,undefined,undefined,1,1,1,"Cybercrime","Detailed facts about Cybercrime"
2433,"undefined","undefined","undefined",1158,undefined,undefined,1,2,4,"Narcotics","Detailed facts about Narcotics"
2434,"undefined","undefined","undefined",1009,undefined,undefined,1,1,1,"Robbery/Dacoity","Detailed facts about Robbery/Dacoity"
2435,"undefined","undefined","undefined",1148,undefined,undefined,1,2,4,"Assault/Violent","Detailed facts about Assault/Violent"
2436,"undefined","undefined","undefined",1004,undefined,undefined,1,2,4,"Theft/Property","Detailed facts about Theft/Property"
2437,"undefined","undefined","undefined",1015,undefined,undefined,1,2,3,"Theft/Property","Detailed facts about Theft/Property"
2438,"undefined","undefined","undefined",1015,undefined,undefined,1,2,4,"Robbery/Dacoity","Detailed facts about Robbery/Dacoity"
2439,"undefined","undefined","undefined",1008,undefined,undefined,1,2,3,"Cybercrime","Detailed facts about Cybercrime"
2440,"undefined","undefined","undefined",1003,undefined,undefined,1,2,3,"Others","Detailed facts about Others"
2441,"undefined","undefined","undefined",1007,undefined,undefined,1,2,1,"Kidnapping","Detailed facts about Kidnapping"
2442,"undefined","undefined","undefined",1056,undefined,undefined,1,1,1,"Fraud/Cheating","Detailed facts about Fraud/Cheating"
2443,"undefined","undefined","undefined",1015,undefined,undefined,1,2,2,"Cybercrime","Detailed facts about Cybercrime"
2444,"undefined","undefined","undefined",1058,undefined,undefined,1,1,2,"Theft/Property","Detailed facts about Theft/Property"
2445,"undefined","undefined","undefined",1092,undefined,undefined,1,2,2,"Cybercrime","Detailed facts about Cybercrime"
2446,"undefined","undefined","undefined",1049,undefined,undefined,1,2,1,"Theft/Property","Detailed facts about Theft/Property"
2447,"undefined","undefined","undefined",1011,undefined,undefined,1,2,2,"Theft/Property","Detailed facts about Theft/Property"
2448,"undefined","undefined","undefined",1172,undefined,undefined,1,2,2,"Fraud/Cheating","Detailed facts about Fraud/Cheating"
2449,"undefined","undefined","undefined",1007,undefined,undefined,1,2,1,"Assault/Violent","Detailed facts about Assault/Violent"
2450,"undefined","undefined","undefined",1145,undefined,undefined,1,1,3,"Assault/Violent","Detailed facts about Assault/Violent"
2451,"undefined","undefined","undefined",1025,undefined,undefined,1,2,3,"Cybercrime","Detailed facts about Cybercrime"
2452,"undefined","undefined","undefined",1032,undefined,undefined,1,2,1,"Cybercrime","Detailed facts about Cybercrime"
2453,"undefined","undefined","undefined",1009,undefined,undefined,1,1,1,"Cybercrime","Detailed facts about Cybercrime"
2454,"undefined","undefined","undefined",1228,undefined,undefined,1,2,1,"Cybercrime","Detailed facts about Cybercrime"
2455,"undefined","undefined","undefined",1171,undefined,undefined,1,2,1,"Others","Detailed facts about Others"
2456,"undefined","undefined","undefined",1213,undefined,undefined,1,2,1,"Cybercrime","Detailed facts about Cybercrime"
2457,"undefined","undefined","undefined",1075,undefined,undefined,1,1,4,"Assault/Violent","Detailed facts about Assault/Violent"
2458,"undefined","undefined","undefined",1002,undefined,undefined,1,2,1,"Narcotics","Detailed facts about Narcotics"
2459,"undefined","undefined","undefined",1046,undefined,undefined,1,2,3,"Robbery/Dacoity","Detailed facts about Robbery/Dacoity"
2460,"undefined","undefined","undefined",1015,undefined,undefined,1,2,1,"Assault/Violent","Detailed facts about Assault/Violent"
2461,"undefined","undefined","undefined",1013,undefined,undefined,1,2,1,"Assault/Violent","Detailed facts about Assault/Violent"
2462,"undefined","undefined","undefined",1035,undefined,undefined,1,2,2,"Cybercrime","Detailed facts about Cybercrime"
2463,"undefined","undefined","undefined",1014,undefined,undefined,1,2,1,"Assault/Violent","Detailed facts about Assault/Violent"
2464,"undefined","undefined","undefined",1111,undefined,undefined,1,2,1,"Cybercrime","Detailed facts about Cybercrime"
2465,"undefined","undefined","undefined",1010,undefined,undefined,1,2,1,"Theft/Property","Detailed facts about Theft/Property"
2466,"undefined","undefined","undefined",1104,undefined,undefined,1,2,2,"Narcotics","Detailed facts about Narcotics"
2467,"undefined","undefined","undefined",1038,undefined,undefined,1,2,2,"Cybercrime","Detailed facts about Cybercrime"
2468,"undefined","undefined","undefined",1058,undefined,undefined,1,2,3,"Theft/Property","Detailed facts about Theft/Property"
2469,"undefined","undefined","undefined",1005,undefined,undefined,1,2,1,"Cybercrime","Detailed facts about Cybercrime"
2470,"undefined","undefined","undefined",1026,undefined,undefined,1,2,1,"Cybercrime","Detailed facts about Cybercrime"
2471,"undefined","undefined","undefined",1010,undefined,undefined,1,1,1,"Theft/Property","Detailed facts about Theft/Property"
2472,"undefined","undefined","undefined",1013,undefined,undefined,1,1,1,"Cybercrime","Detailed facts about Cybercrime"
2473,"undefined","undefined","undefined",1011,undefined,undefined,1,2,1,"Narcotics","Detailed facts about Narcotics"
2474,"undefined","undefined","undefined",1026,undefined,undefined,1,2,1,"Theft/Property","Detailed facts about Theft/Property"
2475,"undefined","undefined","undefined",1008,undefined,undefined,1,1,2,"Narcotics","Detailed facts about Narcotics"
2476,"undefined","undefined","undefined",1051,undefined,undefined,1,1,1,"Theft/Property","Detailed facts about Theft/Property"
2477,"undefined","undefined","undefined",1001,undefined,undefined,1,1,1,"Assault/Violent","Detailed facts about Assault/Violent"
2478,"undefined","undefined","undefined",1045,undefined,undefined,1,1,1,"Cybercrime","Detailed facts about Cybercrime"
2479,"undefined","undefined","undefined",1001,undefined,undefined,1,2,1,"Fraud/Cheating","Detailed facts about Fraud/Cheating"
2480,"undefined","undefined","undefined",1080,undefined,undefined,1,2,2,"Cybercrime","Detailed facts about Cybercrime"
2481,"undefined","undefined","undefined",1178,undefined,undefined,1,2,1,"Theft/Property","Detailed facts about Theft/Property"
2482,"undefined","undefined","undefined",1011,undefined,undefined,1,2,1,"Assault/Violent","Detailed facts about Assault/Violent"
2483,"undefined","undefined","undefined",1001,undefined,undefined,1,1,1,"Fraud/Cheating","Detailed facts about Fraud/Cheating"
2484,"undefined","undefined","undefined",1031,undefined,undefined,1,2,2,"Others","Detailed facts about Others"
2485,"undefined","undefined","undefined",1107,undefined,undefined,1,2,2,"Cybercrime","Detailed facts about Cybercrime"
2486,"undefined","undefined","undefined",1012,undefined,undefined,1,2,2,"Cybercrime","Detailed facts about Cybercrime"
2487,"undefined","undefined","undefined",1014,undefined,undefined,1,2,2,"Fraud/Cheating","Detailed facts about Fraud/Cheating"
2488,"undefined","undefined","undefined",1045,undefined,undefined,1,2,4,"Theft/Property","Detailed facts about Theft/Property"
2489,"undefined","undefined","undefined",1005,undefined,undefined,1,2,1,"Fraud/Cheating","Detailed facts about Fraud/Cheating"
2490,"undefined","undefined","undefined",1181,undefined,undefined,1,1,1,"Assault/Violent","Detailed facts about Assault/Violent"
2491,"undefined","undefined","undefined",1033,undefined,undefined,1,2,2,"Kidnapping","Detailed facts about Kidnapping"
2492,"undefined","undefined","undefined",1008,undefined,undefined,1,2,4,"Cybercrime","Detailed facts about Cybercrime"
2493,"undefined","undefined","undefined",1002,undefined,undefined,1,2,3,"Robbery/Dacoity","Detailed facts about Robbery/Dacoity"
2494,"undefined","undefined","undefined",1003,undefined,undefined,1,2,2,"Theft/Property","Detailed facts about Theft/Property"
2495,"undefined","undefined","undefined",1226,undefined,undefined,1,2,1,"Cybercrime","Detailed facts about Cybercrime"
2496,"undefined","undefined","undefined",1030,undefined,undefined,1,1,3,"Assault/Violent","Detailed facts about Assault/Violent"
2497,"undefined","undefined","undefined",1006,undefined,undefined,1,2,2,"Cybercrime","Detailed facts about Cybercrime"
2498,"undefined","undefined","undefined",1015,undefined,undefined,1,2,3,"Kidnapping","Detailed facts about Kidnapping"
2499,"undefined","undefined","undefined",1170,undefined,undefined,1,2,1,"Cybercrime","Detailed facts about Cybercrime"
2500,"undefined","undefined","undefined",1166,undefined,undefined,1,1,1,"Cybercrime","Detailed facts about Cybercrime"
2501,"undefined","undefined","undefined",1015,undefined,undefined,1,2,2,"Assault/Violent","Detailed facts about Assault/Violent"
2502,"undefined","undefined","undefined",1006,undefined,undefined,1,2,1,"Robbery/Dacoity","Detailed facts about Robbery/Dacoity"
2503,"undefined","undefined","undefined",1059,undefined,undefined,1,2,4,"Cybercrime","Detailed facts about Cybercrime"
2504,"undefined","undefined","undefined",1202,undefined,undefined,1,1,1,"Cybercrime","Detailed facts about Cybercrime"
2505,"undefined","undefined","undefined",1186,undefined,undefined,1,1,1,"Robbery/Dacoity","Detailed facts about Robbery/Dacoity"
2506,"undefined","undefined","undefined",1163,undefined,undefined,1,1,4,"Cybercrime","Detailed facts about Cybercrime"
2507,"undefined","undefined","undefined",1015,undefined,undefined,1,2,2,"Theft/Property","Detailed facts about Theft/Property"
2508,"undefined","undefined","undefined",1013,undefined,undefined,1,2,4,"Theft/Property","Detailed facts about Theft/Property"
2509,"undefined","undefined","undefined",1068,undefined,undefined,1,2,2,"Robbery/Dacoity","Detailed facts about Robbery/Dacoity"
2510,"undefined","undefined","undefined",1015,undefined,undefined,1,2,2,"Narcotics","Detailed facts about Narcotics"
2511,"undefined","undefined","undefined",1146,undefined,undefined,1,2,4,"Cybercrime","Detailed facts about Cybercrime"
2512,"undefined","undefined","undefined",1165,undefined,undefined,1,2,2,"Narcotics","Detailed facts about Narcotics"
2513,"undefined","undefined","undefined",1078,undefined,undefined,1,2,3,"Kidnapping","Detailed facts about Kidnapping"
2514,"undefined","undefined","undefined",1005,undefined,undefined,1,2,1,"Cybercrime","Detailed facts about Cybercrime"
2515,"undefined","undefined","undefined",1006,undefined,undefined,1,2,2,"Assault/Violent","Detailed facts about Assault/Violent"
2516,"undefined","undefined","undefined",1001,undefined,undefined,1,1,1,"Cybercrime","Detailed facts about Cybercrime"
2517,"undefined","undefined","undefined",1152,undefined,undefined,1,2,4,"Theft/Property","Detailed facts about Theft/Property"
2518,"undefined","undefined","undefined",1015,undefined,undefined,1,1,1,"Fraud/Cheating","Detailed facts about Fraud/Cheating"
2519,"undefined","undefined","undefined",1192,undefined,undefined,1,2,2,"Others","Detailed facts about Others"
2520,"undefined","undefined","undefined",1047,undefined,undefined,1,2,4,"Cybercrime","Detailed facts about Cybercrime"
2521,"undefined","undefined","undefined",1004,undefined,undefined,1,2,2,"Theft/Property","Detailed facts about Theft/Property"
2522,"undefined","undefined","undefined",1004,undefined,undefined,1,1,2,"Assault/Violent","Detailed facts about Assault/Violent"
2523,"undefined","undefined","undefined",1008,undefined,undefined,1,2,2,"Theft/Property","Detailed facts about Theft/Property"
2524,"undefined","undefined","undefined",1027,undefined,undefined,1,2,1,"Murder/Attempt","Detailed facts about Murder/Attempt"
2525,"undefined","undefined","undefined",1139,undefined,undefined,1,1,1,"Robbery/Dacoity","Detailed facts about Robbery/Dacoity"
2526,"undefined","undefined","undefined",1012,undefined,undefined,1,2,1,"Cybercrime","Detailed facts about Cybercrime"
2527,"undefined","undefined","undefined",1037,undefined,undefined,1,2,2,"Assault/Violent","Detailed facts about Assault/Violent"
2528,"undefined","undefined","undefined",1108,undefined,undefined,1,2,4,"Kidnapping","Detailed facts about Kidnapping"
2529,"undefined","undefined","undefined",1203,undefined,undefined,1,2,2,"Kidnapping","Detailed facts about Kidnapping"
2530,"undefined","undefined","undefined",1184,undefined,undefined,1,1,3,"Robbery/Dacoity","Detailed facts about Robbery/Dacoity"
2531,"undefined","undefined","undefined",1080,undefined,undefined,1,2,2,"Cybercrime","Detailed facts about Cybercrime"
2532,"undefined","undefined","undefined",1143,undefined,undefined,1,2,2,"Others","Detailed facts about Others"
2533,"undefined","undefined","undefined",1010,undefined,undefined,1,2,2,"Fraud/Cheating","Detailed facts about Fraud/Cheating"
2534,"undefined","undefined","undefined",1028,undefined,undefined,1,1,1,"Fraud/Cheating","Detailed facts about Fraud/Cheating"
2535,"undefined","undefined","undefined",1012,undefined,undefined,1,2,1,"Cybercrime","Detailed facts about Cybercrime"
2536,"undefined","undefined","undefined",1072,undefined,undefined,1,1,1,"Assault/Violent","Detailed facts about Assault/Violent"
2537,"undefined","undefined","undefined",1077,undefined,undefined,1,1,4,"Theft/Property","Detailed facts about Theft/Property"
2538,"undefined","undefined","undefined",1012,undefined,undefined,1,1,2,"Cybercrime","Detailed facts about Cybercrime"
2539,"undefined","undefined","undefined",1037,undefined,undefined,1,2,1,"Murder/Attempt","Detailed facts about Murder/Attempt"
2540,"undefined","undefined","undefined",1009,undefined,undefined,1,1,2,"Fraud/Cheating","Detailed facts about Fraud/Cheating"
2541,"undefined","undefined","undefined",1038,undefined,undefined,1,2,3,"Cybercrime","Detailed facts about Cybercrime"
2542,"undefined","undefined","undefined",1004,undefined,undefined,1,2,1,"Others","Detailed facts about Others"
2543,"undefined","undefined","undefined",1115,undefined,undefined,1,2,2,"Theft/Property","Detailed facts about Theft/Property"
2544,"undefined","undefined","undefined",1001,undefined,undefined,1,1,1,"Murder/Attempt","Detailed facts about Murder/Attempt"
2545,"undefined","undefined","undefined",1005,undefined,undefined,1,2,1,"Robbery/Dacoity","Detailed facts about Robbery/Dacoity"
2546,"undefined","undefined","undefined",1015,undefined,undefined,1,2,4,"Theft/Property","Detailed facts about Theft/Property"
2547,"undefined","undefined","undefined",1007,undefined,undefined,1,1,3,"Theft/Property","Detailed facts about Theft/Property"
2548,"undefined","undefined","undefined",1047,undefined,undefined,1,2,3,"Assault/Violent","Detailed facts about Assault/Violent"
2549,"undefined","undefined","undefined",1211,undefined,undefined,1,2,4,"Fraud/Cheating","Detailed facts about Fraud/Cheating"
2550,"undefined","undefined","undefined",1099,undefined,undefined,1,2,1,"Theft/Property","Detailed facts about Theft/Property"
2551,"undefined","undefined","undefined",1034,undefined,undefined,1,2,1,"Robbery/Dacoity","Detailed facts about Robbery/Dacoity"
2552,"undefined","undefined","undefined",1157,undefined,undefined,1,2,3,"Robbery/Dacoity","Detailed facts about Robbery/Dacoity"
2553,"undefined","undefined","undefined",1184,undefined,undefined,1,2,4,"Others","Detailed facts about Others"
2554,"undefined","undefined","undefined",1055,undefined,undefined,1,2,1,"Kidnapping","Detailed facts about Kidnapping"
2555,"undefined","undefined","undefined",1009,undefined,undefined,1,1,4,"Others","Detailed facts about Others"
2556,"undefined","undefined","undefined",1094,undefined,undefined,1,2,1,"Robbery/Dacoity","Detailed facts about Robbery/Dacoity"
2557,"undefined","undefined","undefined",1030,undefined,undefined,1,2,2,"Fraud/Cheating","Detailed facts about Fraud/Cheating"
2558,"undefined","undefined","undefined",1057,undefined,undefined,1,1,2,"Cybercrime","Detailed facts about Cybercrime"
2559,"undefined","undefined","undefined",1032,undefined,undefined,1,2,1,"Cybercrime","Detailed facts about Cybercrime"
2560,"undefined","undefined","undefined",1015,undefined,undefined,1,2,2,"Others","Detailed facts about Others"
2561,"undefined","undefined","undefined",1006,undefined,undefined,1,2,1,"Fraud/Cheating","Detailed facts about Fraud/Cheating"
2562,"undefined","undefined","undefined",1014,undefined,undefined,1,2,4,"Narcotics","Detailed facts about Narcotics"
2563,"undefined","undefined","undefined",1198,undefined,undefined,1,2,2,"Robbery/Dacoity","Detailed facts about Robbery/Dacoity"
2564,"undefined","undefined","undefined",1036,undefined,undefined,1,1,1,"Kidnapping","Detailed facts about Kidnapping"
2565,"undefined","undefined","undefined",1222,undefined,undefined,1,2,2,"Cybercrime","Detailed facts about Cybercrime"
2566,"undefined","undefined","undefined",1031,undefined,undefined,1,2,2,"Murder/Attempt","Detailed facts about Murder/Attempt"
2567,"undefined","undefined","undefined",1118,undefined,undefined,1,2,1,"Cybercrime","Detailed facts about Cybercrime"
2568,"undefined","undefined","undefined",1051,undefined,undefined,1,1,1,"Cybercrime","Detailed facts about Cybercrime"
2569,"undefined","undefined","undefined",1010,undefined,undefined,1,1,3,"Murder/Attempt","Detailed facts about Murder/Attempt"
2570,"undefined","undefined","undefined",1027,undefined,undefined,1,2,2,"Others","Detailed facts about Others"
2571,"undefined","undefined","undefined",1013,undefined,undefined,1,1,1,"Assault/Violent","Detailed facts about Assault/Violent"
2572,"undefined","undefined","undefined",1135,undefined,undefined,1,2,1,"Murder/Attempt","Detailed facts about Murder/Attempt"
2573,"undefined","undefined","undefined",1013,undefined,undefined,1,2,1,"Theft/Property","Detailed facts about Theft/Property"
2574,"undefined","undefined","undefined",1197,undefined,undefined,1,2,2,"Theft/Property","Detailed facts about Theft/Property"
2575,"undefined","undefined","undefined",1019,undefined,undefined,1,2,4,"Assault/Violent","Detailed facts about Assault/Violent"
2576,"undefined","undefined","undefined",1058,undefined,undefined,1,2,2,"Kidnapping","Detailed facts about Kidnapping"
2577,"undefined","undefined","undefined",1001,undefined,undefined,1,1,3,"Assault/Violent","Detailed facts about Assault/Violent"
2578,"undefined","undefined","undefined",1061,undefined,undefined,1,2,1,"Cybercrime","Detailed facts about Cybercrime"
2579,"undefined","undefined","undefined",1039,undefined,undefined,1,2,1,"Robbery/Dacoity","Detailed facts about Robbery/Dacoity"
2580,"undefined","undefined","undefined",1005,undefined,undefined,1,1,4,"Assault/Violent","Detailed facts about Assault/Violent"
2581,"undefined","undefined","undefined",1113,undefined,undefined,1,2,1,"Assault/Violent","Detailed facts about Assault/Violent"
2582,"undefined","undefined","undefined",1212,undefined,undefined,1,2,1,"Fraud/Cheating","Detailed facts about Fraud/Cheating"
2583,"undefined","undefined","undefined",1021,undefined,undefined,1,2,1,"Others","Detailed facts about Others"
2584,"undefined","undefined","undefined",1224,undefined,undefined,1,1,4,"Others","Detailed facts about Others"
2585,"undefined","undefined","undefined",1047,undefined,undefined,1,2,4,"Robbery/Dacoity","Detailed facts about Robbery/Dacoity"
2586,"undefined","undefined","undefined",1004,undefined,undefined,1,1,2,"Assault/Violent","Detailed facts about Assault/Violent"
2587,"undefined","undefined","undefined",1009,undefined,undefined,1,1,1,"Murder/Attempt","Detailed facts about Murder/Attempt"
2588,"undefined","undefined","undefined",1004,undefined,undefined,1,2,2,"Cybercrime","Detailed facts about Cybercrime"
2589,"undefined","undefined","undefined",1010,undefined,undefined,1,2,1,"Assault/Violent","Detailed facts about Assault/Violent"
2590,"undefined","undefined","undefined",1013,undefined,undefined,1,1,2,"Fraud/Cheating","Detailed facts about Fraud/Cheating"
2591,"undefined","undefined","undefined",1005,undefined,undefined,1,2,3,"Cybercrime","Detailed facts about Cybercrime"
2592,"undefined","undefined","undefined",1112,undefined,undefined,1,1,1,"Robbery/Dacoity","Detailed facts about Robbery/Dacoity"
2593,"undefined","undefined","undefined",1013,undefined,undefined,1,1,2,"Theft/Property","Detailed facts about Theft/Property"
2594,"undefined","undefined","undefined",1024,undefined,undefined,1,2,3,"Narcotics","Detailed facts about Narcotics"
2595,"undefined","undefined","undefined",1091,undefined,undefined,1,2,1,"Cybercrime","Detailed facts about Cybercrime"
2596,"undefined","undefined","undefined",1013,undefined,undefined,1,2,1,"Theft/Property","Detailed facts about Theft/Property"
2597,"undefined","undefined","undefined",1015,undefined,undefined,1,1,1,"Fraud/Cheating","Detailed facts about Fraud/Cheating"
2598,"undefined","undefined","undefined",1011,undefined,undefined,1,1,1,"Assault/Violent","Detailed facts about Assault/Violent"
2599,"undefined","undefined","undefined",1007,undefined,undefined,1,2,1,"Cybercrime","Detailed facts about Cybercrime"
2600,"undefined","undefined","undefined",1014,undefined,undefined,1,2,3,"Fraud/Cheating","Detailed facts about Fraud/Cheating"
2601,"undefined","undefined","undefined",1064,undefined,undefined,1,2,2,"Assault/Violent","Detailed facts about Assault/Violent"
2602,"undefined","undefined","undefined",1011,undefined,undefined,1,1,1,"Fraud/Cheating","Detailed facts about Fraud/Cheating"
2603,"undefined","undefined","undefined",1007,undefined,undefined,1,2,1,"Fraud/Cheating","Detailed facts about Fraud/Cheating"
2604,"undefined","undefined","undefined",1009,undefined,undefined,1,2,3,"Theft/Property","Detailed facts about Theft/Property"
2605,"undefined","undefined","undefined",1001,undefined,undefined,1,2,3,"Cybercrime","Detailed facts about Cybercrime"
2606,"undefined","undefined","undefined",1146,undefined,undefined,1,2,1,"Kidnapping","Detailed facts about Kidnapping"
2607,"undefined","undefined","undefined",1011,undefined,undefined,1,1,1,"Robbery/Dacoity","Detailed facts about Robbery/Dacoity"
2608,"undefined","undefined","undefined",1201,undefined,undefined,1,2,1,"Narcotics","Detailed facts about Narcotics"
2609,"undefined","undefined","undefined",1116,undefined,undefined,1,2,1,"Fraud/Cheating","Detailed facts about Fraud/Cheating"
2610,"undefined","undefined","undefined",1046,undefined,undefined,1,1,2,"Robbery/Dacoity","Detailed facts about Robbery/Dacoity"
2611,"undefined","undefined","undefined",1003,undefined,undefined,1,2,1,"Cybercrime","Detailed facts about Cybercrime"
2612,"undefined","undefined","undefined",1009,undefined,undefined,1,2,3,"Cybercrime","Detailed facts about Cybercrime"
2613,"undefined","undefined","undefined",1060,undefined,undefined,1,1,2,"Robbery/Dacoity","Detailed facts about Robbery/Dacoity"
2614,"undefined","undefined","undefined",1053,undefined,undefined,1,2,3,"Others","Detailed facts about Others"
2615,"undefined","undefined","undefined",1058,undefined,undefined,1,1,1,"Cybercrime","Detailed facts about Cybercrime"
2616,"undefined","undefined","undefined",1024,undefined,undefined,1,2,3,"Theft/Property","Detailed facts about Theft/Property"
2617,"undefined","undefined","undefined",1003,undefined,undefined,1,2,2,"Assault/Violent","Detailed facts about Assault/Violent"
2618,"undefined","undefined","undefined",1128,undefined,undefined,1,2,1,"Theft/Property","Detailed facts about Theft/Property"
2619,"undefined","undefined","undefined",1003,undefined,undefined,1,2,2,"Theft/Property","Detailed facts about Theft/Property"
2620,"undefined","undefined","undefined",1018,undefined,undefined,1,2,2,"Cybercrime","Detailed facts about Cybercrime"
2621,"undefined","undefined","undefined",1001,undefined,undefined,1,2,3,"Theft/Property","Detailed facts about Theft/Property"
2622,"undefined","undefined","undefined",1138,undefined,undefined,1,2,2,"Robbery/Dacoity","Detailed facts about Robbery/Dacoity"
2623,"undefined","undefined","undefined",1205,undefined,undefined,1,2,1,"Robbery/Dacoity","Detailed facts about Robbery/Dacoity"
2624,"undefined","undefined","undefined",1203,undefined,undefined,1,2,1,"Murder/Attempt","Detailed facts about Murder/Attempt"
2625,"undefined","undefined","undefined",1009,undefined,undefined,1,1,1,"Cybercrime","Detailed facts about Cybercrime"
2626,"undefined","undefined","undefined",1009,undefined,undefined,1,2,3,"Theft/Property","Detailed facts about Theft/Property"
2627,"undefined","undefined","undefined",1001,undefined,undefined,1,2,1,"Assault/Violent","Detailed facts about Assault/Violent"
2628,"undefined","undefined","undefined",1150,undefined,undefined,1,2,2,"Others","Detailed facts about Others"
2629,"undefined","undefined","undefined",1054,undefined,undefined,1,1,1,"Others","Detailed facts about Others"
2630,"undefined","undefined","undefined",1015,undefined,undefined,1,1,2,"Assault/Violent","Detailed facts about Assault/Violent"
2631,"undefined","undefined","undefined",1024,undefined,undefined,1,2,1,"Assault/Violent","Detailed facts about Assault/Violent"
2632,"undefined","undefined","undefined",1140,undefined,undefined,1,1,2,"Assault/Violent","Detailed facts about Assault/Violent"
2633,"undefined","undefined","undefined",1175,undefined,undefined,1,2,1,"Fraud/Cheating","Detailed facts about Fraud/Cheating"
2634,"undefined","undefined","undefined",1040,undefined,undefined,1,2,1,"Others","Detailed facts about Others"
2635,"undefined","undefined","undefined",1196,undefined,undefined,1,2,3,"Cybercrime","Detailed facts about Cybercrime"
2636,"undefined","undefined","undefined",1007,undefined,undefined,1,2,2,"Murder/Attempt","Detailed facts about Murder/Attempt"
2637,"undefined","undefined","undefined",1014,undefined,undefined,1,1,2,"Cybercrime","Detailed facts about Cybercrime"
2638,"undefined","undefined","undefined",1175,undefined,undefined,1,1,3,"Narcotics","Detailed facts about Narcotics"
2639,"undefined","undefined","undefined",1052,undefined,undefined,1,1,4,"Cybercrime","Detailed facts about Cybercrime"
2640,"undefined","undefined","undefined",1015,undefined,undefined,1,2,2,"Murder/Attempt","Detailed facts about Murder/Attempt"
2641,"undefined","undefined","undefined",1099,undefined,undefined,1,2,1,"Fraud/Cheating","Detailed facts about Fraud/Cheating"
2642,"undefined","undefined","undefined",1029,undefined,undefined,1,2,1,"Cybercrime","Detailed facts about Cybercrime"
2643,"undefined","undefined","undefined",1158,undefined,undefined,1,2,1,"Theft/Property","Detailed facts about Theft/Property"
2644,"undefined","undefined","undefined",1147,undefined,undefined,1,2,3,"Assault/Violent","Detailed facts about Assault/Violent"
2645,"undefined","undefined","undefined",1144,undefined,undefined,1,2,1,"Narcotics","Detailed facts about Narcotics"
2646,"undefined","undefined","undefined",1076,undefined,undefined,1,1,1,"Theft/Property","Detailed facts about Theft/Property"
2647,"undefined","undefined","undefined",1004,undefined,undefined,1,2,3,"Fraud/Cheating","Detailed facts about Fraud/Cheating"
2648,"undefined","undefined","undefined",1118,undefined,undefined,1,2,2,"Fraud/Cheating","Detailed facts about Fraud/Cheating"
2649,"undefined","undefined","undefined",1052,undefined,undefined,1,2,2,"Others","Detailed facts about Others"
2650,"undefined","undefined","undefined",1173,undefined,undefined,1,2,1,"Theft/Property","Detailed facts about Theft/Property"
2651,"undefined","undefined","undefined",1024,undefined,undefined,1,1,4,"Fraud/Cheating","Detailed facts about Fraud/Cheating"
2652,"undefined","undefined","undefined",1011,undefined,undefined,1,2,3,"Fraud/Cheating","Detailed facts about Fraud/Cheating"
2653,"undefined","undefined","undefined",1091,undefined,undefined,1,2,1,"Theft/Property","Detailed facts about Theft/Property"
2654,"undefined","undefined","undefined",1171,undefined,undefined,1,1,2,"Theft/Property","Detailed facts about Theft/Property"
2655,"undefined","undefined","undefined",1054,undefined,undefined,1,2,1,"Cybercrime","Detailed facts about Cybercrime"
2656,"undefined","undefined","undefined",1060,undefined,undefined,1,2,1,"Fraud/Cheating","Detailed facts about Fraud/Cheating"
2657,"undefined","undefined","undefined",1027,undefined,undefined,1,2,1,"Fraud/Cheating","Detailed facts about Fraud/Cheating"
2658,"undefined","undefined","undefined",1146,undefined,undefined,1,2,3,"Assault/Violent","Detailed facts about Assault/Violent"
2659,"undefined","undefined","undefined",1004,undefined,undefined,1,1,2,"Theft/Property","Detailed facts about Theft/Property"
2660,"undefined","undefined","undefined",1008,undefined,undefined,1,1,1,"Fraud/Cheating","Detailed facts about Fraud/Cheating"
2661,"undefined","undefined","undefined",1004,undefined,undefined,1,2,3,"Theft/Property","Detailed facts about Theft/Property"
2662,"undefined","undefined","undefined",1044,undefined,undefined,1,1,2,"Robbery/Dacoity","Detailed facts about Robbery/Dacoity"
2663,"undefined","undefined","undefined",1012,undefined,undefined,1,2,4,"Theft/Property","Detailed facts about Theft/Property"
2664,"undefined","undefined","undefined",1008,undefined,undefined,1,2,3,"Cybercrime","Detailed facts about Cybercrime"
2665,"undefined","undefined","undefined",1005,undefined,undefined,1,1,1,"Theft/Property","Detailed facts about Theft/Property"
2666,"undefined","undefined","undefined",1005,undefined,undefined,1,2,2,"Theft/Property","Detailed facts about Theft/Property"
2667,"undefined","undefined","undefined",1181,undefined,undefined,1,2,4,"Fraud/Cheating","Detailed facts about Fraud/Cheating"
2668,"undefined","undefined","undefined",1168,undefined,undefined,1,2,1,"Theft/Property","Detailed facts about Theft/Property"
2669,"undefined","undefined","undefined",1009,undefined,undefined,1,2,4,"Cybercrime","Detailed facts about Cybercrime"
2670,"undefined","undefined","undefined",1005,undefined,undefined,1,2,2,"Robbery/Dacoity","Detailed facts about Robbery/Dacoity"
2671,"undefined","undefined","undefined",1048,undefined,undefined,1,2,2,"Cybercrime","Detailed facts about Cybercrime"
2672,"undefined","undefined","undefined",1005,undefined,undefined,1,1,4,"Narcotics","Detailed facts about Narcotics"
2673,"undefined","undefined","undefined",1081,undefined,undefined,1,1,1,"Theft/Property","Detailed facts about Theft/Property"
2674,"undefined","undefined","undefined",1042,undefined,undefined,1,1,3,"Others","Detailed facts about Others"
2675,"undefined","undefined","undefined",1065,undefined,undefined,1,2,1,"Fraud/Cheating","Detailed facts about Fraud/Cheating"
2676,"undefined","undefined","undefined",1220,undefined,undefined,1,2,2,"Robbery/Dacoity","Detailed facts about Robbery/Dacoity"
2677,"undefined","undefined","undefined",1199,undefined,undefined,1,1,2,"Theft/Property","Detailed facts about Theft/Property"
2678,"undefined","undefined","undefined",1014,undefined,undefined,1,2,3,"Assault/Violent","Detailed facts about Assault/Violent"
2679,"undefined","undefined","undefined",1014,undefined,undefined,1,1,1,"Assault/Violent","Detailed facts about Assault/Violent"
2680,"undefined","undefined","undefined",1142,undefined,undefined,1,1,3,"Fraud/Cheating","Detailed facts about Fraud/Cheating"
2681,"undefined","undefined","undefined",1159,undefined,undefined,1,1,3,"Cybercrime","Detailed facts about Cybercrime"
2682,"undefined","undefined","undefined",1033,undefined,undefined,1,2,2,"Fraud/Cheating","Detailed facts about Fraud/Cheating"
2683,"undefined","undefined","undefined",1029,undefined,undefined,1,2,3,"Narcotics","Detailed facts about Narcotics"
2684,"undefined","undefined","undefined",1007,undefined,undefined,1,1,2,"Cybercrime","Detailed facts about Cybercrime"
2685,"undefined","undefined","undefined",1013,undefined,undefined,1,2,1,"Robbery/Dacoity","Detailed facts about Robbery/Dacoity"
2686,"undefined","undefined","undefined",1008,undefined,undefined,1,2,1,"Cybercrime","Detailed facts about Cybercrime"
2687,"undefined","undefined","undefined",1008,undefined,undefined,1,2,1,"Cybercrime","Detailed facts about Cybercrime"
2688,"undefined","undefined","undefined",1051,undefined,undefined,1,2,2,"Theft/Property","Detailed facts about Theft/Property"
2689,"undefined","undefined","undefined",1202,undefined,undefined,1,2,1,"Fraud/Cheating","Detailed facts about Fraud/Cheating"
2690,"undefined","undefined","undefined",1138,undefined,undefined,1,1,1,"Assault/Violent","Detailed facts about Assault/Violent"
2691,"undefined","undefined","undefined",1206,undefined,undefined,1,1,1,"Assault/Violent","Detailed facts about Assault/Violent"
2692,"undefined","undefined","undefined",1102,undefined,undefined,1,2,3,"Cybercrime","Detailed facts about Cybercrime"
2693,"undefined","undefined","undefined",1006,undefined,undefined,1,2,2,"Cybercrime","Detailed facts about Cybercrime"
2694,"undefined","undefined","undefined",1006,undefined,undefined,1,2,4,"Narcotics","Detailed facts about Narcotics"
2695,"undefined","undefined","undefined",1052,undefined,undefined,1,1,1,"Theft/Property","Detailed facts about Theft/Property"
2696,"undefined","undefined","undefined",1013,undefined,undefined,1,2,2,"Murder/Attempt","Detailed facts about Murder/Attempt"
2697,"undefined","undefined","undefined",1006,undefined,undefined,1,2,4,"Cybercrime","Detailed facts about Cybercrime"
2698,"undefined","undefined","undefined",1002,undefined,undefined,1,2,2,"Robbery/Dacoity","Detailed facts about Robbery/Dacoity"
2699,"undefined","undefined","undefined",1024,undefined,undefined,1,2,3,"Robbery/Dacoity","Detailed facts about Robbery/Dacoity"
2700,"undefined","undefined","undefined",1036,undefined,undefined,1,2,1,"Robbery/Dacoity","Detailed facts about Robbery/Dacoity"
2701,"undefined","undefined","undefined",1043,undefined,undefined,1,1,3,"Theft/Property","Detailed facts about Theft/Property"
2702,"undefined","undefined","undefined",1028,undefined,undefined,1,1,1,"Theft/Property","Detailed facts about Theft/Property"
2703,"undefined","undefined","undefined",1006,undefined,undefined,1,2,1,"Cybercrime","Detailed facts about Cybercrime"
2704,"undefined","undefined","undefined",1035,undefined,undefined,1,1,1,"Assault/Violent","Detailed facts about Assault/Violent"
2705,"undefined","undefined","undefined",1004,undefined,undefined,1,2,4,"Fraud/Cheating","Detailed facts about Fraud/Cheating"
2706,"undefined","undefined","undefined",1009,undefined,undefined,1,2,3,"Fraud/Cheating","Detailed facts about Fraud/Cheating"
2707,"undefined","undefined","undefined",1005,undefined,undefined,1,2,2,"Assault/Violent","Detailed facts about Assault/Violent"
2708,"undefined","undefined","undefined",1003,undefined,undefined,1,2,2,"Assault/Violent","Detailed facts about Assault/Violent"
2709,"undefined","undefined","undefined",1004,undefined,undefined,1,2,1,"Robbery/Dacoity","Detailed facts about Robbery/Dacoity"
2710,"undefined","undefined","undefined",1169,undefined,undefined,1,2,4,"Murder/Attempt","Detailed facts about Murder/Attempt"
2711,"undefined","undefined","undefined",1214,undefined,undefined,1,2,1,"Theft/Property","Detailed facts about Theft/Property"
2712,"undefined","undefined","undefined",1047,undefined,undefined,1,1,3,"Cybercrime","Detailed facts about Cybercrime"
2713,"undefined","undefined","undefined",1112,undefined,undefined,1,2,1,"Others","Detailed facts about Others"
2714,"undefined","undefined","undefined",1072,undefined,undefined,1,2,1,"Narcotics","Detailed facts about Narcotics"
2715,"undefined","undefined","undefined",1107,undefined,undefined,1,1,3,"Cybercrime","Detailed facts about Cybercrime"
2716,"undefined","undefined","undefined",1004,undefined,undefined,1,1,1,"Theft/Property","Detailed facts about Theft/Property"
2717,"undefined","undefined","undefined",1013,undefined,undefined,1,2,2,"Theft/Property","Detailed facts about Theft/Property"
2718,"undefined","undefined","undefined",1174,undefined,undefined,1,2,3,"Fraud/Cheating","Detailed facts about Fraud/Cheating"
2719,"undefined","undefined","undefined",1013,undefined,undefined,1,1,2,"Theft/Property","Detailed facts about Theft/Property"
2720,"undefined","undefined","undefined",1010,undefined,undefined,1,2,3,"Theft/Property","Detailed facts about Theft/Property"
2721,"undefined","undefined","undefined",1002,undefined,undefined,1,2,3,"Others","Detailed facts about Others"
2722,"undefined","undefined","undefined",1158,undefined,undefined,1,2,1,"Fraud/Cheating","Detailed facts about Fraud/Cheating"
2723,"undefined","undefined","undefined",1139,undefined,undefined,1,1,3,"Fraud/Cheating","Detailed facts about Fraud/Cheating"
2724,"undefined","undefined","undefined",1151,undefined,undefined,1,1,1,"Cybercrime","Detailed facts about Cybercrime"
2725,"undefined","undefined","undefined",1004,undefined,undefined,1,2,3,"Fraud/Cheating","Detailed facts about Fraud/Cheating"
2726,"undefined","undefined","undefined",1041,undefined,undefined,1,2,3,"Fraud/Cheating","Detailed facts about Fraud/Cheating"
2727,"undefined","undefined","undefined",1043,undefined,undefined,1,1,2,"Robbery/Dacoity","Detailed facts about Robbery/Dacoity"
2728,"undefined","undefined","undefined",1006,undefined,undefined,1,2,1,"Narcotics","Detailed facts about Narcotics"
2729,"undefined","undefined","undefined",1194,undefined,undefined,1,2,3,"Theft/Property","Detailed facts about Theft/Property"
2730,"undefined","undefined","undefined",1007,undefined,undefined,1,2,4,"Murder/Attempt","Detailed facts about Murder/Attempt"
2731,"undefined","undefined","undefined",1210,undefined,undefined,1,2,4,"Cybercrime","Detailed facts about Cybercrime"
2732,"undefined","undefined","undefined",1001,undefined,undefined,1,1,2,"Narcotics","Detailed facts about Narcotics"
2733,"undefined","undefined","undefined",1042,undefined,undefined,1,2,2,"Robbery/Dacoity","Detailed facts about Robbery/Dacoity"
2734,"undefined","undefined","undefined",1004,undefined,undefined,1,2,1,"Fraud/Cheating","Detailed facts about Fraud/Cheating"
2735,"undefined","undefined","undefined",1002,undefined,undefined,1,1,3,"Assault/Violent","Detailed facts about Assault/Violent"
2736,"undefined","undefined","undefined",1177,undefined,undefined,1,2,1,"Fraud/Cheating","Detailed facts about Fraud/Cheating"
2737,"undefined","undefined","undefined",1228,undefined,undefined,1,2,2,"Robbery/Dacoity","Detailed facts about Robbery/Dacoity"
2738,"undefined","undefined","undefined",1103,undefined,undefined,1,2,2,"Murder/Attempt","Detailed facts about Murder/Attempt"
2739,"undefined","undefined","undefined",1170,undefined,undefined,1,1,2,"Assault/Violent","Detailed facts about Assault/Violent"
2740,"undefined","undefined","undefined",1001,undefined,undefined,1,2,2,"Theft/Property","Detailed facts about Theft/Property"
2741,"undefined","undefined","undefined",1129,undefined,undefined,1,2,1,"Assault/Violent","Detailed facts about Assault/Violent"
2742,"undefined","undefined","undefined",1175,undefined,undefined,1,1,1,"Fraud/Cheating","Detailed facts about Fraud/Cheating"
2743,"undefined","undefined","undefined",1032,undefined,undefined,1,2,2,"Theft/Property","Detailed facts about Theft/Property"
2744,"undefined","undefined","undefined",1024,undefined,undefined,1,1,1,"Theft/Property","Detailed facts about Theft/Property"
2745,"undefined","undefined","undefined",1039,undefined,undefined,1,2,3,"Cybercrime","Detailed facts about Cybercrime"
2746,"undefined","undefined","undefined",1046,undefined,undefined,1,1,2,"Fraud/Cheating","Detailed facts about Fraud/Cheating"
2747,"undefined","undefined","undefined",1080,undefined,undefined,1,2,3,"Theft/Property","Detailed facts about Theft/Property"
2748,"undefined","undefined","undefined",1061,undefined,undefined,1,2,3,"Theft/Property","Detailed facts about Theft/Property"
2749,"undefined","undefined","undefined",1117,undefined,undefined,1,2,1,"Narcotics","Detailed facts about Narcotics"
2750,"undefined","undefined","undefined",1136,undefined,undefined,1,2,3,"Theft/Property","Detailed facts about Theft/Property"
2751,"undefined","undefined","undefined",1012,undefined,undefined,1,1,2,"Assault/Violent","Detailed facts about Assault/Violent"
2752,"undefined","undefined","undefined",1113,undefined,undefined,1,1,2,"Theft/Property","Detailed facts about Theft/Property"
2753,"undefined","undefined","undefined",1110,undefined,undefined,1,1,3,"Others","Detailed facts about Others"
2754,"undefined","undefined","undefined",1005,undefined,undefined,1,2,2,"Cybercrime","Detailed facts about Cybercrime"
2755,"undefined","undefined","undefined",1100,undefined,undefined,1,1,1,"Theft/Property","Detailed facts about Theft/Property"
2756,"undefined","undefined","undefined",1050,undefined,undefined,1,2,2,"Kidnapping","Detailed facts about Kidnapping"
2757,"undefined","undefined","undefined",1006,undefined,undefined,1,1,2,"Theft/Property","Detailed facts about Theft/Property"
2758,"undefined","undefined","undefined",1084,undefined,undefined,1,2,1,"Theft/Property","Detailed facts about Theft/Property"
2759,"undefined","undefined","undefined",1221,undefined,undefined,1,2,3,"Robbery/Dacoity","Detailed facts about Robbery/Dacoity"
2760,"undefined","undefined","undefined",1059,undefined,undefined,1,1,1,"Kidnapping","Detailed facts about Kidnapping"
2761,"undefined","undefined","undefined",1198,undefined,undefined,1,2,2,"Assault/Violent","Detailed facts about Assault/Violent"
2762,"undefined","undefined","undefined",1144,undefined,undefined,1,2,1,"Murder/Attempt","Detailed facts about Murder/Attempt"
2763,"undefined","undefined","undefined",1031,undefined,undefined,1,1,1,"Theft/Property","Detailed facts about Theft/Property"
2764,"undefined","undefined","undefined",1116,undefined,undefined,1,2,3,"Fraud/Cheating","Detailed facts about Fraud/Cheating"
2765,"undefined","undefined","undefined",1029,undefined,undefined,1,2,3,"Assault/Violent","Detailed facts about Assault/Violent"
2766,"undefined","undefined","undefined",1029,undefined,undefined,1,2,1,"Theft/Property","Detailed facts about Theft/Property"
2767,"undefined","undefined","undefined",1111,undefined,undefined,1,2,3,"Fraud/Cheating","Detailed facts about Fraud/Cheating"
2768,"undefined","undefined","undefined",1140,undefined,undefined,1,1,1,"Assault/Violent","Detailed facts about Assault/Violent"
2769,"undefined","undefined","undefined",1051,undefined,undefined,1,2,2,"Others","Detailed facts about Others"
2770,"undefined","undefined","undefined",1155,undefined,undefined,1,1,1,"Cybercrime","Detailed facts about Cybercrime"
2771,"undefined","undefined","undefined",1009,undefined,undefined,1,2,1,"Theft/Property","Detailed facts about Theft/Property"
2772,"undefined","undefined","undefined",1006,undefined,undefined,1,1,1,"Assault/Violent","Detailed facts about Assault/Violent"
2773,"undefined","undefined","undefined",1009,undefined,undefined,1,2,3,"Murder/Attempt","Detailed facts about Murder/Attempt"
2774,"undefined","undefined","undefined",1008,undefined,undefined,1,2,2,"Narcotics","Detailed facts about Narcotics"
2775,"undefined","undefined","undefined",1182,undefined,undefined,1,2,4,"Robbery/Dacoity","Detailed facts about Robbery/Dacoity"
2776,"undefined","undefined","undefined",1001,undefined,undefined,1,2,1,"Cybercrime","Detailed facts about Cybercrime"
2777,"undefined","undefined","undefined",1088,undefined,undefined,1,1,1,"Robbery/Dacoity","Detailed facts about Robbery/Dacoity"
2778,"undefined","undefined","undefined",1006,undefined,undefined,1,2,1,"Assault/Violent","Detailed facts about Assault/Violent"
2779,"undefined","undefined","undefined",1027,undefined,undefined,1,1,1,"Cybercrime","Detailed facts about Cybercrime"
2780,"undefined","undefined","undefined",1105,undefined,undefined,1,2,4,"Assault/Violent","Detailed facts about Assault/Violent"
2781,"undefined","undefined","undefined",1011,undefined,undefined,1,2,1,"Theft/Property","Detailed facts about Theft/Property"
2782,"undefined","undefined","undefined",1043,undefined,undefined,1,2,1,"Theft/Property","Detailed facts about Theft/Property"
2783,"undefined","undefined","undefined",1167,undefined,undefined,1,2,1,"Assault/Violent","Detailed facts about Assault/Violent"
2784,"undefined","undefined","undefined",1115,undefined,undefined,1,1,2,"Murder/Attempt","Detailed facts about Murder/Attempt"
2785,"undefined","undefined","undefined",1185,undefined,undefined,1,2,4,"Assault/Violent","Detailed facts about Assault/Violent"
2786,"undefined","undefined","undefined",1012,undefined,undefined,1,2,1,"Theft/Property","Detailed facts about Theft/Property"
2787,"undefined","undefined","undefined",1070,undefined,undefined,1,2,1,"Narcotics","Detailed facts about Narcotics"
2788,"undefined","undefined","undefined",1135,undefined,undefined,1,2,1,"Assault/Violent","Detailed facts about Assault/Violent"
2789,"undefined","undefined","undefined",1091,undefined,undefined,1,2,2,"Fraud/Cheating","Detailed facts about Fraud/Cheating"
2790,"undefined","undefined","undefined",1045,undefined,undefined,1,2,1,"Fraud/Cheating","Detailed facts about Fraud/Cheating"
2791,"undefined","undefined","undefined",1007,undefined,undefined,1,2,3,"Narcotics","Detailed facts about Narcotics"
2792,"undefined","undefined","undefined",1134,undefined,undefined,1,2,1,"Others","Detailed facts about Others"
2793,"undefined","undefined","undefined",1004,undefined,undefined,1,2,3,"Theft/Property","Detailed facts about Theft/Property"
2794,"undefined","undefined","undefined",1067,undefined,undefined,1,1,3,"Cybercrime","Detailed facts about Cybercrime"
2795,"undefined","undefined","undefined",1053,undefined,undefined,1,2,3,"Theft/Property","Detailed facts about Theft/Property"
2796,"undefined","undefined","undefined",1198,undefined,undefined,1,1,1,"Fraud/Cheating","Detailed facts about Fraud/Cheating"
2797,"undefined","undefined","undefined",1001,undefined,undefined,1,2,3,"Cybercrime","Detailed facts about Cybercrime"
2798,"undefined","undefined","undefined",1005,undefined,undefined,1,2,4,"Theft/Property","Detailed facts about Theft/Property"
2799,"undefined","undefined","undefined",1008,undefined,undefined,1,1,2,"Cybercrime","Detailed facts about Cybercrime"
2800,"undefined","undefined","undefined",1206,undefined,undefined,1,2,3,"Cybercrime","Detailed facts about Cybercrime"
2801,"undefined","undefined","undefined",1004,undefined,undefined,1,2,1,"Theft/Property","Detailed facts about Theft/Property"
2802,"undefined","undefined","undefined",1045,undefined,undefined,1,1,3,"Cybercrime","Detailed facts about Cybercrime"
2803,"undefined","undefined","undefined",1010,undefined,undefined,1,1,4,"Fraud/Cheating","Detailed facts about Fraud/Cheating"
2804,"undefined","undefined","undefined",1024,undefined,undefined,1,1,4,"Assault/Violent","Detailed facts about Assault/Violent"
2805,"undefined","undefined","undefined",1007,undefined,undefined,1,1,1,"Others","Detailed facts about Others"
2806,"undefined","undefined","undefined",1182,undefined,undefined,1,1,1,"Robbery/Dacoity","Detailed facts about Robbery/Dacoity"
2807,"undefined","undefined","undefined",1034,undefined,undefined,1,2,4,"Fraud/Cheating","Detailed facts about Fraud/Cheating"
2808,"undefined","undefined","undefined",1013,undefined,undefined,1,2,2,"Assault/Violent","Detailed facts about Assault/Violent"
2809,"undefined","undefined","undefined",1006,undefined,undefined,1,2,3,"Cybercrime","Detailed facts about Cybercrime"
2810,"undefined","undefined","undefined",1078,undefined,undefined,1,2,1,"Kidnapping","Detailed facts about Kidnapping"
2811,"undefined","undefined","undefined",1037,undefined,undefined,1,2,2,"Assault/Violent","Detailed facts about Assault/Violent"
2812,"undefined","undefined","undefined",1191,undefined,undefined,1,2,2,"Cybercrime","Detailed facts about Cybercrime"
2813,"undefined","undefined","undefined",1010,undefined,undefined,1,2,2,"Cybercrime","Detailed facts about Cybercrime"
2814,"undefined","undefined","undefined",1011,undefined,undefined,1,1,2,"Assault/Violent","Detailed facts about Assault/Violent"
2815,"undefined","undefined","undefined",1110,undefined,undefined,1,2,4,"Assault/Violent","Detailed facts about Assault/Violent"
2816,"undefined","undefined","undefined",1061,undefined,undefined,1,1,1,"Fraud/Cheating","Detailed facts about Fraud/Cheating"
2817,"undefined","undefined","undefined",1010,undefined,undefined,1,2,3,"Robbery/Dacoity","Detailed facts about Robbery/Dacoity"
2818,"undefined","undefined","undefined",1014,undefined,undefined,1,2,3,"Cybercrime","Detailed facts about Cybercrime"
2819,"undefined","undefined","undefined",1219,undefined,undefined,1,2,1,"Assault/Violent","Detailed facts about Assault/Violent"
2820,"undefined","undefined","undefined",1010,undefined,undefined,1,2,3,"Narcotics","Detailed facts about Narcotics"
2821,"undefined","undefined","undefined",1001,undefined,undefined,1,2,2,"Others","Detailed facts about Others"
2822,"undefined","undefined","undefined",1006,undefined,undefined,1,2,4,"Cybercrime","Detailed facts about Cybercrime"
2823,"undefined","undefined","undefined",1065,undefined,undefined,1,1,2,"Cybercrime","Detailed facts about Cybercrime"
2824,"undefined","undefined","undefined",1090,undefined,undefined,1,1,2,"Narcotics","Detailed facts about Narcotics"
2825,"undefined","undefined","undefined",1034,undefined,undefined,1,2,2,"Narcotics","Detailed facts about Narcotics"
2826,"undefined","undefined","undefined",1174,undefined,undefined,1,2,2,"Theft/Property","Detailed facts about Theft/Property"
2827,"undefined","undefined","undefined",1053,undefined,undefined,1,2,2,"Others","Detailed facts about Others"
2828,"undefined","undefined","undefined",1013,undefined,undefined,1,1,2,"Theft/Property","Detailed facts about Theft/Property"
2829,"undefined","undefined","undefined",1114,undefined,undefined,1,2,1,"Cybercrime","Detailed facts about Cybercrime"
2830,"undefined","undefined","undefined",1156,undefined,undefined,1,2,1,"Others","Detailed facts about Others"
2831,"undefined","undefined","undefined",1006,undefined,undefined,1,1,2,"Assault/Violent","Detailed facts about Assault/Violent"
2832,"undefined","undefined","undefined",1012,undefined,undefined,1,1,2,"Cybercrime","Detailed facts about Cybercrime"
2833,"undefined","undefined","undefined",1197,undefined,undefined,1,2,4,"Cybercrime","Detailed facts about Cybercrime"
2834,"undefined","undefined","undefined",1034,undefined,undefined,1,2,2,"Cybercrime","Detailed facts about Cybercrime"
2835,"undefined","undefined","undefined",1162,undefined,undefined,1,1,1,"Assault/Violent","Detailed facts about Assault/Violent"
2836,"undefined","undefined","undefined",1046,undefined,undefined,1,2,4,"Cybercrime","Detailed facts about Cybercrime"
2837,"undefined","undefined","undefined",1040,undefined,undefined,1,2,2,"Others","Detailed facts about Others"
2838,"undefined","undefined","undefined",1032,undefined,undefined,1,2,1,"Cybercrime","Detailed facts about Cybercrime"
2839,"undefined","undefined","undefined",1135,undefined,undefined,1,1,2,"Theft/Property","Detailed facts about Theft/Property"
2840,"undefined","undefined","undefined",1001,undefined,undefined,1,2,1,"Theft/Property","Detailed facts about Theft/Property"
2841,"undefined","undefined","undefined",1011,undefined,undefined,1,2,1,"Robbery/Dacoity","Detailed facts about Robbery/Dacoity"
2842,"undefined","undefined","undefined",1196,undefined,undefined,1,1,3,"Theft/Property","Detailed facts about Theft/Property"
2843,"undefined","undefined","undefined",1003,undefined,undefined,1,2,1,"Theft/Property","Detailed facts about Theft/Property"
2844,"undefined","undefined","undefined",1001,undefined,undefined,1,2,4,"Kidnapping","Detailed facts about Kidnapping"
2845,"undefined","undefined","undefined",1127,undefined,undefined,1,1,2,"Assault/Violent","Detailed facts about Assault/Violent"
2846,"undefined","undefined","undefined",1012,undefined,undefined,1,2,1,"Theft/Property","Detailed facts about Theft/Property"
2847,"undefined","undefined","undefined",1002,undefined,undefined,1,2,1,"Robbery/Dacoity","Detailed facts about Robbery/Dacoity"
2848,"undefined","undefined","undefined",1012,undefined,undefined,1,2,1,"Assault/Violent","Detailed facts about Assault/Violent"
2849,"undefined","undefined","undefined",1002,undefined,undefined,1,1,1,"Cybercrime","Detailed facts about Cybercrime"
2850,"undefined","undefined","undefined",1010,undefined,undefined,1,2,2,"Murder/Attempt","Detailed facts about Murder/Attempt"
2851,"undefined","undefined","undefined",1033,undefined,undefined,1,1,2,"Theft/Property","Detailed facts about Theft/Property"
2852,"undefined","undefined","undefined",1010,undefined,undefined,1,2,2,"Cybercrime","Detailed facts about Cybercrime"
2853,"undefined","undefined","undefined",1013,undefined,undefined,1,2,1,"Narcotics","Detailed facts about Narcotics"
2854,"undefined","undefined","undefined",1002,undefined,undefined,1,2,4,"Narcotics","Detailed facts about Narcotics"
2855,"undefined","undefined","undefined",1188,undefined,undefined,1,1,1,"Cybercrime","Detailed facts about Cybercrime"
2856,"undefined","undefined","undefined",1057,undefined,undefined,1,2,2,"Fraud/Cheating","Detailed facts about Fraud/Cheating"
2857,"undefined","undefined","undefined",1007,undefined,undefined,1,1,3,"Cybercrime","Detailed facts about Cybercrime"
2858,"undefined","undefined","undefined",1009,undefined,undefined,1,1,1,"Fraud/Cheating","Detailed facts about Fraud/Cheating"
2859,"undefined","undefined","undefined",1005,undefined,undefined,1,1,3,"Fraud/Cheating","Detailed facts about Fraud/Cheating"
2860,"undefined","undefined","undefined",1012,undefined,undefined,1,1,2,"Cybercrime","Detailed facts about Cybercrime"
2861,"undefined","undefined","undefined",1005,undefined,undefined,1,2,3,"Narcotics","Detailed facts about Narcotics"
2862,"undefined","undefined","undefined",1003,undefined,undefined,1,2,3,"Theft/Property","Detailed facts about Theft/Property"
2863,"undefined","undefined","undefined",1170,undefined,undefined,1,2,2,"Assault/Violent","Detailed facts about Assault/Violent"
2864,"undefined","undefined","undefined",1220,undefined,undefined,1,2,4,"Murder/Attempt","Detailed facts about Murder/Attempt"
2865,"undefined","undefined","undefined",1057,undefined,undefined,1,2,1,"Fraud/Cheating","Detailed facts about Fraud/Cheating"
2866,"undefined","undefined","undefined",1046,undefined,undefined,1,1,1,"Theft/Property","Detailed facts about Theft/Property"
2867,"undefined","undefined","undefined",1004,undefined,undefined,1,2,3,"Fraud/Cheating","Detailed facts about Fraud/Cheating"
2868,"undefined","undefined","undefined",1014,undefined,undefined,1,2,1,"Theft/Property","Detailed facts about Theft/Property"
2869,"undefined","undefined","undefined",1201,undefined,undefined,1,2,1,"Cybercrime","Detailed facts about Cybercrime"
2870,"undefined","undefined","undefined",1029,undefined,undefined,1,2,2,"Others","Detailed facts about Others"
2871,"undefined","undefined","undefined",1006,undefined,undefined,1,2,1,"Robbery/Dacoity","Detailed facts about Robbery/Dacoity"
2872,"undefined","undefined","undefined",1027,undefined,undefined,1,2,1,"Assault/Violent","Detailed facts about Assault/Violent"
2873,"undefined","undefined","undefined",1190,undefined,undefined,1,2,2,"Theft/Property","Detailed facts about Theft/Property"
2874,"undefined","undefined","undefined",1003,undefined,undefined,1,2,3,"Theft/Property","Detailed facts about Theft/Property"
2875,"undefined","undefined","undefined",1024,undefined,undefined,1,2,1,"Cybercrime","Detailed facts about Cybercrime"
2876,"undefined","undefined","undefined",1135,undefined,undefined,1,2,4,"Theft/Property","Detailed facts about Theft/Property"
2877,"undefined","undefined","undefined",1052,undefined,undefined,1,1,2,"Cybercrime","Detailed facts about Cybercrime"
2878,"undefined","undefined","undefined",1006,undefined,undefined,1,2,2,"Cybercrime","Detailed facts about Cybercrime"
2879,"undefined","undefined","undefined",1150,undefined,undefined,1,1,3,"Theft/Property","Detailed facts about Theft/Property"
2880,"undefined","undefined","undefined",1012,undefined,undefined,1,2,1,"Cybercrime","Detailed facts about Cybercrime"
2881,"undefined","undefined","undefined",1026,undefined,undefined,1,1,3,"Theft/Property","Detailed facts about Theft/Property"
2882,"undefined","undefined","undefined",1060,undefined,undefined,1,2,2,"Narcotics","Detailed facts about Narcotics"
2883,"undefined","undefined","undefined",1198,undefined,undefined,1,2,2,"Theft/Property","Detailed facts about Theft/Property"
2884,"undefined","undefined","undefined",1023,undefined,undefined,1,2,2,"Kidnapping","Detailed facts about Kidnapping"
2885,"undefined","undefined","undefined",1099,undefined,undefined,1,1,1,"Cybercrime","Detailed facts about Cybercrime"
2886,"undefined","undefined","undefined",1142,undefined,undefined,1,2,1,"Assault/Violent","Detailed facts about Assault/Violent"
2887,"undefined","undefined","undefined",1004,undefined,undefined,1,2,1,"Assault/Violent","Detailed facts about Assault/Violent"
2888,"undefined","undefined","undefined",1134,undefined,undefined,1,2,1,"Others","Detailed facts about Others"
2889,"undefined","undefined","undefined",1009,undefined,undefined,1,2,1,"Robbery/Dacoity","Detailed facts about Robbery/Dacoity"
2890,"undefined","undefined","undefined",1024,undefined,undefined,1,2,1,"Cybercrime","Detailed facts about Cybercrime"
2891,"undefined","undefined","undefined",1024,undefined,undefined,1,2,2,"Cybercrime","Detailed facts about Cybercrime"
2892,"undefined","undefined","undefined",1005,undefined,undefined,1,1,1,"Others","Detailed facts about Others"
2893,"undefined","undefined","undefined",1001,undefined,undefined,1,2,3,"Theft/Property","Detailed facts about Theft/Property"
2894,"undefined","undefined","undefined",1171,undefined,undefined,1,2,1,"Theft/Property","Detailed facts about Theft/Property"
2895,"undefined","undefined","undefined",1015,undefined,undefined,1,2,1,"Assault/Violent","Detailed facts about Assault/Violent"
2896,"undefined","undefined","undefined",1006,undefined,undefined,1,1,2,"Murder/Attempt","Detailed facts about Murder/Attempt"
2897,"undefined","undefined","undefined",1027,undefined,undefined,1,2,1,"Fraud/Cheating","Detailed facts about Fraud/Cheating"
2898,"undefined","undefined","undefined",1021,undefined,undefined,1,1,1,"Assault/Violent","Detailed facts about Assault/Violent"
2899,"undefined","undefined","undefined",1209,undefined,undefined,1,2,2,"Theft/Property","Detailed facts about Theft/Property"
2900,"undefined","undefined","undefined",1099,undefined,undefined,1,2,2,"Assault/Violent","Detailed facts about Assault/Violent"
2901,"undefined","undefined","undefined",1031,undefined,undefined,1,2,1,"Theft/Property","Detailed facts about Theft/Property"
2902,"undefined","undefined","undefined",1011,undefined,undefined,1,2,4,"Cybercrime","Detailed facts about Cybercrime"
2903,"undefined","undefined","undefined",1028,undefined,undefined,1,1,3,"Theft/Property","Detailed facts about Theft/Property"
2904,"undefined","undefined","undefined",1010,undefined,undefined,1,1,1,"Fraud/Cheating","Detailed facts about Fraud/Cheating"
2905,"undefined","undefined","undefined",1119,undefined,undefined,1,1,1,"Cybercrime","Detailed facts about Cybercrime"
2906,"undefined","undefined","undefined",1095,undefined,undefined,1,1,4,"Cybercrime","Detailed facts about Cybercrime"
2907,"undefined","undefined","undefined",1154,undefined,undefined,1,2,3,"Narcotics","Detailed facts about Narcotics"
2908,"undefined","undefined","undefined",1154,undefined,undefined,1,2,1,"Cybercrime","Detailed facts about Cybercrime"
2909,"undefined","undefined","undefined",1002,undefined,undefined,1,1,1,"Cybercrime","Detailed facts about Cybercrime"
2910,"undefined","undefined","undefined",1003,undefined,undefined,1,2,1,"Fraud/Cheating","Detailed facts about Fraud/Cheating"
2911,"undefined","undefined","undefined",1031,undefined,undefined,1,1,2,"Theft/Property","Detailed facts about Theft/Property"
2912,"undefined","undefined","undefined",1076,undefined,undefined,1,2,2,"Fraud/Cheating","Detailed facts about Fraud/Cheating"
2913,"undefined","undefined","undefined",1007,undefined,undefined,1,1,1,"Cybercrime","Detailed facts about Cybercrime"
2914,"undefined","undefined","undefined",1046,undefined,undefined,1,2,3,"Murder/Attempt","Detailed facts about Murder/Attempt"
2915,"undefined","undefined","undefined",1009,undefined,undefined,1,2,2,"Theft/Property","Detailed facts about Theft/Property"
2916,"undefined","undefined","undefined",1014,undefined,undefined,1,2,1,"Fraud/Cheating","Detailed facts about Fraud/Cheating"
2917,"undefined","undefined","undefined",1002,undefined,undefined,1,2,2,"Kidnapping","Detailed facts about Kidnapping"
2918,"undefined","undefined","undefined",1038,undefined,undefined,1,2,2,"Murder/Attempt","Detailed facts about Murder/Attempt"
2919,"undefined","undefined","undefined",1001,undefined,undefined,1,2,2,"Cybercrime","Detailed facts about Cybercrime"
2920,"undefined","undefined","undefined",1059,undefined,undefined,1,2,4,"Robbery/Dacoity","Detailed facts about Robbery/Dacoity"
2921,"undefined","undefined","undefined",1010,undefined,undefined,1,2,3,"Fraud/Cheating","Detailed facts about Fraud/Cheating"
2922,"undefined","undefined","undefined",1010,undefined,undefined,1,1,3,"Cybercrime","Detailed facts about Cybercrime"
2923,"undefined","undefined","undefined",1027,undefined,undefined,1,1,2,"Fraud/Cheating","Detailed facts about Fraud/Cheating"
2924,"undefined","undefined","undefined",1001,undefined,undefined,1,2,1,"Fraud/Cheating","Detailed facts about Fraud/Cheating"
2925,"undefined","undefined","undefined",1005,undefined,undefined,1,2,2,"Cybercrime","Detailed facts about Cybercrime"
2926,"undefined","undefined","undefined",1048,undefined,undefined,1,2,1,"Theft/Property","Detailed facts about Theft/Property"
2927,"undefined","undefined","undefined",1015,undefined,undefined,1,1,2,"Theft/Property","Detailed facts about Theft/Property"
2928,"undefined","undefined","undefined",1038,undefined,undefined,1,1,4,"Murder/Attempt","Detailed facts about Murder/Attempt"
2929,"undefined","undefined","undefined",1002,undefined,undefined,1,1,4,"Fraud/Cheating","Detailed facts about Fraud/Cheating"
2930,"undefined","undefined","undefined",1005,undefined,undefined,1,2,1,"Others","Detailed facts about Others"
2931,"undefined","undefined","undefined",1011,undefined,undefined,1,2,1,"Theft/Property","Detailed facts about Theft/Property"
2932,"undefined","undefined","undefined",1035,undefined,undefined,1,1,1,"Robbery/Dacoity","Detailed facts about Robbery/Dacoity"
2933,"undefined","undefined","undefined",1196,undefined,undefined,1,2,1,"Fraud/Cheating","Detailed facts about Fraud/Cheating"
2934,"undefined","undefined","undefined",1002,undefined,undefined,1,2,1,"Fraud/Cheating","Detailed facts about Fraud/Cheating"
2935,"undefined","undefined","undefined",1026,undefined,undefined,1,2,3,"Assault/Violent","Detailed facts about Assault/Violent"
2936,"undefined","undefined","undefined",1144,undefined,undefined,1,2,2,"Theft/Property","Detailed facts about Theft/Property"
2937,"undefined","undefined","undefined",1008,undefined,undefined,1,1,1,"Theft/Property","Detailed facts about Theft/Property"
2938,"undefined","undefined","undefined",1111,undefined,undefined,1,1,3,"Theft/Property","Detailed facts about Theft/Property"
2939,"undefined","undefined","undefined",1141,undefined,undefined,1,2,2,"Cybercrime","Detailed facts about Cybercrime"
2940,"undefined","undefined","undefined",1191,undefined,undefined,1,2,1,"Theft/Property","Detailed facts about Theft/Property"
2941,"undefined","undefined","undefined",1011,undefined,undefined,1,1,1,"Theft/Property","Detailed facts about Theft/Property"
2942,"undefined","undefined","undefined",1071,undefined,undefined,1,2,1,"Others","Detailed facts about Others"
2943,"undefined","undefined","undefined",1145,undefined,undefined,1,2,3,"Cybercrime","Detailed facts about Cybercrime"
2944,"undefined","undefined","undefined",1013,undefined,undefined,1,2,3,"Cybercrime","Detailed facts about Cybercrime"
2945,"undefined","undefined","undefined",1215,undefined,undefined,1,2,2,"Cybercrime","Detailed facts about Cybercrime"
2946,"undefined","undefined","undefined",1014,undefined,undefined,1,2,3,"Fraud/Cheating","Detailed facts about Fraud/Cheating"
2947,"undefined","undefined","undefined",1082,undefined,undefined,1,1,1,"Assault/Violent","Detailed facts about Assault/Violent"
2948,"undefined","undefined","undefined",1011,undefined,undefined,1,2,1,"Theft/Property","Detailed facts about Theft/Property"
2949,"undefined","undefined","undefined",1002,undefined,undefined,1,1,3,"Assault/Violent","Detailed facts about Assault/Violent"
2950,"undefined","undefined","undefined",1005,undefined,undefined,1,1,1,"Assault/Violent","Detailed facts about Assault/Violent"
2951,"undefined","undefined","undefined",1005,undefined,undefined,1,2,2,"Fraud/Cheating","Detailed facts about Fraud/Cheating"
2952,"undefined","undefined","undefined",1014,undefined,undefined,1,2,3,"Theft/Property","Detailed facts about Theft/Property"
2953,"undefined","undefined","undefined",1057,undefined,undefined,1,2,2,"Robbery/Dacoity","Detailed facts about Robbery/Dacoity"
2954,"undefined","undefined","undefined",1007,undefined,undefined,1,2,1,"Assault/Violent","Detailed facts about Assault/Violent"
2955,"undefined","undefined","undefined",1003,undefined,undefined,1,2,3,"Robbery/Dacoity","Detailed facts about Robbery/Dacoity"
2956,"undefined","undefined","undefined",1105,undefined,undefined,1,2,1,"Theft/Property","Detailed facts about Theft/Property"
2957,"undefined","undefined","undefined",1005,undefined,undefined,1,2,1,"Fraud/Cheating","Detailed facts about Fraud/Cheating"
2958,"undefined","undefined","undefined",1011,undefined,undefined,1,2,2,"Robbery/Dacoity","Detailed facts about Robbery/Dacoity"
2959,"undefined","undefined","undefined",1046,undefined,undefined,1,2,4,"Assault/Violent","Detailed facts about Assault/Violent"
2960,"undefined","undefined","undefined",1025,undefined,undefined,1,2,1,"Cybercrime","Detailed facts about Cybercrime"
2961,"undefined","undefined","undefined",1127,undefined,undefined,1,1,2,"Theft/Property","Detailed facts about Theft/Property"
2962,"undefined","undefined","undefined",1187,undefined,undefined,1,2,2,"Fraud/Cheating","Detailed facts about Fraud/Cheating"
2963,"undefined","undefined","undefined",1054,undefined,undefined,1,1,1,"Fraud/Cheating","Detailed facts about Fraud/Cheating"
2964,"undefined","undefined","undefined",1183,undefined,undefined,1,1,1,"Fraud/Cheating","Detailed facts about Fraud/Cheating"
2965,"undefined","undefined","undefined",1198,undefined,undefined,1,1,3,"Cybercrime","Detailed facts about Cybercrime"
2966,"undefined","undefined","undefined",1026,undefined,undefined,1,2,1,"Others","Detailed facts about Others"
2967,"undefined","undefined","undefined",1178,undefined,undefined,1,2,3,"Cybercrime","Detailed facts about Cybercrime"
2968,"undefined","undefined","undefined",1220,undefined,undefined,1,2,1,"Theft/Property","Detailed facts about Theft/Property"
2969,"undefined","undefined","undefined",1009,undefined,undefined,1,2,3,"Theft/Property","Detailed facts about Theft/Property"
2970,"undefined","undefined","undefined",1057,undefined,undefined,1,1,1,"Cybercrime","Detailed facts about Cybercrime"
2971,"undefined","undefined","undefined",1009,undefined,undefined,1,2,1,"Fraud/Cheating","Detailed facts about Fraud/Cheating"
2972,"undefined","undefined","undefined",1062,undefined,undefined,1,2,2,"Theft/Property","Detailed facts about Theft/Property"
2973,"undefined","undefined","undefined",1015,undefined,undefined,1,2,1,"Fraud/Cheating","Detailed facts about Fraud/Cheating"
2974,"undefined","undefined","undefined",1002,undefined,undefined,1,2,3,"Robbery/Dacoity","Detailed facts about Robbery/Dacoity"
2975,"undefined","undefined","undefined",1079,undefined,undefined,1,2,2,"Theft/Property","Detailed facts about Theft/Property"
2976,"undefined","undefined","undefined",1004,undefined,undefined,1,1,1,"Theft/Property","Detailed facts about Theft/Property"
2977,"undefined","undefined","undefined",1044,undefined,undefined,1,1,3,"Fraud/Cheating","Detailed facts about Fraud/Cheating"
2978,"undefined","undefined","undefined",1007,undefined,undefined,1,1,1,"Cybercrime","Detailed facts about Cybercrime"
2979,"undefined","undefined","undefined",1001,undefined,undefined,1,1,3,"Fraud/Cheating","Detailed facts about Fraud/Cheating"
2980,"undefined","undefined","undefined",1080,undefined,undefined,1,2,1,"Fraud/Cheating","Detailed facts about Fraud/Cheating"
2981,"undefined","undefined","undefined",1148,undefined,undefined,1,2,3,"Fraud/Cheating","Detailed facts about Fraud/Cheating"
2982,"undefined","undefined","undefined",1030,undefined,undefined,1,1,1,"Others","Detailed facts about Others"
2983,"undefined","undefined","undefined",1006,undefined,undefined,1,2,3,"Murder/Attempt","Detailed facts about Murder/Attempt"
2984,"undefined","undefined","undefined",1036,undefined,undefined,1,1,4,"Cybercrime","Detailed facts about Cybercrime"
2985,"undefined","undefined","undefined",1015,undefined,undefined,1,2,2,"Narcotics","Detailed facts about Narcotics"
2986,"undefined","undefined","undefined",1128,undefined,undefined,1,1,3,"Cybercrime","Detailed facts about Cybercrime"
2987,"undefined","undefined","undefined",1046,undefined,undefined,1,2,2,"Theft/Property","Detailed facts about Theft/Property"
2988,"undefined","undefined","undefined",1153,undefined,undefined,1,2,3,"Robbery/Dacoity","Detailed facts about Robbery/Dacoity"
2989,"undefined","undefined","undefined",1026,undefined,undefined,1,2,1,"Kidnapping","Detailed facts about Kidnapping"
2990,"undefined","undefined","undefined",1039,undefined,undefined,1,2,2,"Assault/Violent","Detailed facts about Assault/Violent"
2991,"undefined","undefined","undefined",1211,undefined,undefined,1,2,1,"Robbery/Dacoity","Detailed facts about Robbery/Dacoity"
2992,"undefined","undefined","undefined",1028,undefined,undefined,1,2,3,"Theft/Property","Detailed facts about Theft/Property"
2993,"undefined","undefined","undefined",1015,undefined,undefined,1,2,2,"Theft/Property","Detailed facts about Theft/Property"
2994,"undefined","undefined","undefined",1061,undefined,undefined,1,2,4,"Assault/Violent","Detailed facts about Assault/Violent"
2995,"undefined","undefined","undefined",1154,undefined,undefined,1,2,3,"Assault/Violent","Detailed facts about Assault/Violent"
2996,"undefined","undefined","undefined",1032,undefined,undefined,1,1,2,"Theft/Property","Detailed facts about Theft/Property"
2997,"undefined","undefined","undefined",1004,undefined,undefined,1,2,2,"Fraud/Cheating","Detailed facts about Fraud/Cheating"
2998,"undefined","undefined","undefined",1220,undefined,undefined,1,2,1,"Theft/Property","Detailed facts about Theft/Property"
2999,"undefined","undefined","undefined",1213,undefined,undefined,1,2,4,"Assault/Violent","Detailed facts about Assault/Violent"
3000,"undefined","undefined","undefined",1004,undefined,undefined,1,2,4,"Robbery/Dacoity","Detailed facts about Robbery/Dacoity"
3001,"undefined","undefined","undefined",1093,undefined,undefined,1,2,2,"Assault/Violent","Detailed facts about Assault/Violent"
3002,"undefined","undefined","undefined",1082,undefined,undefined,1,2,3,"Assault/Violent","Detailed facts about Assault/Violent"
3003,"undefined","undefined","undefined",1027,undefined,undefined,1,2,4,"Theft/Property","Detailed facts about Theft/Property"
3004,"undefined","undefined","undefined",1005,undefined,undefined,1,2,1,"Assault/Violent","Detailed facts about Assault/Violent"
3005,"undefined","undefined","undefined",1069,undefined,undefined,1,1,2,"Theft/Property","Detailed facts about Theft/Property"
3006,"undefined","undefined","undefined",1032,undefined,undefined,1,1,4,"Theft/Property","Detailed facts about Theft/Property"
3007,"undefined","undefined","undefined",1010,undefined,undefined,1,2,4,"Cybercrime","Detailed facts about Cybercrime"
3008,"undefined","undefined","undefined",1194,undefined,undefined,1,2,1,"Theft/Property","Detailed facts about Theft/Property"
3009,"undefined","undefined","undefined",1046,undefined,undefined,1,1,2,"Assault/Violent","Detailed facts about Assault/Violent"
3010,"undefined","undefined","undefined",1013,undefined,undefined,1,2,4,"Narcotics","Detailed facts about Narcotics"
3011,"undefined","undefined","undefined",1003,undefined,undefined,1,1,4,"Cybercrime","Detailed facts about Cybercrime"
3012,"undefined","undefined","undefined",1005,undefined,undefined,1,2,4,"Theft/Property","Detailed facts about Theft/Property"
3013,"undefined","undefined","undefined",1011,undefined,undefined,1,2,1,"Murder/Attempt","Detailed facts about Murder/Attempt"
3014,"undefined","undefined","undefined",1009,undefined,undefined,1,2,1,"Fraud/Cheating","Detailed facts about Fraud/Cheating"
3015,"undefined","undefined","undefined",1056,undefined,undefined,1,2,1,"Theft/Property","Detailed facts about Theft/Property"
3016,"undefined","undefined","undefined",1001,undefined,undefined,1,2,1,"Assault/Violent","Detailed facts about Assault/Violent"
3017,"undefined","undefined","undefined",1059,undefined,undefined,1,2,2,"Kidnapping","Detailed facts about Kidnapping"
3018,"undefined","undefined","undefined",1003,undefined,undefined,1,2,2,"Theft/Property","Detailed facts about Theft/Property"
3019,"undefined","undefined","undefined",1189,undefined,undefined,1,2,2,"Others","Detailed facts about Others"
3020,"undefined","undefined","undefined",1008,undefined,undefined,1,2,2,"Theft/Property","Detailed facts about Theft/Property"
3021,"undefined","undefined","undefined",1001,undefined,undefined,1,2,2,"Assault/Violent","Detailed facts about Assault/Violent"
3022,"undefined","undefined","undefined",1002,undefined,undefined,1,2,2,"Cybercrime","Detailed facts about Cybercrime"
3023,"undefined","undefined","undefined",1053,undefined,undefined,1,1,1,"Assault/Violent","Detailed facts about Assault/Violent"
3024,"undefined","undefined","undefined",1002,undefined,undefined,1,2,2,"Cybercrime","Detailed facts about Cybercrime"
3025,"undefined","undefined","undefined",1028,undefined,undefined,1,2,2,"Assault/Violent","Detailed facts about Assault/Violent"
3026,"undefined","undefined","undefined",1172,undefined,undefined,1,2,3,"Others","Detailed facts about Others"
3027,"undefined","undefined","undefined",1099,undefined,undefined,1,2,1,"Others","Detailed facts about Others"
3028,"undefined","undefined","undefined",1075,undefined,undefined,1,1,2,"Assault/Violent","Detailed facts about Assault/Violent"
3029,"undefined","undefined","undefined",1132,undefined,undefined,1,2,1,"Narcotics","Detailed facts about Narcotics"
3030,"undefined","undefined","undefined",1004,undefined,undefined,1,1,1,"Assault/Violent","Detailed facts about Assault/Violent"
3031,"undefined","undefined","undefined",1074,undefined,undefined,1,1,4,"Theft/Property","Detailed facts about Theft/Property"
3032,"undefined","undefined","undefined",1033,undefined,undefined,1,1,3,"Theft/Property","Detailed facts about Theft/Property"
3033,"undefined","undefined","undefined",1007,undefined,undefined,1,2,3,"Fraud/Cheating","Detailed facts about Fraud/Cheating"
3034,"undefined","undefined","undefined",1009,undefined,undefined,1,1,3,"Cybercrime","Detailed facts about Cybercrime"
3035,"undefined","undefined","undefined",1058,undefined,undefined,1,1,2,"Others","Detailed facts about Others"
3036,"undefined","undefined","undefined",1025,undefined,undefined,1,1,1,"Robbery/Dacoity","Detailed facts about Robbery/Dacoity"
3037,"undefined","undefined","undefined",1063,undefined,undefined,1,2,1,"Robbery/Dacoity","Detailed facts about Robbery/Dacoity"
3038,"undefined","undefined","undefined",1008,undefined,undefined,1,2,2,"Others","Detailed facts about Others"
3039,"undefined","undefined","undefined",1165,undefined,undefined,1,1,1,"Cybercrime","Detailed facts about Cybercrime"
3040,"undefined","undefined","undefined",1009,undefined,undefined,1,2,2,"Theft/Property","Detailed facts about Theft/Property"
3041,"undefined","undefined","undefined",1057,undefined,undefined,1,2,1,"Cybercrime","Detailed facts about Cybercrime"
3042,"undefined","undefined","undefined",1085,undefined,undefined,1,2,3,"Cybercrime","Detailed facts about Cybercrime"
3043,"undefined","undefined","undefined",1044,undefined,undefined,1,2,2,"Cybercrime","Detailed facts about Cybercrime"
3044,"undefined","undefined","undefined",1057,undefined,undefined,1,2,3,"Kidnapping","Detailed facts about Kidnapping"
3045,"undefined","undefined","undefined",1003,undefined,undefined,1,1,1,"Fraud/Cheating","Detailed facts about Fraud/Cheating"
3046,"undefined","undefined","undefined",1002,undefined,undefined,1,2,3,"Robbery/Dacoity","Detailed facts about Robbery/Dacoity"
3047,"undefined","undefined","undefined",1015,undefined,undefined,1,2,2,"Cybercrime","Detailed facts about Cybercrime"
3048,"undefined","undefined","undefined",1125,undefined,undefined,1,1,2,"Theft/Property","Detailed facts about Theft/Property"
3049,"undefined","undefined","undefined",1013,undefined,undefined,1,2,1,"Murder/Attempt","Detailed facts about Murder/Attempt"
3050,"undefined","undefined","undefined",1089,undefined,undefined,1,2,2,"Cybercrime","Detailed facts about Cybercrime"
3051,"undefined","undefined","undefined",1012,undefined,undefined,1,2,2,"Fraud/Cheating","Detailed facts about Fraud/Cheating"
3052,"undefined","undefined","undefined",1006,undefined,undefined,1,1,4,"Theft/Property","Detailed facts about Theft/Property"
3053,"undefined","undefined","undefined",1187,undefined,undefined,1,2,3,"Murder/Attempt","Detailed facts about Murder/Attempt"
3054,"undefined","undefined","undefined",1049,undefined,undefined,1,1,3,"Theft/Property","Detailed facts about Theft/Property"
3055,"undefined","undefined","undefined",1027,undefined,undefined,1,1,2,"Fraud/Cheating","Detailed facts about Fraud/Cheating"
3056,"undefined","undefined","undefined",1018,undefined,undefined,1,2,2,"Fraud/Cheating","Detailed facts about Fraud/Cheating"
3057,"undefined","undefined","undefined",1010,undefined,undefined,1,1,2,"Kidnapping","Detailed facts about Kidnapping"
3058,"undefined","undefined","undefined",1212,undefined,undefined,1,1,2,"Theft/Property","Detailed facts about Theft/Property"
3059,"undefined","undefined","undefined",1189,undefined,undefined,1,2,1,"Robbery/Dacoity","Detailed facts about Robbery/Dacoity"
3060,"undefined","undefined","undefined",1031,undefined,undefined,1,1,3,"Assault/Violent","Detailed facts about Assault/Violent"
3061,"undefined","undefined","undefined",1008,undefined,undefined,1,2,2,"Fraud/Cheating","Detailed facts about Fraud/Cheating"
3062,"undefined","undefined","undefined",1028,undefined,undefined,1,1,1,"Theft/Property","Detailed facts about Theft/Property"
3063,"undefined","undefined","undefined",1184,undefined,undefined,1,1,1,"Others","Detailed facts about Others"
3064,"undefined","undefined","undefined",1046,undefined,undefined,1,2,1,"Theft/Property","Detailed facts about Theft/Property"
3065,"undefined","undefined","undefined",1005,undefined,undefined,1,2,2,"Theft/Property","Detailed facts about Theft/Property"
3066,"undefined","undefined","undefined",1183,undefined,undefined,1,1,3,"Theft/Property","Detailed facts about Theft/Property"
3067,"undefined","undefined","undefined",1213,undefined,undefined,1,2,1,"Fraud/Cheating","Detailed facts about Fraud/Cheating"
3068,"undefined","undefined","undefined",1012,undefined,undefined,1,2,2,"Theft/Property","Detailed facts about Theft/Property"
3069,"undefined","undefined","undefined",1137,undefined,undefined,1,2,1,"Cybercrime","Detailed facts about Cybercrime"
3070,"undefined","undefined","undefined",1013,undefined,undefined,1,1,4,"Cybercrime","Detailed facts about Cybercrime"
3071,"undefined","undefined","undefined",1034,undefined,undefined,1,2,2,"Theft/Property","Detailed facts about Theft/Property"
3072,"undefined","undefined","undefined",1006,undefined,undefined,1,2,2,"Theft/Property","Detailed facts about Theft/Property"
3073,"undefined","undefined","undefined",1029,undefined,undefined,1,2,4,"Cybercrime","Detailed facts about Cybercrime"
3074,"undefined","undefined","undefined",1010,undefined,undefined,1,2,3,"Theft/Property","Detailed facts about Theft/Property"
3075,"undefined","undefined","undefined",1230,undefined,undefined,1,1,2,"Others","Detailed facts about Others"
3076,"undefined","undefined","undefined",1147,undefined,undefined,1,2,1,"Assault/Violent","Detailed facts about Assault/Violent"
3077,"undefined","undefined","undefined",1001,undefined,undefined,1,1,2,"Kidnapping","Detailed facts about Kidnapping"
3078,"undefined","undefined","undefined",1168,undefined,undefined,1,1,1,"Theft/Property","Detailed facts about Theft/Property"
3079,"undefined","undefined","undefined",1030,undefined,undefined,1,2,1,"Robbery/Dacoity","Detailed facts about Robbery/Dacoity"
3080,"undefined","undefined","undefined",1002,undefined,undefined,1,2,3,"Theft/Property","Detailed facts about Theft/Property"
3081,"undefined","undefined","undefined",1104,undefined,undefined,1,2,2,"Cybercrime","Detailed facts about Cybercrime"
3082,"undefined","undefined","undefined",1078,undefined,undefined,1,1,4,"Theft/Property","Detailed facts about Theft/Property"
3083,"undefined","undefined","undefined",1115,undefined,undefined,1,2,3,"Cybercrime","Detailed facts about Cybercrime"
3084,"undefined","undefined","undefined",1012,undefined,undefined,1,2,2,"Theft/Property","Detailed facts about Theft/Property"
3085,"undefined","undefined","undefined",1223,undefined,undefined,1,2,1,"Theft/Property","Detailed facts about Theft/Property"
3086,"undefined","undefined","undefined",1048,undefined,undefined,1,2,1,"Kidnapping","Detailed facts about Kidnapping"
3087,"undefined","undefined","undefined",1048,undefined,undefined,1,2,1,"Assault/Violent","Detailed facts about Assault/Violent"
3088,"undefined","undefined","undefined",1003,undefined,undefined,1,2,4,"Others","Detailed facts about Others"
3089,"undefined","undefined","undefined",1024,undefined,undefined,1,2,2,"Narcotics","Detailed facts about Narcotics"
3090,"undefined","undefined","undefined",1003,undefined,undefined,1,1,1,"Theft/Property","Detailed facts about Theft/Property"
3091,"undefined","undefined","undefined",1196,undefined,undefined,1,2,1,"Theft/Property","Detailed facts about Theft/Property"
3092,"undefined","undefined","undefined",1108,undefined,undefined,1,2,1,"Cybercrime","Detailed facts about Cybercrime"
3093,"undefined","undefined","undefined",1034,undefined,undefined,1,2,2,"Theft/Property","Detailed facts about Theft/Property"
3094,"undefined","undefined","undefined",1011,undefined,undefined,1,2,1,"Assault/Violent","Detailed facts about Assault/Violent"
3095,"undefined","undefined","undefined",1033,undefined,undefined,1,2,1,"Assault/Violent","Detailed facts about Assault/Violent"
3096,"undefined","undefined","undefined",1010,undefined,undefined,1,1,2,"Others","Detailed facts about Others"
3097,"undefined","undefined","undefined",1012,undefined,undefined,1,1,1,"Theft/Property","Detailed facts about Theft/Property"
3098,"undefined","undefined","undefined",1006,undefined,undefined,1,2,1,"Fraud/Cheating","Detailed facts about Fraud/Cheating"
3099,"undefined","undefined","undefined",1032,undefined,undefined,1,2,1,"Cybercrime","Detailed facts about Cybercrime"
3100,"undefined","undefined","undefined",1015,undefined,undefined,1,1,3,"Assault/Violent","Detailed facts about Assault/Violent"
3101,"undefined","undefined","undefined",1059,undefined,undefined,1,2,2,"Robbery/Dacoity","Detailed facts about Robbery/Dacoity"
3102,"undefined","undefined","undefined",1001,undefined,undefined,1,2,3,"Murder/Attempt","Detailed facts about Murder/Attempt"
3103,"undefined","undefined","undefined",1094,undefined,undefined,1,2,3,"Cybercrime","Detailed facts about Cybercrime"
3104,"undefined","undefined","undefined",1005,undefined,undefined,1,1,2,"Cybercrime","Detailed facts about Cybercrime"
3105,"undefined","undefined","undefined",1010,undefined,undefined,1,1,3,"Fraud/Cheating","Detailed facts about Fraud/Cheating"
3106,"undefined","undefined","undefined",1054,undefined,undefined,1,2,1,"Theft/Property","Detailed facts about Theft/Property"
3107,"undefined","undefined","undefined",1131,undefined,undefined,1,2,2,"Theft/Property","Detailed facts about Theft/Property"
3108,"undefined","undefined","undefined",1008,undefined,undefined,1,1,3,"Assault/Violent","Detailed facts about Assault/Violent"
3109,"undefined","undefined","undefined",1013,undefined,undefined,1,1,1,"Fraud/Cheating","Detailed facts about Fraud/Cheating"
3110,"undefined","undefined","undefined",1163,undefined,undefined,1,2,2,"Cybercrime","Detailed facts about Cybercrime"
3111,"undefined","undefined","undefined",1006,undefined,undefined,1,1,1,"Cybercrime","Detailed facts about Cybercrime"
3112,"undefined","undefined","undefined",1009,undefined,undefined,1,2,4,"Cybercrime","Detailed facts about Cybercrime"
3113,"undefined","undefined","undefined",1215,undefined,undefined,1,2,1,"Narcotics","Detailed facts about Narcotics"
3114,"undefined","undefined","undefined",1009,undefined,undefined,1,1,1,"Theft/Property","Detailed facts about Theft/Property"
3115,"undefined","undefined","undefined",1108,undefined,undefined,1,2,1,"Others","Detailed facts about Others"
3116,"undefined","undefined","undefined",1030,undefined,undefined,1,2,2,"Cybercrime","Detailed facts about Cybercrime"
3117,"undefined","undefined","undefined",1014,undefined,undefined,1,2,4,"Robbery/Dacoity","Detailed facts about Robbery/Dacoity"
3118,"undefined","undefined","undefined",1025,undefined,undefined,1,2,2,"Fraud/Cheating","Detailed facts about Fraud/Cheating"
3119,"undefined","undefined","undefined",1024,undefined,undefined,1,1,1,"Robbery/Dacoity","Detailed facts about Robbery/Dacoity"
3120,"undefined","undefined","undefined",1024,undefined,undefined,1,2,1,"Assault/Violent","Detailed facts about Assault/Violent"
3121,"undefined","undefined","undefined",1046,undefined,undefined,1,2,3,"Cybercrime","Detailed facts about Cybercrime"
3122,"undefined","undefined","undefined",1045,undefined,undefined,1,1,1,"Fraud/Cheating","Detailed facts about Fraud/Cheating"
3123,"undefined","undefined","undefined",1104,undefined,undefined,1,2,1,"Robbery/Dacoity","Detailed facts about Robbery/Dacoity"
3124,"undefined","undefined","undefined",1166,undefined,undefined,1,1,2,"Assault/Violent","Detailed facts about Assault/Violent"
3125,"undefined","undefined","undefined",1175,undefined,undefined,1,2,1,"Fraud/Cheating","Detailed facts about Fraud/Cheating"
3126,"undefined","undefined","undefined",1045,undefined,undefined,1,2,1,"Others","Detailed facts about Others"
3127,"undefined","undefined","undefined",1105,undefined,undefined,1,2,2,"Assault/Violent","Detailed facts about Assault/Violent"
3128,"undefined","undefined","undefined",1054,undefined,undefined,1,2,2,"Assault/Violent","Detailed facts about Assault/Violent"
3129,"undefined","undefined","undefined",1020,undefined,undefined,1,2,1,"Theft/Property","Detailed facts about Theft/Property"
3130,"undefined","undefined","undefined",1004,undefined,undefined,1,2,1,"Assault/Violent","Detailed facts about Assault/Violent"
3131,"undefined","undefined","undefined",1005,undefined,undefined,1,1,2,"Assault/Violent","Detailed facts about Assault/Violent"
3132,"undefined","undefined","undefined",1038,undefined,undefined,1,2,4,"Fraud/Cheating","Detailed facts about Fraud/Cheating"
3133,"undefined","undefined","undefined",1162,undefined,undefined,1,2,2,"Cybercrime","Detailed facts about Cybercrime"
3134,"undefined","undefined","undefined",1006,undefined,undefined,1,2,4,"Cybercrime","Detailed facts about Cybercrime"
3135,"undefined","undefined","undefined",1227,undefined,undefined,1,2,1,"Theft/Property","Detailed facts about Theft/Property"
3136,"undefined","undefined","undefined",1230,undefined,undefined,1,1,1,"Theft/Property","Detailed facts about Theft/Property"
3137,"undefined","undefined","undefined",1050,undefined,undefined,1,2,2,"Cybercrime","Detailed facts about Cybercrime"
3138,"undefined","undefined","undefined",1069,undefined,undefined,1,1,2,"Theft/Property","Detailed facts about Theft/Property"
3139,"undefined","undefined","undefined",1152,undefined,undefined,1,2,1,"Others","Detailed facts about Others"
3140,"undefined","undefined","undefined",1067,undefined,undefined,1,1,3,"Assault/Violent","Detailed facts about Assault/Violent"
3141,"undefined","undefined","undefined",1114,undefined,undefined,1,2,2,"Theft/Property","Detailed facts about Theft/Property"
3142,"undefined","undefined","undefined",1024,undefined,undefined,1,2,1,"Cybercrime","Detailed facts about Cybercrime"
3143,"undefined","undefined","undefined",1006,undefined,undefined,1,2,4,"Theft/Property","Detailed facts about Theft/Property"
3144,"undefined","undefined","undefined",1106,undefined,undefined,1,2,1,"Murder/Attempt","Detailed facts about Murder/Attempt"
3145,"undefined","undefined","undefined",1215,undefined,undefined,1,2,2,"Fraud/Cheating","Detailed facts about Fraud/Cheating"
3146,"undefined","undefined","undefined",1003,undefined,undefined,1,2,4,"Theft/Property","Detailed facts about Theft/Property"
3147,"undefined","undefined","undefined",1031,undefined,undefined,1,2,4,"Fraud/Cheating","Detailed facts about Fraud/Cheating"
3148,"undefined","undefined","undefined",1011,undefined,undefined,1,1,3,"Fraud/Cheating","Detailed facts about Fraud/Cheating"
3149,"undefined","undefined","undefined",1169,undefined,undefined,1,2,3,"Assault/Violent","Detailed facts about Assault/Violent"
3150,"undefined","undefined","undefined",1154,undefined,undefined,1,2,2,"Fraud/Cheating","Detailed facts about Fraud/Cheating"
3151,"undefined","undefined","undefined",1032,undefined,undefined,1,2,1,"Fraud/Cheating","Detailed facts about Fraud/Cheating"
3152,"undefined","undefined","undefined",1015,undefined,undefined,1,1,2,"Theft/Property","Detailed facts about Theft/Property"
3153,"undefined","undefined","undefined",1012,undefined,undefined,1,2,2,"Murder/Attempt","Detailed facts about Murder/Attempt"
3154,"undefined","undefined","undefined",1045,undefined,undefined,1,1,4,"Assault/Violent","Detailed facts about Assault/Violent"
3155,"undefined","undefined","undefined",1007,undefined,undefined,1,2,2,"Others","Detailed facts about Others"
3156,"undefined","undefined","undefined",1127,undefined,undefined,1,2,4,"Kidnapping","Detailed facts about Kidnapping"
3157,"undefined","undefined","undefined",1155,undefined,undefined,1,2,2,"Cybercrime","Detailed facts about Cybercrime"
3158,"undefined","undefined","undefined",1009,undefined,undefined,1,1,1,"Narcotics","Detailed facts about Narcotics"
3159,"undefined","undefined","undefined",1060,undefined,undefined,1,2,1,"Assault/Violent","Detailed facts about Assault/Violent"
3160,"undefined","undefined","undefined",1007,undefined,undefined,1,2,2,"Robbery/Dacoity","Detailed facts about Robbery/Dacoity"
3161,"undefined","undefined","undefined",1010,undefined,undefined,1,2,4,"Assault/Violent","Detailed facts about Assault/Violent"
3162,"undefined","undefined","undefined",1107,undefined,undefined,1,1,1,"Cybercrime","Detailed facts about Cybercrime"
3163,"undefined","undefined","undefined",1009,undefined,undefined,1,2,2,"Assault/Violent","Detailed facts about Assault/Violent"
3164,"undefined","undefined","undefined",1130,undefined,undefined,1,2,2,"Cybercrime","Detailed facts about Cybercrime"
3165,"undefined","undefined","undefined",1058,undefined,undefined,1,1,2,"Robbery/Dacoity","Detailed facts about Robbery/Dacoity"
3166,"undefined","undefined","undefined",1008,undefined,undefined,1,2,1,"Fraud/Cheating","Detailed facts about Fraud/Cheating"
3167,"undefined","undefined","undefined",1053,undefined,undefined,1,2,3,"Cybercrime","Detailed facts about Cybercrime"
3168,"undefined","undefined","undefined",1127,undefined,undefined,1,1,2,"Theft/Property","Detailed facts about Theft/Property"
3169,"undefined","undefined","undefined",1216,undefined,undefined,1,1,1,"Cybercrime","Detailed facts about Cybercrime"
3170,"undefined","undefined","undefined",1183,undefined,undefined,1,2,2,"Robbery/Dacoity","Detailed facts about Robbery/Dacoity"
3171,"undefined","undefined","undefined",1011,undefined,undefined,1,2,1,"Theft/Property","Detailed facts about Theft/Property"
3172,"undefined","undefined","undefined",1111,undefined,undefined,1,2,4,"Cybercrime","Detailed facts about Cybercrime"
3173,"undefined","undefined","undefined",1008,undefined,undefined,1,2,3,"Cybercrime","Detailed facts about Cybercrime"
3174,"undefined","undefined","undefined",1003,undefined,undefined,1,2,3,"Theft/Property","Detailed facts about Theft/Property"
3175,"undefined","undefined","undefined",1143,undefined,undefined,1,1,3,"Cybercrime","Detailed facts about Cybercrime"
3176,"undefined","undefined","undefined",1004,undefined,undefined,1,2,2,"Cybercrime","Detailed facts about Cybercrime"
3177,"undefined","undefined","undefined",1011,undefined,undefined,1,2,2,"Cybercrime","Detailed facts about Cybercrime"
3178,"undefined","undefined","undefined",1131,undefined,undefined,1,2,1,"Robbery/Dacoity","Detailed facts about Robbery/Dacoity"
3179,"undefined","undefined","undefined",1011,undefined,undefined,1,2,1,"Theft/Property","Detailed facts about Theft/Property"
3180,"undefined","undefined","undefined",1032,undefined,undefined,1,1,3,"Assault/Violent","Detailed facts about Assault/Violent"
3181,"undefined","undefined","undefined",1010,undefined,undefined,1,1,4,"Assault/Violent","Detailed facts about Assault/Violent"
3182,"undefined","undefined","undefined",1013,undefined,undefined,1,2,3,"Cybercrime","Detailed facts about Cybercrime"
3183,"undefined","undefined","undefined",1053,undefined,undefined,1,2,4,"Cybercrime","Detailed facts about Cybercrime"
3184,"undefined","undefined","undefined",1126,undefined,undefined,1,2,2,"Cybercrime","Detailed facts about Cybercrime"
3185,"undefined","undefined","undefined",1110,undefined,undefined,1,2,2,"Theft/Property","Detailed facts about Theft/Property"
3186,"undefined","undefined","undefined",1009,undefined,undefined,1,2,1,"Theft/Property","Detailed facts about Theft/Property"
3187,"undefined","undefined","undefined",1156,undefined,undefined,1,1,2,"Cybercrime","Detailed facts about Cybercrime"
3188,"undefined","undefined","undefined",1219,undefined,undefined,1,2,3,"Fraud/Cheating","Detailed facts about Fraud/Cheating"
3189,"undefined","undefined","undefined",1022,undefined,undefined,1,2,1,"Cybercrime","Detailed facts about Cybercrime"
3190,"undefined","undefined","undefined",1013,undefined,undefined,1,2,1,"Others","Detailed facts about Others"
3191,"undefined","undefined","undefined",1122,undefined,undefined,1,2,1,"Cybercrime","Detailed facts about Cybercrime"
3192,"undefined","undefined","undefined",1052,undefined,undefined,1,2,3,"Assault/Violent","Detailed facts about Assault/Violent"
3193,"undefined","undefined","undefined",1090,undefined,undefined,1,2,3,"Cybercrime","Detailed facts about Cybercrime"
3194,"undefined","undefined","undefined",1047,undefined,undefined,1,2,1,"Assault/Violent","Detailed facts about Assault/Violent"
3195,"undefined","undefined","undefined",1137,undefined,undefined,1,2,3,"Assault/Violent","Detailed facts about Assault/Violent"
3196,"undefined","undefined","undefined",1060,undefined,undefined,1,2,3,"Cybercrime","Detailed facts about Cybercrime"
3197,"undefined","undefined","undefined",1008,undefined,undefined,1,2,3,"Fraud/Cheating","Detailed facts about Fraud/Cheating"
3198,"undefined","undefined","undefined",1198,undefined,undefined,1,2,4,"Assault/Violent","Detailed facts about Assault/Violent"
3199,"undefined","undefined","undefined",1041,undefined,undefined,1,2,3,"Robbery/Dacoity","Detailed facts about Robbery/Dacoity"
3200,"undefined","undefined","undefined",1031,undefined,undefined,1,1,1,"Cybercrime","Detailed facts about Cybercrime"
3201,"undefined","undefined","undefined",1006,undefined,undefined,1,2,1,"Cybercrime","Detailed facts about Cybercrime"
3202,"undefined","undefined","undefined",1046,undefined,undefined,1,2,2,"Others","Detailed facts about Others"
3203,"undefined","undefined","undefined",1002,undefined,undefined,1,2,1,"Murder/Attempt","Detailed facts about Murder/Attempt"
3204,"undefined","undefined","undefined",1024,undefined,undefined,1,2,2,"Theft/Property","Detailed facts about Theft/Property"
3205,"undefined","undefined","undefined",1008,undefined,undefined,1,2,3,"Theft/Property","Detailed facts about Theft/Property"
3206,"undefined","undefined","undefined",1026,undefined,undefined,1,2,4,"Cybercrime","Detailed facts about Cybercrime"
3207,"undefined","undefined","undefined",1040,undefined,undefined,1,1,3,"Fraud/Cheating","Detailed facts about Fraud/Cheating"
3208,"undefined","undefined","undefined",1009,undefined,undefined,1,2,3,"Cybercrime","Detailed facts about Cybercrime"
3209,"undefined","undefined","undefined",1107,undefined,undefined,1,1,4,"Assault/Violent","Detailed facts about Assault/Violent"
3210,"undefined","undefined","undefined",1165,undefined,undefined,1,2,4,"Kidnapping","Detailed facts about Kidnapping"
3211,"undefined","undefined","undefined",1040,undefined,undefined,1,2,2,"Assault/Violent","Detailed facts about Assault/Violent"
3212,"undefined","undefined","undefined",1085,undefined,undefined,1,1,4,"Theft/Property","Detailed facts about Theft/Property"
3213,"undefined","undefined","undefined",1023,undefined,undefined,1,2,2,"Assault/Violent","Detailed facts about Assault/Violent"
3214,"undefined","undefined","undefined",1046,undefined,undefined,1,2,3,"Fraud/Cheating","Detailed facts about Fraud/Cheating"
3215,"undefined","undefined","undefined",1191,undefined,undefined,1,1,2,"Assault/Violent","Detailed facts about Assault/Violent"
3216,"undefined","undefined","undefined",1003,undefined,undefined,1,1,3,"Robbery/Dacoity","Detailed facts about Robbery/Dacoity"
3217,"undefined","undefined","undefined",1161,undefined,undefined,1,2,2,"Fraud/Cheating","Detailed facts about Fraud/Cheating"
3218,"undefined","undefined","undefined",1029,undefined,undefined,1,2,4,"Cybercrime","Detailed facts about Cybercrime"
3219,"undefined","undefined","undefined",1007,undefined,undefined,1,2,3,"Robbery/Dacoity","Detailed facts about Robbery/Dacoity"
3220,"undefined","undefined","undefined",1199,undefined,undefined,1,1,2,"Assault/Violent","Detailed facts about Assault/Violent"
3221,"undefined","undefined","undefined",1035,undefined,undefined,1,2,2,"Kidnapping","Detailed facts about Kidnapping"
3222,"undefined","undefined","undefined",1001,undefined,undefined,1,2,1,"Theft/Property","Detailed facts about Theft/Property"
3223,"undefined","undefined","undefined",1026,undefined,undefined,1,2,2,"Theft/Property","Detailed facts about Theft/Property"
3224,"undefined","undefined","undefined",1153,undefined,undefined,1,2,1,"Narcotics","Detailed facts about Narcotics"
3225,"undefined","undefined","undefined",1001,undefined,undefined,1,1,1,"Cybercrime","Detailed facts about Cybercrime"
3226,"undefined","undefined","undefined",1121,undefined,undefined,1,2,3,"Robbery/Dacoity","Detailed facts about Robbery/Dacoity"
3227,"undefined","undefined","undefined",1077,undefined,undefined,1,2,1,"Theft/Property","Detailed facts about Theft/Property"
3228,"undefined","undefined","undefined",1039,undefined,undefined,1,2,4,"Murder/Attempt","Detailed facts about Murder/Attempt"
3229,"undefined","undefined","undefined",1030,undefined,undefined,1,1,2,"Fraud/Cheating","Detailed facts about Fraud/Cheating"
3230,"undefined","undefined","undefined",1039,undefined,undefined,1,2,2,"Fraud/Cheating","Detailed facts about Fraud/Cheating"
3231,"undefined","undefined","undefined",1056,undefined,undefined,1,1,3,"Assault/Violent","Detailed facts about Assault/Violent"
3232,"undefined","undefined","undefined",1060,undefined,undefined,1,2,1,"Assault/Violent","Detailed facts about Assault/Violent"
3233,"undefined","undefined","undefined",1014,undefined,undefined,1,2,2,"Assault/Violent","Detailed facts about Assault/Violent"
3234,"undefined","undefined","undefined",1009,undefined,undefined,1,2,2,"Assault/Violent","Detailed facts about Assault/Violent"
3235,"undefined","undefined","undefined",1030,undefined,undefined,1,2,1,"Cybercrime","Detailed facts about Cybercrime"
3236,"undefined","undefined","undefined",1028,undefined,undefined,1,2,2,"Kidnapping","Detailed facts about Kidnapping"
3237,"undefined","undefined","undefined",1006,undefined,undefined,1,2,3,"Cybercrime","Detailed facts about Cybercrime"
3238,"undefined","undefined","undefined",1026,undefined,undefined,1,1,3,"Cybercrime","Detailed facts about Cybercrime"
3239,"undefined","undefined","undefined",1001,undefined,undefined,1,2,3,"Assault/Violent","Detailed facts about Assault/Violent"
3240,"undefined","undefined","undefined",1025,undefined,undefined,1,2,3,"Others","Detailed facts about Others"
3241,"undefined","undefined","undefined",1004,undefined,undefined,1,2,3,"Cybercrime","Detailed facts about Cybercrime"
3242,"undefined","undefined","undefined",1011,undefined,undefined,1,2,4,"Cybercrime","Detailed facts about Cybercrime"
3243,"undefined","undefined","undefined",1048,undefined,undefined,1,1,1,"Robbery/Dacoity","Detailed facts about Robbery/Dacoity"
3244,"undefined","undefined","undefined",1180,undefined,undefined,1,2,2,"Cybercrime","Detailed facts about Cybercrime"
3245,"undefined","undefined","undefined",1066,undefined,undefined,1,1,1,"Robbery/Dacoity","Detailed facts about Robbery/Dacoity"
3246,"undefined","undefined","undefined",1033,undefined,undefined,1,2,3,"Cybercrime","Detailed facts about Cybercrime"
3247,"undefined","undefined","undefined",1007,undefined,undefined,1,2,2,"Others","Detailed facts about Others"
3248,"undefined","undefined","undefined",1008,undefined,undefined,1,2,1,"Others","Detailed facts about Others"
3249,"undefined","undefined","undefined",1032,undefined,undefined,1,1,1,"Cybercrime","Detailed facts about Cybercrime"
3250,"undefined","undefined","undefined",1002,undefined,undefined,1,2,1,"Others","Detailed facts about Others"
3251,"undefined","undefined","undefined",1009,undefined,undefined,1,2,1,"Cybercrime","Detailed facts about Cybercrime"
3252,"undefined","undefined","undefined",1003,undefined,undefined,1,2,1,"Assault/Violent","Detailed facts about Assault/Violent"
3253,"undefined","undefined","undefined",1052,undefined,undefined,1,2,1,"Theft/Property","Detailed facts about Theft/Property"
3254,"undefined","undefined","undefined",1006,undefined,undefined,1,2,4,"Theft/Property","Detailed facts about Theft/Property"
3255,"undefined","undefined","undefined",1005,undefined,undefined,1,1,3,"Cybercrime","Detailed facts about Cybercrime"
3256,"undefined","undefined","undefined",1048,undefined,undefined,1,2,3,"Fraud/Cheating","Detailed facts about Fraud/Cheating"
3257,"undefined","undefined","undefined",1002,undefined,undefined,1,2,3,"Cybercrime","Detailed facts about Cybercrime"
3258,"undefined","undefined","undefined",1025,undefined,undefined,1,1,2,"Robbery/Dacoity","Detailed facts about Robbery/Dacoity"
3259,"undefined","undefined","undefined",1032,undefined,undefined,1,2,1,"Murder/Attempt","Detailed facts about Murder/Attempt"
3260,"undefined","undefined","undefined",1193,undefined,undefined,1,1,2,"Cybercrime","Detailed facts about Cybercrime"
3261,"undefined","undefined","undefined",1219,undefined,undefined,1,1,1,"Cybercrime","Detailed facts about Cybercrime"
3262,"undefined","undefined","undefined",1161,undefined,undefined,1,1,1,"Assault/Violent","Detailed facts about Assault/Violent"
3263,"undefined","undefined","undefined",1015,undefined,undefined,1,1,2,"Cybercrime","Detailed facts about Cybercrime"
3264,"undefined","undefined","undefined",1007,undefined,undefined,1,2,2,"Kidnapping","Detailed facts about Kidnapping"
3265,"undefined","undefined","undefined",1211,undefined,undefined,1,1,2,"Kidnapping","Detailed facts about Kidnapping"
3266,"undefined","undefined","undefined",1035,undefined,undefined,1,2,1,"Murder/Attempt","Detailed facts about Murder/Attempt"
3267,"undefined","undefined","undefined",1038,undefined,undefined,1,2,3,"Cybercrime","Detailed facts about Cybercrime"
3268,"undefined","undefined","undefined",1010,undefined,undefined,1,2,1,"Assault/Violent","Detailed facts about Assault/Violent"
3269,"undefined","undefined","undefined",1175,undefined,undefined,1,1,4,"Others","Detailed facts about Others"
3270,"undefined","undefined","undefined",1028,undefined,undefined,1,2,3,"Kidnapping","Detailed facts about Kidnapping"
3271,"undefined","undefined","undefined",1025,undefined,undefined,1,1,2,"Others","Detailed facts about Others"
3272,"undefined","undefined","undefined",1013,undefined,undefined,1,2,2,"Theft/Property","Detailed facts about Theft/Property"
3273,"undefined","undefined","undefined",1007,undefined,undefined,1,2,3,"Assault/Violent","Detailed facts about Assault/Violent"
3274,"undefined","undefined","undefined",1038,undefined,undefined,1,2,2,"Cybercrime","Detailed facts about Cybercrime"
3275,"undefined","undefined","undefined",1180,undefined,undefined,1,2,2,"Assault/Violent","Detailed facts about Assault/Violent"
3276,"undefined","undefined","undefined",1039,undefined,undefined,1,2,1,"Theft/Property","Detailed facts about Theft/Property"
3277,"undefined","undefined","undefined",1013,undefined,undefined,1,2,1,"Cybercrime","Detailed facts about Cybercrime"
3278,"undefined","undefined","undefined",1044,undefined,undefined,1,1,1,"Murder/Attempt","Detailed facts about Murder/Attempt"
3279,"undefined","undefined","undefined",1005,undefined,undefined,1,2,2,"Others","Detailed facts about Others"
3280,"undefined","undefined","undefined",1002,undefined,undefined,1,2,1,"Others","Detailed facts about Others"
3281,"undefined","undefined","undefined",1129,undefined,undefined,1,2,2,"Murder/Attempt","Detailed facts about Murder/Attempt"
3282,"undefined","undefined","undefined",1035,undefined,undefined,1,2,2,"Others","Detailed facts about Others"
3283,"undefined","undefined","undefined",1041,undefined,undefined,1,1,1,"Theft/Property","Detailed facts about Theft/Property"
3284,"undefined","undefined","undefined",1005,undefined,undefined,1,1,1,"Theft/Property","Detailed facts about Theft/Property"
3285,"undefined","undefined","undefined",1008,undefined,undefined,1,2,1,"Fraud/Cheating","Detailed facts about Fraud/Cheating"
3286,"undefined","undefined","undefined",1168,undefined,undefined,1,2,1,"Cybercrime","Detailed facts about Cybercrime"
3287,"undefined","undefined","undefined",1137,undefined,undefined,1,2,2,"Cybercrime","Detailed facts about Cybercrime"
3288,"undefined","undefined","undefined",1017,undefined,undefined,1,2,1,"Narcotics","Detailed facts about Narcotics"
3289,"undefined","undefined","undefined",1214,undefined,undefined,1,2,1,"Murder/Attempt","Detailed facts about Murder/Attempt"
3290,"undefined","undefined","undefined",1026,undefined,undefined,1,2,2,"Cybercrime","Detailed facts about Cybercrime"
3291,"undefined","undefined","undefined",1134,undefined,undefined,1,2,2,"Assault/Violent","Detailed facts about Assault/Violent"
3292,"undefined","undefined","undefined",1215,undefined,undefined,1,2,1,"Theft/Property","Detailed facts about Theft/Property"
3293,"undefined","undefined","undefined",1001,undefined,undefined,1,2,2,"Theft/Property","Detailed facts about Theft/Property"
3294,"undefined","undefined","undefined",1014,undefined,undefined,1,2,1,"Fraud/Cheating","Detailed facts about Fraud/Cheating"
3295,"undefined","undefined","undefined",1128,undefined,undefined,1,1,1,"Assault/Violent","Detailed facts about Assault/Violent"
3296,"undefined","undefined","undefined",1012,undefined,undefined,1,1,2,"Theft/Property","Detailed facts about Theft/Property"
3297,"undefined","undefined","undefined",1012,undefined,undefined,1,2,3,"Cybercrime","Detailed facts about Cybercrime"
3298,"undefined","undefined","undefined",1001,undefined,undefined,1,1,1,"Cybercrime","Detailed facts about Cybercrime"
3299,"undefined","undefined","undefined",1009,undefined,undefined,1,2,1,"Fraud/Cheating","Detailed facts about Fraud/Cheating"
3300,"undefined","undefined","undefined",1222,undefined,undefined,1,2,1,"Robbery/Dacoity","Detailed facts about Robbery/Dacoity"
3301,"undefined","undefined","undefined",1125,undefined,undefined,1,2,1,"Theft/Property","Detailed facts about Theft/Property"
3302,"undefined","undefined","undefined",1132,undefined,undefined,1,2,1,"Cybercrime","Detailed facts about Cybercrime"
3303,"undefined","undefined","undefined",1009,undefined,undefined,1,2,4,"Assault/Violent","Detailed facts about Assault/Violent"
3304,"undefined","undefined","undefined",1159,undefined,undefined,1,2,2,"Cybercrime","Detailed facts about Cybercrime"
3305,"undefined","undefined","undefined",1049,undefined,undefined,1,2,2,"Others","Detailed facts about Others"
3306,"undefined","undefined","undefined",1008,undefined,undefined,1,2,2,"Robbery/Dacoity","Detailed facts about Robbery/Dacoity"
3307,"undefined","undefined","undefined",1060,undefined,undefined,1,2,3,"Others","Detailed facts about Others"
3308,"undefined","undefined","undefined",1036,undefined,undefined,1,2,4,"Assault/Violent","Detailed facts about Assault/Violent"
3309,"undefined","undefined","undefined",1012,undefined,undefined,1,2,2,"Narcotics","Detailed facts about Narcotics"
3310,"undefined","undefined","undefined",1114,undefined,undefined,1,2,1,"Assault/Violent","Detailed facts about Assault/Violent"
3311,"undefined","undefined","undefined",1174,undefined,undefined,1,2,2,"Cybercrime","Detailed facts about Cybercrime"
3312,"undefined","undefined","undefined",1004,undefined,undefined,1,2,2,"Cybercrime","Detailed facts about Cybercrime"
3313,"undefined","undefined","undefined",1005,undefined,undefined,1,1,2,"Fraud/Cheating","Detailed facts about Fraud/Cheating"
3314,"undefined","undefined","undefined",1163,undefined,undefined,1,2,1,"Robbery/Dacoity","Detailed facts about Robbery/Dacoity"
3315,"undefined","undefined","undefined",1032,undefined,undefined,1,1,1,"Robbery/Dacoity","Detailed facts about Robbery/Dacoity"
3316,"undefined","undefined","undefined",1043,undefined,undefined,1,2,1,"Others","Detailed facts about Others"
3317,"undefined","undefined","undefined",1049,undefined,undefined,1,2,1,"Cybercrime","Detailed facts about Cybercrime"
3318,"undefined","undefined","undefined",1145,undefined,undefined,1,1,2,"Fraud/Cheating","Detailed facts about Fraud/Cheating"
3319,"undefined","undefined","undefined",1172,undefined,undefined,1,1,2,"Murder/Attempt","Detailed facts about Murder/Attempt"
3320,"undefined","undefined","undefined",1053,undefined,undefined,1,1,1,"Theft/Property","Detailed facts about Theft/Property"
3321,"undefined","undefined","undefined",1014,undefined,undefined,1,2,1,"Cybercrime","Detailed facts about Cybercrime"
3322,"undefined","undefined","undefined",1012,undefined,undefined,1,2,3,"Others","Detailed facts about Others"
3323,"undefined","undefined","undefined",1004,undefined,undefined,1,2,1,"Narcotics","Detailed facts about Narcotics"
3324,"undefined","undefined","undefined",1110,undefined,undefined,1,2,1,"Narcotics","Detailed facts about Narcotics"
3325,"undefined","undefined","undefined",1065,undefined,undefined,1,1,2,"Murder/Attempt","Detailed facts about Murder/Attempt"
3326,"undefined","undefined","undefined",1113,undefined,undefined,1,1,1,"Theft/Property","Detailed facts about Theft/Property"
3327,"undefined","undefined","undefined",1161,undefined,undefined,1,2,1,"Fraud/Cheating","Detailed facts about Fraud/Cheating"
3328,"undefined","undefined","undefined",1009,undefined,undefined,1,2,1,"Assault/Violent","Detailed facts about Assault/Violent"
3329,"undefined","undefined","undefined",1030,undefined,undefined,1,2,2,"Fraud/Cheating","Detailed facts about Fraud/Cheating"
3330,"undefined","undefined","undefined",1012,undefined,undefined,1,2,1,"Robbery/Dacoity","Detailed facts about Robbery/Dacoity"
3331,"undefined","undefined","undefined",1006,undefined,undefined,1,2,2,"Theft/Property","Detailed facts about Theft/Property"
3332,"undefined","undefined","undefined",1115,undefined,undefined,1,2,1,"Kidnapping","Detailed facts about Kidnapping"
3333,"undefined","undefined","undefined",1008,undefined,undefined,1,1,2,"Theft/Property","Detailed facts about Theft/Property"
3334,"undefined","undefined","undefined",1005,undefined,undefined,1,1,2,"Cybercrime","Detailed facts about Cybercrime"
3335,"undefined","undefined","undefined",1044,undefined,undefined,1,2,2,"Cybercrime","Detailed facts about Cybercrime"
3336,"undefined","undefined","undefined",1095,undefined,undefined,1,2,2,"Narcotics","Detailed facts about Narcotics"
3337,"undefined","undefined","undefined",1146,undefined,undefined,1,2,2,"Theft/Property","Detailed facts about Theft/Property"
3338,"undefined","undefined","undefined",1012,undefined,undefined,1,2,2,"Theft/Property","Detailed facts about Theft/Property"
3339,"undefined","undefined","undefined",1004,undefined,undefined,1,1,1,"Others","Detailed facts about Others"
3340,"undefined","undefined","undefined",1182,undefined,undefined,1,2,1,"Cybercrime","Detailed facts about Cybercrime"
3341,"undefined","undefined","undefined",1141,undefined,undefined,1,1,1,"Others","Detailed facts about Others"
3342,"undefined","undefined","undefined",1215,undefined,undefined,1,2,1,"Fraud/Cheating","Detailed facts about Fraud/Cheating"
3343,"undefined","undefined","undefined",1013,undefined,undefined,1,2,2,"Cybercrime","Detailed facts about Cybercrime"
3344,"undefined","undefined","undefined",1036,undefined,undefined,1,2,1,"Fraud/Cheating","Detailed facts about Fraud/Cheating"
3345,"undefined","undefined","undefined",1201,undefined,undefined,1,2,3,"Kidnapping","Detailed facts about Kidnapping"
3346,"undefined","undefined","undefined",1221,undefined,undefined,1,1,1,"Others","Detailed facts about Others"
3347,"undefined","undefined","undefined",1014,undefined,undefined,1,2,3,"Cybercrime","Detailed facts about Cybercrime"
3348,"undefined","undefined","undefined",1082,undefined,undefined,1,2,2,"Cybercrime","Detailed facts about Cybercrime"
3349,"undefined","undefined","undefined",1025,undefined,undefined,1,2,1,"Assault/Violent","Detailed facts about Assault/Violent"
3350,"undefined","undefined","undefined",1106,undefined,undefined,1,2,2,"Theft/Property","Detailed facts about Theft/Property"
3351,"undefined","undefined","undefined",1012,undefined,undefined,1,1,3,"Cybercrime","Detailed facts about Cybercrime"
3352,"undefined","undefined","undefined",1014,undefined,undefined,1,2,2,"Theft/Property","Detailed facts about Theft/Property"
3353,"undefined","undefined","undefined",1027,undefined,undefined,1,2,2,"Assault/Violent","Detailed facts about Assault/Violent"
3354,"undefined","undefined","undefined",1155,undefined,undefined,1,2,2,"Cybercrime","Detailed facts about Cybercrime"
3355,"undefined","undefined","undefined",1221,undefined,undefined,1,2,1,"Cybercrime","Detailed facts about Cybercrime"
3356,"undefined","undefined","undefined",1007,undefined,undefined,1,1,4,"Robbery/Dacoity","Detailed facts about Robbery/Dacoity"
3357,"undefined","undefined","undefined",1007,undefined,undefined,1,2,1,"Cybercrime","Detailed facts about Cybercrime"
3358,"undefined","undefined","undefined",1054,undefined,undefined,1,1,2,"Theft/Property","Detailed facts about Theft/Property"
3359,"undefined","undefined","undefined",1038,undefined,undefined,1,2,1,"Others","Detailed facts about Others"
3360,"undefined","undefined","undefined",1169,undefined,undefined,1,2,1,"Assault/Violent","Detailed facts about Assault/Violent"
3361,"undefined","undefined","undefined",1128,undefined,undefined,1,2,2,"Fraud/Cheating","Detailed facts about Fraud/Cheating"
3362,"undefined","undefined","undefined",1011,undefined,undefined,1,2,2,"Cybercrime","Detailed facts about Cybercrime"
3363,"undefined","undefined","undefined",1005,undefined,undefined,1,1,2,"Cybercrime","Detailed facts about Cybercrime"
3364,"undefined","undefined","undefined",1005,undefined,undefined,1,2,2,"Cybercrime","Detailed facts about Cybercrime"
3365,"undefined","undefined","undefined",1006,undefined,undefined,1,2,2,"Cybercrime","Detailed facts about Cybercrime"
3366,"undefined","undefined","undefined",1129,undefined,undefined,1,1,1,"Fraud/Cheating","Detailed facts about Fraud/Cheating"
3367,"undefined","undefined","undefined",1004,undefined,undefined,1,2,2,"Murder/Attempt","Detailed facts about Murder/Attempt"
3368,"undefined","undefined","undefined",1225,undefined,undefined,1,1,1,"Fraud/Cheating","Detailed facts about Fraud/Cheating"
3369,"undefined","undefined","undefined",1015,undefined,undefined,1,1,2,"Fraud/Cheating","Detailed facts about Fraud/Cheating"
3370,"undefined","undefined","undefined",1039,undefined,undefined,1,2,1,"Narcotics","Detailed facts about Narcotics"
3371,"undefined","undefined","undefined",1001,undefined,undefined,1,1,4,"Theft/Property","Detailed facts about Theft/Property"
3372,"undefined","undefined","undefined",1027,undefined,undefined,1,2,1,"Theft/Property","Detailed facts about Theft/Property"
3373,"undefined","undefined","undefined",1007,undefined,undefined,1,2,1,"Cybercrime","Detailed facts about Cybercrime"
3374,"undefined","undefined","undefined",1127,undefined,undefined,1,1,1,"Cybercrime","Detailed facts about Cybercrime"
3375,"undefined","undefined","undefined",1127,undefined,undefined,1,2,4,"Theft/Property","Detailed facts about Theft/Property"
3376,"undefined","undefined","undefined",1212,undefined,undefined,1,2,1,"Cybercrime","Detailed facts about Cybercrime"
3377,"undefined","undefined","undefined",1004,undefined,undefined,1,1,1,"Fraud/Cheating","Detailed facts about Fraud/Cheating"
3378,"undefined","undefined","undefined",1208,undefined,undefined,1,2,3,"Assault/Violent","Detailed facts about Assault/Violent"
3379,"undefined","undefined","undefined",1210,undefined,undefined,1,1,3,"Cybercrime","Detailed facts about Cybercrime"
3380,"undefined","undefined","undefined",1013,undefined,undefined,1,1,2,"Robbery/Dacoity","Detailed facts about Robbery/Dacoity"
3381,"undefined","undefined","undefined",1002,undefined,undefined,1,1,1,"Theft/Property","Detailed facts about Theft/Property"
3382,"undefined","undefined","undefined",1034,undefined,undefined,1,2,4,"Theft/Property","Detailed facts about Theft/Property"
3383,"undefined","undefined","undefined",1002,undefined,undefined,1,2,1,"Cybercrime","Detailed facts about Cybercrime"
3384,"undefined","undefined","undefined",1029,undefined,undefined,1,1,2,"Cybercrime","Detailed facts about Cybercrime"
3385,"undefined","undefined","undefined",1107,undefined,undefined,1,2,1,"Assault/Violent","Detailed facts about Assault/Violent"
3386,"undefined","undefined","undefined",1048,undefined,undefined,1,2,1,"Theft/Property","Detailed facts about Theft/Property"
3387,"undefined","undefined","undefined",1028,undefined,undefined,1,2,3,"Cybercrime","Detailed facts about Cybercrime"
3388,"undefined","undefined","undefined",1004,undefined,undefined,1,2,2,"Robbery/Dacoity","Detailed facts about Robbery/Dacoity"
3389,"undefined","undefined","undefined",1033,undefined,undefined,1,2,3,"Theft/Property","Detailed facts about Theft/Property"
3390,"undefined","undefined","undefined",1013,undefined,undefined,1,2,3,"Others","Detailed facts about Others"
3391,"undefined","undefined","undefined",1047,undefined,undefined,1,1,2,"Fraud/Cheating","Detailed facts about Fraud/Cheating"
3392,"undefined","undefined","undefined",1028,undefined,undefined,1,2,1,"Cybercrime","Detailed facts about Cybercrime"
3393,"undefined","undefined","undefined",1096,undefined,undefined,1,2,1,"Others","Detailed facts about Others"
3394,"undefined","undefined","undefined",1010,undefined,undefined,1,2,2,"Theft/Property","Detailed facts about Theft/Property"
3395,"undefined","undefined","undefined",1088,undefined,undefined,1,2,3,"Assault/Violent","Detailed facts about Assault/Violent"
3396,"undefined","undefined","undefined",1053,undefined,undefined,1,1,2,"Assault/Violent","Detailed facts about Assault/Violent"
3397,"undefined","undefined","undefined",1197,undefined,undefined,1,2,3,"Murder/Attempt","Detailed facts about Murder/Attempt"
3398,"undefined","undefined","undefined",1008,undefined,undefined,1,1,4,"Cybercrime","Detailed facts about Cybercrime"
3399,"undefined","undefined","undefined",1131,undefined,undefined,1,1,2,"Assault/Violent","Detailed facts about Assault/Violent"
3400,"undefined","undefined","undefined",1030,undefined,undefined,1,2,4,"Cybercrime","Detailed facts about Cybercrime"
3401,"undefined","undefined","undefined",1001,undefined,undefined,1,2,2,"Theft/Property","Detailed facts about Theft/Property"
3402,"undefined","undefined","undefined",1230,undefined,undefined,1,2,3,"Cybercrime","Detailed facts about Cybercrime"
3403,"undefined","undefined","undefined",1089,undefined,undefined,1,1,1,"Robbery/Dacoity","Detailed facts about Robbery/Dacoity"
3404,"undefined","undefined","undefined",1028,undefined,undefined,1,2,2,"Theft/Property","Detailed facts about Theft/Property"
3405,"undefined","undefined","undefined",1032,undefined,undefined,1,2,2,"Others","Detailed facts about Others"
3406,"undefined","undefined","undefined",1049,undefined,undefined,1,2,1,"Theft/Property","Detailed facts about Theft/Property"
3407,"undefined","undefined","undefined",1013,undefined,undefined,1,1,2,"Murder/Attempt","Detailed facts about Murder/Attempt"
3408,"undefined","undefined","undefined",1007,undefined,undefined,1,2,2,"Cybercrime","Detailed facts about Cybercrime"
3409,"undefined","undefined","undefined",1002,undefined,undefined,1,2,1,"Robbery/Dacoity","Detailed facts about Robbery/Dacoity"
3410,"undefined","undefined","undefined",1131,undefined,undefined,1,1,1,"Theft/Property","Detailed facts about Theft/Property"
3411,"undefined","undefined","undefined",1060,undefined,undefined,1,2,2,"Theft/Property","Detailed facts about Theft/Property"
3412,"undefined","undefined","undefined",1012,undefined,undefined,1,1,2,"Cybercrime","Detailed facts about Cybercrime"
3413,"undefined","undefined","undefined",1030,undefined,undefined,1,2,3,"Narcotics","Detailed facts about Narcotics"
3414,"undefined","undefined","undefined",1013,undefined,undefined,1,2,1,"Theft/Property","Detailed facts about Theft/Property"
3415,"undefined","undefined","undefined",1002,undefined,undefined,1,2,2,"Fraud/Cheating","Detailed facts about Fraud/Cheating"
3416,"undefined","undefined","undefined",1006,undefined,undefined,1,1,1,"Theft/Property","Detailed facts about Theft/Property"
3417,"undefined","undefined","undefined",1013,undefined,undefined,1,2,3,"Theft/Property","Detailed facts about Theft/Property"
3418,"undefined","undefined","undefined",1004,undefined,undefined,1,2,1,"Cybercrime","Detailed facts about Cybercrime"
3419,"undefined","undefined","undefined",1108,undefined,undefined,1,1,1,"Fraud/Cheating","Detailed facts about Fraud/Cheating"
3420,"undefined","undefined","undefined",1158,undefined,undefined,1,2,1,"Theft/Property","Detailed facts about Theft/Property"
3421,"undefined","undefined","undefined",1153,undefined,undefined,1,2,1,"Assault/Violent","Detailed facts about Assault/Violent"
3422,"undefined","undefined","undefined",1209,undefined,undefined,1,1,1,"Cybercrime","Detailed facts about Cybercrime"
3423,"undefined","undefined","undefined",1078,undefined,undefined,1,2,1,"Theft/Property","Detailed facts about Theft/Property"
3424,"undefined","undefined","undefined",1194,undefined,undefined,1,2,1,"Theft/Property","Detailed facts about Theft/Property"
3425,"undefined","undefined","undefined",1183,undefined,undefined,1,1,1,"Theft/Property","Detailed facts about Theft/Property"
3426,"undefined","undefined","undefined",1025,undefined,undefined,1,2,4,"Cybercrime","Detailed facts about Cybercrime"
3427,"undefined","undefined","undefined",1140,undefined,undefined,1,1,2,"Fraud/Cheating","Detailed facts about Fraud/Cheating"
3428,"undefined","undefined","undefined",1153,undefined,undefined,1,1,2,"Theft/Property","Detailed facts about Theft/Property"
3429,"undefined","undefined","undefined",1097,undefined,undefined,1,1,2,"Cybercrime","Detailed facts about Cybercrime"
3430,"undefined","undefined","undefined",1179,undefined,undefined,1,1,1,"Theft/Property","Detailed facts about Theft/Property"
3431,"undefined","undefined","undefined",1058,undefined,undefined,1,2,4,"Theft/Property","Detailed facts about Theft/Property"
3432,"undefined","undefined","undefined",1007,undefined,undefined,1,2,2,"Assault/Violent","Detailed facts about Assault/Violent"
3433,"undefined","undefined","undefined",1039,undefined,undefined,1,2,1,"Robbery/Dacoity","Detailed facts about Robbery/Dacoity"
3434,"undefined","undefined","undefined",1066,undefined,undefined,1,1,1,"Assault/Violent","Detailed facts about Assault/Violent"
3435,"undefined","undefined","undefined",1014,undefined,undefined,1,1,1,"Others","Detailed facts about Others"
3436,"undefined","undefined","undefined",1156,undefined,undefined,1,2,1,"Cybercrime","Detailed facts about Cybercrime"
3437,"undefined","undefined","undefined",1015,undefined,undefined,1,2,1,"Fraud/Cheating","Detailed facts about Fraud/Cheating"
3438,"undefined","undefined","undefined",1005,undefined,undefined,1,2,2,"Cybercrime","Detailed facts about Cybercrime"
3439,"undefined","undefined","undefined",1061,undefined,undefined,1,2,4,"Narcotics","Detailed facts about Narcotics"
3440,"undefined","undefined","undefined",1003,undefined,undefined,1,2,3,"Assault/Violent","Detailed facts about Assault/Violent"
3441,"undefined","undefined","undefined",1006,undefined,undefined,1,1,2,"Murder/Attempt","Detailed facts about Murder/Attempt"
3442,"undefined","undefined","undefined",1189,undefined,undefined,1,1,1,"Cybercrime","Detailed facts about Cybercrime"
3443,"undefined","undefined","undefined",1114,undefined,undefined,1,1,2,"Theft/Property","Detailed facts about Theft/Property"
3444,"undefined","undefined","undefined",1129,undefined,undefined,1,2,2,"Theft/Property","Detailed facts about Theft/Property"
3445,"undefined","undefined","undefined",1061,undefined,undefined,1,2,1,"Assault/Violent","Detailed facts about Assault/Violent"
3446,"undefined","undefined","undefined",1215,undefined,undefined,1,1,1,"Assault/Violent","Detailed facts about Assault/Violent"
3447,"undefined","undefined","undefined",1062,undefined,undefined,1,1,2,"Murder/Attempt","Detailed facts about Murder/Attempt"
3448,"undefined","undefined","undefined",1136,undefined,undefined,1,1,1,"Others","Detailed facts about Others"
3449,"undefined","undefined","undefined",1028,undefined,undefined,1,2,2,"Theft/Property","Detailed facts about Theft/Property"
3450,"undefined","undefined","undefined",1148,undefined,undefined,1,2,1,"Assault/Violent","Detailed facts about Assault/Violent"
3451,"undefined","undefined","undefined",1193,undefined,undefined,1,2,2,"Narcotics","Detailed facts about Narcotics"
3452,"undefined","undefined","undefined",1024,undefined,undefined,1,1,4,"Narcotics","Detailed facts about Narcotics"
3453,"undefined","undefined","undefined",1027,undefined,undefined,1,1,2,"Assault/Violent","Detailed facts about Assault/Violent"
3454,"undefined","undefined","undefined",1046,undefined,undefined,1,2,3,"Fraud/Cheating","Detailed facts about Fraud/Cheating"
3455,"undefined","undefined","undefined",1216,undefined,undefined,1,2,2,"Assault/Violent","Detailed facts about Assault/Violent"
3456,"undefined","undefined","undefined",1061,undefined,undefined,1,2,1,"Cybercrime","Detailed facts about Cybercrime"
3457,"undefined","undefined","undefined",1195,undefined,undefined,1,1,1,"Narcotics","Detailed facts about Narcotics"
3458,"undefined","undefined","undefined",1101,undefined,undefined,1,1,1,"Assault/Violent","Detailed facts about Assault/Violent"
3459,"undefined","undefined","undefined",1002,undefined,undefined,1,2,3,"Theft/Property","Detailed facts about Theft/Property"
3460,"undefined","undefined","undefined",1183,undefined,undefined,1,2,2,"Assault/Violent","Detailed facts about Assault/Violent"
3461,"undefined","undefined","undefined",1006,undefined,undefined,1,1,3,"Others","Detailed facts about Others"
3462,"undefined","undefined","undefined",1178,undefined,undefined,1,2,3,"Theft/Property","Detailed facts about Theft/Property"
3463,"undefined","undefined","undefined",1208,undefined,undefined,1,1,1,"Narcotics","Detailed facts about Narcotics"
3464,"undefined","undefined","undefined",1013,undefined,undefined,1,2,1,"Murder/Attempt","Detailed facts about Murder/Attempt"
3465,"undefined","undefined","undefined",1029,undefined,undefined,1,2,2,"Others","Detailed facts about Others"
3466,"undefined","undefined","undefined",1014,undefined,undefined,1,1,4,"Narcotics","Detailed facts about Narcotics"
3467,"undefined","undefined","undefined",1001,undefined,undefined,1,2,1,"Assault/Violent","Detailed facts about Assault/Violent"
3468,"undefined","undefined","undefined",1212,undefined,undefined,1,2,1,"Cybercrime","Detailed facts about Cybercrime"
3469,"undefined","undefined","undefined",1001,undefined,undefined,1,2,1,"Cybercrime","Detailed facts about Cybercrime"
3470,"undefined","undefined","undefined",1007,undefined,undefined,1,1,3,"Theft/Property","Detailed facts about Theft/Property"
3471,"undefined","undefined","undefined",1010,undefined,undefined,1,2,1,"Assault/Violent","Detailed facts about Assault/Violent"
3472,"undefined","undefined","undefined",1059,undefined,undefined,1,1,1,"Cybercrime","Detailed facts about Cybercrime"
3473,"undefined","undefined","undefined",1014,undefined,undefined,1,2,4,"Cybercrime","Detailed facts about Cybercrime"
3474,"undefined","undefined","undefined",1028,undefined,undefined,1,2,2,"Cybercrime","Detailed facts about Cybercrime"
3475,"undefined","undefined","undefined",1164,undefined,undefined,1,2,3,"Theft/Property","Detailed facts about Theft/Property"
3476,"undefined","undefined","undefined",1043,undefined,undefined,1,2,3,"Assault/Violent","Detailed facts about Assault/Violent"
3477,"undefined","undefined","undefined",1183,undefined,undefined,1,1,4,"Assault/Violent","Detailed facts about Assault/Violent"
3478,"undefined","undefined","undefined",1008,undefined,undefined,1,2,3,"Cybercrime","Detailed facts about Cybercrime"
3479,"undefined","undefined","undefined",1009,undefined,undefined,1,2,3,"Fraud/Cheating","Detailed facts about Fraud/Cheating"
3480,"undefined","undefined","undefined",1010,undefined,undefined,1,2,1,"Robbery/Dacoity","Detailed facts about Robbery/Dacoity"
3481,"undefined","undefined","undefined",1029,undefined,undefined,1,2,1,"Theft/Property","Detailed facts about Theft/Property"
3482,"undefined","undefined","undefined",1003,undefined,undefined,1,2,2,"Theft/Property","Detailed facts about Theft/Property"
3483,"undefined","undefined","undefined",1057,undefined,undefined,1,1,1,"Cybercrime","Detailed facts about Cybercrime"
3484,"undefined","undefined","undefined",1025,undefined,undefined,1,2,1,"Cybercrime","Detailed facts about Cybercrime"
3485,"undefined","undefined","undefined",1004,undefined,undefined,1,2,3,"Theft/Property","Detailed facts about Theft/Property"
3486,"undefined","undefined","undefined",1059,undefined,undefined,1,1,3,"Fraud/Cheating","Detailed facts about Fraud/Cheating"
3487,"undefined","undefined","undefined",1091,undefined,undefined,1,2,1,"Robbery/Dacoity","Detailed facts about Robbery/Dacoity"
3488,"undefined","undefined","undefined",1013,undefined,undefined,1,1,1,"Assault/Violent","Detailed facts about Assault/Violent"
3489,"undefined","undefined","undefined",1031,undefined,undefined,1,2,2,"Fraud/Cheating","Detailed facts about Fraud/Cheating"
3490,"undefined","undefined","undefined",1002,undefined,undefined,1,1,3,"Theft/Property","Detailed facts about Theft/Property"
3491,"undefined","undefined","undefined",1203,undefined,undefined,1,2,2,"Assault/Violent","Detailed facts about Assault/Violent"
3492,"undefined","undefined","undefined",1024,undefined,undefined,1,1,1,"Cybercrime","Detailed facts about Cybercrime"
3493,"undefined","undefined","undefined",1007,undefined,undefined,1,2,2,"Robbery/Dacoity","Detailed facts about Robbery/Dacoity"
3494,"undefined","undefined","undefined",1132,undefined,undefined,1,1,2,"Fraud/Cheating","Detailed facts about Fraud/Cheating"
3495,"undefined","undefined","undefined",1046,undefined,undefined,1,2,1,"Theft/Property","Detailed facts about Theft/Property"
3496,"undefined","undefined","undefined",1190,undefined,undefined,1,2,2,"Cybercrime","Detailed facts about Cybercrime"
3497,"undefined","undefined","undefined",1132,undefined,undefined,1,2,1,"Robbery/Dacoity","Detailed facts about Robbery/Dacoity"
3498,"undefined","undefined","undefined",1004,undefined,undefined,1,1,4,"Theft/Property","Detailed facts about Theft/Property"
3499,"undefined","undefined","undefined",1123,undefined,undefined,1,1,3,"Theft/Property","Detailed facts about Theft/Property"
3500,"undefined","undefined","undefined",1011,undefined,undefined,1,1,2,"Cybercrime","Detailed facts about Cybercrime"
3501,"undefined","undefined","undefined",1044,undefined,undefined,1,1,3,"Theft/Property","Detailed facts about Theft/Property"
3502,"undefined","undefined","undefined",1124,undefined,undefined,1,1,3,"Robbery/Dacoity","Detailed facts about Robbery/Dacoity"
3503,"undefined","undefined","undefined",1014,undefined,undefined,1,1,1,"Cybercrime","Detailed facts about Cybercrime"
3504,"undefined","undefined","undefined",1121,undefined,undefined,1,2,1,"Theft/Property","Detailed facts about Theft/Property"
3505,"undefined","undefined","undefined",1213,undefined,undefined,1,2,3,"Cybercrime","Detailed facts about Cybercrime"
3506,"undefined","undefined","undefined",1001,undefined,undefined,1,1,1,"Robbery/Dacoity","Detailed facts about Robbery/Dacoity"
3507,"undefined","undefined","undefined",1004,undefined,undefined,1,2,2,"Kidnapping","Detailed facts about Kidnapping"
3508,"undefined","undefined","undefined",1008,undefined,undefined,1,2,4,"Cybercrime","Detailed facts about Cybercrime"
3509,"undefined","undefined","undefined",1005,undefined,undefined,1,2,1,"Assault/Violent","Detailed facts about Assault/Violent"
3510,"undefined","undefined","undefined",1044,undefined,undefined,1,2,2,"Theft/Property","Detailed facts about Theft/Property"
3511,"undefined","undefined","undefined",1005,undefined,undefined,1,1,2,"Theft/Property","Detailed facts about Theft/Property"
3512,"undefined","undefined","undefined",1015,undefined,undefined,1,2,1,"Theft/Property","Detailed facts about Theft/Property"
3513,"undefined","undefined","undefined",1014,undefined,undefined,1,1,2,"Cybercrime","Detailed facts about Cybercrime"
3514,"undefined","undefined","undefined",1007,undefined,undefined,1,1,2,"Assault/Violent","Detailed facts about Assault/Violent"
3515,"undefined","undefined","undefined",1001,undefined,undefined,1,2,1,"Assault/Violent","Detailed facts about Assault/Violent"
3516,"undefined","undefined","undefined",1027,undefined,undefined,1,2,3,"Fraud/Cheating","Detailed facts about Fraud/Cheating"
3517,"undefined","undefined","undefined",1220,undefined,undefined,1,2,2,"Fraud/Cheating","Detailed facts about Fraud/Cheating"
3518,"undefined","undefined","undefined",1036,undefined,undefined,1,2,1,"Theft/Property","Detailed facts about Theft/Property"
3519,"undefined","undefined","undefined",1191,undefined,undefined,1,1,3,"Fraud/Cheating","Detailed facts about Fraud/Cheating"
3520,"undefined","undefined","undefined",1088,undefined,undefined,1,1,3,"Fraud/Cheating","Detailed facts about Fraud/Cheating"
3521,"undefined","undefined","undefined",1191,undefined,undefined,1,1,2,"Cybercrime","Detailed facts about Cybercrime"
3522,"undefined","undefined","undefined",1137,undefined,undefined,1,2,2,"Robbery/Dacoity","Detailed facts about Robbery/Dacoity"
3523,"undefined","undefined","undefined",1003,undefined,undefined,1,1,1,"Theft/Property","Detailed facts about Theft/Property"
3524,"undefined","undefined","undefined",1160,undefined,undefined,1,2,2,"Fraud/Cheating","Detailed facts about Fraud/Cheating"
3525,"undefined","undefined","undefined",1015,undefined,undefined,1,2,2,"Others","Detailed facts about Others"
3526,"undefined","undefined","undefined",1004,undefined,undefined,1,2,2,"Theft/Property","Detailed facts about Theft/Property"
3527,"undefined","undefined","undefined",1093,undefined,undefined,1,1,3,"Assault/Violent","Detailed facts about Assault/Violent"
3528,"undefined","undefined","undefined",1001,undefined,undefined,1,2,2,"Cybercrime","Detailed facts about Cybercrime"
3529,"undefined","undefined","undefined",1208,undefined,undefined,1,2,1,"Theft/Property","Detailed facts about Theft/Property"
3530,"undefined","undefined","undefined",1165,undefined,undefined,1,1,2,"Narcotics","Detailed facts about Narcotics"
3531,"undefined","undefined","undefined",1009,undefined,undefined,1,2,3,"Cybercrime","Detailed facts about Cybercrime"
3532,"undefined","undefined","undefined",1003,undefined,undefined,1,2,1,"Others","Detailed facts about Others"
3533,"undefined","undefined","undefined",1172,undefined,undefined,1,1,2,"Fraud/Cheating","Detailed facts about Fraud/Cheating"
3534,"undefined","undefined","undefined",1010,undefined,undefined,1,1,1,"Assault/Violent","Detailed facts about Assault/Violent"
3535,"undefined","undefined","undefined",1103,undefined,undefined,1,1,3,"Cybercrime","Detailed facts about Cybercrime"
3536,"undefined","undefined","undefined",1136,undefined,undefined,1,2,1,"Robbery/Dacoity","Detailed facts about Robbery/Dacoity"
3537,"undefined","undefined","undefined",1001,undefined,undefined,1,2,4,"Assault/Violent","Detailed facts about Assault/Violent"
3538,"undefined","undefined","undefined",1024,undefined,undefined,1,1,2,"Others","Detailed facts about Others"
3539,"undefined","undefined","undefined",1050,undefined,undefined,1,2,4,"Fraud/Cheating","Detailed facts about Fraud/Cheating"
3540,"undefined","undefined","undefined",1006,undefined,undefined,1,2,1,"Robbery/Dacoity","Detailed facts about Robbery/Dacoity"
3541,"undefined","undefined","undefined",1007,undefined,undefined,1,1,4,"Fraud/Cheating","Detailed facts about Fraud/Cheating"
3542,"undefined","undefined","undefined",1012,undefined,undefined,1,1,4,"Cybercrime","Detailed facts about Cybercrime"
3543,"undefined","undefined","undefined",1007,undefined,undefined,1,2,4,"Cybercrime","Detailed facts about Cybercrime"
3544,"undefined","undefined","undefined",1013,undefined,undefined,1,2,2,"Theft/Property","Detailed facts about Theft/Property"
3545,"undefined","undefined","undefined",1029,undefined,undefined,1,2,3,"Theft/Property","Detailed facts about Theft/Property"
3546,"undefined","undefined","undefined",1026,undefined,undefined,1,2,2,"Theft/Property","Detailed facts about Theft/Property"
3547,"undefined","undefined","undefined",1008,undefined,undefined,1,2,1,"Cybercrime","Detailed facts about Cybercrime"
3548,"undefined","undefined","undefined",1060,undefined,undefined,1,1,2,"Narcotics","Detailed facts about Narcotics"
3549,"undefined","undefined","undefined",1008,undefined,undefined,1,2,1,"Theft/Property","Detailed facts about Theft/Property"
3550,"undefined","undefined","undefined",1033,undefined,undefined,1,1,4,"Robbery/Dacoity","Detailed facts about Robbery/Dacoity"
3551,"undefined","undefined","undefined",1088,undefined,undefined,1,2,4,"Others","Detailed facts about Others"
3552,"undefined","undefined","undefined",1225,undefined,undefined,1,2,1,"Cybercrime","Detailed facts about Cybercrime"
3553,"undefined","undefined","undefined",1012,undefined,undefined,1,1,3,"Cybercrime","Detailed facts about Cybercrime"
3554,"undefined","undefined","undefined",1187,undefined,undefined,1,2,1,"Theft/Property","Detailed facts about Theft/Property"
3555,"undefined","undefined","undefined",1139,undefined,undefined,1,2,1,"Theft/Property","Detailed facts about Theft/Property"
3556,"undefined","undefined","undefined",1175,undefined,undefined,1,2,1,"Kidnapping","Detailed facts about Kidnapping"
3557,"undefined","undefined","undefined",1008,undefined,undefined,1,2,1,"Others","Detailed facts about Others"
3558,"undefined","undefined","undefined",1005,undefined,undefined,1,1,1,"Robbery/Dacoity","Detailed facts about Robbery/Dacoity"
3559,"undefined","undefined","undefined",1030,undefined,undefined,1,2,3,"Assault/Violent","Detailed facts about Assault/Violent"
3560,"undefined","undefined","undefined",1084,undefined,undefined,1,2,2,"Murder/Attempt","Detailed facts about Murder/Attempt"
3561,"undefined","undefined","undefined",1028,undefined,undefined,1,2,1,"Robbery/Dacoity","Detailed facts about Robbery/Dacoity"
3562,"undefined","undefined","undefined",1002,undefined,undefined,1,2,1,"Assault/Violent","Detailed facts about Assault/Violent"
3563,"undefined","undefined","undefined",1004,undefined,undefined,1,1,1,"Assault/Violent","Detailed facts about Assault/Violent"
3564,"undefined","undefined","undefined",1121,undefined,undefined,1,2,4,"Theft/Property","Detailed facts about Theft/Property"
3565,"undefined","undefined","undefined",1013,undefined,undefined,1,2,1,"Theft/Property","Detailed facts about Theft/Property"
3566,"undefined","undefined","undefined",1208,undefined,undefined,1,2,3,"Theft/Property","Detailed facts about Theft/Property"
3567,"undefined","undefined","undefined",1014,undefined,undefined,1,2,3,"Theft/Property","Detailed facts about Theft/Property"
3568,"undefined","undefined","undefined",1006,undefined,undefined,1,1,1,"Fraud/Cheating","Detailed facts about Fraud/Cheating"
3569,"undefined","undefined","undefined",1011,undefined,undefined,1,2,1,"Murder/Attempt","Detailed facts about Murder/Attempt"
3570,"undefined","undefined","undefined",1024,undefined,undefined,1,2,2,"Assault/Violent","Detailed facts about Assault/Violent"
3571,"undefined","undefined","undefined",1006,undefined,undefined,1,2,1,"Robbery/Dacoity","Detailed facts about Robbery/Dacoity"
3572,"undefined","undefined","undefined",1015,undefined,undefined,1,2,3,"Assault/Violent","Detailed facts about Assault/Violent"
3573,"undefined","undefined","undefined",1001,undefined,undefined,1,1,1,"Murder/Attempt","Detailed facts about Murder/Attempt"
3574,"undefined","undefined","undefined",1014,undefined,undefined,1,2,3,"Theft/Property","Detailed facts about Theft/Property"
3575,"undefined","undefined","undefined",1001,undefined,undefined,1,2,2,"Cybercrime","Detailed facts about Cybercrime"
3576,"undefined","undefined","undefined",1009,undefined,undefined,1,1,1,"Theft/Property","Detailed facts about Theft/Property"
3577,"undefined","undefined","undefined",1010,undefined,undefined,1,2,4,"Others","Detailed facts about Others"
3578,"undefined","undefined","undefined",1166,undefined,undefined,1,2,4,"Assault/Violent","Detailed facts about Assault/Violent"
3579,"undefined","undefined","undefined",1186,undefined,undefined,1,2,3,"Fraud/Cheating","Detailed facts about Fraud/Cheating"
3580,"undefined","undefined","undefined",1038,undefined,undefined,1,2,1,"Assault/Violent","Detailed facts about Assault/Violent"
3581,"undefined","undefined","undefined",1010,undefined,undefined,1,1,2,"Others","Detailed facts about Others"
3582,"undefined","undefined","undefined",1051,undefined,undefined,1,2,1,"Fraud/Cheating","Detailed facts about Fraud/Cheating"
3583,"undefined","undefined","undefined",1029,undefined,undefined,1,2,2,"Assault/Violent","Detailed facts about Assault/Violent"
3584,"undefined","undefined","undefined",1217,undefined,undefined,1,2,3,"Cybercrime","Detailed facts about Cybercrime"
3585,"undefined","undefined","undefined",1098,undefined,undefined,1,1,1,"Murder/Attempt","Detailed facts about Murder/Attempt"
3586,"undefined","undefined","undefined",1120,undefined,undefined,1,2,1,"Fraud/Cheating","Detailed facts about Fraud/Cheating"
3587,"undefined","undefined","undefined",1012,undefined,undefined,1,2,2,"Theft/Property","Detailed facts about Theft/Property"
3588,"undefined","undefined","undefined",1004,undefined,undefined,1,1,2,"Cybercrime","Detailed facts about Cybercrime"
3589,"undefined","undefined","undefined",1203,undefined,undefined,1,1,1,"Cybercrime","Detailed facts about Cybercrime"
3590,"undefined","undefined","undefined",1005,undefined,undefined,1,1,4,"Theft/Property","Detailed facts about Theft/Property"
3591,"undefined","undefined","undefined",1047,undefined,undefined,1,2,2,"Assault/Violent","Detailed facts about Assault/Violent"
3592,"undefined","undefined","undefined",1005,undefined,undefined,1,2,1,"Theft/Property","Detailed facts about Theft/Property"
3593,"undefined","undefined","undefined",1037,undefined,undefined,1,2,2,"Fraud/Cheating","Detailed facts about Fraud/Cheating"
3594,"undefined","undefined","undefined",1029,undefined,undefined,1,2,1,"Theft/Property","Detailed facts about Theft/Property"
3595,"undefined","undefined","undefined",1015,undefined,undefined,1,1,3,"Theft/Property","Detailed facts about Theft/Property"
3596,"undefined","undefined","undefined",1004,undefined,undefined,1,1,1,"Robbery/Dacoity","Detailed facts about Robbery/Dacoity"
3597,"undefined","undefined","undefined",1001,undefined,undefined,1,1,2,"Cybercrime","Detailed facts about Cybercrime"
3598,"undefined","undefined","undefined",1096,undefined,undefined,1,1,3,"Assault/Violent","Detailed facts about Assault/Violent"
3599,"undefined","undefined","undefined",1036,undefined,undefined,1,2,2,"Cybercrime","Detailed facts about Cybercrime"
3600,"undefined","undefined","undefined",1123,undefined,undefined,1,2,2,"Theft/Property","Detailed facts about Theft/Property"
3601,"undefined","undefined","undefined",1216,undefined,undefined,1,1,1,"Kidnapping","Detailed facts about Kidnapping"
3602,"undefined","undefined","undefined",1007,undefined,undefined,1,1,3,"Kidnapping","Detailed facts about Kidnapping"
3603,"undefined","undefined","undefined",1135,undefined,undefined,1,2,2,"Theft/Property","Detailed facts about Theft/Property"
3604,"undefined","undefined","undefined",1015,undefined,undefined,1,2,2,"Theft/Property","Detailed facts about Theft/Property"
3605,"undefined","undefined","undefined",1168,undefined,undefined,1,2,1,"Theft/Property","Detailed facts about Theft/Property"
3606,"undefined","undefined","undefined",1001,undefined,undefined,1,2,3,"Narcotics","Detailed facts about Narcotics"
3607,"undefined","undefined","undefined",1059,undefined,undefined,1,1,2,"Narcotics","Detailed facts about Narcotics"
3608,"undefined","undefined","undefined",1215,undefined,undefined,1,2,1,"Cybercrime","Detailed facts about Cybercrime"
3609,"undefined","undefined","undefined",1124,undefined,undefined,1,2,1,"Theft/Property","Detailed facts about Theft/Property"
3610,"undefined","undefined","undefined",1031,undefined,undefined,1,2,3,"Theft/Property","Detailed facts about Theft/Property"
3611,"undefined","undefined","undefined",1033,undefined,undefined,1,2,1,"Theft/Property","Detailed facts about Theft/Property"
3612,"undefined","undefined","undefined",1122,undefined,undefined,1,1,1,"Theft/Property","Detailed facts about Theft/Property"
3613,"undefined","undefined","undefined",1003,undefined,undefined,1,2,4,"Others","Detailed facts about Others"
3614,"undefined","undefined","undefined",1055,undefined,undefined,1,2,1,"Theft/Property","Detailed facts about Theft/Property"
3615,"undefined","undefined","undefined",1010,undefined,undefined,1,1,1,"Cybercrime","Detailed facts about Cybercrime"
3616,"undefined","undefined","undefined",1116,undefined,undefined,1,2,1,"Theft/Property","Detailed facts about Theft/Property"
3617,"undefined","undefined","undefined",1229,undefined,undefined,1,2,2,"Assault/Violent","Detailed facts about Assault/Violent"
3618,"undefined","undefined","undefined",1057,undefined,undefined,1,2,3,"Fraud/Cheating","Detailed facts about Fraud/Cheating"
3619,"undefined","undefined","undefined",1011,undefined,undefined,1,2,1,"Cybercrime","Detailed facts about Cybercrime"
3620,"undefined","undefined","undefined",1040,undefined,undefined,1,1,2,"Fraud/Cheating","Detailed facts about Fraud/Cheating"
3621,"undefined","undefined","undefined",1012,undefined,undefined,1,2,2,"Assault/Violent","Detailed facts about Assault/Violent"
3622,"undefined","undefined","undefined",1124,undefined,undefined,1,1,2,"Assault/Violent","Detailed facts about Assault/Violent"
3623,"undefined","undefined","undefined",1135,undefined,undefined,1,2,2,"Fraud/Cheating","Detailed facts about Fraud/Cheating"
3624,"undefined","undefined","undefined",1001,undefined,undefined,1,2,3,"Assault/Violent","Detailed facts about Assault/Violent"
3625,"undefined","undefined","undefined",1222,undefined,undefined,1,1,1,"Cybercrime","Detailed facts about Cybercrime"
3626,"undefined","undefined","undefined",1009,undefined,undefined,1,2,1,"Cybercrime","Detailed facts about Cybercrime"
3627,"undefined","undefined","undefined",1214,undefined,undefined,1,2,2,"Narcotics","Detailed facts about Narcotics"
3628,"undefined","undefined","undefined",1007,undefined,undefined,1,2,2,"Theft/Property","Detailed facts about Theft/Property"
3629,"undefined","undefined","undefined",1073,undefined,undefined,1,1,2,"Assault/Violent","Detailed facts about Assault/Violent"
3630,"undefined","undefined","undefined",1046,undefined,undefined,1,2,2,"Assault/Violent","Detailed facts about Assault/Violent"
3631,"undefined","undefined","undefined",1013,undefined,undefined,1,1,1,"Cybercrime","Detailed facts about Cybercrime"
3632,"undefined","undefined","undefined",1010,undefined,undefined,1,2,3,"Theft/Property","Detailed facts about Theft/Property"
3633,"undefined","undefined","undefined",1002,undefined,undefined,1,1,1,"Robbery/Dacoity","Detailed facts about Robbery/Dacoity"
3634,"undefined","undefined","undefined",1040,undefined,undefined,1,2,1,"Cybercrime","Detailed facts about Cybercrime"
3635,"undefined","undefined","undefined",1117,undefined,undefined,1,2,2,"Theft/Property","Detailed facts about Theft/Property"
3636,"undefined","undefined","undefined",1053,undefined,undefined,1,2,2,"Theft/Property","Detailed facts about Theft/Property"
3637,"undefined","undefined","undefined",1004,undefined,undefined,1,2,1,"Narcotics","Detailed facts about Narcotics"
3638,"undefined","undefined","undefined",1045,undefined,undefined,1,1,4,"Theft/Property","Detailed facts about Theft/Property"
3639,"undefined","undefined","undefined",1179,undefined,undefined,1,2,4,"Cybercrime","Detailed facts about Cybercrime"
3640,"undefined","undefined","undefined",1011,undefined,undefined,1,2,1,"Fraud/Cheating","Detailed facts about Fraud/Cheating"
3641,"undefined","undefined","undefined",1164,undefined,undefined,1,1,2,"Cybercrime","Detailed facts about Cybercrime"
3642,"undefined","undefined","undefined",1003,undefined,undefined,1,2,1,"Narcotics","Detailed facts about Narcotics"
3643,"undefined","undefined","undefined",1037,undefined,undefined,1,2,2,"Narcotics","Detailed facts about Narcotics"
3644,"undefined","undefined","undefined",1007,undefined,undefined,1,1,1,"Robbery/Dacoity","Detailed facts about Robbery/Dacoity"
3645,"undefined","undefined","undefined",1007,undefined,undefined,1,1,2,"Robbery/Dacoity","Detailed facts about Robbery/Dacoity"
3646,"undefined","undefined","undefined",1008,undefined,undefined,1,1,2,"Cybercrime","Detailed facts about Cybercrime"
3647,"undefined","undefined","undefined",1114,undefined,undefined,1,2,2,"Cybercrime","Detailed facts about Cybercrime"
3648,"undefined","undefined","undefined",1024,undefined,undefined,1,1,2,"Robbery/Dacoity","Detailed facts about Robbery/Dacoity"
3649,"undefined","undefined","undefined",1001,undefined,undefined,1,1,1,"Theft/Property","Detailed facts about Theft/Property"
3650,"undefined","undefined","undefined",1171,undefined,undefined,1,1,3,"Narcotics","Detailed facts about Narcotics"
3651,"undefined","undefined","undefined",1043,undefined,undefined,1,1,3,"Cybercrime","Detailed facts about Cybercrime"
3652,"undefined","undefined","undefined",1007,undefined,undefined,1,1,1,"Murder/Attempt","Detailed facts about Murder/Attempt"
3653,"undefined","undefined","undefined",1007,undefined,undefined,1,2,3,"Cybercrime","Detailed facts about Cybercrime"
3654,"undefined","undefined","undefined",1030,undefined,undefined,1,2,2,"Assault/Violent","Detailed facts about Assault/Violent"
3655,"undefined","undefined","undefined",1208,undefined,undefined,1,2,2,"Cybercrime","Detailed facts about Cybercrime"
3656,"undefined","undefined","undefined",1004,undefined,undefined,1,1,3,"Others","Detailed facts about Others"
3657,"undefined","undefined","undefined",1150,undefined,undefined,1,1,3,"Assault/Violent","Detailed facts about Assault/Violent"
3658,"undefined","undefined","undefined",1010,undefined,undefined,1,1,2,"Robbery/Dacoity","Detailed facts about Robbery/Dacoity"
3659,"undefined","undefined","undefined",1015,undefined,undefined,1,1,1,"Kidnapping","Detailed facts about Kidnapping"
3660,"undefined","undefined","undefined",1012,undefined,undefined,1,2,1,"Others","Detailed facts about Others"
3661,"undefined","undefined","undefined",1164,undefined,undefined,1,2,2,"Cybercrime","Detailed facts about Cybercrime"
3662,"undefined","undefined","undefined",1012,undefined,undefined,1,2,1,"Assault/Violent","Detailed facts about Assault/Violent"
3663,"undefined","undefined","undefined",1057,undefined,undefined,1,2,2,"Narcotics","Detailed facts about Narcotics"
3664,"undefined","undefined","undefined",1040,undefined,undefined,1,1,2,"Cybercrime","Detailed facts about Cybercrime"
3665,"undefined","undefined","undefined",1047,undefined,undefined,1,1,1,"Robbery/Dacoity","Detailed facts about Robbery/Dacoity"
3666,"undefined","undefined","undefined",1095,undefined,undefined,1,1,1,"Theft/Property","Detailed facts about Theft/Property"
3667,"undefined","undefined","undefined",1001,undefined,undefined,1,1,1,"Fraud/Cheating","Detailed facts about Fraud/Cheating"
3668,"undefined","undefined","undefined",1015,undefined,undefined,1,2,2,"Cybercrime","Detailed facts about Cybercrime"
3669,"undefined","undefined","undefined",1013,undefined,undefined,1,1,1,"Assault/Violent","Detailed facts about Assault/Violent"
3670,"undefined","undefined","undefined",1013,undefined,undefined,1,2,4,"Robbery/Dacoity","Detailed facts about Robbery/Dacoity"
3671,"undefined","undefined","undefined",1002,undefined,undefined,1,1,3,"Theft/Property","Detailed facts about Theft/Property"
3672,"undefined","undefined","undefined",1009,undefined,undefined,1,2,3,"Fraud/Cheating","Detailed facts about Fraud/Cheating"
3673,"undefined","undefined","undefined",1010,undefined,undefined,1,2,1,"Cybercrime","Detailed facts about Cybercrime"
3674,"undefined","undefined","undefined",1051,undefined,undefined,1,2,3,"Theft/Property","Detailed facts about Theft/Property"
3675,"undefined","undefined","undefined",1011,undefined,undefined,1,2,1,"Murder/Attempt","Detailed facts about Murder/Attempt"
3676,"undefined","undefined","undefined",1011,undefined,undefined,1,1,2,"Robbery/Dacoity","Detailed facts about Robbery/Dacoity"
3677,"undefined","undefined","undefined",1006,undefined,undefined,1,1,2,"Murder/Attempt","Detailed facts about Murder/Attempt"
3678,"undefined","undefined","undefined",1007,undefined,undefined,1,2,4,"Narcotics","Detailed facts about Narcotics"
3679,"undefined","undefined","undefined",1012,undefined,undefined,1,1,2,"Others","Detailed facts about Others"
3680,"undefined","undefined","undefined",1095,undefined,undefined,1,1,2,"Robbery/Dacoity","Detailed facts about Robbery/Dacoity"
3681,"undefined","undefined","undefined",1002,undefined,undefined,1,2,2,"Robbery/Dacoity","Detailed facts about Robbery/Dacoity"
3682,"undefined","undefined","undefined",1001,undefined,undefined,1,1,1,"Cybercrime","Detailed facts about Cybercrime"
3683,"undefined","undefined","undefined",1086,undefined,undefined,1,2,1,"Theft/Property","Detailed facts about Theft/Property"
3684,"undefined","undefined","undefined",1193,undefined,undefined,1,2,1,"Theft/Property","Detailed facts about Theft/Property"
3685,"undefined","undefined","undefined",1002,undefined,undefined,1,2,2,"Robbery/Dacoity","Detailed facts about Robbery/Dacoity"
3686,"undefined","undefined","undefined",1111,undefined,undefined,1,1,1,"Theft/Property","Detailed facts about Theft/Property"
3687,"undefined","undefined","undefined",1001,undefined,undefined,1,2,1,"Cybercrime","Detailed facts about Cybercrime"
3688,"undefined","undefined","undefined",1009,undefined,undefined,1,2,2,"Robbery/Dacoity","Detailed facts about Robbery/Dacoity"
3689,"undefined","undefined","undefined",1031,undefined,undefined,1,2,2,"Cybercrime","Detailed facts about Cybercrime"
3690,"undefined","undefined","undefined",1037,undefined,undefined,1,2,1,"Theft/Property","Detailed facts about Theft/Property"
3691,"undefined","undefined","undefined",1011,undefined,undefined,1,2,1,"Cybercrime","Detailed facts about Cybercrime"
3692,"undefined","undefined","undefined",1137,undefined,undefined,1,2,4,"Kidnapping","Detailed facts about Kidnapping"
3693,"undefined","undefined","undefined",1024,undefined,undefined,1,2,1,"Cybercrime","Detailed facts about Cybercrime"
3694,"undefined","undefined","undefined",1001,undefined,undefined,1,2,2,"Assault/Violent","Detailed facts about Assault/Violent"
3695,"undefined","undefined","undefined",1187,undefined,undefined,1,1,1,"Kidnapping","Detailed facts about Kidnapping"
3696,"undefined","undefined","undefined",1122,undefined,undefined,1,2,2,"Theft/Property","Detailed facts about Theft/Property"
3697,"undefined","undefined","undefined",1089,undefined,undefined,1,2,2,"Cybercrime","Detailed facts about Cybercrime"
3698,"undefined","undefined","undefined",1015,undefined,undefined,1,2,1,"Assault/Violent","Detailed facts about Assault/Violent"
3699,"undefined","undefined","undefined",1006,undefined,undefined,1,1,2,"Murder/Attempt","Detailed facts about Murder/Attempt"
3700,"undefined","undefined","undefined",1127,undefined,undefined,1,1,2,"Kidnapping","Detailed facts about Kidnapping"
3701,"undefined","undefined","undefined",1156,undefined,undefined,1,2,2,"Kidnapping","Detailed facts about Kidnapping"
3702,"undefined","undefined","undefined",1193,undefined,undefined,1,1,1,"Cybercrime","Detailed facts about Cybercrime"
3703,"undefined","undefined","undefined",1010,undefined,undefined,1,2,1,"Others","Detailed facts about Others"
3704,"undefined","undefined","undefined",1150,undefined,undefined,1,2,1,"Fraud/Cheating","Detailed facts about Fraud/Cheating"
3705,"undefined","undefined","undefined",1050,undefined,undefined,1,2,1,"Theft/Property","Detailed facts about Theft/Property"
3706,"undefined","undefined","undefined",1004,undefined,undefined,1,2,2,"Theft/Property","Detailed facts about Theft/Property"
3707,"undefined","undefined","undefined",1030,undefined,undefined,1,2,1,"Others","Detailed facts about Others"
3708,"undefined","undefined","undefined",1082,undefined,undefined,1,1,4,"Assault/Violent","Detailed facts about Assault/Violent"
3709,"undefined","undefined","undefined",1097,undefined,undefined,1,2,2,"Cybercrime","Detailed facts about Cybercrime"
3710,"undefined","undefined","undefined",1052,undefined,undefined,1,1,2,"Cybercrime","Detailed facts about Cybercrime"
3711,"undefined","undefined","undefined",1192,undefined,undefined,1,2,3,"Assault/Violent","Detailed facts about Assault/Violent"
3712,"undefined","undefined","undefined",1028,undefined,undefined,1,2,1,"Theft/Property","Detailed facts about Theft/Property"
3713,"undefined","undefined","undefined",1014,undefined,undefined,1,1,1,"Cybercrime","Detailed facts about Cybercrime"
3714,"undefined","undefined","undefined",1014,undefined,undefined,1,1,4,"Assault/Violent","Detailed facts about Assault/Violent"
3715,"undefined","undefined","undefined",1006,undefined,undefined,1,2,1,"Theft/Property","Detailed facts about Theft/Property"
3716,"undefined","undefined","undefined",1007,undefined,undefined,1,1,2,"Murder/Attempt","Detailed facts about Murder/Attempt"
3717,"undefined","undefined","undefined",1014,undefined,undefined,1,2,2,"Theft/Property","Detailed facts about Theft/Property"
3718,"undefined","undefined","undefined",1004,undefined,undefined,1,1,1,"Fraud/Cheating","Detailed facts about Fraud/Cheating"
3719,"undefined","undefined","undefined",1007,undefined,undefined,1,1,3,"Theft/Property","Detailed facts about Theft/Property"
3720,"undefined","undefined","undefined",1116,undefined,undefined,1,1,1,"Fraud/Cheating","Detailed facts about Fraud/Cheating"
3721,"undefined","undefined","undefined",1217,undefined,undefined,1,2,2,"Murder/Attempt","Detailed facts about Murder/Attempt"
3722,"undefined","undefined","undefined",1103,undefined,undefined,1,2,3,"Murder/Attempt","Detailed facts about Murder/Attempt"
3723,"undefined","undefined","undefined",1014,undefined,undefined,1,2,3,"Cybercrime","Detailed facts about Cybercrime"
3724,"undefined","undefined","undefined",1009,undefined,undefined,1,2,2,"Theft/Property","Detailed facts about Theft/Property"
3725,"undefined","undefined","undefined",1062,undefined,undefined,1,2,3,"Narcotics","Detailed facts about Narcotics"
3726,"undefined","undefined","undefined",1026,undefined,undefined,1,2,1,"Narcotics","Detailed facts about Narcotics"
3727,"undefined","undefined","undefined",1008,undefined,undefined,1,1,1,"Murder/Attempt","Detailed facts about Murder/Attempt"
3728,"undefined","undefined","undefined",1019,undefined,undefined,1,2,1,"Cybercrime","Detailed facts about Cybercrime"
3729,"undefined","undefined","undefined",1003,undefined,undefined,1,2,3,"Theft/Property","Detailed facts about Theft/Property"
3730,"undefined","undefined","undefined",1113,undefined,undefined,1,2,1,"Assault/Violent","Detailed facts about Assault/Violent"
3731,"undefined","undefined","undefined",1180,undefined,undefined,1,2,1,"Others","Detailed facts about Others"
3732,"undefined","undefined","undefined",1022,undefined,undefined,1,2,2,"Kidnapping","Detailed facts about Kidnapping"
3733,"undefined","undefined","undefined",1019,undefined,undefined,1,1,2,"Theft/Property","Detailed facts about Theft/Property"
3734,"undefined","undefined","undefined",1159,undefined,undefined,1,2,1,"Cybercrime","Detailed facts about Cybercrime"
3735,"undefined","undefined","undefined",1045,undefined,undefined,1,2,1,"Cybercrime","Detailed facts about Cybercrime"
3736,"undefined","undefined","undefined",1151,undefined,undefined,1,2,2,"Assault/Violent","Detailed facts about Assault/Violent"
3737,"undefined","undefined","undefined",1004,undefined,undefined,1,2,1,"Assault/Violent","Detailed facts about Assault/Violent"
3738,"undefined","undefined","undefined",1010,undefined,undefined,1,1,1,"Cybercrime","Detailed facts about Cybercrime"
3739,"undefined","undefined","undefined",1030,undefined,undefined,1,1,2,"Narcotics","Detailed facts about Narcotics"
3740,"undefined","undefined","undefined",1042,undefined,undefined,1,2,1,"Cybercrime","Detailed facts about Cybercrime"
3741,"undefined","undefined","undefined",1122,undefined,undefined,1,2,1,"Cybercrime","Detailed facts about Cybercrime"
3742,"undefined","undefined","undefined",1048,undefined,undefined,1,1,1,"Robbery/Dacoity","Detailed facts about Robbery/Dacoity"
3743,"undefined","undefined","undefined",1210,undefined,undefined,1,2,3,"Theft/Property","Detailed facts about Theft/Property"
3744,"undefined","undefined","undefined",1012,undefined,undefined,1,1,2,"Cybercrime","Detailed facts about Cybercrime"
3745,"undefined","undefined","undefined",1064,undefined,undefined,1,2,3,"Others","Detailed facts about Others"
3746,"undefined","undefined","undefined",1075,undefined,undefined,1,1,2,"Fraud/Cheating","Detailed facts about Fraud/Cheating"
3747,"undefined","undefined","undefined",1053,undefined,undefined,1,1,4,"Cybercrime","Detailed facts about Cybercrime"
3748,"undefined","undefined","undefined",1058,undefined,undefined,1,1,1,"Theft/Property","Detailed facts about Theft/Property"
3749,"undefined","undefined","undefined",1007,undefined,undefined,1,2,2,"Assault/Violent","Detailed facts about Assault/Violent"
3750,"undefined","undefined","undefined",1083,undefined,undefined,1,2,2,"Others","Detailed facts about Others"
3751,"undefined","undefined","undefined",1053,undefined,undefined,1,2,2,"Cybercrime","Detailed facts about Cybercrime"
3752,"undefined","undefined","undefined",1011,undefined,undefined,1,2,1,"Cybercrime","Detailed facts about Cybercrime"
3753,"undefined","undefined","undefined",1076,undefined,undefined,1,2,4,"Cybercrime","Detailed facts about Cybercrime"
3754,"undefined","undefined","undefined",1009,undefined,undefined,1,2,2,"Narcotics","Detailed facts about Narcotics"
3755,"undefined","undefined","undefined",1037,undefined,undefined,1,2,2,"Robbery/Dacoity","Detailed facts about Robbery/Dacoity"
3756,"undefined","undefined","undefined",1225,undefined,undefined,1,2,3,"Cybercrime","Detailed facts about Cybercrime"
3757,"undefined","undefined","undefined",1207,undefined,undefined,1,2,3,"Assault/Violent","Detailed facts about Assault/Violent"
3758,"undefined","undefined","undefined",1094,undefined,undefined,1,1,2,"Assault/Violent","Detailed facts about Assault/Violent"
3759,"undefined","undefined","undefined",1150,undefined,undefined,1,2,3,"Cybercrime","Detailed facts about Cybercrime"
3760,"undefined","undefined","undefined",1026,undefined,undefined,1,2,3,"Assault/Violent","Detailed facts about Assault/Violent"
3761,"undefined","undefined","undefined",1110,undefined,undefined,1,1,1,"Narcotics","Detailed facts about Narcotics"
3762,"undefined","undefined","undefined",1039,undefined,undefined,1,1,1,"Theft/Property","Detailed facts about Theft/Property"
3763,"undefined","undefined","undefined",1178,undefined,undefined,1,2,2,"Assault/Violent","Detailed facts about Assault/Violent"
3764,"undefined","undefined","undefined",1031,undefined,undefined,1,2,1,"Others","Detailed facts about Others"
3765,"undefined","undefined","undefined",1004,undefined,undefined,1,2,1,"Theft/Property","Detailed facts about Theft/Property"
3766,"undefined","undefined","undefined",1057,undefined,undefined,1,2,1,"Murder/Attempt","Detailed facts about Murder/Attempt"
3767,"undefined","undefined","undefined",1014,undefined,undefined,1,2,4,"Cybercrime","Detailed facts about Cybercrime"
3768,"undefined","undefined","undefined",1007,undefined,undefined,1,2,2,"Fraud/Cheating","Detailed facts about Fraud/Cheating"
3769,"undefined","undefined","undefined",1032,undefined,undefined,1,2,2,"Cybercrime","Detailed facts about Cybercrime"
3770,"undefined","undefined","undefined",1166,undefined,undefined,1,2,2,"Theft/Property","Detailed facts about Theft/Property"
3771,"undefined","undefined","undefined",1014,undefined,undefined,1,2,3,"Robbery/Dacoity","Detailed facts about Robbery/Dacoity"
3772,"undefined","undefined","undefined",1002,undefined,undefined,1,1,2,"Fraud/Cheating","Detailed facts about Fraud/Cheating"
3773,"undefined","undefined","undefined",1108,undefined,undefined,1,1,2,"Robbery/Dacoity","Detailed facts about Robbery/Dacoity"
3774,"undefined","undefined","undefined",1214,undefined,undefined,1,1,1,"Cybercrime","Detailed facts about Cybercrime"
3775,"undefined","undefined","undefined",1001,undefined,undefined,1,2,1,"Theft/Property","Detailed facts about Theft/Property"
3776,"undefined","undefined","undefined",1002,undefined,undefined,1,1,1,"Fraud/Cheating","Detailed facts about Fraud/Cheating"
3777,"undefined","undefined","undefined",1056,undefined,undefined,1,2,1,"Murder/Attempt","Detailed facts about Murder/Attempt"
3778,"undefined","undefined","undefined",1064,undefined,undefined,1,2,2,"Assault/Violent","Detailed facts about Assault/Violent"
3779,"undefined","undefined","undefined",1227,undefined,undefined,1,2,3,"Murder/Attempt","Detailed facts about Murder/Attempt"
3780,"undefined","undefined","undefined",1120,undefined,undefined,1,2,1,"Cybercrime","Detailed facts about Cybercrime"
3781,"undefined","undefined","undefined",1055,undefined,undefined,1,2,2,"Assault/Violent","Detailed facts about Assault/Violent"
3782,"undefined","undefined","undefined",1059,undefined,undefined,1,2,2,"Cybercrime","Detailed facts about Cybercrime"
3783,"undefined","undefined","undefined",1035,undefined,undefined,1,2,2,"Cybercrime","Detailed facts about Cybercrime"
3784,"undefined","undefined","undefined",1025,undefined,undefined,1,2,3,"Others","Detailed facts about Others"
3785,"undefined","undefined","undefined",1165,undefined,undefined,1,1,1,"Assault/Violent","Detailed facts about Assault/Violent"
3786,"undefined","undefined","undefined",1046,undefined,undefined,1,2,1,"Fraud/Cheating","Detailed facts about Fraud/Cheating"
3787,"undefined","undefined","undefined",1166,undefined,undefined,1,2,3,"Robbery/Dacoity","Detailed facts about Robbery/Dacoity"
3788,"undefined","undefined","undefined",1015,undefined,undefined,1,1,3,"Theft/Property","Detailed facts about Theft/Property"
3789,"undefined","undefined","undefined",1008,undefined,undefined,1,1,3,"Robbery/Dacoity","Detailed facts about Robbery/Dacoity"
3790,"undefined","undefined","undefined",1142,undefined,undefined,1,2,2,"Others","Detailed facts about Others"
3791,"undefined","undefined","undefined",1002,undefined,undefined,1,2,2,"Theft/Property","Detailed facts about Theft/Property"
3792,"undefined","undefined","undefined",1004,undefined,undefined,1,2,4,"Kidnapping","Detailed facts about Kidnapping"
3793,"undefined","undefined","undefined",1052,undefined,undefined,1,2,2,"Robbery/Dacoity","Detailed facts about Robbery/Dacoity"
3794,"undefined","undefined","undefined",1002,undefined,undefined,1,2,1,"Cybercrime","Detailed facts about Cybercrime"
3795,"undefined","undefined","undefined",1185,undefined,undefined,1,1,1,"Theft/Property","Detailed facts about Theft/Property"
3796,"undefined","undefined","undefined",1212,undefined,undefined,1,2,1,"Theft/Property","Detailed facts about Theft/Property"
3797,"undefined","undefined","undefined",1032,undefined,undefined,1,1,1,"Theft/Property","Detailed facts about Theft/Property"
3798,"undefined","undefined","undefined",1054,undefined,undefined,1,2,2,"Theft/Property","Detailed facts about Theft/Property"
3799,"undefined","undefined","undefined",1061,undefined,undefined,1,1,2,"Theft/Property","Detailed facts about Theft/Property"
3800,"undefined","undefined","undefined",1009,undefined,undefined,1,2,2,"Fraud/Cheating","Detailed facts about Fraud/Cheating"
3801,"undefined","undefined","undefined",1014,undefined,undefined,1,1,3,"Narcotics","Detailed facts about Narcotics"
3802,"undefined","undefined","undefined",1215,undefined,undefined,1,2,2,"Cybercrime","Detailed facts about Cybercrime"
3803,"undefined","undefined","undefined",1012,undefined,undefined,1,2,1,"Narcotics","Detailed facts about Narcotics"
3804,"undefined","undefined","undefined",1042,undefined,undefined,1,1,4,"Cybercrime","Detailed facts about Cybercrime"
3805,"undefined","undefined","undefined",1030,undefined,undefined,1,2,4,"Cybercrime","Detailed facts about Cybercrime"
3806,"undefined","undefined","undefined",1002,undefined,undefined,1,1,1,"Murder/Attempt","Detailed facts about Murder/Attempt"
3807,"undefined","undefined","undefined",1094,undefined,undefined,1,2,1,"Assault/Violent","Detailed facts about Assault/Violent"
3808,"undefined","undefined","undefined",1048,undefined,undefined,1,1,1,"Theft/Property","Detailed facts about Theft/Property"
3809,"undefined","undefined","undefined",1006,undefined,undefined,1,2,3,"Theft/Property","Detailed facts about Theft/Property"
3810,"undefined","undefined","undefined",1004,undefined,undefined,1,1,1,"Theft/Property","Detailed facts about Theft/Property"
3811,"undefined","undefined","undefined",1015,undefined,undefined,1,2,2,"Assault/Violent","Detailed facts about Assault/Violent"
3812,"undefined","undefined","undefined",1028,undefined,undefined,1,1,2,"Theft/Property","Detailed facts about Theft/Property"
3813,"undefined","undefined","undefined",1011,undefined,undefined,1,1,1,"Cybercrime","Detailed facts about Cybercrime"
3814,"undefined","undefined","undefined",1013,undefined,undefined,1,2,2,"Assault/Violent","Detailed facts about Assault/Violent"
3815,"undefined","undefined","undefined",1010,undefined,undefined,1,2,2,"Cybercrime","Detailed facts about Cybercrime"
3816,"undefined","undefined","undefined",1012,undefined,undefined,1,2,1,"Robbery/Dacoity","Detailed facts about Robbery/Dacoity"
3817,"undefined","undefined","undefined",1016,undefined,undefined,1,2,4,"Theft/Property","Detailed facts about Theft/Property"
3818,"undefined","undefined","undefined",1091,undefined,undefined,1,2,2,"Narcotics","Detailed facts about Narcotics"
3819,"undefined","undefined","undefined",1008,undefined,undefined,1,2,1,"Theft/Property","Detailed facts about Theft/Property"
3820,"undefined","undefined","undefined",1009,undefined,undefined,1,1,4,"Cybercrime","Detailed facts about Cybercrime"
3821,"undefined","undefined","undefined",1064,undefined,undefined,1,2,3,"Theft/Property","Detailed facts about Theft/Property"
3822,"undefined","undefined","undefined",1151,undefined,undefined,1,2,1,"Cybercrime","Detailed facts about Cybercrime"
3823,"undefined","undefined","undefined",1029,undefined,undefined,1,2,1,"Theft/Property","Detailed facts about Theft/Property"
3824,"undefined","undefined","undefined",1101,undefined,undefined,1,2,1,"Cybercrime","Detailed facts about Cybercrime"
3825,"undefined","undefined","undefined",1029,undefined,undefined,1,2,2,"Cybercrime","Detailed facts about Cybercrime"
3826,"undefined","undefined","undefined",1001,undefined,undefined,1,1,4,"Robbery/Dacoity","Detailed facts about Robbery/Dacoity"
3827,"undefined","undefined","undefined",1015,undefined,undefined,1,2,1,"Cybercrime","Detailed facts about Cybercrime"
3828,"undefined","undefined","undefined",1007,undefined,undefined,1,1,3,"Robbery/Dacoity","Detailed facts about Robbery/Dacoity"
3829,"undefined","undefined","undefined",1194,undefined,undefined,1,1,3,"Assault/Violent","Detailed facts about Assault/Violent"
3830,"undefined","undefined","undefined",1112,undefined,undefined,1,1,2,"Cybercrime","Detailed facts about Cybercrime"
3831,"undefined","undefined","undefined",1003,undefined,undefined,1,2,4,"Assault/Violent","Detailed facts about Assault/Violent"
3832,"undefined","undefined","undefined",1031,undefined,undefined,1,1,2,"Theft/Property","Detailed facts about Theft/Property"
3833,"undefined","undefined","undefined",1010,undefined,undefined,1,2,2,"Assault/Violent","Detailed facts about Assault/Violent"
3834,"undefined","undefined","undefined",1031,undefined,undefined,1,2,2,"Kidnapping","Detailed facts about Kidnapping"
3835,"undefined","undefined","undefined",1028,undefined,undefined,1,2,2,"Theft/Property","Detailed facts about Theft/Property"
3836,"undefined","undefined","undefined",1001,undefined,undefined,1,2,1,"Cybercrime","Detailed facts about Cybercrime"
3837,"undefined","undefined","undefined",1002,undefined,undefined,1,2,3,"Cybercrime","Detailed facts about Cybercrime"
3838,"undefined","undefined","undefined",1061,undefined,undefined,1,1,2,"Cybercrime","Detailed facts about Cybercrime"
3839,"undefined","undefined","undefined",1081,undefined,undefined,1,2,1,"Theft/Property","Detailed facts about Theft/Property"
3840,"undefined","undefined","undefined",1053,undefined,undefined,1,2,1,"Cybercrime","Detailed facts about Cybercrime"
3841,"undefined","undefined","undefined",1007,undefined,undefined,1,2,1,"Cybercrime","Detailed facts about Cybercrime"
3842,"undefined","undefined","undefined",1012,undefined,undefined,1,2,1,"Cybercrime","Detailed facts about Cybercrime"
3843,"undefined","undefined","undefined",1070,undefined,undefined,1,1,2,"Cybercrime","Detailed facts about Cybercrime"
3844,"undefined","undefined","undefined",1059,undefined,undefined,1,2,3,"Cybercrime","Detailed facts about Cybercrime"
3845,"undefined","undefined","undefined",1014,undefined,undefined,1,2,1,"Assault/Violent","Detailed facts about Assault/Violent"
3846,"undefined","undefined","undefined",1011,undefined,undefined,1,2,4,"Cybercrime","Detailed facts about Cybercrime"
3847,"undefined","undefined","undefined",1024,undefined,undefined,1,2,2,"Murder/Attempt","Detailed facts about Murder/Attempt"
3848,"undefined","undefined","undefined",1171,undefined,undefined,1,2,3,"Kidnapping","Detailed facts about Kidnapping"
3849,"undefined","undefined","undefined",1031,undefined,undefined,1,2,2,"Fraud/Cheating","Detailed facts about Fraud/Cheating"
3850,"undefined","undefined","undefined",1004,undefined,undefined,1,2,2,"Robbery/Dacoity","Detailed facts about Robbery/Dacoity"
3851,"undefined","undefined","undefined",1081,undefined,undefined,1,2,1,"Others","Detailed facts about Others"
3852,"undefined","undefined","undefined",1214,undefined,undefined,1,2,1,"Cybercrime","Detailed facts about Cybercrime"
3853,"undefined","undefined","undefined",1045,undefined,undefined,1,2,3,"Cybercrime","Detailed facts about Cybercrime"
3854,"undefined","undefined","undefined",1012,undefined,undefined,1,2,2,"Cybercrime","Detailed facts about Cybercrime"
3855,"undefined","undefined","undefined",1031,undefined,undefined,1,2,1,"Theft/Property","Detailed facts about Theft/Property"
3856,"undefined","undefined","undefined",1001,undefined,undefined,1,1,1,"Robbery/Dacoity","Detailed facts about Robbery/Dacoity"
3857,"undefined","undefined","undefined",1159,undefined,undefined,1,2,2,"Robbery/Dacoity","Detailed facts about Robbery/Dacoity"
3858,"undefined","undefined","undefined",1046,undefined,undefined,1,2,2,"Robbery/Dacoity","Detailed facts about Robbery/Dacoity"
3859,"undefined","undefined","undefined",1005,undefined,undefined,1,1,3,"Others","Detailed facts about Others"
3860,"undefined","undefined","undefined",1014,undefined,undefined,1,2,2,"Fraud/Cheating","Detailed facts about Fraud/Cheating"
3861,"undefined","undefined","undefined",1200,undefined,undefined,1,2,4,"Murder/Attempt","Detailed facts about Murder/Attempt"
3862,"undefined","undefined","undefined",1188,undefined,undefined,1,2,3,"Cybercrime","Detailed facts about Cybercrime"
3863,"undefined","undefined","undefined",1032,undefined,undefined,1,2,1,"Cybercrime","Detailed facts about Cybercrime"
3864,"undefined","undefined","undefined",1211,undefined,undefined,1,1,2,"Theft/Property","Detailed facts about Theft/Property"
3865,"undefined","undefined","undefined",1156,undefined,undefined,1,2,3,"Cybercrime","Detailed facts about Cybercrime"
3866,"undefined","undefined","undefined",1031,undefined,undefined,1,2,1,"Cybercrime","Detailed facts about Cybercrime"
3867,"undefined","undefined","undefined",1085,undefined,undefined,1,1,3,"Cybercrime","Detailed facts about Cybercrime"
3868,"undefined","undefined","undefined",1156,undefined,undefined,1,1,1,"Cybercrime","Detailed facts about Cybercrime"
3869,"undefined","undefined","undefined",1030,undefined,undefined,1,2,4,"Narcotics","Detailed facts about Narcotics"
3870,"undefined","undefined","undefined",1024,undefined,undefined,1,2,1,"Theft/Property","Detailed facts about Theft/Property"
3871,"undefined","undefined","undefined",1054,undefined,undefined,1,2,1,"Narcotics","Detailed facts about Narcotics"
3872,"undefined","undefined","undefined",1013,undefined,undefined,1,2,1,"Murder/Attempt","Detailed facts about Murder/Attempt"
3873,"undefined","undefined","undefined",1004,undefined,undefined,1,2,1,"Theft/Property","Detailed facts about Theft/Property"
3874,"undefined","undefined","undefined",1012,undefined,undefined,1,2,1,"Others","Detailed facts about Others"
3875,"undefined","undefined","undefined",1035,undefined,undefined,1,1,1,"Others","Detailed facts about Others"
3876,"undefined","undefined","undefined",1117,undefined,undefined,1,2,1,"Robbery/Dacoity","Detailed facts about Robbery/Dacoity"
3877,"undefined","undefined","undefined",1006,undefined,undefined,1,2,4,"Cybercrime","Detailed facts about Cybercrime"
3878,"undefined","undefined","undefined",1049,undefined,undefined,1,1,3,"Assault/Violent","Detailed facts about Assault/Violent"
3879,"undefined","undefined","undefined",1011,undefined,undefined,1,2,4,"Assault/Violent","Detailed facts about Assault/Violent"
3880,"undefined","undefined","undefined",1007,undefined,undefined,1,2,1,"Kidnapping","Detailed facts about Kidnapping"
3881,"undefined","undefined","undefined",1006,undefined,undefined,1,2,1,"Assault/Violent","Detailed facts about Assault/Violent"
3882,"undefined","undefined","undefined",1160,undefined,undefined,1,2,2,"Kidnapping","Detailed facts about Kidnapping"
3883,"undefined","undefined","undefined",1013,undefined,undefined,1,2,2,"Murder/Attempt","Detailed facts about Murder/Attempt"
3884,"undefined","undefined","undefined",1063,undefined,undefined,1,2,1,"Others","Detailed facts about Others"
3885,"undefined","undefined","undefined",1202,undefined,undefined,1,2,1,"Robbery/Dacoity","Detailed facts about Robbery/Dacoity"
3886,"undefined","undefined","undefined",1168,undefined,undefined,1,1,2,"Robbery/Dacoity","Detailed facts about Robbery/Dacoity"
3887,"undefined","undefined","undefined",1012,undefined,undefined,1,2,1,"Cybercrime","Detailed facts about Cybercrime"
3888,"undefined","undefined","undefined",1028,undefined,undefined,1,1,2,"Fraud/Cheating","Detailed facts about Fraud/Cheating"
3889,"undefined","undefined","undefined",1013,undefined,undefined,1,2,3,"Cybercrime","Detailed facts about Cybercrime"
3890,"undefined","undefined","undefined",1011,undefined,undefined,1,1,4,"Cybercrime","Detailed facts about Cybercrime"
3891,"undefined","undefined","undefined",1035,undefined,undefined,1,2,2,"Theft/Property","Detailed facts about Theft/Property"
3892,"undefined","undefined","undefined",1136,undefined,undefined,1,2,2,"Fraud/Cheating","Detailed facts about Fraud/Cheating"
3893,"undefined","undefined","undefined",1018,undefined,undefined,1,1,1,"Cybercrime","Detailed facts about Cybercrime"
3894,"undefined","undefined","undefined",1083,undefined,undefined,1,2,3,"Assault/Violent","Detailed facts about Assault/Violent"
3895,"undefined","undefined","undefined",1048,undefined,undefined,1,1,2,"Narcotics","Detailed facts about Narcotics"
3896,"undefined","undefined","undefined",1004,undefined,undefined,1,2,2,"Robbery/Dacoity","Detailed facts about Robbery/Dacoity"
3897,"undefined","undefined","undefined",1177,undefined,undefined,1,1,1,"Theft/Property","Detailed facts about Theft/Property"
3898,"undefined","undefined","undefined",1039,undefined,undefined,1,2,1,"Theft/Property","Detailed facts about Theft/Property"
3899,"undefined","undefined","undefined",1009,undefined,undefined,1,2,3,"Cybercrime","Detailed facts about Cybercrime"
3900,"undefined","undefined","undefined",1003,undefined,undefined,1,1,1,"Narcotics","Detailed facts about Narcotics"
3901,"undefined","undefined","undefined",1014,undefined,undefined,1,2,1,"Theft/Property","Detailed facts about Theft/Property"
3902,"undefined","undefined","undefined",1104,undefined,undefined,1,1,3,"Cybercrime","Detailed facts about Cybercrime"
3903,"undefined","undefined","undefined",1003,undefined,undefined,1,2,1,"Assault/Violent","Detailed facts about Assault/Violent"
3904,"undefined","undefined","undefined",1049,undefined,undefined,1,1,2,"Fraud/Cheating","Detailed facts about Fraud/Cheating"
3905,"undefined","undefined","undefined",1064,undefined,undefined,1,2,1,"Theft/Property","Detailed facts about Theft/Property"
3906,"undefined","undefined","undefined",1012,undefined,undefined,1,2,4,"Others","Detailed facts about Others"
3907,"undefined","undefined","undefined",1013,undefined,undefined,1,2,2,"Narcotics","Detailed facts about Narcotics"
3908,"undefined","undefined","undefined",1039,undefined,undefined,1,2,1,"Cybercrime","Detailed facts about Cybercrime"
3909,"undefined","undefined","undefined",1015,undefined,undefined,1,1,3,"Fraud/Cheating","Detailed facts about Fraud/Cheating"
3910,"undefined","undefined","undefined",1141,undefined,undefined,1,2,2,"Others","Detailed facts about Others"
3911,"undefined","undefined","undefined",1106,undefined,undefined,1,2,1,"Fraud/Cheating","Detailed facts about Fraud/Cheating"
3912,"undefined","undefined","undefined",1004,undefined,undefined,1,2,2,"Theft/Property","Detailed facts about Theft/Property"
3913,"undefined","undefined","undefined",1031,undefined,undefined,1,1,1,"Fraud/Cheating","Detailed facts about Fraud/Cheating"
3914,"undefined","undefined","undefined",1010,undefined,undefined,1,1,2,"Cybercrime","Detailed facts about Cybercrime"
3915,"undefined","undefined","undefined",1011,undefined,undefined,1,1,4,"Cybercrime","Detailed facts about Cybercrime"
3916,"undefined","undefined","undefined",1005,undefined,undefined,1,2,1,"Others","Detailed facts about Others"
3917,"undefined","undefined","undefined",1110,undefined,undefined,1,2,3,"Murder/Attempt","Detailed facts about Murder/Attempt"
3918,"undefined","undefined","undefined",1006,undefined,undefined,1,2,3,"Cybercrime","Detailed facts about Cybercrime"
3919,"undefined","undefined","undefined",1086,undefined,undefined,1,2,4,"Assault/Violent","Detailed facts about Assault/Violent"
3920,"undefined","undefined","undefined",1002,undefined,undefined,1,2,2,"Fraud/Cheating","Detailed facts about Fraud/Cheating"
3921,"undefined","undefined","undefined",1025,undefined,undefined,1,2,4,"Others","Detailed facts about Others"
3922,"undefined","undefined","undefined",1169,undefined,undefined,1,1,4,"Fraud/Cheating","Detailed facts about Fraud/Cheating"
3923,"undefined","undefined","undefined",1009,undefined,undefined,1,2,1,"Robbery/Dacoity","Detailed facts about Robbery/Dacoity"
3924,"undefined","undefined","undefined",1004,undefined,undefined,1,2,2,"Assault/Violent","Detailed facts about Assault/Violent"
3925,"undefined","undefined","undefined",1167,undefined,undefined,1,2,1,"Robbery/Dacoity","Detailed facts about Robbery/Dacoity"
3926,"undefined","undefined","undefined",1026,undefined,undefined,1,1,2,"Cybercrime","Detailed facts about Cybercrime"
3927,"undefined","undefined","undefined",1007,undefined,undefined,1,1,3,"Theft/Property","Detailed facts about Theft/Property"
3928,"undefined","undefined","undefined",1113,undefined,undefined,1,2,3,"Assault/Violent","Detailed facts about Assault/Violent"
3929,"undefined","undefined","undefined",1052,undefined,undefined,1,1,1,"Fraud/Cheating","Detailed facts about Fraud/Cheating"
3930,"undefined","undefined","undefined",1014,undefined,undefined,1,2,2,"Kidnapping","Detailed facts about Kidnapping"
3931,"undefined","undefined","undefined",1047,undefined,undefined,1,1,1,"Others","Detailed facts about Others"
3932,"undefined","undefined","undefined",1004,undefined,undefined,1,2,2,"Cybercrime","Detailed facts about Cybercrime"
3933,"undefined","undefined","undefined",1028,undefined,undefined,1,1,2,"Theft/Property","Detailed facts about Theft/Property"
3934,"undefined","undefined","undefined",1012,undefined,undefined,1,2,2,"Assault/Violent","Detailed facts about Assault/Violent"
3935,"undefined","undefined","undefined",1009,undefined,undefined,1,2,2,"Others","Detailed facts about Others"
3936,"undefined","undefined","undefined",1007,undefined,undefined,1,2,3,"Narcotics","Detailed facts about Narcotics"
3937,"undefined","undefined","undefined",1182,undefined,undefined,1,2,2,"Assault/Violent","Detailed facts about Assault/Violent"
3938,"undefined","undefined","undefined",1055,undefined,undefined,1,2,1,"Cybercrime","Detailed facts about Cybercrime"
3939,"undefined","undefined","undefined",1009,undefined,undefined,1,1,4,"Robbery/Dacoity","Detailed facts about Robbery/Dacoity"
3940,"undefined","undefined","undefined",1112,undefined,undefined,1,2,3,"Fraud/Cheating","Detailed facts about Fraud/Cheating"
3941,"undefined","undefined","undefined",1012,undefined,undefined,1,1,2,"Robbery/Dacoity","Detailed facts about Robbery/Dacoity"
3942,"undefined","undefined","undefined",1061,undefined,undefined,1,1,4,"Fraud/Cheating","Detailed facts about Fraud/Cheating"
3943,"undefined","undefined","undefined",1030,undefined,undefined,1,2,3,"Theft/Property","Detailed facts about Theft/Property"
3944,"undefined","undefined","undefined",1007,undefined,undefined,1,2,1,"Theft/Property","Detailed facts about Theft/Property"
3945,"undefined","undefined","undefined",1058,undefined,undefined,1,1,1,"Cybercrime","Detailed facts about Cybercrime"
3946,"undefined","undefined","undefined",1055,undefined,undefined,1,2,1,"Robbery/Dacoity","Detailed facts about Robbery/Dacoity"
3947,"undefined","undefined","undefined",1184,undefined,undefined,1,1,1,"Assault/Violent","Detailed facts about Assault/Violent"
3948,"undefined","undefined","undefined",1033,undefined,undefined,1,2,3,"Assault/Violent","Detailed facts about Assault/Violent"
3949,"undefined","undefined","undefined",1191,undefined,undefined,1,2,2,"Fraud/Cheating","Detailed facts about Fraud/Cheating"
3950,"undefined","undefined","undefined",1012,undefined,undefined,1,2,1,"Cybercrime","Detailed facts about Cybercrime"
3951,"undefined","undefined","undefined",1013,undefined,undefined,1,2,3,"Murder/Attempt","Detailed facts about Murder/Attempt"
3952,"undefined","undefined","undefined",1228,undefined,undefined,1,2,2,"Cybercrime","Detailed facts about Cybercrime"
3953,"undefined","undefined","undefined",1057,undefined,undefined,1,2,2,"Assault/Violent","Detailed facts about Assault/Violent"
3954,"undefined","undefined","undefined",1008,undefined,undefined,1,1,1,"Kidnapping","Detailed facts about Kidnapping"
3955,"undefined","undefined","undefined",1119,undefined,undefined,1,2,2,"Fraud/Cheating","Detailed facts about Fraud/Cheating"
3956,"undefined","undefined","undefined",1029,undefined,undefined,1,1,2,"Theft/Property","Detailed facts about Theft/Property"
3957,"undefined","undefined","undefined",1012,undefined,undefined,1,1,2,"Theft/Property","Detailed facts about Theft/Property"
3958,"undefined","undefined","undefined",1001,undefined,undefined,1,2,4,"Others","Detailed facts about Others"
3959,"undefined","undefined","undefined",1030,undefined,undefined,1,2,1,"Murder/Attempt","Detailed facts about Murder/Attempt"
3960,"undefined","undefined","undefined",1009,undefined,undefined,1,2,4,"Cybercrime","Detailed facts about Cybercrime"
3961,"undefined","undefined","undefined",1007,undefined,undefined,1,2,1,"Assault/Violent","Detailed facts about Assault/Violent"
3962,"undefined","undefined","undefined",1144,undefined,undefined,1,2,1,"Theft/Property","Detailed facts about Theft/Property"
3963,"undefined","undefined","undefined",1037,undefined,undefined,1,2,2,"Others","Detailed facts about Others"
3964,"undefined","undefined","undefined",1184,undefined,undefined,1,2,2,"Cybercrime","Detailed facts about Cybercrime"
3965,"undefined","undefined","undefined",1006,undefined,undefined,1,2,1,"Theft/Property","Detailed facts about Theft/Property"
3966,"undefined","undefined","undefined",1007,undefined,undefined,1,2,2,"Fraud/Cheating","Detailed facts about Fraud/Cheating"
3967,"undefined","undefined","undefined",1030,undefined,undefined,1,2,2,"Cybercrime","Detailed facts about Cybercrime"
3968,"undefined","undefined","undefined",1088,undefined,undefined,1,2,1,"Theft/Property","Detailed facts about Theft/Property"
3969,"undefined","undefined","undefined",1104,undefined,undefined,1,1,1,"Assault/Violent","Detailed facts about Assault/Violent"
3970,"undefined","undefined","undefined",1208,undefined,undefined,1,2,2,"Cybercrime","Detailed facts about Cybercrime"
3971,"undefined","undefined","undefined",1011,undefined,undefined,1,2,1,"Cybercrime","Detailed facts about Cybercrime"
3972,"undefined","undefined","undefined",1157,undefined,undefined,1,2,3,"Narcotics","Detailed facts about Narcotics"
3973,"undefined","undefined","undefined",1037,undefined,undefined,1,2,1,"Robbery/Dacoity","Detailed facts about Robbery/Dacoity"
3974,"undefined","undefined","undefined",1005,undefined,undefined,1,1,1,"Robbery/Dacoity","Detailed facts about Robbery/Dacoity"
3975,"undefined","undefined","undefined",1043,undefined,undefined,1,2,4,"Theft/Property","Detailed facts about Theft/Property"
3976,"undefined","undefined","undefined",1004,undefined,undefined,1,2,1,"Others","Detailed facts about Others"
3977,"undefined","undefined","undefined",1166,undefined,undefined,1,2,2,"Fraud/Cheating","Detailed facts about Fraud/Cheating"
3978,"undefined","undefined","undefined",1225,undefined,undefined,1,2,2,"Cybercrime","Detailed facts about Cybercrime"
3979,"undefined","undefined","undefined",1060,undefined,undefined,1,2,2,"Cybercrime","Detailed facts about Cybercrime"
3980,"undefined","undefined","undefined",1011,undefined,undefined,1,2,2,"Robbery/Dacoity","Detailed facts about Robbery/Dacoity"
3981,"undefined","undefined","undefined",1228,undefined,undefined,1,1,4,"Narcotics","Detailed facts about Narcotics"
3982,"undefined","undefined","undefined",1059,undefined,undefined,1,2,3,"Fraud/Cheating","Detailed facts about Fraud/Cheating"
3983,"undefined","undefined","undefined",1062,undefined,undefined,1,1,2,"Fraud/Cheating","Detailed facts about Fraud/Cheating"
3984,"undefined","undefined","undefined",1007,undefined,undefined,1,1,2,"Cybercrime","Detailed facts about Cybercrime"
3985,"undefined","undefined","undefined",1009,undefined,undefined,1,2,2,"Cybercrime","Detailed facts about Cybercrime"
3986,"undefined","undefined","undefined",1009,undefined,undefined,1,2,1,"Theft/Property","Detailed facts about Theft/Property"
3987,"undefined","undefined","undefined",1007,undefined,undefined,1,2,1,"Fraud/Cheating","Detailed facts about Fraud/Cheating"
3988,"undefined","undefined","undefined",1024,undefined,undefined,1,1,1,"Cybercrime","Detailed facts about Cybercrime"
3989,"undefined","undefined","undefined",1007,undefined,undefined,1,2,1,"Cybercrime","Detailed facts about Cybercrime"
3990,"undefined","undefined","undefined",1032,undefined,undefined,1,1,3,"Cybercrime","Detailed facts about Cybercrime"
3991,"undefined","undefined","undefined",1027,undefined,undefined,1,2,1,"Cybercrime","Detailed facts about Cybercrime"
3992,"undefined","undefined","undefined",1163,undefined,undefined,1,2,4,"Theft/Property","Detailed facts about Theft/Property"
3993,"undefined","undefined","undefined",1029,undefined,undefined,1,2,1,"Assault/Violent","Detailed facts about Assault/Violent"
3994,"undefined","undefined","undefined",1134,undefined,undefined,1,1,1,"Assault/Violent","Detailed facts about Assault/Violent"
3995,"undefined","undefined","undefined",1143,undefined,undefined,1,2,3,"Fraud/Cheating","Detailed facts about Fraud/Cheating"
3996,"undefined","undefined","undefined",1036,undefined,undefined,1,1,2,"Theft/Property","Detailed facts about Theft/Property"
3997,"undefined","undefined","undefined",1002,undefined,undefined,1,2,3,"Robbery/Dacoity","Detailed facts about Robbery/Dacoity"
3998,"undefined","undefined","undefined",1045,undefined,undefined,1,1,1,"Theft/Property","Detailed facts about Theft/Property"
3999,"undefined","undefined","undefined",1007,undefined,undefined,1,1,1,"Cybercrime","Detailed facts about Cybercrime"
4000,"undefined","undefined","undefined",1140,undefined,undefined,1,2,2,"Theft/Property","Detailed facts about Theft/Property"
4001,"undefined","undefined","undefined",1175,undefined,undefined,1,2,2,"Narcotics","Detailed facts about Narcotics"
4002,"undefined","undefined","undefined",1098,undefined,undefined,1,1,1,"Others","Detailed facts about Others"
4003,"undefined","undefined","undefined",1003,undefined,undefined,1,1,3,"Theft/Property","Detailed facts about Theft/Property"
4004,"undefined","undefined","undefined",1002,undefined,undefined,1,2,2,"Kidnapping","Detailed facts about Kidnapping"
4005,"undefined","undefined","undefined",1141,undefined,undefined,1,1,1,"Fraud/Cheating","Detailed facts about Fraud/Cheating"
4006,"undefined","undefined","undefined",1182,undefined,undefined,1,2,1,"Cybercrime","Detailed facts about Cybercrime"
4007,"undefined","undefined","undefined",1005,undefined,undefined,1,2,2,"Fraud/Cheating","Detailed facts about Fraud/Cheating"
4008,"undefined","undefined","undefined",1014,undefined,undefined,1,2,2,"Others","Detailed facts about Others"
4009,"undefined","undefined","undefined",1037,undefined,undefined,1,1,1,"Cybercrime","Detailed facts about Cybercrime"
4010,"undefined","undefined","undefined",1006,undefined,undefined,1,1,1,"Narcotics","Detailed facts about Narcotics"
4011,"undefined","undefined","undefined",1018,undefined,undefined,1,2,4,"Theft/Property","Detailed facts about Theft/Property"
4012,"undefined","undefined","undefined",1051,undefined,undefined,1,2,2,"Others","Detailed facts about Others"
4013,"undefined","undefined","undefined",1051,undefined,undefined,1,2,1,"Assault/Violent","Detailed facts about Assault/Violent"
4014,"undefined","undefined","undefined",1028,undefined,undefined,1,1,1,"Theft/Property","Detailed facts about Theft/Property"
4015,"undefined","undefined","undefined",1016,undefined,undefined,1,2,2,"Theft/Property","Detailed facts about Theft/Property"
4016,"undefined","undefined","undefined",1093,undefined,undefined,1,2,3,"Robbery/Dacoity","Detailed facts about Robbery/Dacoity"
4017,"undefined","undefined","undefined",1126,undefined,undefined,1,2,1,"Others","Detailed facts about Others"
4018,"undefined","undefined","undefined",1047,undefined,undefined,1,2,1,"Cybercrime","Detailed facts about Cybercrime"
4019,"undefined","undefined","undefined",1128,undefined,undefined,1,1,2,"Theft/Property","Detailed facts about Theft/Property"
4020,"undefined","undefined","undefined",1004,undefined,undefined,1,2,1,"Cybercrime","Detailed facts about Cybercrime"
4021,"undefined","undefined","undefined",1009,undefined,undefined,1,1,2,"Others","Detailed facts about Others"
4022,"undefined","undefined","undefined",1003,undefined,undefined,1,2,2,"Robbery/Dacoity","Detailed facts about Robbery/Dacoity"
4023,"undefined","undefined","undefined",1015,undefined,undefined,1,2,1,"Fraud/Cheating","Detailed facts about Fraud/Cheating"
4024,"undefined","undefined","undefined",1005,undefined,undefined,1,1,3,"Fraud/Cheating","Detailed facts about Fraud/Cheating"
4025,"undefined","undefined","undefined",1008,undefined,undefined,1,2,3,"Assault/Violent","Detailed facts about Assault/Violent"
4026,"undefined","undefined","undefined",1030,undefined,undefined,1,2,2,"Narcotics","Detailed facts about Narcotics"
4027,"undefined","undefined","undefined",1031,undefined,undefined,1,2,3,"Assault/Violent","Detailed facts about Assault/Violent"
4028,"undefined","undefined","undefined",1008,undefined,undefined,1,2,2,"Fraud/Cheating","Detailed facts about Fraud/Cheating"
4029,"undefined","undefined","undefined",1014,undefined,undefined,1,2,1,"Narcotics","Detailed facts about Narcotics"
4030,"undefined","undefined","undefined",1004,undefined,undefined,1,2,2,"Theft/Property","Detailed facts about Theft/Property"
4031,"undefined","undefined","undefined",1005,undefined,undefined,1,2,3,"Narcotics","Detailed facts about Narcotics"
4032,"undefined","undefined","undefined",1053,undefined,undefined,1,1,1,"Cybercrime","Detailed facts about Cybercrime"
4033,"undefined","undefined","undefined",1010,undefined,undefined,1,2,1,"Assault/Violent","Detailed facts about Assault/Violent"
4034,"undefined","undefined","undefined",1013,undefined,undefined,1,1,1,"Assault/Violent","Detailed facts about Assault/Violent"
4035,"undefined","undefined","undefined",1013,undefined,undefined,1,2,1,"Cybercrime","Detailed facts about Cybercrime"
4036,"undefined","undefined","undefined",1001,undefined,undefined,1,2,2,"Theft/Property","Detailed facts about Theft/Property"
4037,"undefined","undefined","undefined",1015,undefined,undefined,1,1,3,"Cybercrime","Detailed facts about Cybercrime"
4038,"undefined","undefined","undefined",1001,undefined,undefined,1,2,3,"Cybercrime","Detailed facts about Cybercrime"
4039,"undefined","undefined","undefined",1024,undefined,undefined,1,2,3,"Cybercrime","Detailed facts about Cybercrime"
4040,"undefined","undefined","undefined",1022,undefined,undefined,1,1,1,"Others","Detailed facts about Others"
4041,"undefined","undefined","undefined",1194,undefined,undefined,1,2,4,"Cybercrime","Detailed facts about Cybercrime"
4042,"undefined","undefined","undefined",1005,undefined,undefined,1,1,4,"Assault/Violent","Detailed facts about Assault/Violent"
4043,"undefined","undefined","undefined",1013,undefined,undefined,1,1,1,"Cybercrime","Detailed facts about Cybercrime"
4044,"undefined","undefined","undefined",1143,undefined,undefined,1,1,2,"Fraud/Cheating","Detailed facts about Fraud/Cheating"
4045,"undefined","undefined","undefined",1039,undefined,undefined,1,2,1,"Cybercrime","Detailed facts about Cybercrime"
4046,"undefined","undefined","undefined",1005,undefined,undefined,1,2,1,"Assault/Violent","Detailed facts about Assault/Violent"
4047,"undefined","undefined","undefined",1060,undefined,undefined,1,1,3,"Theft/Property","Detailed facts about Theft/Property"
4048,"undefined","undefined","undefined",1142,undefined,undefined,1,2,3,"Robbery/Dacoity","Detailed facts about Robbery/Dacoity"
4049,"undefined","undefined","undefined",1014,undefined,undefined,1,2,2,"Theft/Property","Detailed facts about Theft/Property"
4050,"undefined","undefined","undefined",1039,undefined,undefined,1,1,2,"Cybercrime","Detailed facts about Cybercrime"
4051,"undefined","undefined","undefined",1011,undefined,undefined,1,1,1,"Robbery/Dacoity","Detailed facts about Robbery/Dacoity"
4052,"undefined","undefined","undefined",1013,undefined,undefined,1,2,1,"Fraud/Cheating","Detailed facts about Fraud/Cheating"
4053,"undefined","undefined","undefined",1176,undefined,undefined,1,2,1,"Others","Detailed facts about Others"
4054,"undefined","undefined","undefined",1007,undefined,undefined,1,2,1,"Fraud/Cheating","Detailed facts about Fraud/Cheating"
4055,"undefined","undefined","undefined",1197,undefined,undefined,1,1,1,"Theft/Property","Detailed facts about Theft/Property"
4056,"undefined","undefined","undefined",1008,undefined,undefined,1,1,3,"Fraud/Cheating","Detailed facts about Fraud/Cheating"
4057,"undefined","undefined","undefined",1049,undefined,undefined,1,2,3,"Assault/Violent","Detailed facts about Assault/Violent"
4058,"undefined","undefined","undefined",1023,undefined,undefined,1,2,2,"Theft/Property","Detailed facts about Theft/Property"
4059,"undefined","undefined","undefined",1005,undefined,undefined,1,2,1,"Cybercrime","Detailed facts about Cybercrime"
4060,"undefined","undefined","undefined",1224,undefined,undefined,1,2,1,"Theft/Property","Detailed facts about Theft/Property"
4061,"undefined","undefined","undefined",1031,undefined,undefined,1,1,3,"Cybercrime","Detailed facts about Cybercrime"
4062,"undefined","undefined","undefined",1163,undefined,undefined,1,2,2,"Fraud/Cheating","Detailed facts about Fraud/Cheating"
4063,"undefined","undefined","undefined",1187,undefined,undefined,1,2,1,"Assault/Violent","Detailed facts about Assault/Violent"
4064,"undefined","undefined","undefined",1212,undefined,undefined,1,2,4,"Cybercrime","Detailed facts about Cybercrime"
4065,"undefined","undefined","undefined",1174,undefined,undefined,1,2,1,"Cybercrime","Detailed facts about Cybercrime"
4066,"undefined","undefined","undefined",1034,undefined,undefined,1,2,2,"Theft/Property","Detailed facts about Theft/Property"
4067,"undefined","undefined","undefined",1133,undefined,undefined,1,2,1,"Cybercrime","Detailed facts about Cybercrime"
4068,"undefined","undefined","undefined",1002,undefined,undefined,1,2,3,"Fraud/Cheating","Detailed facts about Fraud/Cheating"
4069,"undefined","undefined","undefined",1060,undefined,undefined,1,2,1,"Assault/Violent","Detailed facts about Assault/Violent"
4070,"undefined","undefined","undefined",1149,undefined,undefined,1,2,3,"Cybercrime","Detailed facts about Cybercrime"
4071,"undefined","undefined","undefined",1119,undefined,undefined,1,1,2,"Fraud/Cheating","Detailed facts about Fraud/Cheating"
4072,"undefined","undefined","undefined",1005,undefined,undefined,1,1,4,"Theft/Property","Detailed facts about Theft/Property"
4073,"undefined","undefined","undefined",1005,undefined,undefined,1,1,4,"Others","Detailed facts about Others"
4074,"undefined","undefined","undefined",1007,undefined,undefined,1,1,2,"Cybercrime","Detailed facts about Cybercrime"
4075,"undefined","undefined","undefined",1207,undefined,undefined,1,2,1,"Cybercrime","Detailed facts about Cybercrime"
4076,"undefined","undefined","undefined",1152,undefined,undefined,1,2,3,"Theft/Property","Detailed facts about Theft/Property"
4077,"undefined","undefined","undefined",1049,undefined,undefined,1,2,1,"Theft/Property","Detailed facts about Theft/Property"
4078,"undefined","undefined","undefined",1217,undefined,undefined,1,2,1,"Theft/Property","Detailed facts about Theft/Property"
4079,"undefined","undefined","undefined",1033,undefined,undefined,1,2,1,"Fraud/Cheating","Detailed facts about Fraud/Cheating"
4080,"undefined","undefined","undefined",1013,undefined,undefined,1,2,2,"Cybercrime","Detailed facts about Cybercrime"
4081,"undefined","undefined","undefined",1031,undefined,undefined,1,2,2,"Cybercrime","Detailed facts about Cybercrime"
4082,"undefined","undefined","undefined",1044,undefined,undefined,1,2,1,"Fraud/Cheating","Detailed facts about Fraud/Cheating"
4083,"undefined","undefined","undefined",1137,undefined,undefined,1,2,2,"Robbery/Dacoity","Detailed facts about Robbery/Dacoity"
4084,"undefined","undefined","undefined",1012,undefined,undefined,1,1,1,"Assault/Violent","Detailed facts about Assault/Violent"
4085,"undefined","undefined","undefined",1046,undefined,undefined,1,1,1,"Cybercrime","Detailed facts about Cybercrime"
4086,"undefined","undefined","undefined",1012,undefined,undefined,1,2,2,"Theft/Property","Detailed facts about Theft/Property"
4087,"undefined","undefined","undefined",1002,undefined,undefined,1,1,2,"Others","Detailed facts about Others"
4088,"undefined","undefined","undefined",1090,undefined,undefined,1,2,3,"Cybercrime","Detailed facts about Cybercrime"
4089,"undefined","undefined","undefined",1058,undefined,undefined,1,2,2,"Robbery/Dacoity","Detailed facts about Robbery/Dacoity"
4090,"undefined","undefined","undefined",1046,undefined,undefined,1,2,1,"Cybercrime","Detailed facts about Cybercrime"
4091,"undefined","undefined","undefined",1012,undefined,undefined,1,2,2,"Assault/Violent","Detailed facts about Assault/Violent"
4092,"undefined","undefined","undefined",1074,undefined,undefined,1,2,2,"Cybercrime","Detailed facts about Cybercrime"
4093,"undefined","undefined","undefined",1074,undefined,undefined,1,2,1,"Narcotics","Detailed facts about Narcotics"
4094,"undefined","undefined","undefined",1027,undefined,undefined,1,2,1,"Theft/Property","Detailed facts about Theft/Property"
4095,"undefined","undefined","undefined",1014,undefined,undefined,1,1,3,"Others","Detailed facts about Others"
4096,"undefined","undefined","undefined",1052,undefined,undefined,1,2,4,"Theft/Property","Detailed facts about Theft/Property"
4097,"undefined","undefined","undefined",1050,undefined,undefined,1,1,2,"Fraud/Cheating","Detailed facts about Fraud/Cheating"
4098,"undefined","undefined","undefined",1050,undefined,undefined,1,2,1,"Cybercrime","Detailed facts about Cybercrime"
4099,"undefined","undefined","undefined",1002,undefined,undefined,1,1,1,"Assault/Violent","Detailed facts about Assault/Violent"
4100,"undefined","undefined","undefined",1212,undefined,undefined,1,1,1,"Murder/Attempt","Detailed facts about Murder/Attempt"
4101,"undefined","undefined","undefined",1086,undefined,undefined,1,2,3,"Kidnapping","Detailed facts about Kidnapping"
4102,"undefined","undefined","undefined",1126,undefined,undefined,1,2,4,"Theft/Property","Detailed facts about Theft/Property"
4103,"undefined","undefined","undefined",1041,undefined,undefined,1,2,2,"Cybercrime","Detailed facts about Cybercrime"
4104,"undefined","undefined","undefined",1011,undefined,undefined,1,1,1,"Assault/Violent","Detailed facts about Assault/Violent"
4105,"undefined","undefined","undefined",1015,undefined,undefined,1,2,3,"Murder/Attempt","Detailed facts about Murder/Attempt"
4106,"undefined","undefined","undefined",1037,undefined,undefined,1,1,1,"Fraud/Cheating","Detailed facts about Fraud/Cheating"
4107,"undefined","undefined","undefined",1001,undefined,undefined,1,2,2,"Assault/Violent","Detailed facts about Assault/Violent"
4108,"undefined","undefined","undefined",1024,undefined,undefined,1,2,3,"Theft/Property","Detailed facts about Theft/Property"
4109,"undefined","undefined","undefined",1187,undefined,undefined,1,2,3,"Fraud/Cheating","Detailed facts about Fraud/Cheating"
4110,"undefined","undefined","undefined",1029,undefined,undefined,1,2,4,"Murder/Attempt","Detailed facts about Murder/Attempt"
4111,"undefined","undefined","undefined",1109,undefined,undefined,1,2,1,"Assault/Violent","Detailed facts about Assault/Violent"
4112,"undefined","undefined","undefined",1014,undefined,undefined,1,2,2,"Theft/Property","Detailed facts about Theft/Property"
4113,"undefined","undefined","undefined",1058,undefined,undefined,1,1,2,"Robbery/Dacoity","Detailed facts about Robbery/Dacoity"
4114,"undefined","undefined","undefined",1002,undefined,undefined,1,1,1,"Theft/Property","Detailed facts about Theft/Property"
4115,"undefined","undefined","undefined",1065,undefined,undefined,1,1,2,"Assault/Violent","Detailed facts about Assault/Violent"
4116,"undefined","undefined","undefined",1052,undefined,undefined,1,2,2,"Cybercrime","Detailed facts about Cybercrime"
4117,"undefined","undefined","undefined",1003,undefined,undefined,1,1,2,"Theft/Property","Detailed facts about Theft/Property"
4118,"undefined","undefined","undefined",1190,undefined,undefined,1,2,1,"Theft/Property","Detailed facts about Theft/Property"
4119,"undefined","undefined","undefined",1052,undefined,undefined,1,2,1,"Fraud/Cheating","Detailed facts about Fraud/Cheating"
4120,"undefined","undefined","undefined",1133,undefined,undefined,1,2,1,"Fraud/Cheating","Detailed facts about Fraud/Cheating"
4121,"undefined","undefined","undefined",1221,undefined,undefined,1,2,2,"Narcotics","Detailed facts about Narcotics"
4122,"undefined","undefined","undefined",1164,undefined,undefined,1,2,3,"Theft/Property","Detailed facts about Theft/Property"
4123,"undefined","undefined","undefined",1120,undefined,undefined,1,2,1,"Theft/Property","Detailed facts about Theft/Property"
4124,"undefined","undefined","undefined",1015,undefined,undefined,1,1,3,"Narcotics","Detailed facts about Narcotics"
4125,"undefined","undefined","undefined",1012,undefined,undefined,1,1,4,"Fraud/Cheating","Detailed facts about Fraud/Cheating"
4126,"undefined","undefined","undefined",1015,undefined,undefined,1,2,1,"Kidnapping","Detailed facts about Kidnapping"
4127,"undefined","undefined","undefined",1052,undefined,undefined,1,1,4,"Cybercrime","Detailed facts about Cybercrime"
4128,"undefined","undefined","undefined",1015,undefined,undefined,1,2,3,"Cybercrime","Detailed facts about Cybercrime"
4129,"undefined","undefined","undefined",1009,undefined,undefined,1,2,1,"Theft/Property","Detailed facts about Theft/Property"
4130,"undefined","undefined","undefined",1007,undefined,undefined,1,2,2,"Theft/Property","Detailed facts about Theft/Property"
4131,"undefined","undefined","undefined",1092,undefined,undefined,1,2,1,"Cybercrime","Detailed facts about Cybercrime"
4132,"undefined","undefined","undefined",1043,undefined,undefined,1,2,1,"Theft/Property","Detailed facts about Theft/Property"
4133,"undefined","undefined","undefined",1025,undefined,undefined,1,2,1,"Fraud/Cheating","Detailed facts about Fraud/Cheating"
4134,"undefined","undefined","undefined",1013,undefined,undefined,1,2,1,"Fraud/Cheating","Detailed facts about Fraud/Cheating"
4135,"undefined","undefined","undefined",1031,undefined,undefined,1,2,2,"Cybercrime","Detailed facts about Cybercrime"
4136,"undefined","undefined","undefined",1011,undefined,undefined,1,2,1,"Fraud/Cheating","Detailed facts about Fraud/Cheating"
4137,"undefined","undefined","undefined",1025,undefined,undefined,1,1,3,"Kidnapping","Detailed facts about Kidnapping"
4138,"undefined","undefined","undefined",1069,undefined,undefined,1,1,3,"Robbery/Dacoity","Detailed facts about Robbery/Dacoity"
4139,"undefined","undefined","undefined",1185,undefined,undefined,1,2,1,"Narcotics","Detailed facts about Narcotics"
4140,"undefined","undefined","undefined",1157,undefined,undefined,1,2,2,"Narcotics","Detailed facts about Narcotics"
4141,"undefined","undefined","undefined",1152,undefined,undefined,1,2,3,"Cybercrime","Detailed facts about Cybercrime"
4142,"undefined","undefined","undefined",1156,undefined,undefined,1,2,2,"Assault/Violent","Detailed facts about Assault/Violent"
4143,"undefined","undefined","undefined",1156,undefined,undefined,1,2,2,"Theft/Property","Detailed facts about Theft/Property"
4144,"undefined","undefined","undefined",1076,undefined,undefined,1,1,3,"Fraud/Cheating","Detailed facts about Fraud/Cheating"
4145,"undefined","undefined","undefined",1010,undefined,undefined,1,2,2,"Cybercrime","Detailed facts about Cybercrime"
4146,"undefined","undefined","undefined",1155,undefined,undefined,1,2,2,"Cybercrime","Detailed facts about Cybercrime"
4147,"undefined","undefined","undefined",1141,undefined,undefined,1,2,1,"Cybercrime","Detailed facts about Cybercrime"
4148,"undefined","undefined","undefined",1013,undefined,undefined,1,2,4,"Murder/Attempt","Detailed facts about Murder/Attempt"
4149,"undefined","undefined","undefined",1002,undefined,undefined,1,2,2,"Theft/Property","Detailed facts about Theft/Property"
4150,"undefined","undefined","undefined",1167,undefined,undefined,1,2,4,"Theft/Property","Detailed facts about Theft/Property"
4151,"undefined","undefined","undefined",1039,undefined,undefined,1,2,3,"Robbery/Dacoity","Detailed facts about Robbery/Dacoity"
4152,"undefined","undefined","undefined",1004,undefined,undefined,1,2,3,"Fraud/Cheating","Detailed facts about Fraud/Cheating"
4153,"undefined","undefined","undefined",1209,undefined,undefined,1,2,2,"Fraud/Cheating","Detailed facts about Fraud/Cheating"
4154,"undefined","undefined","undefined",1007,undefined,undefined,1,2,4,"Theft/Property","Detailed facts about Theft/Property"
4155,"undefined","undefined","undefined",1147,undefined,undefined,1,2,1,"Murder/Attempt","Detailed facts about Murder/Attempt"
4156,"undefined","undefined","undefined",1059,undefined,undefined,1,2,3,"Fraud/Cheating","Detailed facts about Fraud/Cheating"
4157,"undefined","undefined","undefined",1225,undefined,undefined,1,2,3,"Cybercrime","Detailed facts about Cybercrime"
4158,"undefined","undefined","undefined",1032,undefined,undefined,1,1,1,"Cybercrime","Detailed facts about Cybercrime"
4159,"undefined","undefined","undefined",1067,undefined,undefined,1,1,1,"Kidnapping","Detailed facts about Kidnapping"
4160,"undefined","undefined","undefined",1002,undefined,undefined,1,1,2,"Theft/Property","Detailed facts about Theft/Property"
4161,"undefined","undefined","undefined",1009,undefined,undefined,1,1,1,"Cybercrime","Detailed facts about Cybercrime"
4162,"undefined","undefined","undefined",1228,undefined,undefined,1,1,1,"Robbery/Dacoity","Detailed facts about Robbery/Dacoity"
4163,"undefined","undefined","undefined",1049,undefined,undefined,1,1,4,"Cybercrime","Detailed facts about Cybercrime"
4164,"undefined","undefined","undefined",1042,undefined,undefined,1,1,1,"Others","Detailed facts about Others"
4165,"undefined","undefined","undefined",1013,undefined,undefined,1,2,2,"Murder/Attempt","Detailed facts about Murder/Attempt"
4166,"undefined","undefined","undefined",1007,undefined,undefined,1,2,2,"Fraud/Cheating","Detailed facts about Fraud/Cheating"
4167,"undefined","undefined","undefined",1008,undefined,undefined,1,2,1,"Narcotics","Detailed facts about Narcotics"
4168,"undefined","undefined","undefined",1012,undefined,undefined,1,2,3,"Cybercrime","Detailed facts about Cybercrime"
4169,"undefined","undefined","undefined",1168,undefined,undefined,1,2,1,"Fraud/Cheating","Detailed facts about Fraud/Cheating"
4170,"undefined","undefined","undefined",1205,undefined,undefined,1,2,2,"Cybercrime","Detailed facts about Cybercrime"
4171,"undefined","undefined","undefined",1073,undefined,undefined,1,2,2,"Cybercrime","Detailed facts about Cybercrime"
4172,"undefined","undefined","undefined",1010,undefined,undefined,1,2,2,"Murder/Attempt","Detailed facts about Murder/Attempt"
4173,"undefined","undefined","undefined",1032,undefined,undefined,1,2,3,"Narcotics","Detailed facts about Narcotics"
4174,"undefined","undefined","undefined",1050,undefined,undefined,1,2,1,"Cybercrime","Detailed facts about Cybercrime"
4175,"undefined","undefined","undefined",1005,undefined,undefined,1,2,3,"Fraud/Cheating","Detailed facts about Fraud/Cheating"
4176,"undefined","undefined","undefined",1012,undefined,undefined,1,2,1,"Assault/Violent","Detailed facts about Assault/Violent"
4177,"undefined","undefined","undefined",1047,undefined,undefined,1,2,1,"Theft/Property","Detailed facts about Theft/Property"
4178,"undefined","undefined","undefined",1006,undefined,undefined,1,2,2,"Theft/Property","Detailed facts about Theft/Property"
4179,"undefined","undefined","undefined",1071,undefined,undefined,1,2,4,"Theft/Property","Detailed facts about Theft/Property"
4180,"undefined","undefined","undefined",1002,undefined,undefined,1,1,3,"Cybercrime","Detailed facts about Cybercrime"
4181,"undefined","undefined","undefined",1165,undefined,undefined,1,2,3,"Assault/Violent","Detailed facts about Assault/Violent"
4182,"undefined","undefined","undefined",1184,undefined,undefined,1,2,2,"Cybercrime","Detailed facts about Cybercrime"
4183,"undefined","undefined","undefined",1189,undefined,undefined,1,2,3,"Narcotics","Detailed facts about Narcotics"
4184,"undefined","undefined","undefined",1152,undefined,undefined,1,1,3,"Cybercrime","Detailed facts about Cybercrime"
4185,"undefined","undefined","undefined",1100,undefined,undefined,1,2,2,"Assault/Violent","Detailed facts about Assault/Violent"
4186,"undefined","undefined","undefined",1003,undefined,undefined,1,2,4,"Theft/Property","Detailed facts about Theft/Property"
4187,"undefined","undefined","undefined",1031,undefined,undefined,1,2,1,"Theft/Property","Detailed facts about Theft/Property"
4188,"undefined","undefined","undefined",1024,undefined,undefined,1,1,3,"Cybercrime","Detailed facts about Cybercrime"
4189,"undefined","undefined","undefined",1025,undefined,undefined,1,2,1,"Theft/Property","Detailed facts about Theft/Property"
4190,"undefined","undefined","undefined",1009,undefined,undefined,1,1,1,"Murder/Attempt","Detailed facts about Murder/Attempt"
4191,"undefined","undefined","undefined",1029,undefined,undefined,1,2,4,"Narcotics","Detailed facts about Narcotics"
4192,"undefined","undefined","undefined",1173,undefined,undefined,1,2,2,"Robbery/Dacoity","Detailed facts about Robbery/Dacoity"
4193,"undefined","undefined","undefined",1195,undefined,undefined,1,1,1,"Robbery/Dacoity","Detailed facts about Robbery/Dacoity"
4194,"undefined","undefined","undefined",1006,undefined,undefined,1,2,3,"Cybercrime","Detailed facts about Cybercrime"
4195,"undefined","undefined","undefined",1199,undefined,undefined,1,1,1,"Theft/Property","Detailed facts about Theft/Property"
4196,"undefined","undefined","undefined",1177,undefined,undefined,1,1,2,"Others","Detailed facts about Others"
4197,"undefined","undefined","undefined",1178,undefined,undefined,1,2,2,"Theft/Property","Detailed facts about Theft/Property"
4198,"undefined","undefined","undefined",1017,undefined,undefined,1,1,2,"Theft/Property","Detailed facts about Theft/Property"
4199,"undefined","undefined","undefined",1012,undefined,undefined,1,2,2,"Theft/Property","Detailed facts about Theft/Property"
4200,"undefined","undefined","undefined",1009,undefined,undefined,1,2,2,"Others","Detailed facts about Others"
4201,"undefined","undefined","undefined",1129,undefined,undefined,1,2,2,"Assault/Violent","Detailed facts about Assault/Violent"
4202,"undefined","undefined","undefined",1010,undefined,undefined,1,2,2,"Theft/Property","Detailed facts about Theft/Property"
4203,"undefined","undefined","undefined",1006,undefined,undefined,1,2,3,"Assault/Violent","Detailed facts about Assault/Violent"
4204,"undefined","undefined","undefined",1009,undefined,undefined,1,1,2,"Cybercrime","Detailed facts about Cybercrime"
4205,"undefined","undefined","undefined",1168,undefined,undefined,1,1,3,"Others","Detailed facts about Others"
4206,"undefined","undefined","undefined",1126,undefined,undefined,1,2,3,"Cybercrime","Detailed facts about Cybercrime"
4207,"undefined","undefined","undefined",1002,undefined,undefined,1,2,2,"Kidnapping","Detailed facts about Kidnapping"
4208,"undefined","undefined","undefined",1006,undefined,undefined,1,2,1,"Fraud/Cheating","Detailed facts about Fraud/Cheating"
4209,"undefined","undefined","undefined",1079,undefined,undefined,1,2,1,"Theft/Property","Detailed facts about Theft/Property"
4210,"undefined","undefined","undefined",1153,undefined,undefined,1,1,1,"Robbery/Dacoity","Detailed facts about Robbery/Dacoity"
4211,"undefined","undefined","undefined",1003,undefined,undefined,1,2,1,"Theft/Property","Detailed facts about Theft/Property"
4212,"undefined","undefined","undefined",1010,undefined,undefined,1,2,3,"Assault/Violent","Detailed facts about Assault/Violent"
4213,"undefined","undefined","undefined",1025,undefined,undefined,1,2,2,"Narcotics","Detailed facts about Narcotics"
4214,"undefined","undefined","undefined",1029,undefined,undefined,1,2,3,"Theft/Property","Detailed facts about Theft/Property"
4215,"undefined","undefined","undefined",1034,undefined,undefined,1,2,1,"Theft/Property","Detailed facts about Theft/Property"
4216,"undefined","undefined","undefined",1041,undefined,undefined,1,2,1,"Theft/Property","Detailed facts about Theft/Property"
4217,"undefined","undefined","undefined",1015,undefined,undefined,1,2,1,"Fraud/Cheating","Detailed facts about Fraud/Cheating"
4218,"undefined","undefined","undefined",1061,undefined,undefined,1,2,1,"Cybercrime","Detailed facts about Cybercrime"
4219,"undefined","undefined","undefined",1183,undefined,undefined,1,1,1,"Narcotics","Detailed facts about Narcotics"
4220,"undefined","undefined","undefined",1034,undefined,undefined,1,2,3,"Theft/Property","Detailed facts about Theft/Property"
4221,"undefined","undefined","undefined",1029,undefined,undefined,1,2,1,"Cybercrime","Detailed facts about Cybercrime"
4222,"undefined","undefined","undefined",1004,undefined,undefined,1,2,3,"Cybercrime","Detailed facts about Cybercrime"
4223,"undefined","undefined","undefined",1006,undefined,undefined,1,1,3,"Cybercrime","Detailed facts about Cybercrime"
4224,"undefined","undefined","undefined",1138,undefined,undefined,1,2,1,"Cybercrime","Detailed facts about Cybercrime"
4225,"undefined","undefined","undefined",1010,undefined,undefined,1,2,2,"Cybercrime","Detailed facts about Cybercrime"
4226,"undefined","undefined","undefined",1185,undefined,undefined,1,2,3,"Cybercrime","Detailed facts about Cybercrime"
4227,"undefined","undefined","undefined",1050,undefined,undefined,1,2,3,"Theft/Property","Detailed facts about Theft/Property"
4228,"undefined","undefined","undefined",1008,undefined,undefined,1,2,1,"Fraud/Cheating","Detailed facts about Fraud/Cheating"
4229,"undefined","undefined","undefined",1007,undefined,undefined,1,2,2,"Assault/Violent","Detailed facts about Assault/Violent"
4230,"undefined","undefined","undefined",1011,undefined,undefined,1,2,2,"Narcotics","Detailed facts about Narcotics"
4231,"undefined","undefined","undefined",1109,undefined,undefined,1,2,1,"Robbery/Dacoity","Detailed facts about Robbery/Dacoity"
4232,"undefined","undefined","undefined",1053,undefined,undefined,1,1,2,"Theft/Property","Detailed facts about Theft/Property"
4233,"undefined","undefined","undefined",1004,undefined,undefined,1,2,2,"Theft/Property","Detailed facts about Theft/Property"
4234,"undefined","undefined","undefined",1011,undefined,undefined,1,2,2,"Theft/Property","Detailed facts about Theft/Property"
4235,"undefined","undefined","undefined",1001,undefined,undefined,1,2,1,"Cybercrime","Detailed facts about Cybercrime"
4236,"undefined","undefined","undefined",1003,undefined,undefined,1,1,1,"Theft/Property","Detailed facts about Theft/Property"
4237,"undefined","undefined","undefined",1225,undefined,undefined,1,2,2,"Cybercrime","Detailed facts about Cybercrime"
4238,"undefined","undefined","undefined",1010,undefined,undefined,1,2,1,"Assault/Violent","Detailed facts about Assault/Violent"
4239,"undefined","undefined","undefined",1076,undefined,undefined,1,2,1,"Cybercrime","Detailed facts about Cybercrime"
4240,"undefined","undefined","undefined",1026,undefined,undefined,1,1,1,"Fraud/Cheating","Detailed facts about Fraud/Cheating"
4241,"undefined","undefined","undefined",1168,undefined,undefined,1,1,3,"Fraud/Cheating","Detailed facts about Fraud/Cheating"
4242,"undefined","undefined","undefined",1003,undefined,undefined,1,2,2,"Fraud/Cheating","Detailed facts about Fraud/Cheating"
4243,"undefined","undefined","undefined",1046,undefined,undefined,1,1,1,"Cybercrime","Detailed facts about Cybercrime"
4244,"undefined","undefined","undefined",1009,undefined,undefined,1,2,2,"Fraud/Cheating","Detailed facts about Fraud/Cheating"
4245,"undefined","undefined","undefined",1038,undefined,undefined,1,2,3,"Cybercrime","Detailed facts about Cybercrime"
4246,"undefined","undefined","undefined",1001,undefined,undefined,1,2,3,"Cybercrime","Detailed facts about Cybercrime"
4247,"undefined","undefined","undefined",1006,undefined,undefined,1,2,2,"Assault/Violent","Detailed facts about Assault/Violent"
4248,"undefined","undefined","undefined",1148,undefined,undefined,1,2,1,"Assault/Violent","Detailed facts about Assault/Violent"
4249,"undefined","undefined","undefined",1007,undefined,undefined,1,2,1,"Assault/Violent","Detailed facts about Assault/Violent"
4250,"undefined","undefined","undefined",1035,undefined,undefined,1,1,2,"Fraud/Cheating","Detailed facts about Fraud/Cheating"
4251,"undefined","undefined","undefined",1003,undefined,undefined,1,1,1,"Assault/Violent","Detailed facts about Assault/Violent"
4252,"undefined","undefined","undefined",1218,undefined,undefined,1,1,2,"Cybercrime","Detailed facts about Cybercrime"
4253,"undefined","undefined","undefined",1141,undefined,undefined,1,2,2,"Theft/Property","Detailed facts about Theft/Property"
4254,"undefined","undefined","undefined",1007,undefined,undefined,1,2,1,"Cybercrime","Detailed facts about Cybercrime"
4255,"undefined","undefined","undefined",1014,undefined,undefined,1,2,1,"Cybercrime","Detailed facts about Cybercrime"
4256,"undefined","undefined","undefined",1026,undefined,undefined,1,2,3,"Assault/Violent","Detailed facts about Assault/Violent"
4257,"undefined","undefined","undefined",1009,undefined,undefined,1,2,4,"Theft/Property","Detailed facts about Theft/Property"
4258,"undefined","undefined","undefined",1047,undefined,undefined,1,2,2,"Fraud/Cheating","Detailed facts about Fraud/Cheating"
4259,"undefined","undefined","undefined",1030,undefined,undefined,1,2,1,"Assault/Violent","Detailed facts about Assault/Violent"
4260,"undefined","undefined","undefined",1009,undefined,undefined,1,2,3,"Assault/Violent","Detailed facts about Assault/Violent"
4261,"undefined","undefined","undefined",1050,undefined,undefined,1,1,1,"Assault/Violent","Detailed facts about Assault/Violent"
4262,"undefined","undefined","undefined",1141,undefined,undefined,1,1,2,"Kidnapping","Detailed facts about Kidnapping"
4263,"undefined","undefined","undefined",1015,undefined,undefined,1,2,1,"Cybercrime","Detailed facts about Cybercrime"
4264,"undefined","undefined","undefined",1012,undefined,undefined,1,1,3,"Cybercrime","Detailed facts about Cybercrime"
4265,"undefined","undefined","undefined",1028,undefined,undefined,1,2,1,"Murder/Attempt","Detailed facts about Murder/Attempt"
4266,"undefined","undefined","undefined",1061,undefined,undefined,1,2,4,"Others","Detailed facts about Others"
4267,"undefined","undefined","undefined",1007,undefined,undefined,1,2,1,"Theft/Property","Detailed facts about Theft/Property"
4268,"undefined","undefined","undefined",1040,undefined,undefined,1,1,2,"Kidnapping","Detailed facts about Kidnapping"
4269,"undefined","undefined","undefined",1001,undefined,undefined,1,1,1,"Theft/Property","Detailed facts about Theft/Property"
4270,"undefined","undefined","undefined",1038,undefined,undefined,1,2,4,"Theft/Property","Detailed facts about Theft/Property"
4271,"undefined","undefined","undefined",1015,undefined,undefined,1,2,3,"Fraud/Cheating","Detailed facts about Fraud/Cheating"
4272,"undefined","undefined","undefined",1166,undefined,undefined,1,2,4,"Assault/Violent","Detailed facts about Assault/Violent"
4273,"undefined","undefined","undefined",1036,undefined,undefined,1,2,2,"Theft/Property","Detailed facts about Theft/Property"
4274,"undefined","undefined","undefined",1122,undefined,undefined,1,2,4,"Cybercrime","Detailed facts about Cybercrime"
4275,"undefined","undefined","undefined",1051,undefined,undefined,1,1,3,"Theft/Property","Detailed facts about Theft/Property"
4276,"undefined","undefined","undefined",1008,undefined,undefined,1,2,1,"Theft/Property","Detailed facts about Theft/Property"
4277,"undefined","undefined","undefined",1227,undefined,undefined,1,2,3,"Cybercrime","Detailed facts about Cybercrime"
4278,"undefined","undefined","undefined",1013,undefined,undefined,1,1,1,"Cybercrime","Detailed facts about Cybercrime"
4279,"undefined","undefined","undefined",1042,undefined,undefined,1,1,2,"Theft/Property","Detailed facts about Theft/Property"
4280,"undefined","undefined","undefined",1003,undefined,undefined,1,2,3,"Cybercrime","Detailed facts about Cybercrime"
4281,"undefined","undefined","undefined",1009,undefined,undefined,1,2,2,"Cybercrime","Detailed facts about Cybercrime"
4282,"undefined","undefined","undefined",1005,undefined,undefined,1,1,1,"Narcotics","Detailed facts about Narcotics"
4283,"undefined","undefined","undefined",1001,undefined,undefined,1,2,2,"Fraud/Cheating","Detailed facts about Fraud/Cheating"
4284,"undefined","undefined","undefined",1048,undefined,undefined,1,2,2,"Theft/Property","Detailed facts about Theft/Property"
4285,"undefined","undefined","undefined",1093,undefined,undefined,1,2,1,"Cybercrime","Detailed facts about Cybercrime"
4286,"undefined","undefined","undefined",1214,undefined,undefined,1,1,2,"Theft/Property","Detailed facts about Theft/Property"
4287,"undefined","undefined","undefined",1210,undefined,undefined,1,1,2,"Cybercrime","Detailed facts about Cybercrime"
4288,"undefined","undefined","undefined",1011,undefined,undefined,1,2,2,"Cybercrime","Detailed facts about Cybercrime"
4289,"undefined","undefined","undefined",1013,undefined,undefined,1,2,3,"Fraud/Cheating","Detailed facts about Fraud/Cheating"
4290,"undefined","undefined","undefined",1154,undefined,undefined,1,2,1,"Fraud/Cheating","Detailed facts about Fraud/Cheating"
4291,"undefined","undefined","undefined",1050,undefined,undefined,1,1,3,"Theft/Property","Detailed facts about Theft/Property"
4292,"undefined","undefined","undefined",1130,undefined,undefined,1,2,1,"Others","Detailed facts about Others"
4293,"undefined","undefined","undefined",1010,undefined,undefined,1,2,2,"Cybercrime","Detailed facts about Cybercrime"
4294,"undefined","undefined","undefined",1131,undefined,undefined,1,2,1,"Others","Detailed facts about Others"
4295,"undefined","undefined","undefined",1061,undefined,undefined,1,2,3,"Cybercrime","Detailed facts about Cybercrime"
4296,"undefined","undefined","undefined",1162,undefined,undefined,1,1,2,"Fraud/Cheating","Detailed facts about Fraud/Cheating"
4297,"undefined","undefined","undefined",1033,undefined,undefined,1,2,1,"Theft/Property","Detailed facts about Theft/Property"
4298,"undefined","undefined","undefined",1002,undefined,undefined,1,2,2,"Others","Detailed facts about Others"
4299,"undefined","undefined","undefined",1012,undefined,undefined,1,2,1,"Theft/Property","Detailed facts about Theft/Property"
4300,"undefined","undefined","undefined",1043,undefined,undefined,1,1,1,"Fraud/Cheating","Detailed facts about Fraud/Cheating"
4301,"undefined","undefined","undefined",1033,undefined,undefined,1,1,3,"Theft/Property","Detailed facts about Theft/Property"
4302,"undefined","undefined","undefined",1036,undefined,undefined,1,2,1,"Theft/Property","Detailed facts about Theft/Property"
4303,"undefined","undefined","undefined",1045,undefined,undefined,1,2,2,"Theft/Property","Detailed facts about Theft/Property"
4304,"undefined","undefined","undefined",1005,undefined,undefined,1,2,3,"Assault/Violent","Detailed facts about Assault/Violent"
4305,"undefined","undefined","undefined",1025,undefined,undefined,1,2,2,"Assault/Violent","Detailed facts about Assault/Violent"
4306,"undefined","undefined","undefined",1011,undefined,undefined,1,1,1,"Narcotics","Detailed facts about Narcotics"
4307,"undefined","undefined","undefined",1058,undefined,undefined,1,2,2,"Theft/Property","Detailed facts about Theft/Property"
4308,"undefined","undefined","undefined",1187,undefined,undefined,1,2,3,"Murder/Attempt","Detailed facts about Murder/Attempt"
4309,"undefined","undefined","undefined",1005,undefined,undefined,1,2,1,"Theft/Property","Detailed facts about Theft/Property"
4310,"undefined","undefined","undefined",1006,undefined,undefined,1,2,3,"Murder/Attempt","Detailed facts about Murder/Attempt"
4311,"undefined","undefined","undefined",1089,undefined,undefined,1,2,1,"Assault/Violent","Detailed facts about Assault/Violent"
4312,"undefined","undefined","undefined",1013,undefined,undefined,1,2,1,"Cybercrime","Detailed facts about Cybercrime"
4313,"undefined","undefined","undefined",1070,undefined,undefined,1,2,3,"Murder/Attempt","Detailed facts about Murder/Attempt"
4314,"undefined","undefined","undefined",1014,undefined,undefined,1,1,2,"Theft/Property","Detailed facts about Theft/Property"
4315,"undefined","undefined","undefined",1040,undefined,undefined,1,1,3,"Assault/Violent","Detailed facts about Assault/Violent"
4316,"undefined","undefined","undefined",1024,undefined,undefined,1,2,1,"Theft/Property","Detailed facts about Theft/Property"
4317,"undefined","undefined","undefined",1002,undefined,undefined,1,2,2,"Assault/Violent","Detailed facts about Assault/Violent"
4318,"undefined","undefined","undefined",1010,undefined,undefined,1,2,1,"Others","Detailed facts about Others"
4319,"undefined","undefined","undefined",1033,undefined,undefined,1,2,1,"Murder/Attempt","Detailed facts about Murder/Attempt"
4320,"undefined","undefined","undefined",1059,undefined,undefined,1,2,2,"Assault/Violent","Detailed facts about Assault/Violent"
4321,"undefined","undefined","undefined",1004,undefined,undefined,1,1,4,"Theft/Property","Detailed facts about Theft/Property"
4322,"undefined","undefined","undefined",1184,undefined,undefined,1,2,1,"Cybercrime","Detailed facts about Cybercrime"
4323,"undefined","undefined","undefined",1224,undefined,undefined,1,2,3,"Murder/Attempt","Detailed facts about Murder/Attempt"
4324,"undefined","undefined","undefined",1085,undefined,undefined,1,1,1,"Murder/Attempt","Detailed facts about Murder/Attempt"
4325,"undefined","undefined","undefined",1009,undefined,undefined,1,2,3,"Others","Detailed facts about Others"
4326,"undefined","undefined","undefined",1132,undefined,undefined,1,2,2,"Theft/Property","Detailed facts about Theft/Property"
4327,"undefined","undefined","undefined",1121,undefined,undefined,1,2,1,"Narcotics","Detailed facts about Narcotics"
4328,"undefined","undefined","undefined",1061,undefined,undefined,1,2,1,"Theft/Property","Detailed facts about Theft/Property"
4329,"undefined","undefined","undefined",1008,undefined,undefined,1,2,3,"Theft/Property","Detailed facts about Theft/Property"
4330,"undefined","undefined","undefined",1002,undefined,undefined,1,2,4,"Fraud/Cheating","Detailed facts about Fraud/Cheating"
4331,"undefined","undefined","undefined",1046,undefined,undefined,1,2,2,"Robbery/Dacoity","Detailed facts about Robbery/Dacoity"
4332,"undefined","undefined","undefined",1058,undefined,undefined,1,2,1,"Cybercrime","Detailed facts about Cybercrime"
4333,"undefined","undefined","undefined",1031,undefined,undefined,1,2,1,"Murder/Attempt","Detailed facts about Murder/Attempt"
4334,"undefined","undefined","undefined",1212,undefined,undefined,1,1,2,"Robbery/Dacoity","Detailed facts about Robbery/Dacoity"
4335,"undefined","undefined","undefined",1033,undefined,undefined,1,1,1,"Fraud/Cheating","Detailed facts about Fraud/Cheating"
4336,"undefined","undefined","undefined",1105,undefined,undefined,1,2,2,"Theft/Property","Detailed facts about Theft/Property"
4337,"undefined","undefined","undefined",1059,undefined,undefined,1,2,4,"Theft/Property","Detailed facts about Theft/Property"
4338,"undefined","undefined","undefined",1006,undefined,undefined,1,2,1,"Assault/Violent","Detailed facts about Assault/Violent"
4339,"undefined","undefined","undefined",1010,undefined,undefined,1,2,2,"Others","Detailed facts about Others"
4340,"undefined","undefined","undefined",1046,undefined,undefined,1,2,1,"Assault/Violent","Detailed facts about Assault/Violent"
4341,"undefined","undefined","undefined",1009,undefined,undefined,1,2,2,"Cybercrime","Detailed facts about Cybercrime"
4342,"undefined","undefined","undefined",1119,undefined,undefined,1,2,1,"Kidnapping","Detailed facts about Kidnapping"
4343,"undefined","undefined","undefined",1218,undefined,undefined,1,1,2,"Assault/Violent","Detailed facts about Assault/Violent"
4344,"undefined","undefined","undefined",1173,undefined,undefined,1,1,3,"Fraud/Cheating","Detailed facts about Fraud/Cheating"
4345,"undefined","undefined","undefined",1041,undefined,undefined,1,1,1,"Narcotics","Detailed facts about Narcotics"
4346,"undefined","undefined","undefined",1007,undefined,undefined,1,2,1,"Kidnapping","Detailed facts about Kidnapping"
4347,"undefined","undefined","undefined",1033,undefined,undefined,1,2,3,"Cybercrime","Detailed facts about Cybercrime"
4348,"undefined","undefined","undefined",1041,undefined,undefined,1,2,4,"Robbery/Dacoity","Detailed facts about Robbery/Dacoity"
4349,"undefined","undefined","undefined",1088,undefined,undefined,1,1,1,"Assault/Violent","Detailed facts about Assault/Violent"
4350,"undefined","undefined","undefined",1012,undefined,undefined,1,1,1,"Others","Detailed facts about Others"
4351,"undefined","undefined","undefined",1008,undefined,undefined,1,2,1,"Others","Detailed facts about Others"
4352,"undefined","undefined","undefined",1199,undefined,undefined,1,2,3,"Robbery/Dacoity","Detailed facts about Robbery/Dacoity"
4353,"undefined","undefined","undefined",1008,undefined,undefined,1,2,1,"Assault/Violent","Detailed facts about Assault/Violent"
4354,"undefined","undefined","undefined",1015,undefined,undefined,1,2,3,"Assault/Violent","Detailed facts about Assault/Violent"
4355,"undefined","undefined","undefined",1222,undefined,undefined,1,2,3,"Assault/Violent","Detailed facts about Assault/Violent"
4356,"undefined","undefined","undefined",1005,undefined,undefined,1,2,2,"Cybercrime","Detailed facts about Cybercrime"
4357,"undefined","undefined","undefined",1124,undefined,undefined,1,2,1,"Fraud/Cheating","Detailed facts about Fraud/Cheating"
4358,"undefined","undefined","undefined",1002,undefined,undefined,1,2,1,"Fraud/Cheating","Detailed facts about Fraud/Cheating"
4359,"undefined","undefined","undefined",1049,undefined,undefined,1,1,1,"Cybercrime","Detailed facts about Cybercrime"
4360,"undefined","undefined","undefined",1214,undefined,undefined,1,1,1,"Cybercrime","Detailed facts about Cybercrime"
4361,"undefined","undefined","undefined",1019,undefined,undefined,1,2,1,"Theft/Property","Detailed facts about Theft/Property"
4362,"undefined","undefined","undefined",1010,undefined,undefined,1,2,2,"Fraud/Cheating","Detailed facts about Fraud/Cheating"
4363,"undefined","undefined","undefined",1121,undefined,undefined,1,2,1,"Narcotics","Detailed facts about Narcotics"
4364,"undefined","undefined","undefined",1174,undefined,undefined,1,1,3,"Theft/Property","Detailed facts about Theft/Property"
4365,"undefined","undefined","undefined",1016,undefined,undefined,1,1,3,"Fraud/Cheating","Detailed facts about Fraud/Cheating"
4366,"undefined","undefined","undefined",1025,undefined,undefined,1,2,4,"Cybercrime","Detailed facts about Cybercrime"
4367,"undefined","undefined","undefined",1114,undefined,undefined,1,1,1,"Fraud/Cheating","Detailed facts about Fraud/Cheating"
4368,"undefined","undefined","undefined",1117,undefined,undefined,1,2,1,"Others","Detailed facts about Others"
4369,"undefined","undefined","undefined",1042,undefined,undefined,1,2,3,"Cybercrime","Detailed facts about Cybercrime"
4370,"undefined","undefined","undefined",1003,undefined,undefined,1,1,1,"Theft/Property","Detailed facts about Theft/Property"
4371,"undefined","undefined","undefined",1008,undefined,undefined,1,2,2,"Cybercrime","Detailed facts about Cybercrime"
4372,"undefined","undefined","undefined",1035,undefined,undefined,1,1,1,"Theft/Property","Detailed facts about Theft/Property"
4373,"undefined","undefined","undefined",1008,undefined,undefined,1,2,1,"Kidnapping","Detailed facts about Kidnapping"
4374,"undefined","undefined","undefined",1189,undefined,undefined,1,1,3,"Assault/Violent","Detailed facts about Assault/Violent"
4375,"undefined","undefined","undefined",1004,undefined,undefined,1,1,2,"Fraud/Cheating","Detailed facts about Fraud/Cheating"
4376,"undefined","undefined","undefined",1171,undefined,undefined,1,2,4,"Cybercrime","Detailed facts about Cybercrime"
4377,"undefined","undefined","undefined",1031,undefined,undefined,1,1,3,"Cybercrime","Detailed facts about Cybercrime"
4378,"undefined","undefined","undefined",1176,undefined,undefined,1,2,1,"Cybercrime","Detailed facts about Cybercrime"
4379,"undefined","undefined","undefined",1005,undefined,undefined,1,2,1,"Theft/Property","Detailed facts about Theft/Property"
4380,"undefined","undefined","undefined",1087,undefined,undefined,1,2,2,"Cybercrime","Detailed facts about Cybercrime"
4381,"undefined","undefined","undefined",1202,undefined,undefined,1,2,2,"Theft/Property","Detailed facts about Theft/Property"
4382,"undefined","undefined","undefined",1021,undefined,undefined,1,2,1,"Cybercrime","Detailed facts about Cybercrime"
4383,"undefined","undefined","undefined",1004,undefined,undefined,1,2,1,"Assault/Violent","Detailed facts about Assault/Violent"
4384,"undefined","undefined","undefined",1011,undefined,undefined,1,1,1,"Assault/Violent","Detailed facts about Assault/Violent"
4385,"undefined","undefined","undefined",1001,undefined,undefined,1,2,2,"Cybercrime","Detailed facts about Cybercrime"
4386,"undefined","undefined","undefined",1087,undefined,undefined,1,1,2,"Kidnapping","Detailed facts about Kidnapping"
4387,"undefined","undefined","undefined",1046,undefined,undefined,1,2,1,"Cybercrime","Detailed facts about Cybercrime"
4388,"undefined","undefined","undefined",1100,undefined,undefined,1,2,2,"Robbery/Dacoity","Detailed facts about Robbery/Dacoity"
4389,"undefined","undefined","undefined",1014,undefined,undefined,1,2,2,"Assault/Violent","Detailed facts about Assault/Violent"
4390,"undefined","undefined","undefined",1060,undefined,undefined,1,2,3,"Others","Detailed facts about Others"
4391,"undefined","undefined","undefined",1059,undefined,undefined,1,1,1,"Cybercrime","Detailed facts about Cybercrime"
4392,"undefined","undefined","undefined",1013,undefined,undefined,1,2,3,"Cybercrime","Detailed facts about Cybercrime"
4393,"undefined","undefined","undefined",1100,undefined,undefined,1,1,2,"Others","Detailed facts about Others"
4394,"undefined","undefined","undefined",1009,undefined,undefined,1,2,4,"Cybercrime","Detailed facts about Cybercrime"
4395,"undefined","undefined","undefined",1028,undefined,undefined,1,2,1,"Murder/Attempt","Detailed facts about Murder/Attempt"
4396,"undefined","undefined","undefined",1121,undefined,undefined,1,1,3,"Assault/Violent","Detailed facts about Assault/Violent"
4397,"undefined","undefined","undefined",1059,undefined,undefined,1,2,1,"Cybercrime","Detailed facts about Cybercrime"
4398,"undefined","undefined","undefined",1003,undefined,undefined,1,2,2,"Theft/Property","Detailed facts about Theft/Property"
4399,"undefined","undefined","undefined",1003,undefined,undefined,1,1,1,"Cybercrime","Detailed facts about Cybercrime"
4400,"undefined","undefined","undefined",1223,undefined,undefined,1,1,1,"Theft/Property","Detailed facts about Theft/Property"
4401,"undefined","undefined","undefined",1105,undefined,undefined,1,2,1,"Cybercrime","Detailed facts about Cybercrime"
4402,"undefined","undefined","undefined",1014,undefined,undefined,1,2,2,"Theft/Property","Detailed facts about Theft/Property"
4403,"undefined","undefined","undefined",1135,undefined,undefined,1,2,2,"Theft/Property","Detailed facts about Theft/Property"
4404,"undefined","undefined","undefined",1226,undefined,undefined,1,2,3,"Robbery/Dacoity","Detailed facts about Robbery/Dacoity"
4405,"undefined","undefined","undefined",1169,undefined,undefined,1,2,3,"Assault/Violent","Detailed facts about Assault/Violent"
4406,"undefined","undefined","undefined",1009,undefined,undefined,1,2,3,"Theft/Property","Detailed facts about Theft/Property"
4407,"undefined","undefined","undefined",1109,undefined,undefined,1,2,1,"Cybercrime","Detailed facts about Cybercrime"
4408,"undefined","undefined","undefined",1157,undefined,undefined,1,1,1,"Kidnapping","Detailed facts about Kidnapping"
4409,"undefined","undefined","undefined",1055,undefined,undefined,1,2,2,"Cybercrime","Detailed facts about Cybercrime"
4410,"undefined","undefined","undefined",1071,undefined,undefined,1,2,1,"Kidnapping","Detailed facts about Kidnapping"
4411,"undefined","undefined","undefined",1033,undefined,undefined,1,2,1,"Others","Detailed facts about Others"
4412,"undefined","undefined","undefined",1157,undefined,undefined,1,2,1,"Narcotics","Detailed facts about Narcotics"
4413,"undefined","undefined","undefined",1012,undefined,undefined,1,2,2,"Robbery/Dacoity","Detailed facts about Robbery/Dacoity"
4414,"undefined","undefined","undefined",1007,undefined,undefined,1,2,4,"Robbery/Dacoity","Detailed facts about Robbery/Dacoity"
4415,"undefined","undefined","undefined",1024,undefined,undefined,1,2,2,"Fraud/Cheating","Detailed facts about Fraud/Cheating"
4416,"undefined","undefined","undefined",1013,undefined,undefined,1,2,1,"Narcotics","Detailed facts about Narcotics"
4417,"undefined","undefined","undefined",1055,undefined,undefined,1,2,2,"Others","Detailed facts about Others"
4418,"undefined","undefined","undefined",1099,undefined,undefined,1,1,2,"Murder/Attempt","Detailed facts about Murder/Attempt"
4419,"undefined","undefined","undefined",1004,undefined,undefined,1,1,1,"Robbery/Dacoity","Detailed facts about Robbery/Dacoity"
4420,"undefined","undefined","undefined",1002,undefined,undefined,1,2,3,"Others","Detailed facts about Others"
4421,"undefined","undefined","undefined",1131,undefined,undefined,1,2,1,"Cybercrime","Detailed facts about Cybercrime"
4422,"undefined","undefined","undefined",1028,undefined,undefined,1,1,4,"Assault/Violent","Detailed facts about Assault/Violent"
4423,"undefined","undefined","undefined",1195,undefined,undefined,1,2,3,"Kidnapping","Detailed facts about Kidnapping"
4424,"undefined","undefined","undefined",1029,undefined,undefined,1,2,2,"Theft/Property","Detailed facts about Theft/Property"
4425,"undefined","undefined","undefined",1047,undefined,undefined,1,2,1,"Cybercrime","Detailed facts about Cybercrime"
4426,"undefined","undefined","undefined",1007,undefined,undefined,1,1,1,"Assault/Violent","Detailed facts about Assault/Violent"
4427,"undefined","undefined","undefined",1062,undefined,undefined,1,2,2,"Theft/Property","Detailed facts about Theft/Property"
4428,"undefined","undefined","undefined",1028,undefined,undefined,1,1,1,"Cybercrime","Detailed facts about Cybercrime"
4429,"undefined","undefined","undefined",1002,undefined,undefined,1,2,4,"Assault/Violent","Detailed facts about Assault/Violent"
4430,"undefined","undefined","undefined",1001,undefined,undefined,1,1,2,"Cybercrime","Detailed facts about Cybercrime"
4431,"undefined","undefined","undefined",1051,undefined,undefined,1,2,4,"Assault/Violent","Detailed facts about Assault/Violent"
4432,"undefined","undefined","undefined",1026,undefined,undefined,1,2,3,"Fraud/Cheating","Detailed facts about Fraud/Cheating"
4433,"undefined","undefined","undefined",1054,undefined,undefined,1,2,1,"Fraud/Cheating","Detailed facts about Fraud/Cheating"
4434,"undefined","undefined","undefined",1004,undefined,undefined,1,2,1,"Assault/Violent","Detailed facts about Assault/Violent"
4435,"undefined","undefined","undefined",1028,undefined,undefined,1,2,1,"Assault/Violent","Detailed facts about Assault/Violent"
4436,"undefined","undefined","undefined",1073,undefined,undefined,1,2,2,"Theft/Property","Detailed facts about Theft/Property"
4437,"undefined","undefined","undefined",1049,undefined,undefined,1,1,2,"Cybercrime","Detailed facts about Cybercrime"
4438,"undefined","undefined","undefined",1203,undefined,undefined,1,2,2,"Theft/Property","Detailed facts about Theft/Property"
4439,"undefined","undefined","undefined",1013,undefined,undefined,1,2,1,"Cybercrime","Detailed facts about Cybercrime"
4440,"undefined","undefined","undefined",1131,undefined,undefined,1,2,1,"Cybercrime","Detailed facts about Cybercrime"
4441,"undefined","undefined","undefined",1025,undefined,undefined,1,1,2,"Fraud/Cheating","Detailed facts about Fraud/Cheating"
4442,"undefined","undefined","undefined",1230,undefined,undefined,1,2,1,"Cybercrime","Detailed facts about Cybercrime"
4443,"undefined","undefined","undefined",1136,undefined,undefined,1,2,2,"Theft/Property","Detailed facts about Theft/Property"
4444,"undefined","undefined","undefined",1012,undefined,undefined,1,2,3,"Others","Detailed facts about Others"
4445,"undefined","undefined","undefined",1010,undefined,undefined,1,1,1,"Cybercrime","Detailed facts about Cybercrime"
4446,"undefined","undefined","undefined",1174,undefined,undefined,1,1,3,"Fraud/Cheating","Detailed facts about Fraud/Cheating"
4447,"undefined","undefined","undefined",1004,undefined,undefined,1,2,2,"Assault/Violent","Detailed facts about Assault/Violent"
4448,"undefined","undefined","undefined",1006,undefined,undefined,1,2,2,"Cybercrime","Detailed facts about Cybercrime"
4449,"undefined","undefined","undefined",1015,undefined,undefined,1,1,1,"Narcotics","Detailed facts about Narcotics"
4450,"undefined","undefined","undefined",1003,undefined,undefined,1,2,3,"Murder/Attempt","Detailed facts about Murder/Attempt"
4451,"undefined","undefined","undefined",1006,undefined,undefined,1,1,1,"Assault/Violent","Detailed facts about Assault/Violent"
4452,"undefined","undefined","undefined",1086,undefined,undefined,1,2,4,"Assault/Violent","Detailed facts about Assault/Violent"
4453,"undefined","undefined","undefined",1008,undefined,undefined,1,2,1,"Cybercrime","Detailed facts about Cybercrime"
4454,"undefined","undefined","undefined",1002,undefined,undefined,1,2,4,"Assault/Violent","Detailed facts about Assault/Violent"
4455,"undefined","undefined","undefined",1164,undefined,undefined,1,1,2,"Cybercrime","Detailed facts about Cybercrime"
4456,"undefined","undefined","undefined",1005,undefined,undefined,1,2,1,"Theft/Property","Detailed facts about Theft/Property"
4457,"undefined","undefined","undefined",1007,undefined,undefined,1,2,3,"Fraud/Cheating","Detailed facts about Fraud/Cheating"
4458,"undefined","undefined","undefined",1006,undefined,undefined,1,2,1,"Cybercrime","Detailed facts about Cybercrime"
4459,"undefined","undefined","undefined",1034,undefined,undefined,1,2,2,"Robbery/Dacoity","Detailed facts about Robbery/Dacoity"
4460,"undefined","undefined","undefined",1006,undefined,undefined,1,1,1,"Others","Detailed facts about Others"
4461,"undefined","undefined","undefined",1010,undefined,undefined,1,2,1,"Theft/Property","Detailed facts about Theft/Property"
4462,"undefined","undefined","undefined",1051,undefined,undefined,1,1,2,"Assault/Violent","Detailed facts about Assault/Violent"
4463,"undefined","undefined","undefined",1003,undefined,undefined,1,2,3,"Cybercrime","Detailed facts about Cybercrime"
4464,"undefined","undefined","undefined",1207,undefined,undefined,1,2,1,"Theft/Property","Detailed facts about Theft/Property"
4465,"undefined","undefined","undefined",1029,undefined,undefined,1,2,1,"Assault/Violent","Detailed facts about Assault/Violent"
4466,"undefined","undefined","undefined",1008,undefined,undefined,1,2,3,"Theft/Property","Detailed facts about Theft/Property"
4467,"undefined","undefined","undefined",1046,undefined,undefined,1,1,1,"Fraud/Cheating","Detailed facts about Fraud/Cheating"
4468,"undefined","undefined","undefined",1201,undefined,undefined,1,2,2,"Cybercrime","Detailed facts about Cybercrime"
4469,"undefined","undefined","undefined",1001,undefined,undefined,1,2,1,"Cybercrime","Detailed facts about Cybercrime"
4470,"undefined","undefined","undefined",1058,undefined,undefined,1,2,1,"Theft/Property","Detailed facts about Theft/Property"
4471,"undefined","undefined","undefined",1123,undefined,undefined,1,2,2,"Cybercrime","Detailed facts about Cybercrime"
4472,"undefined","undefined","undefined",1054,undefined,undefined,1,2,1,"Theft/Property","Detailed facts about Theft/Property"
4473,"undefined","undefined","undefined",1118,undefined,undefined,1,2,4,"Murder/Attempt","Detailed facts about Murder/Attempt"
4474,"undefined","undefined","undefined",1043,undefined,undefined,1,2,2,"Narcotics","Detailed facts about Narcotics"
4475,"undefined","undefined","undefined",1035,undefined,undefined,1,2,2,"Fraud/Cheating","Detailed facts about Fraud/Cheating"
4476,"undefined","undefined","undefined",1044,undefined,undefined,1,2,1,"Robbery/Dacoity","Detailed facts about Robbery/Dacoity"
4477,"undefined","undefined","undefined",1037,undefined,undefined,1,1,1,"Assault/Violent","Detailed facts about Assault/Violent"
4478,"undefined","undefined","undefined",1008,undefined,undefined,1,1,2,"Cybercrime","Detailed facts about Cybercrime"
4479,"undefined","undefined","undefined",1010,undefined,undefined,1,1,1,"Theft/Property","Detailed facts about Theft/Property"
4480,"undefined","undefined","undefined",1010,undefined,undefined,1,1,2,"Fraud/Cheating","Detailed facts about Fraud/Cheating"
4481,"undefined","undefined","undefined",1166,undefined,undefined,1,1,2,"Theft/Property","Detailed facts about Theft/Property"
4482,"undefined","undefined","undefined",1008,undefined,undefined,1,1,2,"Assault/Violent","Detailed facts about Assault/Violent"
4483,"undefined","undefined","undefined",1046,undefined,undefined,1,2,2,"Theft/Property","Detailed facts about Theft/Property"
4484,"undefined","undefined","undefined",1011,undefined,undefined,1,1,2,"Murder/Attempt","Detailed facts about Murder/Attempt"
4485,"undefined","undefined","undefined",1012,undefined,undefined,1,1,1,"Robbery/Dacoity","Detailed facts about Robbery/Dacoity"
4486,"undefined","undefined","undefined",1037,undefined,undefined,1,2,2,"Cybercrime","Detailed facts about Cybercrime"
4487,"undefined","undefined","undefined",1016,undefined,undefined,1,1,1,"Theft/Property","Detailed facts about Theft/Property"
4488,"undefined","undefined","undefined",1005,undefined,undefined,1,1,2,"Murder/Attempt","Detailed facts about Murder/Attempt"
4489,"undefined","undefined","undefined",1001,undefined,undefined,1,1,1,"Fraud/Cheating","Detailed facts about Fraud/Cheating"
4490,"undefined","undefined","undefined",1032,undefined,undefined,1,2,1,"Narcotics","Detailed facts about Narcotics"
4491,"undefined","undefined","undefined",1006,undefined,undefined,1,1,1,"Assault/Violent","Detailed facts about Assault/Violent"
4492,"undefined","undefined","undefined",1002,undefined,undefined,1,2,2,"Cybercrime","Detailed facts about Cybercrime"
4493,"undefined","undefined","undefined",1013,undefined,undefined,1,2,2,"Assault/Violent","Detailed facts about Assault/Violent"
4494,"undefined","undefined","undefined",1137,undefined,undefined,1,2,4,"Robbery/Dacoity","Detailed facts about Robbery/Dacoity"
4495,"undefined","undefined","undefined",1046,undefined,undefined,1,2,3,"Cybercrime","Detailed facts about Cybercrime"
4496,"undefined","undefined","undefined",1054,undefined,undefined,1,2,1,"Murder/Attempt","Detailed facts about Murder/Attempt"
4497,"undefined","undefined","undefined",1009,undefined,undefined,1,1,1,"Cybercrime","Detailed facts about Cybercrime"
4498,"undefined","undefined","undefined",1226,undefined,undefined,1,1,3,"Theft/Property","Detailed facts about Theft/Property"
4499,"undefined","undefined","undefined",1007,undefined,undefined,1,2,2,"Fraud/Cheating","Detailed facts about Fraud/Cheating"
4500,"undefined","undefined","undefined",1009,undefined,undefined,1,2,2,"Narcotics","Detailed facts about Narcotics"
4501,"undefined","undefined","undefined",1140,undefined,undefined,1,2,1,"Cybercrime","Detailed facts about Cybercrime"
4502,"undefined","undefined","undefined",1113,undefined,undefined,1,2,1,"Theft/Property","Detailed facts about Theft/Property"
4503,"undefined","undefined","undefined",1011,undefined,undefined,1,2,3,"Fraud/Cheating","Detailed facts about Fraud/Cheating"
4504,"undefined","undefined","undefined",1005,undefined,undefined,1,2,1,"Robbery/Dacoity","Detailed facts about Robbery/Dacoity"
4505,"undefined","undefined","undefined",1010,undefined,undefined,1,2,3,"Fraud/Cheating","Detailed facts about Fraud/Cheating"
4506,"undefined","undefined","undefined",1031,undefined,undefined,1,2,1,"Theft/Property","Detailed facts about Theft/Property"
4507,"undefined","undefined","undefined",1113,undefined,undefined,1,1,1,"Theft/Property","Detailed facts about Theft/Property"
4508,"undefined","undefined","undefined",1046,undefined,undefined,1,2,1,"Cybercrime","Detailed facts about Cybercrime"
4509,"undefined","undefined","undefined",1001,undefined,undefined,1,2,3,"Cybercrime","Detailed facts about Cybercrime"
4510,"undefined","undefined","undefined",1015,undefined,undefined,1,2,1,"Fraud/Cheating","Detailed facts about Fraud/Cheating"
4511,"undefined","undefined","undefined",1009,undefined,undefined,1,2,1,"Fraud/Cheating","Detailed facts about Fraud/Cheating"
4512,"undefined","undefined","undefined",1219,undefined,undefined,1,2,4,"Fraud/Cheating","Detailed facts about Fraud/Cheating"
4513,"undefined","undefined","undefined",1029,undefined,undefined,1,2,1,"Assault/Violent","Detailed facts about Assault/Violent"
4514,"undefined","undefined","undefined",1155,undefined,undefined,1,1,2,"Cybercrime","Detailed facts about Cybercrime"
4515,"undefined","undefined","undefined",1029,undefined,undefined,1,2,1,"Theft/Property","Detailed facts about Theft/Property"
4516,"undefined","undefined","undefined",1160,undefined,undefined,1,1,1,"Fraud/Cheating","Detailed facts about Fraud/Cheating"
4517,"undefined","undefined","undefined",1042,undefined,undefined,1,2,2,"Theft/Property","Detailed facts about Theft/Property"
4518,"undefined","undefined","undefined",1006,undefined,undefined,1,1,2,"Cybercrime","Detailed facts about Cybercrime"
4519,"undefined","undefined","undefined",1056,undefined,undefined,1,2,1,"Theft/Property","Detailed facts about Theft/Property"
4520,"undefined","undefined","undefined",1173,undefined,undefined,1,2,2,"Fraud/Cheating","Detailed facts about Fraud/Cheating"
4521,"undefined","undefined","undefined",1053,undefined,undefined,1,2,1,"Cybercrime","Detailed facts about Cybercrime"
4522,"undefined","undefined","undefined",1013,undefined,undefined,1,2,2,"Narcotics","Detailed facts about Narcotics"
4523,"undefined","undefined","undefined",1024,undefined,undefined,1,1,3,"Fraud/Cheating","Detailed facts about Fraud/Cheating"
4524,"undefined","undefined","undefined",1004,undefined,undefined,1,2,1,"Others","Detailed facts about Others"
4525,"undefined","undefined","undefined",1011,undefined,undefined,1,2,2,"Cybercrime","Detailed facts about Cybercrime"
4526,"undefined","undefined","undefined",1012,undefined,undefined,1,2,1,"Kidnapping","Detailed facts about Kidnapping"
4527,"undefined","undefined","undefined",1009,undefined,undefined,1,1,1,"Cybercrime","Detailed facts about Cybercrime"
4528,"undefined","undefined","undefined",1007,undefined,undefined,1,2,2,"Robbery/Dacoity","Detailed facts about Robbery/Dacoity"
4529,"undefined","undefined","undefined",1043,undefined,undefined,1,2,2,"Cybercrime","Detailed facts about Cybercrime"
4530,"undefined","undefined","undefined",1010,undefined,undefined,1,2,1,"Fraud/Cheating","Detailed facts about Fraud/Cheating"
4531,"undefined","undefined","undefined",1030,undefined,undefined,1,1,1,"Assault/Violent","Detailed facts about Assault/Violent"
4532,"undefined","undefined","undefined",1095,undefined,undefined,1,2,2,"Kidnapping","Detailed facts about Kidnapping"
4533,"undefined","undefined","undefined",1001,undefined,undefined,1,2,4,"Robbery/Dacoity","Detailed facts about Robbery/Dacoity"
4534,"undefined","undefined","undefined",1042,undefined,undefined,1,2,1,"Theft/Property","Detailed facts about Theft/Property"
4535,"undefined","undefined","undefined",1165,undefined,undefined,1,1,1,"Fraud/Cheating","Detailed facts about Fraud/Cheating"
4536,"undefined","undefined","undefined",1206,undefined,undefined,1,2,1,"Theft/Property","Detailed facts about Theft/Property"
4537,"undefined","undefined","undefined",1081,undefined,undefined,1,1,4,"Assault/Violent","Detailed facts about Assault/Violent"
4538,"undefined","undefined","undefined",1004,undefined,undefined,1,2,1,"Assault/Violent","Detailed facts about Assault/Violent"
4539,"undefined","undefined","undefined",1001,undefined,undefined,1,2,4,"Robbery/Dacoity","Detailed facts about Robbery/Dacoity"
4540,"undefined","undefined","undefined",1137,undefined,undefined,1,1,1,"Assault/Violent","Detailed facts about Assault/Violent"
4541,"undefined","undefined","undefined",1001,undefined,undefined,1,2,2,"Theft/Property","Detailed facts about Theft/Property"
4542,"undefined","undefined","undefined",1025,undefined,undefined,1,2,4,"Cybercrime","Detailed facts about Cybercrime"
4543,"undefined","undefined","undefined",1156,undefined,undefined,1,2,2,"Narcotics","Detailed facts about Narcotics"
4544,"undefined","undefined","undefined",1141,undefined,undefined,1,2,2,"Cybercrime","Detailed facts about Cybercrime"
4545,"undefined","undefined","undefined",1094,undefined,undefined,1,2,2,"Theft/Property","Detailed facts about Theft/Property"
4546,"undefined","undefined","undefined",1008,undefined,undefined,1,2,2,"Others","Detailed facts about Others"
4547,"undefined","undefined","undefined",1041,undefined,undefined,1,2,4,"Murder/Attempt","Detailed facts about Murder/Attempt"
4548,"undefined","undefined","undefined",1012,undefined,undefined,1,1,1,"Others","Detailed facts about Others"
4549,"undefined","undefined","undefined",1089,undefined,undefined,1,2,4,"Fraud/Cheating","Detailed facts about Fraud/Cheating"
4550,"undefined","undefined","undefined",1010,undefined,undefined,1,2,2,"Robbery/Dacoity","Detailed facts about Robbery/Dacoity"
4551,"undefined","undefined","undefined",1029,undefined,undefined,1,2,2,"Cybercrime","Detailed facts about Cybercrime"
4552,"undefined","undefined","undefined",1154,undefined,undefined,1,2,2,"Robbery/Dacoity","Detailed facts about Robbery/Dacoity"
4553,"undefined","undefined","undefined",1210,undefined,undefined,1,2,2,"Cybercrime","Detailed facts about Cybercrime"
4554,"undefined","undefined","undefined",1122,undefined,undefined,1,2,1,"Others","Detailed facts about Others"
4555,"undefined","undefined","undefined",1191,undefined,undefined,1,2,2,"Cybercrime","Detailed facts about Cybercrime"
4556,"undefined","undefined","undefined",1055,undefined,undefined,1,2,1,"Assault/Violent","Detailed facts about Assault/Violent"
4557,"undefined","undefined","undefined",1009,undefined,undefined,1,2,2,"Robbery/Dacoity","Detailed facts about Robbery/Dacoity"
4558,"undefined","undefined","undefined",1007,undefined,undefined,1,2,1,"Cybercrime","Detailed facts about Cybercrime"
4559,"undefined","undefined","undefined",1018,undefined,undefined,1,1,1,"Fraud/Cheating","Detailed facts about Fraud/Cheating"
4560,"undefined","undefined","undefined",1027,undefined,undefined,1,2,1,"Cybercrime","Detailed facts about Cybercrime"
4561,"undefined","undefined","undefined",1005,undefined,undefined,1,1,4,"Theft/Property","Detailed facts about Theft/Property"
4562,"undefined","undefined","undefined",1026,undefined,undefined,1,2,2,"Theft/Property","Detailed facts about Theft/Property"
4563,"undefined","undefined","undefined",1008,undefined,undefined,1,1,1,"Cybercrime","Detailed facts about Cybercrime"
4564,"undefined","undefined","undefined",1029,undefined,undefined,1,2,4,"Fraud/Cheating","Detailed facts about Fraud/Cheating"
4565,"undefined","undefined","undefined",1030,undefined,undefined,1,1,1,"Assault/Violent","Detailed facts about Assault/Violent"
4566,"undefined","undefined","undefined",1031,undefined,undefined,1,2,3,"Robbery/Dacoity","Detailed facts about Robbery/Dacoity"
4567,"undefined","undefined","undefined",1005,undefined,undefined,1,2,1,"Cybercrime","Detailed facts about Cybercrime"
4568,"undefined","undefined","undefined",1007,undefined,undefined,1,2,1,"Theft/Property","Detailed facts about Theft/Property"
4569,"undefined","undefined","undefined",1056,undefined,undefined,1,2,2,"Kidnapping","Detailed facts about Kidnapping"
4570,"undefined","undefined","undefined",1057,undefined,undefined,1,1,2,"Theft/Property","Detailed facts about Theft/Property"
4571,"undefined","undefined","undefined",1008,undefined,undefined,1,2,2,"Fraud/Cheating","Detailed facts about Fraud/Cheating"
4572,"undefined","undefined","undefined",1138,undefined,undefined,1,2,1,"Theft/Property","Detailed facts about Theft/Property"
4573,"undefined","undefined","undefined",1130,undefined,undefined,1,2,2,"Cybercrime","Detailed facts about Cybercrime"
4574,"undefined","undefined","undefined",1003,undefined,undefined,1,2,1,"Cybercrime","Detailed facts about Cybercrime"
4575,"undefined","undefined","undefined",1003,undefined,undefined,1,1,1,"Assault/Violent","Detailed facts about Assault/Violent"
4576,"undefined","undefined","undefined",1010,undefined,undefined,1,2,1,"Cybercrime","Detailed facts about Cybercrime"
4577,"undefined","undefined","undefined",1004,undefined,undefined,1,1,3,"Assault/Violent","Detailed facts about Assault/Violent"
4578,"undefined","undefined","undefined",1154,undefined,undefined,1,2,3,"Narcotics","Detailed facts about Narcotics"
4579,"undefined","undefined","undefined",1026,undefined,undefined,1,2,1,"Cybercrime","Detailed facts about Cybercrime"
4580,"undefined","undefined","undefined",1158,undefined,undefined,1,2,3,"Others","Detailed facts about Others"
4581,"undefined","undefined","undefined",1026,undefined,undefined,1,1,2,"Murder/Attempt","Detailed facts about Murder/Attempt"
4582,"undefined","undefined","undefined",1009,undefined,undefined,1,2,2,"Theft/Property","Detailed facts about Theft/Property"
4583,"undefined","undefined","undefined",1038,undefined,undefined,1,1,1,"Theft/Property","Detailed facts about Theft/Property"
4584,"undefined","undefined","undefined",1009,undefined,undefined,1,1,2,"Theft/Property","Detailed facts about Theft/Property"
4585,"undefined","undefined","undefined",1061,undefined,undefined,1,2,2,"Narcotics","Detailed facts about Narcotics"
4586,"undefined","undefined","undefined",1012,undefined,undefined,1,2,4,"Assault/Violent","Detailed facts about Assault/Violent"
4587,"undefined","undefined","undefined",1169,undefined,undefined,1,2,3,"Cybercrime","Detailed facts about Cybercrime"
4588,"undefined","undefined","undefined",1025,undefined,undefined,1,2,4,"Theft/Property","Detailed facts about Theft/Property"
4589,"undefined","undefined","undefined",1026,undefined,undefined,1,2,1,"Theft/Property","Detailed facts about Theft/Property"
4590,"undefined","undefined","undefined",1014,undefined,undefined,1,2,3,"Theft/Property","Detailed facts about Theft/Property"
4591,"undefined","undefined","undefined",1223,undefined,undefined,1,2,3,"Others","Detailed facts about Others"
4592,"undefined","undefined","undefined",1015,undefined,undefined,1,2,2,"Theft/Property","Detailed facts about Theft/Property"
4593,"undefined","undefined","undefined",1061,undefined,undefined,1,2,1,"Theft/Property","Detailed facts about Theft/Property"
4594,"undefined","undefined","undefined",1066,undefined,undefined,1,2,1,"Murder/Attempt","Detailed facts about Murder/Attempt"
4595,"undefined","undefined","undefined",1117,undefined,undefined,1,2,2,"Theft/Property","Detailed facts about Theft/Property"
4596,"undefined","undefined","undefined",1015,undefined,undefined,1,2,3,"Cybercrime","Detailed facts about Cybercrime"
4597,"undefined","undefined","undefined",1006,undefined,undefined,1,2,1,"Fraud/Cheating","Detailed facts about Fraud/Cheating"
4598,"undefined","undefined","undefined",1177,undefined,undefined,1,2,2,"Cybercrime","Detailed facts about Cybercrime"
4599,"undefined","undefined","undefined",1012,undefined,undefined,1,2,3,"Cybercrime","Detailed facts about Cybercrime"
4600,"undefined","undefined","undefined",1011,undefined,undefined,1,2,1,"Cybercrime","Detailed facts about Cybercrime"
4601,"undefined","undefined","undefined",1117,undefined,undefined,1,2,4,"Robbery/Dacoity","Detailed facts about Robbery/Dacoity"
4602,"undefined","undefined","undefined",1006,undefined,undefined,1,1,4,"Cybercrime","Detailed facts about Cybercrime"
4603,"undefined","undefined","undefined",1109,undefined,undefined,1,2,1,"Assault/Violent","Detailed facts about Assault/Violent"
4604,"undefined","undefined","undefined",1001,undefined,undefined,1,1,2,"Theft/Property","Detailed facts about Theft/Property"
4605,"undefined","undefined","undefined",1026,undefined,undefined,1,1,1,"Theft/Property","Detailed facts about Theft/Property"
4606,"undefined","undefined","undefined",1075,undefined,undefined,1,2,4,"Theft/Property","Detailed facts about Theft/Property"
4607,"undefined","undefined","undefined",1053,undefined,undefined,1,2,2,"Cybercrime","Detailed facts about Cybercrime"
4608,"undefined","undefined","undefined",1005,undefined,undefined,1,1,2,"Cybercrime","Detailed facts about Cybercrime"
4609,"undefined","undefined","undefined",1051,undefined,undefined,1,2,1,"Cybercrime","Detailed facts about Cybercrime"
4610,"undefined","undefined","undefined",1135,undefined,undefined,1,2,2,"Murder/Attempt","Detailed facts about Murder/Attempt"
4611,"undefined","undefined","undefined",1028,undefined,undefined,1,2,3,"Fraud/Cheating","Detailed facts about Fraud/Cheating"
4612,"undefined","undefined","undefined",1009,undefined,undefined,1,2,3,"Assault/Violent","Detailed facts about Assault/Violent"
4613,"undefined","undefined","undefined",1041,undefined,undefined,1,1,2,"Theft/Property","Detailed facts about Theft/Property"
4614,"undefined","undefined","undefined",1054,undefined,undefined,1,1,1,"Narcotics","Detailed facts about Narcotics"
4615,"undefined","undefined","undefined",1054,undefined,undefined,1,2,2,"Cybercrime","Detailed facts about Cybercrime"
4616,"undefined","undefined","undefined",1191,undefined,undefined,1,2,3,"Assault/Violent","Detailed facts about Assault/Violent"
4617,"undefined","undefined","undefined",1003,undefined,undefined,1,2,1,"Assault/Violent","Detailed facts about Assault/Violent"
4618,"undefined","undefined","undefined",1027,undefined,undefined,1,2,1,"Assault/Violent","Detailed facts about Assault/Violent"
4619,"undefined","undefined","undefined",1046,undefined,undefined,1,2,2,"Cybercrime","Detailed facts about Cybercrime"
4620,"undefined","undefined","undefined",1186,undefined,undefined,1,2,1,"Murder/Attempt","Detailed facts about Murder/Attempt"
4621,"undefined","undefined","undefined",1014,undefined,undefined,1,2,1,"Cybercrime","Detailed facts about Cybercrime"
4622,"undefined","undefined","undefined",1025,undefined,undefined,1,1,1,"Others","Detailed facts about Others"
4623,"undefined","undefined","undefined",1005,undefined,undefined,1,2,1,"Cybercrime","Detailed facts about Cybercrime"
4624,"undefined","undefined","undefined",1003,undefined,undefined,1,2,3,"Fraud/Cheating","Detailed facts about Fraud/Cheating"
4625,"undefined","undefined","undefined",1011,undefined,undefined,1,2,2,"Others","Detailed facts about Others"
4626,"undefined","undefined","undefined",1012,undefined,undefined,1,1,3,"Assault/Violent","Detailed facts about Assault/Violent"
4627,"undefined","undefined","undefined",1005,undefined,undefined,1,2,3,"Cybercrime","Detailed facts about Cybercrime"
4628,"undefined","undefined","undefined",1013,undefined,undefined,1,2,2,"Narcotics","Detailed facts about Narcotics"
4629,"undefined","undefined","undefined",1051,undefined,undefined,1,1,1,"Murder/Attempt","Detailed facts about Murder/Attempt"
4630,"undefined","undefined","undefined",1037,undefined,undefined,1,2,1,"Theft/Property","Detailed facts about Theft/Property"
4631,"undefined","undefined","undefined",1004,undefined,undefined,1,1,3,"Robbery/Dacoity","Detailed facts about Robbery/Dacoity"
4632,"undefined","undefined","undefined",1081,undefined,undefined,1,2,3,"Murder/Attempt","Detailed facts about Murder/Attempt"
4633,"undefined","undefined","undefined",1011,undefined,undefined,1,1,2,"Cybercrime","Detailed facts about Cybercrime"
4634,"undefined","undefined","undefined",1006,undefined,undefined,1,2,4,"Fraud/Cheating","Detailed facts about Fraud/Cheating"
4635,"undefined","undefined","undefined",1007,undefined,undefined,1,2,3,"Assault/Violent","Detailed facts about Assault/Violent"
4636,"undefined","undefined","undefined",1003,undefined,undefined,1,1,1,"Cybercrime","Detailed facts about Cybercrime"
4637,"undefined","undefined","undefined",1033,undefined,undefined,1,1,2,"Theft/Property","Detailed facts about Theft/Property"
4638,"undefined","undefined","undefined",1128,undefined,undefined,1,1,1,"Murder/Attempt","Detailed facts about Murder/Attempt"
4639,"undefined","undefined","undefined",1007,undefined,undefined,1,1,1,"Theft/Property","Detailed facts about Theft/Property"
4640,"undefined","undefined","undefined",1093,undefined,undefined,1,1,1,"Theft/Property","Detailed facts about Theft/Property"
4641,"undefined","undefined","undefined",1008,undefined,undefined,1,2,1,"Others","Detailed facts about Others"
4642,"undefined","undefined","undefined",1059,undefined,undefined,1,2,2,"Cybercrime","Detailed facts about Cybercrime"
4643,"undefined","undefined","undefined",1030,undefined,undefined,1,2,3,"Assault/Violent","Detailed facts about Assault/Violent"
4644,"undefined","undefined","undefined",1015,undefined,undefined,1,2,1,"Robbery/Dacoity","Detailed facts about Robbery/Dacoity"
4645,"undefined","undefined","undefined",1015,undefined,undefined,1,1,4,"Cybercrime","Detailed facts about Cybercrime"
4646,"undefined","undefined","undefined",1003,undefined,undefined,1,2,3,"Others","Detailed facts about Others"
4647,"undefined","undefined","undefined",1023,undefined,undefined,1,2,2,"Theft/Property","Detailed facts about Theft/Property"
4648,"undefined","undefined","undefined",1031,undefined,undefined,1,2,1,"Assault/Violent","Detailed facts about Assault/Violent"
4649,"undefined","undefined","undefined",1033,undefined,undefined,1,1,2,"Cybercrime","Detailed facts about Cybercrime"
4650,"undefined","undefined","undefined",1190,undefined,undefined,1,2,1,"Cybercrime","Detailed facts about Cybercrime"
4651,"undefined","undefined","undefined",1216,undefined,undefined,1,1,2,"Others","Detailed facts about Others"
4652,"undefined","undefined","undefined",1013,undefined,undefined,1,1,3,"Theft/Property","Detailed facts about Theft/Property"
4653,"undefined","undefined","undefined",1182,undefined,undefined,1,2,2,"Cybercrime","Detailed facts about Cybercrime"
4654,"undefined","undefined","undefined",1015,undefined,undefined,1,2,1,"Kidnapping","Detailed facts about Kidnapping"
4655,"undefined","undefined","undefined",1032,undefined,undefined,1,1,1,"Theft/Property","Detailed facts about Theft/Property"
4656,"undefined","undefined","undefined",1011,undefined,undefined,1,2,1,"Theft/Property","Detailed facts about Theft/Property"
4657,"undefined","undefined","undefined",1178,undefined,undefined,1,2,2,"Cybercrime","Detailed facts about Cybercrime"
4658,"undefined","undefined","undefined",1048,undefined,undefined,1,2,1,"Murder/Attempt","Detailed facts about Murder/Attempt"
4659,"undefined","undefined","undefined",1092,undefined,undefined,1,2,2,"Assault/Violent","Detailed facts about Assault/Violent"
4660,"undefined","undefined","undefined",1118,undefined,undefined,1,1,1,"Fraud/Cheating","Detailed facts about Fraud/Cheating"
4661,"undefined","undefined","undefined",1137,undefined,undefined,1,1,1,"Murder/Attempt","Detailed facts about Murder/Attempt"
4662,"undefined","undefined","undefined",1057,undefined,undefined,1,2,2,"Robbery/Dacoity","Detailed facts about Robbery/Dacoity"
4663,"undefined","undefined","undefined",1016,undefined,undefined,1,2,1,"Murder/Attempt","Detailed facts about Murder/Attempt"
4664,"undefined","undefined","undefined",1014,undefined,undefined,1,1,1,"Cybercrime","Detailed facts about Cybercrime"
4665,"undefined","undefined","undefined",1158,undefined,undefined,1,2,3,"Cybercrime","Detailed facts about Cybercrime"
4666,"undefined","undefined","undefined",1113,undefined,undefined,1,1,1,"Assault/Violent","Detailed facts about Assault/Violent"
4667,"undefined","undefined","undefined",1049,undefined,undefined,1,2,1,"Assault/Violent","Detailed facts about Assault/Violent"
4668,"undefined","undefined","undefined",1210,undefined,undefined,1,1,2,"Cybercrime","Detailed facts about Cybercrime"
4669,"undefined","undefined","undefined",1008,undefined,undefined,1,1,4,"Theft/Property","Detailed facts about Theft/Property"
4670,"undefined","undefined","undefined",1095,undefined,undefined,1,2,4,"Cybercrime","Detailed facts about Cybercrime"
4671,"undefined","undefined","undefined",1024,undefined,undefined,1,2,1,"Theft/Property","Detailed facts about Theft/Property"
4672,"undefined","undefined","undefined",1044,undefined,undefined,1,2,2,"Theft/Property","Detailed facts about Theft/Property"
4673,"undefined","undefined","undefined",1071,undefined,undefined,1,1,4,"Narcotics","Detailed facts about Narcotics"
4674,"undefined","undefined","undefined",1015,undefined,undefined,1,2,1,"Cybercrime","Detailed facts about Cybercrime"
4675,"undefined","undefined","undefined",1128,undefined,undefined,1,2,3,"Cybercrime","Detailed facts about Cybercrime"
4676,"undefined","undefined","undefined",1029,undefined,undefined,1,2,2,"Theft/Property","Detailed facts about Theft/Property"
4677,"undefined","undefined","undefined",1012,undefined,undefined,1,2,2,"Others","Detailed facts about Others"
4678,"undefined","undefined","undefined",1006,undefined,undefined,1,1,1,"Cybercrime","Detailed facts about Cybercrime"
4679,"undefined","undefined","undefined",1002,undefined,undefined,1,1,2,"Theft/Property","Detailed facts about Theft/Property"
4680,"undefined","undefined","undefined",1029,undefined,undefined,1,1,1,"Cybercrime","Detailed facts about Cybercrime"
4681,"undefined","undefined","undefined",1096,undefined,undefined,1,2,3,"Theft/Property","Detailed facts about Theft/Property"
4682,"undefined","undefined","undefined",1010,undefined,undefined,1,2,1,"Fraud/Cheating","Detailed facts about Fraud/Cheating"
4683,"undefined","undefined","undefined",1015,undefined,undefined,1,2,4,"Robbery/Dacoity","Detailed facts about Robbery/Dacoity"
4684,"undefined","undefined","undefined",1201,undefined,undefined,1,1,3,"Robbery/Dacoity","Detailed facts about Robbery/Dacoity"
4685,"undefined","undefined","undefined",1162,undefined,undefined,1,2,2,"Others","Detailed facts about Others"
4686,"undefined","undefined","undefined",1028,undefined,undefined,1,2,2,"Theft/Property","Detailed facts about Theft/Property"
4687,"undefined","undefined","undefined",1006,undefined,undefined,1,2,2,"Cybercrime","Detailed facts about Cybercrime"
4688,"undefined","undefined","undefined",1007,undefined,undefined,1,2,2,"Assault/Violent","Detailed facts about Assault/Violent"
4689,"undefined","undefined","undefined",1090,undefined,undefined,1,2,2,"Theft/Property","Detailed facts about Theft/Property"
4690,"undefined","undefined","undefined",1032,undefined,undefined,1,2,3,"Cybercrime","Detailed facts about Cybercrime"
4691,"undefined","undefined","undefined",1053,undefined,undefined,1,2,1,"Cybercrime","Detailed facts about Cybercrime"
4692,"undefined","undefined","undefined",1141,undefined,undefined,1,1,1,"Cybercrime","Detailed facts about Cybercrime"
4693,"undefined","undefined","undefined",1058,undefined,undefined,1,2,4,"Narcotics","Detailed facts about Narcotics"
4694,"undefined","undefined","undefined",1153,undefined,undefined,1,2,2,"Theft/Property","Detailed facts about Theft/Property"
4695,"undefined","undefined","undefined",1227,undefined,undefined,1,1,2,"Cybercrime","Detailed facts about Cybercrime"
4696,"undefined","undefined","undefined",1057,undefined,undefined,1,2,1,"Theft/Property","Detailed facts about Theft/Property"
4697,"undefined","undefined","undefined",1011,undefined,undefined,1,2,1,"Fraud/Cheating","Detailed facts about Fraud/Cheating"
4698,"undefined","undefined","undefined",1046,undefined,undefined,1,2,2,"Cybercrime","Detailed facts about Cybercrime"
4699,"undefined","undefined","undefined",1013,undefined,undefined,1,1,2,"Assault/Violent","Detailed facts about Assault/Violent"
4700,"undefined","undefined","undefined",1006,undefined,undefined,1,1,1,"Fraud/Cheating","Detailed facts about Fraud/Cheating"
4701,"undefined","undefined","undefined",1045,undefined,undefined,1,1,1,"Fraud/Cheating","Detailed facts about Fraud/Cheating"
4702,"undefined","undefined","undefined",1199,undefined,undefined,1,2,2,"Theft/Property","Detailed facts about Theft/Property"
4703,"undefined","undefined","undefined",1012,undefined,undefined,1,2,1,"Theft/Property","Detailed facts about Theft/Property"
4704,"undefined","undefined","undefined",1026,undefined,undefined,1,1,1,"Fraud/Cheating","Detailed facts about Fraud/Cheating"
4705,"undefined","undefined","undefined",1047,undefined,undefined,1,2,4,"Assault/Violent","Detailed facts about Assault/Violent"
4706,"undefined","undefined","undefined",1155,undefined,undefined,1,1,2,"Narcotics","Detailed facts about Narcotics"
4707,"undefined","undefined","undefined",1001,undefined,undefined,1,1,2,"Cybercrime","Detailed facts about Cybercrime"
4708,"undefined","undefined","undefined",1153,undefined,undefined,1,1,1,"Cybercrime","Detailed facts about Cybercrime"
4709,"undefined","undefined","undefined",1107,undefined,undefined,1,2,1,"Assault/Violent","Detailed facts about Assault/Violent"
4710,"undefined","undefined","undefined",1002,undefined,undefined,1,2,1,"Cybercrime","Detailed facts about Cybercrime"
4711,"undefined","undefined","undefined",1058,undefined,undefined,1,2,3,"Theft/Property","Detailed facts about Theft/Property"
4712,"undefined","undefined","undefined",1002,undefined,undefined,1,2,1,"Theft/Property","Detailed facts about Theft/Property"
4713,"undefined","undefined","undefined",1157,undefined,undefined,1,2,3,"Kidnapping","Detailed facts about Kidnapping"
4714,"undefined","undefined","undefined",1050,undefined,undefined,1,2,1,"Assault/Violent","Detailed facts about Assault/Violent"
4715,"undefined","undefined","undefined",1010,undefined,undefined,1,2,1,"Others","Detailed facts about Others"
4716,"undefined","undefined","undefined",1042,undefined,undefined,1,2,1,"Theft/Property","Detailed facts about Theft/Property"
4717,"undefined","undefined","undefined",1059,undefined,undefined,1,2,1,"Theft/Property","Detailed facts about Theft/Property"
4718,"undefined","undefined","undefined",1096,undefined,undefined,1,1,3,"Theft/Property","Detailed facts about Theft/Property"
4719,"undefined","undefined","undefined",1003,undefined,undefined,1,2,3,"Others","Detailed facts about Others"
4720,"undefined","undefined","undefined",1012,undefined,undefined,1,2,2,"Theft/Property","Detailed facts about Theft/Property"
4721,"undefined","undefined","undefined",1098,undefined,undefined,1,2,3,"Others","Detailed facts about Others"
4722,"undefined","undefined","undefined",1033,undefined,undefined,1,2,1,"Assault/Violent","Detailed facts about Assault/Violent"
4723,"undefined","undefined","undefined",1010,undefined,undefined,1,2,1,"Assault/Violent","Detailed facts about Assault/Violent"
4724,"undefined","undefined","undefined",1012,undefined,undefined,1,2,4,"Narcotics","Detailed facts about Narcotics"
4725,"undefined","undefined","undefined",1013,undefined,undefined,1,2,1,"Assault/Violent","Detailed facts about Assault/Violent"
4726,"undefined","undefined","undefined",1084,undefined,undefined,1,2,1,"Others","Detailed facts about Others"
4727,"undefined","undefined","undefined",1189,undefined,undefined,1,2,2,"Cybercrime","Detailed facts about Cybercrime"
4728,"undefined","undefined","undefined",1006,undefined,undefined,1,1,4,"Assault/Violent","Detailed facts about Assault/Violent"
4729,"undefined","undefined","undefined",1132,undefined,undefined,1,1,1,"Fraud/Cheating","Detailed facts about Fraud/Cheating"
4730,"undefined","undefined","undefined",1013,undefined,undefined,1,2,1,"Assault/Violent","Detailed facts about Assault/Violent"
4731,"undefined","undefined","undefined",1008,undefined,undefined,1,1,3,"Cybercrime","Detailed facts about Cybercrime"
4732,"undefined","undefined","undefined",1009,undefined,undefined,1,1,3,"Theft/Property","Detailed facts about Theft/Property"
4733,"undefined","undefined","undefined",1030,undefined,undefined,1,1,1,"Fraud/Cheating","Detailed facts about Fraud/Cheating"
4734,"undefined","undefined","undefined",1005,undefined,undefined,1,1,2,"Others","Detailed facts about Others"
4735,"undefined","undefined","undefined",1025,undefined,undefined,1,2,2,"Assault/Violent","Detailed facts about Assault/Violent"
4736,"undefined","undefined","undefined",1021,undefined,undefined,1,2,1,"Theft/Property","Detailed facts about Theft/Property"
4737,"undefined","undefined","undefined",1005,undefined,undefined,1,2,1,"Cybercrime","Detailed facts about Cybercrime"
4738,"undefined","undefined","undefined",1142,undefined,undefined,1,2,2,"Theft/Property","Detailed facts about Theft/Property"
4739,"undefined","undefined","undefined",1184,undefined,undefined,1,2,1,"Assault/Violent","Detailed facts about Assault/Violent"
4740,"undefined","undefined","undefined",1004,undefined,undefined,1,2,2,"Others","Detailed facts about Others"
4741,"undefined","undefined","undefined",1052,undefined,undefined,1,2,3,"Assault/Violent","Detailed facts about Assault/Violent"
4742,"undefined","undefined","undefined",1211,undefined,undefined,1,1,2,"Cybercrime","Detailed facts about Cybercrime"
4743,"undefined","undefined","undefined",1004,undefined,undefined,1,1,2,"Assault/Violent","Detailed facts about Assault/Violent"
4744,"undefined","undefined","undefined",1049,undefined,undefined,1,2,1,"Theft/Property","Detailed facts about Theft/Property"
4745,"undefined","undefined","undefined",1005,undefined,undefined,1,1,2,"Assault/Violent","Detailed facts about Assault/Violent"
4746,"undefined","undefined","undefined",1113,undefined,undefined,1,1,2,"Cybercrime","Detailed facts about Cybercrime"
4747,"undefined","undefined","undefined",1004,undefined,undefined,1,2,3,"Assault/Violent","Detailed facts about Assault/Violent"
4748,"undefined","undefined","undefined",1012,undefined,undefined,1,2,2,"Cybercrime","Detailed facts about Cybercrime"
4749,"undefined","undefined","undefined",1082,undefined,undefined,1,2,4,"Theft/Property","Detailed facts about Theft/Property"
4750,"undefined","undefined","undefined",1015,undefined,undefined,1,2,3,"Robbery/Dacoity","Detailed facts about Robbery/Dacoity"
4751,"undefined","undefined","undefined",1044,undefined,undefined,1,2,2,"Fraud/Cheating","Detailed facts about Fraud/Cheating"
4752,"undefined","undefined","undefined",1013,undefined,undefined,1,2,1,"Cybercrime","Detailed facts about Cybercrime"
4753,"undefined","undefined","undefined",1166,undefined,undefined,1,1,2,"Robbery/Dacoity","Detailed facts about Robbery/Dacoity"
4754,"undefined","undefined","undefined",1025,undefined,undefined,1,2,3,"Cybercrime","Detailed facts about Cybercrime"
4755,"undefined","undefined","undefined",1003,undefined,undefined,1,2,2,"Robbery/Dacoity","Detailed facts about Robbery/Dacoity"
4756,"undefined","undefined","undefined",1030,undefined,undefined,1,2,2,"Others","Detailed facts about Others"
4757,"undefined","undefined","undefined",1005,undefined,undefined,1,2,1,"Theft/Property","Detailed facts about Theft/Property"
4758,"undefined","undefined","undefined",1146,undefined,undefined,1,2,1,"Assault/Violent","Detailed facts about Assault/Violent"
4759,"undefined","undefined","undefined",1006,undefined,undefined,1,1,3,"Assault/Violent","Detailed facts about Assault/Violent"
4760,"undefined","undefined","undefined",1008,undefined,undefined,1,2,1,"Theft/Property","Detailed facts about Theft/Property"
4761,"undefined","undefined","undefined",1015,undefined,undefined,1,1,2,"Assault/Violent","Detailed facts about Assault/Violent"
4762,"undefined","undefined","undefined",1002,undefined,undefined,1,2,2,"Assault/Violent","Detailed facts about Assault/Violent"
4763,"undefined","undefined","undefined",1138,undefined,undefined,1,2,1,"Cybercrime","Detailed facts about Cybercrime"
4764,"undefined","undefined","undefined",1001,undefined,undefined,1,2,1,"Theft/Property","Detailed facts about Theft/Property"
4765,"undefined","undefined","undefined",1006,undefined,undefined,1,2,2,"Fraud/Cheating","Detailed facts about Fraud/Cheating"
4766,"undefined","undefined","undefined",1010,undefined,undefined,1,2,2,"Assault/Violent","Detailed facts about Assault/Violent"
4767,"undefined","undefined","undefined",1087,undefined,undefined,1,2,1,"Cybercrime","Detailed facts about Cybercrime"
4768,"undefined","undefined","undefined",1184,undefined,undefined,1,2,2,"Kidnapping","Detailed facts about Kidnapping"
4769,"undefined","undefined","undefined",1030,undefined,undefined,1,2,1,"Others","Detailed facts about Others"
4770,"undefined","undefined","undefined",1004,undefined,undefined,1,2,1,"Robbery/Dacoity","Detailed facts about Robbery/Dacoity"
4771,"undefined","undefined","undefined",1078,undefined,undefined,1,1,3,"Cybercrime","Detailed facts about Cybercrime"
4772,"undefined","undefined","undefined",1005,undefined,undefined,1,2,3,"Fraud/Cheating","Detailed facts about Fraud/Cheating"
4773,"undefined","undefined","undefined",1010,undefined,undefined,1,1,2,"Assault/Violent","Detailed facts about Assault/Violent"
4774,"undefined","undefined","undefined",1089,undefined,undefined,1,2,4,"Cybercrime","Detailed facts about Cybercrime"
4775,"undefined","undefined","undefined",1048,undefined,undefined,1,2,4,"Others","Detailed facts about Others"
4776,"undefined","undefined","undefined",1027,undefined,undefined,1,2,1,"Theft/Property","Detailed facts about Theft/Property"
4777,"undefined","undefined","undefined",1016,undefined,undefined,1,1,4,"Murder/Attempt","Detailed facts about Murder/Attempt"
4778,"undefined","undefined","undefined",1021,undefined,undefined,1,2,1,"Theft/Property","Detailed facts about Theft/Property"
4779,"undefined","undefined","undefined",1011,undefined,undefined,1,1,1,"Assault/Violent","Detailed facts about Assault/Violent"
4780,"undefined","undefined","undefined",1228,undefined,undefined,1,2,4,"Fraud/Cheating","Detailed facts about Fraud/Cheating"
4781,"undefined","undefined","undefined",1034,undefined,undefined,1,1,2,"Others","Detailed facts about Others"
4782,"undefined","undefined","undefined",1015,undefined,undefined,1,2,2,"Theft/Property","Detailed facts about Theft/Property"
4783,"undefined","undefined","undefined",1227,undefined,undefined,1,2,2,"Fraud/Cheating","Detailed facts about Fraud/Cheating"
4784,"undefined","undefined","undefined",1174,undefined,undefined,1,1,1,"Cybercrime","Detailed facts about Cybercrime"
4785,"undefined","undefined","undefined",1052,undefined,undefined,1,2,3,"Cybercrime","Detailed facts about Cybercrime"
4786,"undefined","undefined","undefined",1042,undefined,undefined,1,2,2,"Kidnapping","Detailed facts about Kidnapping"
4787,"undefined","undefined","undefined",1075,undefined,undefined,1,1,1,"Others","Detailed facts about Others"
4788,"undefined","undefined","undefined",1152,undefined,undefined,1,1,2,"Cybercrime","Detailed facts about Cybercrime"
4789,"undefined","undefined","undefined",1050,undefined,undefined,1,2,1,"Assault/Violent","Detailed facts about Assault/Violent"
4790,"undefined","undefined","undefined",1029,undefined,undefined,1,2,1,"Kidnapping","Detailed facts about Kidnapping"
4791,"undefined","undefined","undefined",1010,undefined,undefined,1,2,2,"Cybercrime","Detailed facts about Cybercrime"
4792,"undefined","undefined","undefined",1059,undefined,undefined,1,1,1,"Robbery/Dacoity","Detailed facts about Robbery/Dacoity"
4793,"undefined","undefined","undefined",1027,undefined,undefined,1,2,1,"Cybercrime","Detailed facts about Cybercrime"
4794,"undefined","undefined","undefined",1005,undefined,undefined,1,1,2,"Assault/Violent","Detailed facts about Assault/Violent"
4795,"undefined","undefined","undefined",1063,undefined,undefined,1,2,1,"Cybercrime","Detailed facts about Cybercrime"
4796,"undefined","undefined","undefined",1165,undefined,undefined,1,1,3,"Others","Detailed facts about Others"
4797,"undefined","undefined","undefined",1211,undefined,undefined,1,1,1,"Fraud/Cheating","Detailed facts about Fraud/Cheating"
4798,"undefined","undefined","undefined",1015,undefined,undefined,1,1,1,"Fraud/Cheating","Detailed facts about Fraud/Cheating"
4799,"undefined","undefined","undefined",1012,undefined,undefined,1,1,1,"Assault/Violent","Detailed facts about Assault/Violent"
4800,"undefined","undefined","undefined",1010,undefined,undefined,1,1,1,"Cybercrime","Detailed facts about Cybercrime"
4801,"undefined","undefined","undefined",1076,undefined,undefined,1,1,3,"Narcotics","Detailed facts about Narcotics"
4802,"undefined","undefined","undefined",1020,undefined,undefined,1,1,2,"Cybercrime","Detailed facts about Cybercrime"
4803,"undefined","undefined","undefined",1008,undefined,undefined,1,2,4,"Murder/Attempt","Detailed facts about Murder/Attempt"
4804,"undefined","undefined","undefined",1009,undefined,undefined,1,2,1,"Theft/Property","Detailed facts about Theft/Property"
4805,"undefined","undefined","undefined",1031,undefined,undefined,1,2,3,"Fraud/Cheating","Detailed facts about Fraud/Cheating"
4806,"undefined","undefined","undefined",1114,undefined,undefined,1,2,1,"Robbery/Dacoity","Detailed facts about Robbery/Dacoity"
4807,"undefined","undefined","undefined",1025,undefined,undefined,1,1,1,"Assault/Violent","Detailed facts about Assault/Violent"
4808,"undefined","undefined","undefined",1026,undefined,undefined,1,2,4,"Theft/Property","Detailed facts about Theft/Property"
4809,"undefined","undefined","undefined",1098,undefined,undefined,1,2,2,"Assault/Violent","Detailed facts about Assault/Violent"
4810,"undefined","undefined","undefined",1049,undefined,undefined,1,2,1,"Fraud/Cheating","Detailed facts about Fraud/Cheating"
4811,"undefined","undefined","undefined",1005,undefined,undefined,1,2,1,"Assault/Violent","Detailed facts about Assault/Violent"
4812,"undefined","undefined","undefined",1002,undefined,undefined,1,1,1,"Others","Detailed facts about Others"
4813,"undefined","undefined","undefined",1051,undefined,undefined,1,2,3,"Robbery/Dacoity","Detailed facts about Robbery/Dacoity"
4814,"undefined","undefined","undefined",1006,undefined,undefined,1,1,1,"Theft/Property","Detailed facts about Theft/Property"
4815,"undefined","undefined","undefined",1005,undefined,undefined,1,1,3,"Cybercrime","Detailed facts about Cybercrime"
4816,"undefined","undefined","undefined",1015,undefined,undefined,1,2,2,"Robbery/Dacoity","Detailed facts about Robbery/Dacoity"
4817,"undefined","undefined","undefined",1096,undefined,undefined,1,2,1,"Theft/Property","Detailed facts about Theft/Property"
4818,"undefined","undefined","undefined",1010,undefined,undefined,1,2,2,"Fraud/Cheating","Detailed facts about Fraud/Cheating"
4819,"undefined","undefined","undefined",1010,undefined,undefined,1,2,2,"Assault/Violent","Detailed facts about Assault/Violent"
4820,"undefined","undefined","undefined",1199,undefined,undefined,1,2,1,"Narcotics","Detailed facts about Narcotics"
4821,"undefined","undefined","undefined",1001,undefined,undefined,1,2,1,"Cybercrime","Detailed facts about Cybercrime"
4822,"undefined","undefined","undefined",1037,undefined,undefined,1,1,2,"Fraud/Cheating","Detailed facts about Fraud/Cheating"
4823,"undefined","undefined","undefined",1217,undefined,undefined,1,2,1,"Others","Detailed facts about Others"
4824,"undefined","undefined","undefined",1169,undefined,undefined,1,2,1,"Cybercrime","Detailed facts about Cybercrime"
4825,"undefined","undefined","undefined",1006,undefined,undefined,1,1,1,"Assault/Violent","Detailed facts about Assault/Violent"
4826,"undefined","undefined","undefined",1060,undefined,undefined,1,2,3,"Cybercrime","Detailed facts about Cybercrime"
4827,"undefined","undefined","undefined",1038,undefined,undefined,1,2,2,"Robbery/Dacoity","Detailed facts about Robbery/Dacoity"
4828,"undefined","undefined","undefined",1001,undefined,undefined,1,2,3,"Fraud/Cheating","Detailed facts about Fraud/Cheating"
4829,"undefined","undefined","undefined",1028,undefined,undefined,1,2,1,"Theft/Property","Detailed facts about Theft/Property"
4830,"undefined","undefined","undefined",1015,undefined,undefined,1,2,1,"Theft/Property","Detailed facts about Theft/Property"
4831,"undefined","undefined","undefined",1227,undefined,undefined,1,2,1,"Cybercrime","Detailed facts about Cybercrime"
4832,"undefined","undefined","undefined",1141,undefined,undefined,1,2,2,"Assault/Violent","Detailed facts about Assault/Violent"
4833,"undefined","undefined","undefined",1004,undefined,undefined,1,2,3,"Fraud/Cheating","Detailed facts about Fraud/Cheating"
4834,"undefined","undefined","undefined",1004,undefined,undefined,1,2,2,"Theft/Property","Detailed facts about Theft/Property"
4835,"undefined","undefined","undefined",1008,undefined,undefined,1,2,1,"Assault/Violent","Detailed facts about Assault/Violent"
4836,"undefined","undefined","undefined",1001,undefined,undefined,1,2,4,"Assault/Violent","Detailed facts about Assault/Violent"
4837,"undefined","undefined","undefined",1045,undefined,undefined,1,1,1,"Assault/Violent","Detailed facts about Assault/Violent"
4838,"undefined","undefined","undefined",1011,undefined,undefined,1,2,1,"Theft/Property","Detailed facts about Theft/Property"
4839,"undefined","undefined","undefined",1192,undefined,undefined,1,1,3,"Narcotics","Detailed facts about Narcotics"
4840,"undefined","undefined","undefined",1121,undefined,undefined,1,2,1,"Cybercrime","Detailed facts about Cybercrime"
4841,"undefined","undefined","undefined",1001,undefined,undefined,1,2,1,"Robbery/Dacoity","Detailed facts about Robbery/Dacoity"
4842,"undefined","undefined","undefined",1001,undefined,undefined,1,2,3,"Assault/Violent","Detailed facts about Assault/Violent"
4843,"undefined","undefined","undefined",1225,undefined,undefined,1,2,2,"Cybercrime","Detailed facts about Cybercrime"
4844,"undefined","undefined","undefined",1057,undefined,undefined,1,1,4,"Assault/Violent","Detailed facts about Assault/Violent"
4845,"undefined","undefined","undefined",1015,undefined,undefined,1,2,2,"Murder/Attempt","Detailed facts about Murder/Attempt"
4846,"undefined","undefined","undefined",1103,undefined,undefined,1,2,1,"Others","Detailed facts about Others"
4847,"undefined","undefined","undefined",1213,undefined,undefined,1,2,2,"Cybercrime","Detailed facts about Cybercrime"
4848,"undefined","undefined","undefined",1005,undefined,undefined,1,1,1,"Theft/Property","Detailed facts about Theft/Property"
4849,"undefined","undefined","undefined",1069,undefined,undefined,1,2,2,"Theft/Property","Detailed facts about Theft/Property"
4850,"undefined","undefined","undefined",1007,undefined,undefined,1,2,1,"Others","Detailed facts about Others"
4851,"undefined","undefined","undefined",1176,undefined,undefined,1,2,1,"Fraud/Cheating","Detailed facts about Fraud/Cheating"
4852,"undefined","undefined","undefined",1013,undefined,undefined,1,1,4,"Cybercrime","Detailed facts about Cybercrime"
4853,"undefined","undefined","undefined",1004,undefined,undefined,1,1,1,"Theft/Property","Detailed facts about Theft/Property"
4854,"undefined","undefined","undefined",1011,undefined,undefined,1,2,1,"Assault/Violent","Detailed facts about Assault/Violent"
4855,"undefined","undefined","undefined",1012,undefined,undefined,1,2,2,"Theft/Property","Detailed facts about Theft/Property"
4856,"undefined","undefined","undefined",1015,undefined,undefined,1,1,2,"Fraud/Cheating","Detailed facts about Fraud/Cheating"
4857,"undefined","undefined","undefined",1001,undefined,undefined,1,2,1,"Others","Detailed facts about Others"
4858,"undefined","undefined","undefined",1012,undefined,undefined,1,1,2,"Robbery/Dacoity","Detailed facts about Robbery/Dacoity"
4859,"undefined","undefined","undefined",1024,undefined,undefined,1,2,4,"Cybercrime","Detailed facts about Cybercrime"
4860,"undefined","undefined","undefined",1011,undefined,undefined,1,2,3,"Robbery/Dacoity","Detailed facts about Robbery/Dacoity"
4861,"undefined","undefined","undefined",1002,undefined,undefined,1,2,1,"Assault/Violent","Detailed facts about Assault/Violent"
4862,"undefined","undefined","undefined",1007,undefined,undefined,1,1,1,"Fraud/Cheating","Detailed facts about Fraud/Cheating"
4863,"undefined","undefined","undefined",1083,undefined,undefined,1,1,3,"Cybercrime","Detailed facts about Cybercrime"
4864,"undefined","undefined","undefined",1006,undefined,undefined,1,2,4,"Assault/Violent","Detailed facts about Assault/Violent"
4865,"undefined","undefined","undefined",1007,undefined,undefined,1,2,2,"Fraud/Cheating","Detailed facts about Fraud/Cheating"
4866,"undefined","undefined","undefined",1133,undefined,undefined,1,1,2,"Theft/Property","Detailed facts about Theft/Property"
4867,"undefined","undefined","undefined",1098,undefined,undefined,1,2,2,"Assault/Violent","Detailed facts about Assault/Violent"
4868,"undefined","undefined","undefined",1156,undefined,undefined,1,2,2,"Theft/Property","Detailed facts about Theft/Property"
4869,"undefined","undefined","undefined",1001,undefined,undefined,1,2,3,"Cybercrime","Detailed facts about Cybercrime"
4870,"undefined","undefined","undefined",1014,undefined,undefined,1,1,1,"Fraud/Cheating","Detailed facts about Fraud/Cheating"
4871,"undefined","undefined","undefined",1013,undefined,undefined,1,1,1,"Theft/Property","Detailed facts about Theft/Property"
4872,"undefined","undefined","undefined",1012,undefined,undefined,1,2,1,"Fraud/Cheating","Detailed facts about Fraud/Cheating"
4873,"undefined","undefined","undefined",1012,undefined,undefined,1,1,1,"Others","Detailed facts about Others"
4874,"undefined","undefined","undefined",1054,undefined,undefined,1,2,2,"Cybercrime","Detailed facts about Cybercrime"
4875,"undefined","undefined","undefined",1013,undefined,undefined,1,1,2,"Murder/Attempt","Detailed facts about Murder/Attempt"
4876,"undefined","undefined","undefined",1012,undefined,undefined,1,2,2,"Theft/Property","Detailed facts about Theft/Property"
4877,"undefined","undefined","undefined",1008,undefined,undefined,1,1,3,"Robbery/Dacoity","Detailed facts about Robbery/Dacoity"
4878,"undefined","undefined","undefined",1225,undefined,undefined,1,2,1,"Theft/Property","Detailed facts about Theft/Property"
4879,"undefined","undefined","undefined",1192,undefined,undefined,1,2,3,"Theft/Property","Detailed facts about Theft/Property"
4880,"undefined","undefined","undefined",1022,undefined,undefined,1,1,1,"Robbery/Dacoity","Detailed facts about Robbery/Dacoity"
4881,"undefined","undefined","undefined",1024,undefined,undefined,1,2,1,"Murder/Attempt","Detailed facts about Murder/Attempt"
4882,"undefined","undefined","undefined",1203,undefined,undefined,1,2,1,"Assault/Violent","Detailed facts about Assault/Violent"
4883,"undefined","undefined","undefined",1043,undefined,undefined,1,1,2,"Assault/Violent","Detailed facts about Assault/Violent"
4884,"undefined","undefined","undefined",1010,undefined,undefined,1,2,2,"Theft/Property","Detailed facts about Theft/Property"
4885,"undefined","undefined","undefined",1167,undefined,undefined,1,1,1,"Cybercrime","Detailed facts about Cybercrime"
4886,"undefined","undefined","undefined",1221,undefined,undefined,1,1,2,"Murder/Attempt","Detailed facts about Murder/Attempt"
4887,"undefined","undefined","undefined",1212,undefined,undefined,1,2,1,"Kidnapping","Detailed facts about Kidnapping"
4888,"undefined","undefined","undefined",1178,undefined,undefined,1,2,2,"Cybercrime","Detailed facts about Cybercrime"
4889,"undefined","undefined","undefined",1032,undefined,undefined,1,2,1,"Fraud/Cheating","Detailed facts about Fraud/Cheating"
4890,"undefined","undefined","undefined",1001,undefined,undefined,1,1,3,"Assault/Violent","Detailed facts about Assault/Violent"
4891,"undefined","undefined","undefined",1008,undefined,undefined,1,2,3,"Cybercrime","Detailed facts about Cybercrime"
4892,"undefined","undefined","undefined",1220,undefined,undefined,1,2,1,"Cybercrime","Detailed facts about Cybercrime"
4893,"undefined","undefined","undefined",1128,undefined,undefined,1,1,4,"Theft/Property","Detailed facts about Theft/Property"
4894,"undefined","undefined","undefined",1054,undefined,undefined,1,2,1,"Theft/Property","Detailed facts about Theft/Property"
4895,"undefined","undefined","undefined",1009,undefined,undefined,1,2,2,"Assault/Violent","Detailed facts about Assault/Violent"
4896,"undefined","undefined","undefined",1009,undefined,undefined,1,2,3,"Theft/Property","Detailed facts about Theft/Property"
4897,"undefined","undefined","undefined",1060,undefined,undefined,1,1,1,"Theft/Property","Detailed facts about Theft/Property"
4898,"undefined","undefined","undefined",1007,undefined,undefined,1,2,2,"Cybercrime","Detailed facts about Cybercrime"
4899,"undefined","undefined","undefined",1153,undefined,undefined,1,2,2,"Cybercrime","Detailed facts about Cybercrime"
4900,"undefined","undefined","undefined",1073,undefined,undefined,1,2,3,"Assault/Violent","Detailed facts about Assault/Violent"
4901,"undefined","undefined","undefined",1154,undefined,undefined,1,2,1,"Cybercrime","Detailed facts about Cybercrime"
4902,"undefined","undefined","undefined",1115,undefined,undefined,1,1,1,"Theft/Property","Detailed facts about Theft/Property"
4903,"undefined","undefined","undefined",1045,undefined,undefined,1,2,2,"Narcotics","Detailed facts about Narcotics"
4904,"undefined","undefined","undefined",1069,undefined,undefined,1,2,2,"Cybercrime","Detailed facts about Cybercrime"
4905,"undefined","undefined","undefined",1013,undefined,undefined,1,2,3,"Theft/Property","Detailed facts about Theft/Property"
4906,"undefined","undefined","undefined",1189,undefined,undefined,1,2,2,"Fraud/Cheating","Detailed facts about Fraud/Cheating"
4907,"undefined","undefined","undefined",1005,undefined,undefined,1,2,2,"Theft/Property","Detailed facts about Theft/Property"
4908,"undefined","undefined","undefined",1093,undefined,undefined,1,1,1,"Theft/Property","Detailed facts about Theft/Property"
4909,"undefined","undefined","undefined",1050,undefined,undefined,1,2,2,"Assault/Violent","Detailed facts about Assault/Violent"
4910,"undefined","undefined","undefined",1061,undefined,undefined,1,2,3,"Cybercrime","Detailed facts about Cybercrime"
4911,"undefined","undefined","undefined",1036,undefined,undefined,1,1,2,"Fraud/Cheating","Detailed facts about Fraud/Cheating"
4912,"undefined","undefined","undefined",1025,undefined,undefined,1,1,2,"Assault/Violent","Detailed facts about Assault/Violent"
4913,"undefined","undefined","undefined",1049,undefined,undefined,1,2,2,"Others","Detailed facts about Others"
4914,"undefined","undefined","undefined",1046,undefined,undefined,1,2,3,"Assault/Violent","Detailed facts about Assault/Violent"
4915,"undefined","undefined","undefined",1029,undefined,undefined,1,2,1,"Cybercrime","Detailed facts about Cybercrime"
4916,"undefined","undefined","undefined",1002,undefined,undefined,1,2,1,"Theft/Property","Detailed facts about Theft/Property"
4917,"undefined","undefined","undefined",1003,undefined,undefined,1,2,1,"Others","Detailed facts about Others"
4918,"undefined","undefined","undefined",1106,undefined,undefined,1,2,3,"Others","Detailed facts about Others"
4919,"undefined","undefined","undefined",1132,undefined,undefined,1,1,2,"Robbery/Dacoity","Detailed facts about Robbery/Dacoity"
4920,"undefined","undefined","undefined",1050,undefined,undefined,1,1,1,"Robbery/Dacoity","Detailed facts about Robbery/Dacoity"
4921,"undefined","undefined","undefined",1127,undefined,undefined,1,1,3,"Others","Detailed facts about Others"
4922,"undefined","undefined","undefined",1032,undefined,undefined,1,1,2,"Assault/Violent","Detailed facts about Assault/Violent"
4923,"undefined","undefined","undefined",1044,undefined,undefined,1,2,1,"Assault/Violent","Detailed facts about Assault/Violent"
4924,"undefined","undefined","undefined",1059,undefined,undefined,1,1,2,"Fraud/Cheating","Detailed facts about Fraud/Cheating"
4925,"undefined","undefined","undefined",1070,undefined,undefined,1,2,2,"Fraud/Cheating","Detailed facts about Fraud/Cheating"
4926,"undefined","undefined","undefined",1014,undefined,undefined,1,2,3,"Cybercrime","Detailed facts about Cybercrime"
4927,"undefined","undefined","undefined",1168,undefined,undefined,1,2,1,"Cybercrime","Detailed facts about Cybercrime"
4928,"undefined","undefined","undefined",1002,undefined,undefined,1,2,1,"Robbery/Dacoity","Detailed facts about Robbery/Dacoity"
4929,"undefined","undefined","undefined",1047,undefined,undefined,1,1,2,"Fraud/Cheating","Detailed facts about Fraud/Cheating"
4930,"undefined","undefined","undefined",1027,undefined,undefined,1,1,3,"Theft/Property","Detailed facts about Theft/Property"
4931,"undefined","undefined","undefined",1152,undefined,undefined,1,2,1,"Assault/Violent","Detailed facts about Assault/Violent"
4932,"undefined","undefined","undefined",1131,undefined,undefined,1,2,1,"Narcotics","Detailed facts about Narcotics"
4933,"undefined","undefined","undefined",1229,undefined,undefined,1,2,1,"Cybercrime","Detailed facts about Cybercrime"
4934,"undefined","undefined","undefined",1163,undefined,undefined,1,2,2,"Cybercrime","Detailed facts about Cybercrime"
4935,"undefined","undefined","undefined",1010,undefined,undefined,1,2,1,"Cybercrime","Detailed facts about Cybercrime"
4936,"undefined","undefined","undefined",1013,undefined,undefined,1,2,1,"Fraud/Cheating","Detailed facts about Fraud/Cheating"
4937,"undefined","undefined","undefined",1009,undefined,undefined,1,2,1,"Others","Detailed facts about Others"
4938,"undefined","undefined","undefined",1010,undefined,undefined,1,2,2,"Fraud/Cheating","Detailed facts about Fraud/Cheating"
4939,"undefined","undefined","undefined",1004,undefined,undefined,1,1,2,"Cybercrime","Detailed facts about Cybercrime"
4940,"undefined","undefined","undefined",1029,undefined,undefined,1,2,2,"Theft/Property","Detailed facts about Theft/Property"
4941,"undefined","undefined","undefined",1036,undefined,undefined,1,1,2,"Others","Detailed facts about Others"
4942,"undefined","undefined","undefined",1011,undefined,undefined,1,2,1,"Fraud/Cheating","Detailed facts about Fraud/Cheating"
4943,"undefined","undefined","undefined",1006,undefined,undefined,1,1,1,"Robbery/Dacoity","Detailed facts about Robbery/Dacoity"
4944,"undefined","undefined","undefined",1002,undefined,undefined,1,2,2,"Assault/Violent","Detailed facts about Assault/Violent"
4945,"undefined","undefined","undefined",1225,undefined,undefined,1,1,2,"Cybercrime","Detailed facts about Cybercrime"
4946,"undefined","undefined","undefined",1025,undefined,undefined,1,2,3,"Others","Detailed facts about Others"
4947,"undefined","undefined","undefined",1029,undefined,undefined,1,2,4,"Cybercrime","Detailed facts about Cybercrime"
4948,"undefined","undefined","undefined",1055,undefined,undefined,1,2,3,"Fraud/Cheating","Detailed facts about Fraud/Cheating"
4949,"undefined","undefined","undefined",1046,undefined,undefined,1,1,1,"Narcotics","Detailed facts about Narcotics"
4950,"undefined","undefined","undefined",1173,undefined,undefined,1,2,2,"Cybercrime","Detailed facts about Cybercrime"
4951,"undefined","undefined","undefined",1091,undefined,undefined,1,2,2,"Assault/Violent","Detailed facts about Assault/Violent"
4952,"undefined","undefined","undefined",1186,undefined,undefined,1,2,1,"Murder/Attempt","Detailed facts about Murder/Attempt"
4953,"undefined","undefined","undefined",1205,undefined,undefined,1,2,3,"Theft/Property","Detailed facts about Theft/Property"
4954,"undefined","undefined","undefined",1008,undefined,undefined,1,2,1,"Robbery/Dacoity","Detailed facts about Robbery/Dacoity"
4955,"undefined","undefined","undefined",1033,undefined,undefined,1,2,1,"Narcotics","Detailed facts about Narcotics"
4956,"undefined","undefined","undefined",1226,undefined,undefined,1,2,2,"Assault/Violent","Detailed facts about Assault/Violent"
4957,"undefined","undefined","undefined",1044,undefined,undefined,1,2,2,"Cybercrime","Detailed facts about Cybercrime"
4958,"undefined","undefined","undefined",1122,undefined,undefined,1,2,3,"Theft/Property","Detailed facts about Theft/Property"
4959,"undefined","undefined","undefined",1054,undefined,undefined,1,2,1,"Fraud/Cheating","Detailed facts about Fraud/Cheating"
4960,"undefined","undefined","undefined",1010,undefined,undefined,1,2,1,"Theft/Property","Detailed facts about Theft/Property"
4961,"undefined","undefined","undefined",1012,undefined,undefined,1,2,1,"Narcotics","Detailed facts about Narcotics"
4962,"undefined","undefined","undefined",1011,undefined,undefined,1,2,1,"Theft/Property","Detailed facts about Theft/Property"
4963,"undefined","undefined","undefined",1055,undefined,undefined,1,2,2,"Assault/Violent","Detailed facts about Assault/Violent"
4964,"undefined","undefined","undefined",1105,undefined,undefined,1,1,3,"Cybercrime","Detailed facts about Cybercrime"
4965,"undefined","undefined","undefined",1057,undefined,undefined,1,2,3,"Cybercrime","Detailed facts about Cybercrime"
4966,"undefined","undefined","undefined",1025,undefined,undefined,1,2,1,"Cybercrime","Detailed facts about Cybercrime"
4967,"undefined","undefined","undefined",1161,undefined,undefined,1,1,2,"Theft/Property","Detailed facts about Theft/Property"
4968,"undefined","undefined","undefined",1179,undefined,undefined,1,2,4,"Cybercrime","Detailed facts about Cybercrime"
4969,"undefined","undefined","undefined",1012,undefined,undefined,1,1,1,"Cybercrime","Detailed facts about Cybercrime"
4970,"undefined","undefined","undefined",1032,undefined,undefined,1,2,1,"Theft/Property","Detailed facts about Theft/Property"
4971,"undefined","undefined","undefined",1002,undefined,undefined,1,2,2,"Others","Detailed facts about Others"
4972,"undefined","undefined","undefined",1024,undefined,undefined,1,2,2,"Murder/Attempt","Detailed facts about Murder/Attempt"
4973,"undefined","undefined","undefined",1011,undefined,undefined,1,1,2,"Assault/Violent","Detailed facts about Assault/Violent"
4974,"undefined","undefined","undefined",1125,undefined,undefined,1,2,2,"Theft/Property","Detailed facts about Theft/Property"
4975,"undefined","undefined","undefined",1008,undefined,undefined,1,2,2,"Fraud/Cheating","Detailed facts about Fraud/Cheating"
4976,"undefined","undefined","undefined",1141,undefined,undefined,1,2,1,"Fraud/Cheating","Detailed facts about Fraud/Cheating"
4977,"undefined","undefined","undefined",1024,undefined,undefined,1,2,3,"Cybercrime","Detailed facts about Cybercrime"
4978,"undefined","undefined","undefined",1010,undefined,undefined,1,1,1,"Assault/Violent","Detailed facts about Assault/Violent"
4979,"undefined","undefined","undefined",1006,undefined,undefined,1,2,1,"Cybercrime","Detailed facts about Cybercrime"
4980,"undefined","undefined","undefined",1041,undefined,undefined,1,2,2,"Assault/Violent","Detailed facts about Assault/Violent"
4981,"undefined","undefined","undefined",1071,undefined,undefined,1,2,1,"Robbery/Dacoity","Detailed facts about Robbery/Dacoity"
4982,"undefined","undefined","undefined",1005,undefined,undefined,1,2,1,"Theft/Property","Detailed facts about Theft/Property"
4983,"undefined","undefined","undefined",1033,undefined,undefined,1,2,1,"Cybercrime","Detailed facts about Cybercrime"
4984,"undefined","undefined","undefined",1054,undefined,undefined,1,1,1,"Robbery/Dacoity","Detailed facts about Robbery/Dacoity"
4985,"undefined","undefined","undefined",1014,undefined,undefined,1,2,1,"Kidnapping","Detailed facts about Kidnapping"
4986,"undefined","undefined","undefined",1169,undefined,undefined,1,1,3,"Assault/Violent","Detailed facts about Assault/Violent"
4987,"undefined","undefined","undefined",1228,undefined,undefined,1,2,3,"Cybercrime","Detailed facts about Cybercrime"
4988,"undefined","undefined","undefined",1037,undefined,undefined,1,2,3,"Cybercrime","Detailed facts about Cybercrime"
4989,"undefined","undefined","undefined",1095,undefined,undefined,1,2,1,"Cybercrime","Detailed facts about Cybercrime"
4990,"undefined","undefined","undefined",1026,undefined,undefined,1,2,1,"Cybercrime","Detailed facts about Cybercrime"
4991,"undefined","undefined","undefined",1003,undefined,undefined,1,2,3,"Cybercrime","Detailed facts about Cybercrime"
4992,"undefined","undefined","undefined",1008,undefined,undefined,1,2,3,"Theft/Property","Detailed facts about Theft/Property"
4993,"undefined","undefined","undefined",1013,undefined,undefined,1,1,4,"Narcotics","Detailed facts about Narcotics"
4994,"undefined","undefined","undefined",1015,undefined,undefined,1,2,2,"Theft/Property","Detailed facts about Theft/Property"
4995,"undefined","undefined","undefined",1048,undefined,undefined,1,1,1,"Theft/Property","Detailed facts about Theft/Property"
4996,"undefined","undefined","undefined",1145,undefined,undefined,1,1,3,"Assault/Violent","Detailed facts about Assault/Violent"
4997,"undefined","undefined","undefined",1020,undefined,undefined,1,2,2,"Cybercrime","Detailed facts about Cybercrime"
4998,"undefined","undefined","undefined",1005,undefined,undefined,1,2,2,"Cybercrime","Detailed facts about Cybercrime"
4999,"undefined","undefined","undefined",1128,undefined,undefined,1,1,4,"Theft/Property","Detailed facts about Theft/Property"
5000,"undefined","undefined","undefined",1032,undefined,undefined,1,2,2,"Cybercrime","Detailed facts about Cybercrime"
